STT Hãng,Hãng,Tên Máy,Device URL,Thumbnail URL,Trạng Thái,Ghi Chú Lỗi (Cào tay)
1,Motorola,Edge 70 Plus,https://www.gsmarena.com/motorola_edge_70_plus_5g-14920.php,https://fdn2.gsmarena.com/vv/bigpic/motorola-edge-70-plus.jpg,Success,
2,Motorola,Watch Ultra,https://www.gsmarena.com/motorola_watch_ultra-14921.php,https://fdn2.gsmarena.com/vv/bigpic/motorola-moto-ultra-watch.jpg,Success,
3,Motorola,Moto Pad 70,https://www.gsmarena.com/motorola_moto_pad_70-14888.php,https://fdn2.gsmarena.com/vv/bigpic/motorola-moto-pad-70.jpg,Success,
4,Motorola,Moto G Max,https://www.gsmarena.com/motorola_moto_g_max_5g-14724.php,https://fdn2.gsmarena.com/vv/bigpic/motorola-moto-g-max.jpg,Success,
5,Motorola,Moto Pad 70 Groove,https://www.gsmarena.com/motorola_moto_pad_70_groove-14853.php,https://fdn2.gsmarena.com/vv/bigpic/motorola-moto-pad-70-groove.jpg,Success,
6,Motorola,Edge 70 Max,https://www.gsmarena.com/motorola_edge_70_max_5g-14789.php,https://fdn2.gsmarena.com/vv/bigpic/motorola-edge-70-max.jpg,Success,
7,Motorola,Moto G77 Power,https://www.gsmarena.com/motorola_moto_g77_power_5g-14772.php,https://fdn2.gsmarena.com/vv/bigpic/motorola-moto-g77-power.jpg,Success,
8,Motorola,Moto Pad 70 Pro,https://www.gsmarena.com/motorola_moto_pad_70_pro-14756.php,https://fdn2.gsmarena.com/vv/bigpic/motorola-moto-pad-70-pro-wi-fi.jpg,Success,
9,Motorola,Edge (2026),https://www.gsmarena.com/motorola_edge_5g_(2026)-14705.php,https://fdn2.gsmarena.com/vv/bigpic/motorola-edge-2026.jpg,Success,
10,Motorola,Edge 70 Pro+,https://www.gsmarena.com/motorola_edge_70_pro+_5g-14702.php,https://fdn2.gsmarena.com/vv/bigpic/motorola-edge-70-pro-plus.jpg,Success,
11,Motorola,Moto G87,https://www.gsmarena.com/motorola_moto_g87_5g-14644.php,https://fdn2.gsmarena.com/vv/bigpic/motorola-g87.jpg,Success,
12,Motorola,Moto G47,https://www.gsmarena.com/motorola_moto_g47-14645.php,https://fdn2.gsmarena.com/vv/bigpic/motorola-g47.jpg,Success,
13,Motorola,Moto G37 Power,https://www.gsmarena.com/motorola_moto_g37_power-14647.php,https://fdn2.gsmarena.com/vv/bigpic/motorola-moto-g37-power.jpg,Success,
14,Motorola,Moto G37,https://www.gsmarena.com/motorola_moto_g37-14646.php,https://fdn2.gsmarena.com/vv/bigpic/motorola-moto-g37.jpg,Success,
15,Motorola,Razr Ultra 2026,https://www.gsmarena.com/motorola_razr_ultra_2026-14638.php,https://fdn2.gsmarena.com/vv/bigpic/motorola-razr-ultra-2026.jpg,Success,
16,Motorola,Razr 70 Ultra,https://www.gsmarena.com/motorola_razr_70_ultra-14641.php,https://fdn2.gsmarena.com/vv/bigpic/motorola-razr-ultra-2026.jpg,Success,
17,Motorola,Razr+ 2026,https://www.gsmarena.com/motorola_razr+_2026-14639.php,https://fdn2.gsmarena.com/vv/bigpic/motorola-razr-plus-2026.jpg,Success,
18,Motorola,Razr 70+,https://www.gsmarena.com/motorola_razr_70+-14642.php,https://fdn2.gsmarena.com/vv/bigpic/motorola-razr-plus-2026.jpg,Success,
19,Motorola,Razr 2026,https://www.gsmarena.com/motorola_razr_2026-14640.php,https://fdn2.gsmarena.com/vv/bigpic/motorola-razr-2026.jpg,Success,
20,Motorola,Razr 70,https://www.gsmarena.com/motorola_razr_70-14643.php,https://fdn2.gsmarena.com/vv/bigpic/motorola-razr-2026.jpg,Success,
21,Motorola,Edge 70 Pro,https://www.gsmarena.com/motorola_edge_70_pro_5g-14620.php,https://fdn2.gsmarena.com/vv/bigpic/motorola-edge-70-pro-.jpg,Success,
22,Motorola,Moto Pad (2026),https://www.gsmarena.com/motorola_moto_pad_(2026)-14582.php,https://fdn2.gsmarena.com/vv/bigpic/motorola-moto-pad-2026-.jpg,Success,
23,Motorola,Moto G Stylus (2026),https://www.gsmarena.com/motorola_moto_g_stylus_(2026)-14581.php,https://fdn2.gsmarena.com/vv/bigpic/motorola-moto-g-stylus-5g-2026-2.jpg,Success,
24,Motorola,Edge 70 Fusion+,https://www.gsmarena.com/motorola_edge_70_fusion+_5g-14540.php,https://fdn2.gsmarena.com/vv/bigpic/motorola-edge-70-fusion-plus.jpg,Success,
25,Motorola,Edge 70 Fusion,https://www.gsmarena.com/motorola_edge_70_fusion_5g-14432.php,https://fdn2.gsmarena.com/vv/bigpic/motorola-edge-70-fusion.jpg,Success,
26,Motorola,Moto G77,https://www.gsmarena.com/motorola_moto_g77_5g-14433.php,https://fdn2.gsmarena.com/vv/bigpic/motorola-moto-g77.jpg,Success,
27,Motorola,Moto G67,https://www.gsmarena.com/motorola_moto_g67_5g-14434.php,https://fdn2.gsmarena.com/vv/bigpic/motorola-moto-g67.jpg,Success,
28,Motorola,Moto G17 Power,https://www.gsmarena.com/motorola_moto_g17_power-14452.php,https://fdn2.gsmarena.com/vv/bigpic/motorola-moto-g17-power.jpg,Success,
29,Motorola,Moto G17,https://www.gsmarena.com/motorola_moto_g17-14455.php,https://fdn2.gsmarena.com/vv/bigpic/motorola-moto-g17.jpg,Success,
30,Motorola,Razr Fold,https://www.gsmarena.com/motorola_razr_fold_5g-14402.php,https://fdn2.gsmarena.com/vv/bigpic/motorola-razr-fold-.jpg,Success,
31,Motorola,Signature,https://www.gsmarena.com/motorola_signature_5g-14397.php,https://fdn2.gsmarena.com/vv/bigpic/motorola-signature.jpg,Success,
32,Motorola,Moto Watch,https://www.gsmarena.com/motorola_moto_watch-14403.php,https://fdn2.gsmarena.com/vv/bigpic/motorola-moto-watch.jpg,Success,
33,Motorola,Moto Watch 120,https://www.gsmarena.com/motorola_moto_watch_120-14485.php,https://fdn2.gsmarena.com/vv/bigpic/motorola-watch-120.jpg,Success,
34,Motorola,Moto G Power (2026),https://www.gsmarena.com/motorola_moto_g_power_5g_(2026)-14359.php,https://fdn2.gsmarena.com/vv/bigpic/motorola-moto-g-power-2026.jpg,Success,
35,Motorola,Moto G57 Power,https://www.gsmarena.com/motorola_moto_g57_power_5g-14282.php,https://fdn2.gsmarena.com/vv/bigpic/motorola-moto-g57-power-.jpg,Success,
36,Motorola,Moto G57,https://www.gsmarena.com/motorola_moto_g57_5g-14284.php,https://fdn2.gsmarena.com/vv/bigpic/motorola-moto-g57.jpg,Success,
37,Motorola,Moto G (2026),https://www.gsmarena.com/motorola_moto_g_5g_(2026)-14138.php,https://fdn2.gsmarena.com/vv/bigpic/motorola-moto-g-2026.jpg,Success,
38,Motorola,Moto G Play (2026),https://www.gsmarena.com/motorola_moto_g_play_5g_(2026)-14139.php,https://fdn2.gsmarena.com/vv/bigpic/motorola-moto-g-play-2026.jpg,Success,
39,Motorola,Moto G67 Power,https://www.gsmarena.com/motorola_moto_g67_power_5g-14266.php,https://fdn2.gsmarena.com/vv/bigpic/motorola-moto-g100-cn.jpg,Success,
40,Motorola,Edge 70,https://www.gsmarena.com/motorola_edge_70_5g-14216.php,https://fdn2.gsmarena.com/vv/bigpic/motorola-edge-70-5g.jpg,Success,
41,Motorola,Moto G100S,https://www.gsmarena.com/motorola_moto_g100s_5g_(china)-14293.php,https://fdn2.gsmarena.com/vv/bigpic/motorola-moto-g100s.jpg,Success,
42,Motorola,Moto G100,https://www.gsmarena.com/motorola_moto_g100_5g_(china)-14228.php,https://fdn2.gsmarena.com/vv/bigpic/motorola-moto-g100-cn.jpg,Success,
43,Motorola,Moto Pad 60 Lite,https://www.gsmarena.com/motorola_moto_pad_60_lite-14808.php,https://fdn2.gsmarena.com/vv/bigpic/_motorola-moto-pad-60-lite.jpg,Success,
44,Motorola,Moto Pad 60 Neo,https://www.gsmarena.com/motorola_moto_pad_60_neo_5g-14140.php,https://fdn2.gsmarena.com/vv/bigpic/motorola-moto-pad-60-neo.jpg,Success,
45,Motorola,Edge 60 Neo,https://www.gsmarena.com/motorola_edge_60_neo_5g-14124.php,https://fdn2.gsmarena.com/vv/bigpic/motorola-edge-60-neo.jpg,Success,
46,Motorola,Moto G06 Power,https://www.gsmarena.com/motorola_moto_g06_power-14125.php,https://fdn2.gsmarena.com/vv/bigpic/motorola-moto-g06-power.jpg,Success,
47,Motorola,Moto G06,https://www.gsmarena.com/motorola_moto_g06-14115.php,https://fdn2.gsmarena.com/vv/bigpic/motorola-moto-g06.jpg,Success,
48,Motorola,G96,https://www.gsmarena.com/motorola_g96_5g-13989.php,https://fdn2.gsmarena.com/vv/bigpic/motorola-g96.jpg,Success,
49,Motorola,Moto G86 Power,https://www.gsmarena.com/motorola_moto_g86_power_5g-13918.php,https://fdn2.gsmarena.com/vv/bigpic/motorola-moto-g86-power.jpg,Success,
50,Motorola,Moto G86,https://www.gsmarena.com/motorola_moto_g86_5g-13917.php,https://fdn2.gsmarena.com/vv/bigpic/motorola-moto-g86.jpg,Success,
51,Motorola,Moto G56,https://www.gsmarena.com/motorola_moto_g56_5g-13841.php,https://fdn2.gsmarena.com/vv/bigpic/motorola-moto-g56.jpg,Success,
52,Motorola,Edge (2025),https://www.gsmarena.com/motorola_edge_(2025)-13907.php,https://fdn2.gsmarena.com/vv/bigpic/motorola-edge-2025.jpg,Success,
53,Motorola,Edge 60 Pro,https://www.gsmarena.com/motorola_edge_60_pro-13815.php,https://fdn2.gsmarena.com/vv/bigpic/motorola-edge-60-pro.jpg,Success,
54,Motorola,Edge 60,https://www.gsmarena.com/motorola_edge_60-13779.php,https://fdn2.gsmarena.com/vv/bigpic/motorola-edge-60.jpg,Success,
55,Motorola,Razr 60 Ultra,https://www.gsmarena.com/motorola_razr_60_ultra-13805.php,https://fdn2.gsmarena.com/vv/bigpic/motorola-razr-60-ultra-5g.jpg,Success,
56,Motorola,Razr Ultra 2025,https://www.gsmarena.com/motorola_razr_ultra_2025-13823.php,https://fdn2.gsmarena.com/vv/bigpic/motorola-razr-60-ultra-5g.jpg,Success,
57,Motorola,Razr 60,https://www.gsmarena.com/motorola_razr_60-13749.php,https://fdn2.gsmarena.com/vv/bigpic/motorola-razr-60.jpg,Success,
58,Motorola,Razr 2025,https://www.gsmarena.com/motorola_razr_2025-13824.php,https://fdn2.gsmarena.com/vv/bigpic/motorola-razr-60.jpg,Success,
59,Motorola,Razr+ 2025,https://www.gsmarena.com/motorola_razr+_2025-13825.php,https://fdn2.gsmarena.com/vv/bigpic/motorola-razr-plus-2025.jpg,Success,
60,Motorola,Moto Watch Fit,https://www.gsmarena.com/motorola_moto_watch_fit-13817.php,https://fdn2.gsmarena.com/vv/bigpic/motorola-moto-watch-fit.jpg,Success,
61,Motorola,Moto Pad 60 Pro,https://www.gsmarena.com/motorola_moto_pad_60_pro-13802.php,https://fdn2.gsmarena.com/vv/bigpic/motorola-moto-pad-60-pro.jpg,Success,
62,Motorola,Edge 60 Stylus,https://www.gsmarena.com/motorola_edge_60_stylus_5g-13785.php,https://fdn2.gsmarena.com/vv/bigpic/motorola-moto-g-stylus-5g-2025.jpg,Success,
63,Motorola,Moto G Stylus 5G (2025),https://www.gsmarena.com/motorola_moto_g_stylus_5g_(2025)-13784.php,https://fdn2.gsmarena.com/vv/bigpic/motorola-moto-g-stylus-5g-2025.jpg,Success,
64,Motorola,Edge 60s,https://www.gsmarena.com/motorola_edge_60s_5g-13856.php,https://fdn2.gsmarena.com/vv/bigpic/motorola-edge-60-fusion.jpg,Success,
65,Motorola,Edge 60 Fusion,https://www.gsmarena.com/motorola_edge_60_fusion-13752.php,https://fdn2.gsmarena.com/vv/bigpic/motorola-edge-60-fusion.jpg,Success,
66,Motorola,Moto G Power (2025),https://www.gsmarena.com/motorola_moto_g_power_(2025)-13623.php,https://fdn2.gsmarena.com/vv/bigpic/motorola-moto-g-power-2025.jpg,Success,
67,Motorola,Moto G (2025),https://www.gsmarena.com/motorola_moto_g_(2025)-13624.php,https://fdn2.gsmarena.com/vv/bigpic/motorola-moto-g-2025.jpg,Success,
68,Motorola,Moto G15,https://www.gsmarena.com/motorola_moto_g15-13507.php,https://fdn2.gsmarena.com/vv/bigpic/mototola-moto-g15.jpg,Success,
69,Motorola,Moto G15 Power,https://www.gsmarena.com/motorola_moto_g15_power-13572.php,https://fdn2.gsmarena.com/vv/bigpic/mototola-g15-r.jpg,Success,
70,Motorola,Moto G05,https://www.gsmarena.com/motorola_moto_g05-13573.php,https://fdn2.gsmarena.com/vv/bigpic/mototola-moto-g05.jpg,Success,
71,Motorola,Moto E15,https://www.gsmarena.com/motorola_moto_e15-13574.php,https://fdn2.gsmarena.com/vv/bigpic/mototola-moto-e15.jpg,Success,
72,Motorola,ThinkPhone 25,https://www.gsmarena.com/motorola_thinkphone_25-13373.php,https://fdn2.gsmarena.com/vv/bigpic/motorola-thinkphone-2024.jpg,Success,
73,Motorola,Moto G75,https://www.gsmarena.com/motorola_moto_g75-13372.php,https://fdn2.gsmarena.com/vv/bigpic/motorola-moto-g75.jpg,Success,
74,Motorola,Moto S50,https://www.gsmarena.com/motorola_moto_s50-13293.php,https://fdn2.gsmarena.com/vv/bigpic/motorola-edge-50-neo.jpg,Success,
75,Motorola,Edge 50 Neo,https://www.gsmarena.com/motorola_edge_50_neo-13224.php,https://fdn2.gsmarena.com/vv/bigpic/motorola-edge-50-neo.jpg,Success,
76,Motorola,Moto G55,https://www.gsmarena.com/motorola_moto_g55-13278.php,https://fdn2.gsmarena.com/vv/bigpic/motorola-moto-g55-5g.jpg,Success,
77,Motorola,Moto G35,https://www.gsmarena.com/motorola_moto_g35-13288.php,https://fdn2.gsmarena.com/vv/bigpic/motorola-moto-g35-5g.jpg,Success,
78,Motorola,Moto G45,https://www.gsmarena.com/motorola_moto_g45-13267.php,https://fdn2.gsmarena.com/vv/bigpic/motorola-moto-g45-5g.jpg,Success,
79,Motorola,Edge 50,https://www.gsmarena.com/motorola_edge_50-13231.php,https://fdn2.gsmarena.com/vv/bigpic/motorola-edge-50-5g.jpg,Success,
80,Motorola,Razr+ 2024,https://www.gsmarena.com/motorola_razr+_2024-13213.php,https://fdn2.gsmarena.com/vv/bigpic/motorola-razr-plus-2024.jpg,Success,
81,Motorola,Razr 50 Ultra,https://www.gsmarena.com/motorola_razr_50_ultra-13150.php,https://fdn2.gsmarena.com/vv/bigpic/motorola-razr-50-ultra.jpg,Success,
82,Motorola,Razr 2024,https://www.gsmarena.com/motorola_razr_2024-13214.php,https://fdn2.gsmarena.com/vv/bigpic/motorola-razr-50.jpg,Success,
83,Motorola,Razr 50,https://www.gsmarena.com/motorola_razr_50-13151.php,https://fdn2.gsmarena.com/vv/bigpic/motorola-razr-50.jpg,Success,
84,Motorola,Moto G85,https://www.gsmarena.com/motorola_moto_g85-13144.php,https://fdn2.gsmarena.com/vv/bigpic/motorola-moto-g85.jpg,Success,
85,Motorola,S50 Neo,https://www.gsmarena.com/motorola_s50_neo-13152.php,https://fdn2.gsmarena.com/vv/bigpic/motorola-s50-neo.jpg,Success,
86,Motorola,Moto E14,https://www.gsmarena.com/motorola_moto_e14-13148.php,https://fdn2.gsmarena.com/vv/bigpic/motorola-moto-e14.jpg,Success,
87,Motorola,Edge (2024),https://www.gsmarena.com/motorola_edge_(2024)-13111.php,https://fdn2.gsmarena.com/vv/bigpic/motorola-edge-2024.jpg,Success,
88,Motorola,Moto X50 Ultra,https://www.gsmarena.com/motorola_moto_x50_ultra-13008.php,https://fdn2.gsmarena.com/vv/bigpic/motorola-edge-50-ultra.jpg,Success,
89,Motorola,Moto G Stylus 5G (2024),https://www.gsmarena.com/motorola_moto_g_stylus_5g_(2024)-12787.php,https://fdn2.gsmarena.com/vv/bigpic/motorola-moto-g-stylus-5g-2024.jpg,Success,
90,Motorola,Edge 50 Ultra,https://www.gsmarena.com/motorola_edge_50_ultra-12919.php,https://fdn2.gsmarena.com/vv/bigpic/motorola-edge-50-ultra.jpg,Success,
91,Motorola,Edge 50 Fusion,https://www.gsmarena.com/motorola_edge_50_fusion-12871.php,https://fdn2.gsmarena.com/vv/bigpic/motorola-edge-50-fusion.jpg,Success,
92,Motorola,Edge 50 Pro,https://www.gsmarena.com/motorola_edge_50_pro-12909.php,https://fdn2.gsmarena.com/vv/bigpic/motorola-edge50-pro.jpg,Success,
93,Motorola,Moto G64,https://www.gsmarena.com/motorola_moto_g64-12925.php,https://fdn2.gsmarena.com/vv/bigpic/motorola-moto-g64.jpg,Success,
94,Motorola,Moto G04s,https://www.gsmarena.com/motorola_moto_g04s-12921.php,https://fdn2.gsmarena.com/vv/bigpic/motorola-moto-g04-4g.jpg,Success,
95,Motorola,Moto G Power (2024),https://www.gsmarena.com/motorola_moto_g_power_(2024)-12867.php,https://fdn2.gsmarena.com/vv/bigpic/motorola-moto-g-power-2024.jpg,Success,
96,Motorola,Moto G (2024),https://www.gsmarena.com/motorola_moto_g_(2024)-12866.php,https://fdn2.gsmarena.com/vv/bigpic/motorola-moto-g-2024-.jpg,Success,
97,Motorola,Moto Watch 40,https://www.gsmarena.com/motorola_moto_watch_40-12826.php,https://fdn2.gsmarena.com/vv/bigpic/motorola-moto-watch40.jpg,Success,
98,Motorola,Moto G24 Power,https://www.gsmarena.com/motorola_moto_g24_power-12813.php,https://fdn2.gsmarena.com/vv/bigpic/motorola-moto-g24-power.jpg,Success,
99,Motorola,Moto G24,https://www.gsmarena.com/motorola_moto_g24-12802.php,https://fdn2.gsmarena.com/vv/bigpic/motorola-moto-g24.jpg,Success,
100,Motorola,Moto G04,https://www.gsmarena.com/motorola_moto_g04-12803.php,https://fdn2.gsmarena.com/vv/bigpic/motorola-moto-g04-4g.jpg,Success,
101,Motorola,Moto G Play (2024),https://www.gsmarena.com/motorola_moto_g_play_(2024)-12798.php,https://fdn2.gsmarena.com/vv/bigpic/motorola-moto-g-play-2024-.jpg,Success,
102,Motorola,Moto G34,https://www.gsmarena.com/motorola_moto_g34-12759.php,https://fdn2.gsmarena.com/vv/bigpic/motorola-moto-g34-china.jpg,Success,
103,Motorola,Edge (2023),https://www.gsmarena.com/motorola_edge_(2023)-12620.php,https://fdn2.gsmarena.com/vv/bigpic/motorola-edge-2023.jpg,Success,
104,Motorola,Edge 40 Neo,https://www.gsmarena.com/motorola_edge_40_neo-12467.php,https://fdn2.gsmarena.com/vv/bigpic/motorola-edge-40-neo.jpg,Success,
105,Motorola,Moto G54,https://www.gsmarena.com/motorola_moto_g54-12543.php,https://fdn2.gsmarena.com/vv/bigpic/motorola-moto-g54.jpg,Success,
106,Motorola,Moto G54 Power,https://www.gsmarena.com/motorola_moto_g54_power-12503.php,https://fdn2.gsmarena.com/vv/bigpic/motorola-moto-g54-10.jpg,Success,
107,Motorola,Moto G84,https://www.gsmarena.com/motorola_moto_g84-12526.php,https://fdn2.gsmarena.com/vv/bigpic/motorola-moto-g84.jpg,Success,
108,Motorola,Moto G14,https://www.gsmarena.com/motorola_moto_g14-12447.php,https://fdn2.gsmarena.com/vv/bigpic/mototola-g14.jpg,Success,
109,Motorola,Razr 40 Ultra,https://www.gsmarena.com/motorola_razr_40_ultra-12169.php,https://fdn2.gsmarena.com/vv/bigpic/motorola-razr-40-ultra.jpg,Success,
110,Motorola,Razr 40,https://www.gsmarena.com/motorola_razr_40-12311.php,https://fdn2.gsmarena.com/vv/bigpic/motorola-razr-40.jpg,Success,
111,Motorola,Moto G Stylus 5G (2023),https://www.gsmarena.com/motorola_moto_g_stylus_5g_(2023)-12301.php,https://fdn2.gsmarena.com/vv/bigpic/motorola-moto-g-stylus-5g-2023.jpg,Success,
112,Motorola,Edge 40,https://www.gsmarena.com/motorola_edge_40-12204.php,https://fdn2.gsmarena.com/vv/bigpic/motorola-edge-40.jpg,Success,
113,Motorola,Edge+ (2023),https://www.gsmarena.com/motorola_edge+_(2023)-12251.php,https://fdn2.gsmarena.com/vv/bigpic/motorola-edge-plus-2023.jpg,Success,
114,Motorola,Moto G Stylus (2023),https://www.gsmarena.com/motorola_moto_g_stylus_(2023)-12250.php,https://fdn2.gsmarena.com/vv/bigpic/motorola-moto-g-stylus-2023.jpg,Success,
115,Motorola,Moto G (2023),https://www.gsmarena.com/motorola_moto_g_(2023)-12249.php,https://fdn2.gsmarena.com/vv/bigpic/motorola-moto-g-5g-2023.jpg,Success,
116,Motorola,Moto Watch 200,https://www.gsmarena.com/motorola_moto_watch_200-12033.php,https://fdn2.gsmarena.com/vv/bigpic/motorola-moto-watch-200-.jpg,Success,
117,Motorola,Moto Watch 70,https://www.gsmarena.com/motorola_moto_watch_70-11984.php,https://fdn2.gsmarena.com/vv/bigpic/motorola-moto-watch-70.jpg,Success,
118,Motorola,Moto G Power 5G,https://www.gsmarena.com/motorola_moto_g_power_5g-12219.php,https://fdn2.gsmarena.com/vv/bigpic/motorola-moto-g-power-5g.jpg,Success,
119,Motorola,Edge 40 Pro,https://www.gsmarena.com/motorola_edge_40_pro-12127.php,https://fdn2.gsmarena.com/vv/bigpic/motorola-edge-40-pro.jpg,Success,
120,Motorola,Defy 2,https://www.gsmarena.com/motorola_defy_2-12141.php,https://fdn2.gsmarena.com/vv/bigpic/motorola-defy-2-new.jpg,Success,
121,Motorola,Moto G73,https://www.gsmarena.com/motorola_moto_g73-12079.php,https://fdn2.gsmarena.com/vv/bigpic/motorola-moto-g73.jpg,Success,
122,Motorola,Moto G53,https://www.gsmarena.com/motorola_moto_g53-12028.php,https://fdn2.gsmarena.com/vv/bigpic/motorola-moto-g53.jpg,Success,
123,Motorola,Moto G23,https://www.gsmarena.com/motorola_moto_g23-12088.php,https://fdn2.gsmarena.com/vv/bigpic/motorola-moto-g23-r.jpg,Success,
124,Motorola,Moto G13,https://www.gsmarena.com/motorola_moto_g13-12091.php,https://fdn2.gsmarena.com/vv/bigpic/motorola-moto-g13.jpg,Success,
125,Motorola,Moto E13,https://www.gsmarena.com/motorola_moto_e13-12090.php,https://fdn2.gsmarena.com/vv/bigpic/motorola-moto-e13-new.jpg,Success,
126,Motorola,ThinkPhone,https://www.gsmarena.com/motorola_thinkphone-12059.php,https://fdn2.gsmarena.com/vv/bigpic/motorola-thinkphone.jpg,Success,
127,Motorola,Moto X40,https://www.gsmarena.com/motorola_moto_x40-11961.php,https://fdn2.gsmarena.com/vv/bigpic/motorola-moto-x40.jpg,Success,
128,Motorola,Moto G Play (2023),https://www.gsmarena.com/motorola_moto_g_play_(2023)-11957.php,https://fdn2.gsmarena.com/vv/bigpic/motorola-moto-g-play-2023.jpg,Success,
129,Motorola,Moto E32 (India),https://www.gsmarena.com/motorola_moto_e32_(india)-11920.php,https://fdn2.gsmarena.com/vv/bigpic/motorola-moto-e32-india.jpg,Success,
130,Motorola,Moto G72,https://www.gsmarena.com/motorola_moto_g72-11910.php,https://fdn2.gsmarena.com/vv/bigpic/motorola-moto-g72-5g-.jpg,Success,
131,Motorola,Moto E22i,https://www.gsmarena.com/motorola_moto_e22i-11884.php,https://fdn2.gsmarena.com/vv/bigpic/motorola-moto-e22i.jpg,Success,
132,Motorola,Moto E22,https://www.gsmarena.com/motorola_moto_e22-11883.php,https://fdn2.gsmarena.com/vv/bigpic/motorola-moto-e22.jpg,Success,
133,Motorola,Edge 30 Ultra,https://www.gsmarena.com/motorola_edge_30_ultra-11206.php,https://fdn2.gsmarena.com/vv/bigpic/motorola-edge30-ultra.jpg,Success,
134,Motorola,Edge 30 Fusion,https://www.gsmarena.com/motorola_edge_30_fusion-11851.php,https://fdn2.gsmarena.com/vv/bigpic/motorola-edge30-fusion.jpg,Success,
135,Motorola,Edge 30 Neo,https://www.gsmarena.com/motorola_edge_30_neo-11635.php,https://fdn2.gsmarena.com/vv/bigpic/motorola-edge30-neo-.jpg,Success,
136,Motorola,Moto E22s,https://www.gsmarena.com/motorola_moto_e22s-11837.php,https://fdn2.gsmarena.com/vv/bigpic/motorola-moto-e22s.jpg,Success,
137,Motorola,Edge (2022),https://www.gsmarena.com/motorola_edge_(2022)-11777.php,https://fdn2.gsmarena.com/vv/bigpic/motorola-edge-2022.jpg,Success,
138,Motorola,Moto Tab G62,https://www.gsmarena.com/motorola_moto_tab_g62-11746.php,https://fdn2.gsmarena.com/vv/bigpic/motorola-moto-tab-g62.jpg,Success,
139,Motorola,Moto X30 Pro,https://www.gsmarena.com/motorola_moto_x30_pro-11366.php,https://fdn2.gsmarena.com/vv/bigpic/motorola-moto-x30-pro.jpg,Success,
140,Motorola,Moto S30 Pro,https://www.gsmarena.com/motorola_moto_s30_pro-11750.php,https://fdn2.gsmarena.com/vv/bigpic/motorola-moto-s30-pro.jpg,Success,
141,Motorola,Razr 2022,https://www.gsmarena.com/motorola_razr_2022-11752.php,https://fdn2.gsmarena.com/vv/bigpic/motorola-moto-razr-2022-1.jpg,Success,
142,Motorola,Moto G62 (India),https://www.gsmarena.com/motorola_moto_g62_(india)-11754.php,https://fdn2.gsmarena.com/vv/bigpic/motorola-moto-g62.jpg,Success,
143,Motorola,Moto G32,https://www.gsmarena.com/motorola_moto_g32-11733.php,https://fdn2.gsmarena.com/vv/bigpic/motorola-moto-g32.jpg,Success,
144,Motorola,Moto G62 5G,https://www.gsmarena.com/motorola_moto_g62_5g-11602.php,https://fdn2.gsmarena.com/vv/bigpic/motorola-moto-g62.jpg,Success,
145,Motorola,Moto G42,https://www.gsmarena.com/motorola_moto_g42-11608.php,https://fdn2.gsmarena.com/vv/bigpic/motorola-moto-g42-r.jpg,Success,
146,Motorola,Moto E32s,https://www.gsmarena.com/motorola_moto_e32s-11555.php,https://fdn2.gsmarena.com/vv/bigpic/motorola-moto-e32.jpg,Success,
147,Motorola,Moto G71s,https://www.gsmarena.com/motorola_moto_g71s-11531.php,https://fdn2.gsmarena.com/vv/bigpic/motorola-moto-g71s.jpg,Success,
148,Motorola,Moto G82,https://www.gsmarena.com/motorola_moto_g82-11508.php,https://fdn2.gsmarena.com/vv/bigpic/motorola-moto-g82.jpg,Success,
149,Motorola,Moto E32,https://www.gsmarena.com/motorola_moto_e32-11485.php,https://fdn2.gsmarena.com/vv/bigpic/motorola-moto-e32.jpg,Success,
150,Motorola,Edge 30,https://www.gsmarena.com/motorola_edge_30-11500.php,https://fdn2.gsmarena.com/vv/bigpic/motorola-edge-30-.jpg,Success,
151,Motorola,Moto G Stylus 5G (2022),https://www.gsmarena.com/motorola_moto_g_stylus_5g_(2022)-11462.php,https://fdn2.gsmarena.com/vv/bigpic/motorola-moto-g-stylus-5g-2022-r1.jpg,Success,
152,Motorola,Moto G (2022),https://www.gsmarena.com/motorola_moto_g_(2022)-11491.php,https://fdn2.gsmarena.com/vv/bigpic/motorola-moto-g-5g-2022.jpg,Success,
153,Motorola,Moto G52,https://www.gsmarena.com/motorola_moto_g52-11457.php,https://fdn2.gsmarena.com/vv/bigpic/motorola-moto-g52.jpg,Success,
154,Motorola,Moto G22,https://www.gsmarena.com/motorola_moto_g22-11365.php,https://fdn2.gsmarena.com/vv/bigpic/motorola-moto-g22.jpg,Success,
155,Motorola,Edge+ 5G UW (2022),https://www.gsmarena.com/motorola_edge+_5g_uw_(2022)-11755.php,https://fdn2.gsmarena.com/vv/bigpic/motorola-edge-30-pro.jpg,Success,
156,Motorola,Edge 30 Pro,https://www.gsmarena.com/motorola_edge_30_pro-11320.php,https://fdn2.gsmarena.com/vv/bigpic/motorola-edge-30-pro.jpg,Success,
157,Motorola,Moto G Stylus (2022),https://www.gsmarena.com/motorola_moto_g_stylus_(2022)-11282.php,https://fdn2.gsmarena.com/vv/bigpic/motorola-moto-g-stylus-2022.jpg,Success,
158,Motorola,Moto Tab G70,https://www.gsmarena.com/motorola_moto_tab_g70-11315.php,https://fdn2.gsmarena.com/vv/bigpic/motorola-moto-tab-g70.jpg,Success,
159,Motorola,Edge X30,https://www.gsmarena.com/motorola_edge_x30-11262.php,https://fdn2.gsmarena.com/vv/bigpic/motorola-moto-edge-x30.jpg,Success,
160,Motorola,Edge S30,https://www.gsmarena.com/motorola_edge_s30-11263.php,https://fdn2.gsmarena.com/vv/bigpic/motorola-moto-edge-s30.jpg,Success,
161,Motorola,Moto G200 5G,https://www.gsmarena.com/motorola_moto_g200_5g-11222.php,https://fdn2.gsmarena.com/vv/bigpic/motorola-moto-g200-5g-glacier-green.jpg,Success,
162,Motorola,Moto G71 5G,https://www.gsmarena.com/motorola_moto_g71_5g-11223.php,https://fdn2.gsmarena.com/vv/bigpic/motorola-moto-g71-5g-neptune-green.jpg,Success,
163,Motorola,Moto G51 5G,https://www.gsmarena.com/motorola_moto_g51_5g-11194.php,https://fdn2.gsmarena.com/vv/bigpic/motorola-moto-g51-5g-bright-silver.jpg,Success,
164,Motorola,Moto G41,https://www.gsmarena.com/motorola_moto_g41-11224.php,https://fdn2.gsmarena.com/vv/bigpic/motorola-moto-g41-pearl-gold.jpg,Success,
165,Motorola,Moto G31,https://www.gsmarena.com/motorola_moto_g31-11225.php,https://fdn2.gsmarena.com/vv/bigpic/motorola-moto-g31-baby-blue.jpg,Success,
166,Motorola,Moto G Power (2022),https://www.gsmarena.com/motorola_moto_g_power_(2022)-11211.php,https://fdn2.gsmarena.com/vv/bigpic/motorola-moto-g9-power-2022.jpg,Success,
167,Motorola,Moto Watch 100,https://www.gsmarena.com/motorola_moto_watch_100-11220.php,https://fdn2.gsmarena.com/vv/bigpic/motorola-moto-watch-100.jpg,Success,
168,Motorola,Moto E30,https://www.gsmarena.com/motorola_moto_e30-11199.php,https://fdn2.gsmarena.com/vv/bigpic/motorola-moto-e30.jpg,Success,
169,Motorola,Edge 5G UW (2021),https://www.gsmarena.com/motorola_edge_5g_uw_(2021)-11753.php,https://fdn2.gsmarena.com/vv/bigpic/motorola-edge-2021.jpg,Success,
170,Motorola,G Pure,https://www.gsmarena.com/motorola_g_pure-11145.php,https://fdn2.gsmarena.com/vv/bigpic/motorola-moto-g-pure.jpg,Success,
171,Motorola,Moto E40,https://www.gsmarena.com/motorola_moto_e40-11112.php,https://fdn2.gsmarena.com/vv/bigpic/motorola-moto-e40-r.jpg,Success,
172,Motorola,Tab G20,https://www.gsmarena.com/motorola_tab_g20-11133.php,https://fdn2.gsmarena.com/vv/bigpic/motorola-tab-g20.jpg,Success,
173,Motorola,Moto G60,https://www.gsmarena.com/motorola_moto_g60-10861.php,https://fdn2.gsmarena.com/vv/bigpic/motorola-moto-g60.jpg,Success,
174,Motorola,Moto E20,https://www.gsmarena.com/motorola_moto_e20-11072.php,https://fdn2.gsmarena.com/vv/bigpic/motorola-moto-e20.jpg,Success,
175,Motorola,Moto G50 5G,https://www.gsmarena.com/motorola_moto_g50_5g-11070.php,https://fdn2.gsmarena.com/vv/bigpic/motorola-moto-g50-5g.jpg,Success,
176,Motorola,Edge (2021),https://www.gsmarena.com/motorola_edge_(2021)-11061.php,https://fdn2.gsmarena.com/vv/bigpic/motorola-edge-2021.jpg,Success,
177,Motorola,Edge 20 Fusion,https://www.gsmarena.com/motorola_edge_20_fusion-11056.php,https://fdn2.gsmarena.com/vv/bigpic/motorola-edge-20-fusion.jpg,Success,
178,Motorola,Moto G60S,https://www.gsmarena.com/motorola_moto_g60s-11047.php,https://fdn2.gsmarena.com/vv/bigpic/motorola-moto-g60s.jpg,Success,
179,Motorola,Edge 20 Pro,https://www.gsmarena.com/motorola_edge_20_pro-11004.php,https://fdn2.gsmarena.com/vv/bigpic/motorola-edge20-pro-.jpg,Success,
180,Motorola,Edge 20,https://www.gsmarena.com/motorola_edge_20-11034.php,https://fdn2.gsmarena.com/vv/bigpic/motorola-edge-20.jpg,Success,
181,Motorola,Edge 20 Lite,https://www.gsmarena.com/motorola_edge_20_lite-11035.php,https://fdn2.gsmarena.com/vv/bigpic/motorola-edge-20-lite-.jpg,Success,
182,Motorola,one 5G UW ace,https://www.gsmarena.com/motorola_one_5g_uw_ace-11005.php,https://fdn2.gsmarena.com/vv/bigpic/motorola-one-5g-uw-ace.jpg,Success,
183,Motorola,Defy (2021),https://www.gsmarena.com/motorola_defy_(2021)-10969.php,https://fdn2.gsmarena.com/vv/bigpic/motorola-defy-2021.jpg,Success,
184,Motorola,Moto G Stylus 5G,https://www.gsmarena.com/motorola_moto_g_stylus_5g-10947.php,https://fdn2.gsmarena.com/vv/bigpic/motorola-moto-g-stylus-5g.jpg,Success,
185,Motorola,Moto G20,https://www.gsmarena.com/motorola_moto_g20-10828.php,https://fdn2.gsmarena.com/vv/bigpic/motorola-moto-g20-.jpg,Success,
186,Motorola,Moto G40 Fusion,https://www.gsmarena.com/motorola_moto_g40_fusion-10862.php,https://fdn2.gsmarena.com/vv/bigpic/motorola-moto-g60.jpg,Success,
187,Motorola,Moto G100 (2021),https://www.gsmarena.com/motorola_moto_g100-10791.php,https://fdn2.gsmarena.com/vv/bigpic/motorola-moto-g100-1.jpg,Success,
188,Motorola,Moto G50,https://www.gsmarena.com/motorola_moto_g50-10789.php,https://fdn2.gsmarena.com/vv/bigpic/motorola-moto-g50-r.jpg,Success,
189,Motorola,Moto G10 Power,https://www.gsmarena.com/motorola_moto_g10_power-10778.php,https://fdn2.gsmarena.com/vv/bigpic/motorola-moto-g10-power.jpg,Success,
190,Motorola,Moto E7i Power,https://www.gsmarena.com/motorola_moto_e7i_power-11000.php,https://fdn2.gsmarena.com/vv/bigpic/motorola-moto-e7-power.jpg,Success,
191,Motorola,Moto E7 Power,https://www.gsmarena.com/motorola_moto_e7_power-10738.php,https://fdn2.gsmarena.com/vv/bigpic/motorola-moto-e7-power.jpg,Success,
192,Motorola,Moto G30,https://www.gsmarena.com/motorola_moto_g30-10724.php,https://fdn2.gsmarena.com/vv/bigpic/motorola-moto-g30.jpg,Success,
193,Motorola,Moto G10,https://www.gsmarena.com/motorola_moto_g10-10723.php,https://fdn2.gsmarena.com/vv/bigpic/motorola-moto-g10.jpg,Success,
194,Motorola,Moto E6i,https://www.gsmarena.com/motorola_moto_e6i-10734.php,https://fdn2.gsmarena.com/vv/bigpic/motorola-moto-e6i.jpg,Success,
195,Motorola,Edge S,https://www.gsmarena.com/motorola_edge_s-10705.php,https://fdn2.gsmarena.com/vv/bigpic/motorola-moto-edge-s.jpg,Success,
196,Motorola,One 5G Ace,https://www.gsmarena.com/motorola_one_5g_ace-10671.php,https://fdn2.gsmarena.com/vv/bigpic/motorola-one-5g-ace.jpg,Success,
197,Motorola,Moto G Stylus (2021),https://www.gsmarena.com/motorola_moto_g_stylus_(2021)-10583.php,https://fdn2.gsmarena.com/vv/bigpic/motorola-moto-g-stylus-2021.jpg,Success,
198,Motorola,Moto G Power (2021),https://www.gsmarena.com/motorola_moto_g_power_(2021)-10672.php,https://fdn2.gsmarena.com/vv/bigpic/motorola-moto-g9-power-2021.jpg,Success,
199,Motorola,Moto G Play (2021),https://www.gsmarena.com/motorola_moto_g_play_(2021)-10673.php,https://fdn2.gsmarena.com/vv/bigpic/motorola-moto-g-play-2021.jpg,Success,
200,Motorola,Moto E7,https://www.gsmarena.com/motorola_moto_e7-10511.php,https://fdn2.gsmarena.com/vv/bigpic/motorola-moto-e7-r1.jpg,Success,
201,Motorola,Moto G 5G,https://www.gsmarena.com/motorola_moto_g_5g-10577.php,https://fdn2.gsmarena.com/vv/bigpic/motorola-moto-g-5g.jpg,Success,
202,Motorola,Moto G9 Power,https://www.gsmarena.com/motorola_moto_g9_power-10574.php,https://fdn2.gsmarena.com/vv/bigpic/motorola-moto-g9-power.jpg,Success,
203,Motorola,Razr 5G,https://www.gsmarena.com/motorola_razr_5g-10410.php,https://fdn2.gsmarena.com/vv/bigpic/motorola-razr-5g-brush-gold.jpg,Success,
204,Motorola,Moto G9 Plus,https://www.gsmarena.com/motorola_moto_g9_plus-10432.php,https://fdn2.gsmarena.com/vv/bigpic/motorola-moto-g9-plus-new.jpg,Success,
205,Motorola,Moto E7 Plus,https://www.gsmarena.com/motorola_moto_e7_plus-10436.php,https://fdn2.gsmarena.com/vv/bigpic/motorola-moto-e7-plus.jpg,Success,
206,Motorola,One 5G UW,https://www.gsmarena.com/motorola_one_5g_uw-10518.php,https://fdn2.gsmarena.com/vv/bigpic/motorola-one-5g.jpg,Success,
207,Motorola,One 5G,https://www.gsmarena.com/motorola_one_5g-10407.php,https://fdn2.gsmarena.com/vv/bigpic/motorola-one-5g.jpg,Success,
208,Motorola,Moto G9 Play,https://www.gsmarena.com/motorola_moto_g9_play-10387.php,https://fdn2.gsmarena.com/vv/bigpic/motorola-moto-g9-play.jpg,Success,
209,Motorola,Moto G9 (India),https://www.gsmarena.com/motorola_moto_g9_(india)-10384.php,https://fdn2.gsmarena.com/vv/bigpic/motorola-moto-g9.jpg,Success,
210,Motorola,Moto G 5G Plus,https://www.gsmarena.com/motorola_moto_g_5g_plus-10307.php,https://fdn2.gsmarena.com/vv/bigpic/motorola-moto-g-5g-plus.jpg,Success,
211,Motorola,One Fusion,https://www.gsmarena.com/motorola_one_fusion-10317.php,https://fdn2.gsmarena.com/vv/bigpic/motorola-one-fusion-1.jpg,Success,
212,Motorola,One Fusion+,https://www.gsmarena.com/motorola_one_fusion+-10290.php,https://fdn2.gsmarena.com/vv/bigpic/motorola-one-fusion-plus.jpg,Success,
213,Motorola,One Vision Plus,https://www.gsmarena.com/motorola_one_vision_plus-10374.php,https://fdn2.gsmarena.com/vv/bigpic/motorola-moto-g8-plus.jpg,Success,
214,Motorola,Moto G Fast,https://www.gsmarena.com/motorola_moto_g_fast-10286.php,https://fdn2.gsmarena.com/vv/bigpic/motorola-moto-g-fast.jpg,Success,
215,Motorola,Moto E (2020),https://www.gsmarena.com/motorola_moto_e_(2020)-10287.php,https://fdn2.gsmarena.com/vv/bigpic/motorola-moto-e-2020.jpg,Success,
216,Motorola,Moto G Pro,https://www.gsmarena.com/motorola_moto_g_pro-10269.php,https://fdn2.gsmarena.com/vv/bigpic/motorola-moto-g-stylus-.jpg,Success,
217,Motorola,Edge+ (2020),https://www.gsmarena.com/motorola_edge+_(2020)-10119.php,https://fdn2.gsmarena.com/vv/bigpic/motorola-edge-plus.jpg,Success,
218,Motorola,Edge,https://www.gsmarena.com/motorola_edge-10133.php,https://fdn2.gsmarena.com/vv/bigpic/motorola-edge-midnight-magenta.jpg,Success,
219,Motorola,Moto G8 Power Lite,https://www.gsmarena.com/motorola_moto_g8_power_lite-10154.php,https://fdn2.gsmarena.com/vv/bigpic/motorola-moto-g8-power-lite.jpg,Success,
220,Motorola,Moto E6s (2020),https://www.gsmarena.com/motorola_moto_e6s_(2020)-10135.php,https://fdn2.gsmarena.com/vv/bigpic/motorola-moto-e6s-2020.jpg,Success,
221,Motorola,Moto G8,https://www.gsmarena.com/motorola_moto_g8-10051.php,https://fdn2.gsmarena.com/vv/bigpic/motorola-moto-g8.jpg,Success,
222,Motorola,Moto G Stylus,https://www.gsmarena.com/motorola_moto_g_stylus-10057.php,https://fdn2.gsmarena.com/vv/bigpic/motorola-moto-g-stylus-.jpg,Success,
223,Motorola,Moto G Power,https://www.gsmarena.com/motorola_moto_g_power-10076.php,https://fdn2.gsmarena.com/vv/bigpic/motorola-moto-g-power.jpg,Success,
224,Motorola,Moto G8 Power,https://www.gsmarena.com/motorola_moto_g8_power-10052.php,https://fdn2.gsmarena.com/vv/bigpic/motorola-moto-g-power-r.jpg,Success,
225,Motorola,One Hyper,https://www.gsmarena.com/motorola_one_hyper-9944.php,https://fdn2.gsmarena.com/vv/bigpic/motorola-one-hyper-.jpg,Success,
226,Motorola,Razr 2019,https://www.gsmarena.com/motorola_razr_2019-9630.php,https://fdn2.gsmarena.com/vv/bigpic/motorola-razr-2019-.jpg,Success,
227,Motorola,Moto G8 Play,https://www.gsmarena.com/motorola_moto_g8_play-9918.php,https://fdn2.gsmarena.com/vv/bigpic/motorola-moto-g8-play-r.jpg,Success,
228,Motorola,Moto E6 Play,https://www.gsmarena.com/motorola_moto_e6_play-9932.php,https://fdn2.gsmarena.com/vv/bigpic/motorola-moto-e6-play.jpg,Success,
229,Motorola,Moto G8 Plus,https://www.gsmarena.com/motorola_moto_g8_plus-9916.php,https://fdn2.gsmarena.com/vv/bigpic/motorola-moto-g8-plus.jpg,Success,
230,Motorola,One Macro,https://www.gsmarena.com/motorola_one_macro-9900.php,https://fdn2.gsmarena.com/vv/bigpic/motorola-one-macro-10.jpg,Success,
231,Motorola,Moto E6 Plus,https://www.gsmarena.com/motorola_moto_e6_plus-9831.php,https://fdn2.gsmarena.com/vv/bigpic/motorola-moto-e6-plus-.jpg,Success,
232,Motorola,One Zoom,https://www.gsmarena.com/motorola_one_zoom-9745.php,https://fdn2.gsmarena.com/vv/bigpic/motorola-one-zoom-r1.jpg,Success,
233,Motorola,One Action,https://www.gsmarena.com/motorola_one_action-9739.php,https://fdn2.gsmarena.com/vv/bigpic/motorola-one-action-aqua-teal.jpg,Success,
234,Motorola,Moto E6,https://www.gsmarena.com/motorola_moto_e6-9682.php,https://fdn2.gsmarena.com/vv/bigpic/motorola-moto-e6-xt2005-navy-blue.jpg,Success,
235,Motorola,Moto Z4,https://www.gsmarena.com/motorola_moto_z4-9691.php,https://fdn2.gsmarena.com/vv/bigpic/motorola-moto-z4-r.jpg,Success,
236,Motorola,One Vision,https://www.gsmarena.com/motorola_one_vision-9647.php,https://fdn2.gsmarena.com/vv/bigpic/motorola-one-vision.jpg,Success,
237,Motorola,Moto G7 Plus,https://www.gsmarena.com/motorola_moto_g7_plus-9533.php,https://fdn2.gsmarena.com/vv/bigpic/motorola-moto-g7-plus.jpg,Success,
238,Motorola,Moto G7,https://www.gsmarena.com/motorola_moto_g7-9357.php,https://fdn2.gsmarena.com/vv/bigpic/motorola-moto-g7.jpg,Success,
239,Motorola,Moto G7 Power,https://www.gsmarena.com/motorola_moto_g7_power-9527.php,https://fdn2.gsmarena.com/vv/bigpic/motorola-moto-g7-power.jpg,Success,
240,Motorola,Moto G7 Play,https://www.gsmarena.com/motorola_moto_g7_play-9532.php,https://fdn2.gsmarena.com/vv/bigpic/motorola-moto-g7-play.jpg,Success,
241,Motorola,One (P30 Play),https://www.gsmarena.com/motorola_one_(p30_play)-9310.php,https://fdn2.gsmarena.com/vv/bigpic/motorola-one-.jpg,Success,
242,Motorola,One Power (P30 Note),https://www.gsmarena.com/motorola_one_power_(p30_note)-9221.php,https://fdn2.gsmarena.com/vv/bigpic/motorola-one-power-.jpg,Success,
243,Motorola,Moto Z3,https://www.gsmarena.com/motorola_moto_z3-9283.php,https://fdn2.gsmarena.com/vv/bigpic/motorola-moto-z3-play-.jpg,Success,
244,Motorola,Moto Z3 Play,https://www.gsmarena.com/motorola_moto_z3_play-9003.php,https://fdn2.gsmarena.com/vv/bigpic/motorola-moto-z3-play-.jpg,Success,
245,Motorola,Moto E5 Cruise,https://www.gsmarena.com/motorola_moto_e5_cruise-9575.php,https://fdn2.gsmarena.com/vv/bigpic/motorola-moto-e5-cruise.jpg,Success,
246,Motorola,Moto E5 Play Go,https://www.gsmarena.com/motorola_moto_e5_play_go-9270.php,https://fdn2.gsmarena.com/vv/bigpic/motorola-moto-e5-play-android-go-edition.jpg,Success,
247,Motorola,Moto E5 Play,https://www.gsmarena.com/motorola_moto_e5_play-9175.php,https://fdn2.gsmarena.com/vv/bigpic/motorola-moto-e5-play.jpg,Success,
248,Motorola,Moto E5 Plus,https://www.gsmarena.com/motorola_moto_e5_plus-9095.php,https://fdn2.gsmarena.com/vv/bigpic/motorola-moto-e5-plus.jpg,Success,
249,Motorola,Moto E5,https://www.gsmarena.com/motorola_moto_e5-9008.php,https://fdn2.gsmarena.com/vv/bigpic/motorola-moto-e5.jpg,Success,
250,Motorola,P30,https://www.gsmarena.com/motorola_p30-9294.php,https://fdn2.gsmarena.com/vv/bigpic/motorola-moto-p30-r.jpg,Success,
251,Motorola,Moto G6 Play,https://www.gsmarena.com/motorola_moto_g6_play-9002.php,https://fdn2.gsmarena.com/vv/bigpic/motorola-moto-g6-play-r1.jpg,Success,
252,Motorola,Moto G6 Plus,https://www.gsmarena.com/motorola_moto_g6_plus-9001.php,https://fdn2.gsmarena.com/vv/bigpic/motorola-moto-g6-plus-r1.jpg,Success,
253,Motorola,Moto G6,https://www.gsmarena.com/motorola_moto_g6-9000.php,https://fdn2.gsmarena.com/vv/bigpic/motorola-moto-g6-r1.jpg,Success,
254,Motorola,Moto X5,https://www.gsmarena.com/motorola_moto_x5-8999.php,https://fdn2.gsmarena.com/vv/bigpic/motorola-moto-x5-r.jpg,Success,
255,Motorola,Moto X4,https://www.gsmarena.com/motorola_moto_x4-8634.php,https://fdn2.gsmarena.com/vv/bigpic/motorola-moto-x4.jpg,Success,
256,Motorola,Moto G5S Plus,https://www.gsmarena.com/motorola_moto_g5s_plus-8699.php,https://fdn2.gsmarena.com/vv/bigpic/motorola-moto-g5s.jpg,Success,
257,Motorola,Moto G5S,https://www.gsmarena.com/motorola_moto_g5s-8698.php,https://fdn2.gsmarena.com/vv/bigpic/motorola-moto-g5s-plus.jpg,Success,
258,Motorola,Moto Z2 Force,https://www.gsmarena.com/motorola_moto_z2_force-8693.php,https://fdn2.gsmarena.com/vv/bigpic/motorola-moto-z2-force-.jpg,Success,
259,Motorola,Moto E4 Plus,https://www.gsmarena.com/motorola_moto_e4_plus-8722.php,https://fdn2.gsmarena.com/vv/bigpic/motorola-moto-e4-plus.jpg,Success,
260,Motorola,Moto E4 Plus (USA),https://www.gsmarena.com/motorola_moto_e4_plus_(usa)-8666.php,https://fdn2.gsmarena.com/vv/bigpic/motorola-moto-e4-plus-usa.jpg,Success,
261,Motorola,Moto E4,https://www.gsmarena.com/motorola_moto_e4-8721.php,https://fdn2.gsmarena.com/vv/bigpic/motorola-moto-e4.jpg,Success,
262,Motorola,Moto E4 (USA),https://www.gsmarena.com/motorola_moto_e4_(usa)-8665.php,https://fdn2.gsmarena.com/vv/bigpic/motorola-moto-e4-usa.jpg,Success,
263,Motorola,Moto Z2 Play,https://www.gsmarena.com/motorola_moto_z2_play-8674.php,https://fdn2.gsmarena.com/vv/bigpic/motorola-moto-z2-play.jpg,Success,
264,Motorola,Moto C Plus,https://www.gsmarena.com/motorola_moto_c_plus-8646.php,https://fdn2.gsmarena.com/vv/bigpic/motorola-moto-c-plus-.jpg,Success,
265,Motorola,Moto C,https://www.gsmarena.com/motorola_moto_c-8645.php,https://fdn2.gsmarena.com/vv/bigpic/motorola-moto-c.jpg,Success,
266,Motorola,Moto G5 Plus,https://www.gsmarena.com/motorola_moto_g5_plus-8453.php,https://fdn2.gsmarena.com/vv/bigpic/motorola-moto-g5-plus1.jpg,Success,
267,Motorola,Moto G5,https://www.gsmarena.com/motorola_moto_g5-8454.php,https://fdn2.gsmarena.com/vv/bigpic/motorola-moto-g5-r1.jpg,Success,
268,Motorola,Moto M,https://www.gsmarena.com/motorola_moto_m-8299.php,https://fdn2.gsmarena.com/vv/bigpic/motorola-moto-m.jpg,Success,
269,Motorola,Moto E3 Power,https://www.gsmarena.com/motorola_moto_e3_power-8337.php,https://fdn2.gsmarena.com/vv/bigpic/motorola-moto-e3.jpg,Success,
270,Motorola,Moto Z Play,https://www.gsmarena.com/motorola_moto_z_play-8310.php,https://fdn2.gsmarena.com/vv/bigpic/motorola-moto-z-play.jpg,Success,
271,Motorola,Moto E3,https://www.gsmarena.com/motorola_moto_e3-8198.php,https://fdn2.gsmarena.com/vv/bigpic/motorola-moto-e3.jpg,Success,
272,Motorola,Moto Z Force,https://www.gsmarena.com/motorola_moto_z_force-8093.php,https://fdn2.gsmarena.com/vv/bigpic/motorola-moto-z-force.jpg,Success,
273,Motorola,Moto Z,https://www.gsmarena.com/motorola_moto_z-8094.php,https://fdn2.gsmarena.com/vv/bigpic/motorola-moto-z.jpg,Success,
274,Motorola,Moto G4 Plus,https://www.gsmarena.com/motorola_moto_g4_plus-8050.php,https://fdn2.gsmarena.com/vv/bigpic/motorola-moto-g4-plus-r.jpg,Success,
275,Motorola,Moto G4,https://www.gsmarena.com/motorola_moto_g4-8103.php,https://fdn2.gsmarena.com/vv/bigpic/motorola-moto-g4-.jpg,Success,
276,Motorola,Moto G4 Play,https://www.gsmarena.com/motorola_moto_g4_play-8104.php,https://fdn2.gsmarena.com/vv/bigpic/motorola-moto-g4-play.jpg,Success,
277,Motorola,Moto G Turbo,https://www.gsmarena.com/motorola_moto_g_turbo-7743.php,https://fdn2.gsmarena.com/vv/bigpic/motorola-moto-g-turbo-edition-.jpg,Success,
278,Motorola,Moto X Force,https://www.gsmarena.com/motorola_moto_x_force-7555.php,https://fdn2.gsmarena.com/vv/bigpic/motorola-moto-x-force1.jpg,Success,
279,Motorola,Droid Turbo 2,https://www.gsmarena.com/motorola_droid_turbo_2-7713.php,https://fdn2.gsmarena.com/vv/bigpic/motorola-droid-turbo-2.jpg,Success,
280,Motorola,Droid Maxx 2,https://www.gsmarena.com/motorola_droid_maxx_2-7712.php,https://fdn2.gsmarena.com/vv/bigpic/motorola-droid-maxx-2.jpg,Success,
281,Motorola,Moto X Style,https://www.gsmarena.com/motorola_moto_x_style-7229.php,https://fdn2.gsmarena.com/vv/bigpic/moto-x-style-r.jpg,Success,
282,Motorola,Moto X Play Dual SIM,https://www.gsmarena.com/motorola_moto_x_play_dual_sim-7470.php,https://fdn2.gsmarena.com/vv/bigpic/moto-x-play-r.jpg,Success,
283,Motorola,Moto X Play,https://www.gsmarena.com/motorola_moto_x_play-7454.php,https://fdn2.gsmarena.com/vv/bigpic/moto-x-play-r.jpg,Success,
284,Motorola,Moto G Dual SIM (3rd gen),https://www.gsmarena.com/motorola_moto_g_dual_sim_(3rd_gen)-7469.php,https://fdn2.gsmarena.com/vv/bigpic/motorola-moto-g-3rd-gen-r.jpg,Success,
285,Motorola,Moto 360 Sport (1st gen),https://www.gsmarena.com/motorola_moto_360_sport_(1st_gen)-7685.php,https://fdn2.gsmarena.com/vv/bigpic/motorola-moto-360-sport.jpg,Success,
286,Motorola,Moto 360 42mm (2nd gen),https://www.gsmarena.com/motorola_moto_360_42mm_(2nd_gen)-7684.php,https://fdn2.gsmarena.com/vv/bigpic/motorola-moto-360-42mm-2015.jpg,Success,
287,Motorola,Moto 360 46mm (2nd gen),https://www.gsmarena.com/motorola_moto_360_46mm_(2nd_gen)-7683.php,https://fdn2.gsmarena.com/vv/bigpic/motorola-moto-360-2015-new.jpg,Success,
288,Motorola,Moto 360 (1st gen),https://www.gsmarena.com/motorola_moto_360_(1st_gen)-7682.php,https://fdn2.gsmarena.com/vv/bigpic/motorola-moto-360-2014.jpg,Success,
289,Motorola,Moto G (3rd gen),https://www.gsmarena.com/motorola_moto_g_(3rd_gen)-7247.php,https://fdn2.gsmarena.com/vv/bigpic/motorola-moto-g-3rd-gen-r.jpg,Success,
290,Motorola,Moto E Dual SIM (2nd gen),https://www.gsmarena.com/motorola_moto_e_dual_sim_(2nd_gen)-7222.php,https://fdn2.gsmarena.com/vv/bigpic/motorola-moto-e-2nd-gen-xt1521.jpg,Success,
291,Motorola,Moto E (2nd gen),https://www.gsmarena.com/motorola_moto_e_(2nd_gen)-6986.php,https://fdn2.gsmarena.com/vv/bigpic/motorola-moto-e-2015.jpg,Success,
292,Motorola,Moto G 4G (2nd gen),https://www.gsmarena.com/motorola_moto_g_4g_(2nd_gen)-7137.php,https://fdn2.gsmarena.com/vv/bigpic/motorola-moto-g-4g-2015.jpg,Success,
293,Motorola,Moto G 4G Dual SIM (2nd gen),https://www.gsmarena.com/motorola_moto_g_4g_dual_sim_(2nd_gen)-6991.php,https://fdn2.gsmarena.com/vv/bigpic/motorola-moto-g-4g-2015.jpg,Success,
294,Motorola,Moto Maxx,https://www.gsmarena.com/motorola_moto_maxx-6779.php,https://fdn2.gsmarena.com/vv/bigpic/motorola-moto-maxx.jpg,Success,
295,Motorola,DROID Turbo,https://www.gsmarena.com/motorola_droid_turbo-6727.php,https://fdn2.gsmarena.com/vv/bigpic/motorola-droid-turbo.jpg,Success,
296,Motorola,Nexus 6,https://www.gsmarena.com/motorola_nexus_6-6604.php,https://fdn2.gsmarena.com/vv/bigpic/moto-nexus-6.jpg,Success,
297,Motorola,Moto X (2nd Gen),https://www.gsmarena.com/motorola_moto_x_(2nd_gen)-6649.php,https://fdn2.gsmarena.com/vv/bigpic/motorola-moto-x-2014.jpg,Success,
298,Motorola,Moto G Dual SIM (2nd gen),https://www.gsmarena.com/motorola_moto_g_dual_sim_(2nd_gen)-6648.php,https://fdn2.gsmarena.com/vv/bigpic/motorola-moto-g-2014.jpg,Success,
299,Motorola,Moto G (2nd gen),https://www.gsmarena.com/motorola_moto_g_(2nd_gen)-6647.php,https://fdn2.gsmarena.com/vv/bigpic/motorola-moto-g-2014.jpg,Success,
300,Motorola,Moto G 4G,https://www.gsmarena.com/motorola_moto_g_4g-6355.php,https://fdn2.gsmarena.com/vv/bigpic/motorola-moto-g-4g-lte.jpg,Success,
301,Motorola,Luge,https://www.gsmarena.com/motorola_luge-6806.php,https://fdn2.gsmarena.com/vv/bigpic/motorola-luge.jpg,Success,
302,Motorola,Moto E,https://www.gsmarena.com/motorola_moto_e-6376.php,https://fdn2.gsmarena.com/vv/bigpic/motorola-moto-e.jpg,Success,
303,Motorola,Moto E Dual SIM,https://www.gsmarena.com/motorola_moto_e_dual_sim-6323.php,https://fdn2.gsmarena.com/vv/bigpic/motorola-moto-e.jpg,Success,
304,Motorola,Moto G Dual SIM,https://www.gsmarena.com/motorola_moto_g_dual_sim-5978.php,https://fdn2.gsmarena.com/vv/bigpic/motorola-moto-g-ofic.jpg,Success,
305,Motorola,Moto G,https://www.gsmarena.com/motorola_moto_g-5831.php,https://fdn2.gsmarena.com/vv/bigpic/motorola-moto-g-ofic.jpg,Success,
306,Motorola,Moto X,https://www.gsmarena.com/motorola_moto_x-5601.php,https://fdn2.gsmarena.com/vv/bigpic/moto-x.jpg,Success,
307,Motorola,DROID Ultra,https://www.gsmarena.com/motorola_droid_ultra-5605.php,https://fdn2.gsmarena.com/vv/bigpic/motorola-droid-ultra.jpg,Success,
308,Motorola,DROID Maxx,https://www.gsmarena.com/motorola_droid_maxx-5604.php,https://fdn2.gsmarena.com/vv/bigpic/motorola-droid-maxx.jpg,Success,
309,Motorola,DROID Mini,https://www.gsmarena.com/motorola_droid_mini-5603.php,https://fdn2.gsmarena.com/vv/bigpic/motorola-droid-mini.jpg,Success,
310,Motorola,RAZR D3 XT919,https://www.gsmarena.com/motorola_razr_d3_xt919-5356.php,https://fdn2.gsmarena.com/vv/bigpic/motorola-razr-d3.jpg,Success,
311,Motorola,RAZR D1,https://www.gsmarena.com/motorola_razr_d1-5355.php,https://fdn2.gsmarena.com/vv/bigpic/motorola-razr-d1.jpg,Success,
312,Motorola,Electrify M XT905,https://www.gsmarena.com/motorola_electrify_m_xt905-5102.php,https://fdn2.gsmarena.com/vv/bigpic/motorola-electrify-m.jpg,Success,
313,Motorola,RAZR i XT890,https://www.gsmarena.com/motorola_razr_i_xt890-4998.php,https://fdn2.gsmarena.com/vv/bigpic/motorola-razr-i.jpg,Success,
314,Motorola,DROID RAZR MAXX HD,https://www.gsmarena.com/motorola_droid_razr_maxx_hd-4972.php,https://fdn2.gsmarena.com/vv/bigpic/motorola-droid-razr-maxx-hd.jpg,Success,
315,Motorola,DROID RAZR HD,https://www.gsmarena.com/motorola_droid_razr_hd-4971.php,https://fdn2.gsmarena.com/vv/bigpic/motorla-razr-hd-vz.jpg,Success,
316,Motorola,RAZR HD XT925,https://www.gsmarena.com/motorola_razr_hd_xt925-4970.php,https://fdn2.gsmarena.com/vv/bigpic/motorla-razr-hd.jpg,Success,
317,Motorola,DROID RAZR M,https://www.gsmarena.com/motorola_droid_razr_m-4973.php,https://fdn2.gsmarena.com/vv/bigpic/motorola-razr-m-vz.jpg,Success,
318,Motorola,RAZR M XT905,https://www.gsmarena.com/motorola_razr_m_xt905-4974.php,https://fdn2.gsmarena.com/vv/bigpic/motorola-razr-m.jpg,Success,
319,Motorola,DEFY XT XT556,https://www.gsmarena.com/motorola_defy_xt_xt556-4892.php,https://fdn2.gsmarena.com/vv/bigpic/motorola-defy-xt.jpg,Success,
320,Motorola,Electrify 2 XT881,https://www.gsmarena.com/motorola_electrify_2_xt881-4891.php,https://fdn2.gsmarena.com/vv/bigpic/motorola-electrify-2.jpg,Success,
321,Motorola,Photon Q 4G LTE XT897,https://www.gsmarena.com/motorola_photon_q_4g_lte_xt897-4885.php,https://fdn2.gsmarena.com/vv/bigpic/motorola-photon-q.jpg,Success,
322,Motorola,Defy Pro XT560,https://www.gsmarena.com/motorola_defy_pro_xt560-4868.php,https://fdn2.gsmarena.com/vv/bigpic/motorola-defy-pro.jpg,Success,
323,Motorola,ATRIX HD MB886,https://www.gsmarena.com/motorola_atrix_hd_mb886-4867.php,https://fdn2.gsmarena.com/vv/bigpic/motorola-atrix-hd-mb886.jpg,Success,
324,Motorola,XT760,https://www.gsmarena.com/motorola_xt760-4820.php,https://fdn2.gsmarena.com/vv/bigpic/Motorola-XT760.jpg,Success,
325,Motorola,ATRIX TV XT687,https://www.gsmarena.com/motorola_atrix_tv_xt687-4921.php,https://fdn2.gsmarena.com/vv/bigpic/motorola-atrix-tv-xt687.jpg,Success,
326,Motorola,ATRIX TV XT682,https://www.gsmarena.com/motorola_atrix_tv_xt682-4797.php,https://fdn2.gsmarena.com/vv/bigpic/motorola-atrix-tv-xt682.jpg,Success,
327,Motorola,MotoGO TV EX440,https://www.gsmarena.com/motorola_motogo_tv_ex440-5155.php,https://fdn2.gsmarena.com/vv/bigpic/motorola-motogo-tv.jpg,Success,
328,Motorola,Motosmart Me XT303,https://www.gsmarena.com/motorola_motosmart_me_xt303-5153.php,https://fdn2.gsmarena.com/vv/bigpic/motorola-motosmart-me-xt303.jpg,Success,
329,Motorola,MOTOKEY 3-CHIP EX117,https://www.gsmarena.com/motorola_motokey_3_chip_ex117-4796.php,https://fdn2.gsmarena.com/vv/bigpic/Motorola-MOTOKEY-3-CHIP.jpg,Success,
330,Motorola,RAZR V XT885,https://www.gsmarena.com/motorola_razr_v_xt885-5224.php,https://fdn2.gsmarena.com/vv/bigpic/motorola-razr-v-xt885-xt886.jpg,Success,
331,Motorola,RAZR V XT889,https://www.gsmarena.com/motorola_razr_v_xt889-4856.php,https://fdn2.gsmarena.com/vv/bigpic/motorola-razr-v-xt889.jpg,Success,
332,Motorola,RAZR V MT887,https://www.gsmarena.com/motorola_razr_v_mt887-4778.php,https://fdn2.gsmarena.com/vv/bigpic/motorola-razr-v-mt887.jpg,Success,
333,Motorola,MOTOSMART MIX XT550,https://www.gsmarena.com/motorola_motosmart_mix_xt550-4762.php,https://fdn2.gsmarena.com/vv/bigpic/motorola-xt550.jpg,Success,
334,Motorola,MotoGO EX430,https://www.gsmarena.com/motorola_motogo_ex430-4746.php,https://fdn2.gsmarena.com/vv/bigpic/motorola-motogo.jpg,Success,
335,Motorola,Motosmart Flip XT611,https://www.gsmarena.com/motorola_motosmart_flip_xt611-4713.php,https://fdn2.gsmarena.com/vv/bigpic/motorola-motosmart-flip-xt611.jpg,Success,
336,Motorola,XT390,https://www.gsmarena.com/motorola_xt390-4696.php,https://fdn2.gsmarena.com/vv/bigpic/motorola-xt390.jpg,Success,
337,Motorola,RAZR MAXX,https://www.gsmarena.com/motorola_razr_maxx-4666.php,https://fdn2.gsmarena.com/vv/bigpic/motorola-razr-maxx.jpg,Success,
338,Motorola,DEFY XT535,https://www.gsmarena.com/motorola_defy_xt535-4622.php,https://fdn2.gsmarena.com/vv/bigpic/motorola-defy-xt535.jpg,Success,
339,Motorola,GLEAM+ WX308,https://www.gsmarena.com/motorola_gleam+_wx308-4529.php,https://fdn2.gsmarena.com/vv/bigpic/motorola-gleam-plus.jpg,Success,
340,Motorola,DROID 4 XT894,https://www.gsmarena.com/motorola_droid_4_xt894-4418.php,https://fdn2.gsmarena.com/vv/bigpic/motorola-droid4-xt894.jpg,Success,
341,Motorola,DROID RAZR MAXX,https://www.gsmarena.com/motorola_droid_razr_maxx-4417.php,https://fdn2.gsmarena.com/vv/bigpic/motorola-droid-razr-maxx.jpg,Success,
342,Motorola,Motoluxe MT680,https://www.gsmarena.com/motorola_motoluxe_mt680-4849.php,https://fdn2.gsmarena.com/vv/bigpic/motorola-motoluxe-mt680.jpg,Success,
343,Motorola,Motoluxe XT389,https://www.gsmarena.com/motorola_motoluxe_xt389-4848.php,https://fdn2.gsmarena.com/vv/bigpic/motorola-motoluxe-xt389.jpg,Success,
344,Motorola,Motoluxe,https://www.gsmarena.com/motorola_motoluxe-4404.php,https://fdn2.gsmarena.com/vv/bigpic/motorola-motoluxe.jpg,Success,
345,Motorola,Defy Mini XT321,https://www.gsmarena.com/motorola_defy_mini_xt321-4847.php,https://fdn2.gsmarena.com/vv/bigpic/motorola-defy-mini-xt321.jpg,Success,
346,Motorola,Defy Mini XT320,https://www.gsmarena.com/motorola_defy_mini_xt320-4375.php,https://fdn2.gsmarena.com/vv/bigpic/motorola-defy-mini-xt320-ofic.jpg,Success,
347,Motorola,XT319,https://www.gsmarena.com/motorola_xt319-4918.php,https://fdn2.gsmarena.com/vv/bigpic/motorola-xt319.jpg,Success,
348,Motorola,WX306,https://www.gsmarena.com/motorola_wx306-4399.php,https://fdn2.gsmarena.com/vv/bigpic/motorola-wx306.jpg,Success,
349,Motorola,Fire,https://www.gsmarena.com/motorola_fire-4386.php,https://fdn2.gsmarena.com/vv/bigpic/motorola-fire-dual-chip.jpg,Success,
350,Motorola,MT917,https://www.gsmarena.com/motorola_mt917-4383.php,https://fdn2.gsmarena.com/vv/bigpic/motorola-mt917.jpg,Success,
351,Motorola,XT928,https://www.gsmarena.com/motorola_xt928-4382.php,https://fdn2.gsmarena.com/vv/bigpic/motorola-xt928.jpg,Success,
352,Motorola,DROID XYBOARD 8.2 MZ609,https://www.gsmarena.com/motorola_droid_xyboard_8_2_mz609_-4361.php,https://fdn2.gsmarena.com/vv/bigpic/motorola-droid-xyboard-8.2.jpg,Success,
353,Motorola,DROID XYBOARD 10.1 MZ617,https://www.gsmarena.com/motorola_droid_xyboard_10_1_mz617-4360.php,https://fdn2.gsmarena.com/vv/bigpic/motorola-droid-xyboard-10.1.jpg,Success,
354,Motorola,XT532,https://www.gsmarena.com/motorola_xt532-4355.php,https://fdn2.gsmarena.com/vv/bigpic/motorola-xt532.jpg,Success,
355,Motorola,MOTO XT615,https://www.gsmarena.com/motorola_moto_xt615-4348.php,https://fdn2.gsmarena.com/vv/bigpic/motorola-xt615.jpg,Success,
356,Motorola,EX226,https://www.gsmarena.com/motorola_ex226-4144.php,https://fdn2.gsmarena.com/vv/bigpic/motorola-ex226.jpg,Success,
357,Motorola,Motokey Social,https://www.gsmarena.com/motorola_motokey_social-4143.php,https://fdn2.gsmarena.com/vv/bigpic/motorola-motokey-social-ex225.jpg,Success,
358,Motorola,XOOM 2 Media Edition 3G MZ608,https://www.gsmarena.com/motorola_xoom_2_media_edition_3g_mz608-4465.php,https://fdn2.gsmarena.com/vv/bigpic/motorola-xoom-2-media-edition-3g-mz608.jpg,Success,
359,Motorola,XOOM 2 Media Edition MZ607,https://www.gsmarena.com/motorola_xoom_2_media_edition_mz607-4306.php,https://fdn2.gsmarena.com/vv/bigpic/motorola-xoom-2-media-edition.jpg,Success,
360,Motorola,XOOM 2 3G MZ616,https://www.gsmarena.com/motorola_xoom_2_3g_mz616-4464.php,https://fdn2.gsmarena.com/vv/bigpic/motorola-xoom-2-3g-mz616.jpg,Success,
361,Motorola,XOOM 2 MZ615,https://www.gsmarena.com/motorola_xoom_2_mz615-4305.php,https://fdn2.gsmarena.com/vv/bigpic/motorola-xoom-2.jpg,Success,
362,Motorola,XOOM Media Edition MZ505,https://www.gsmarena.com/motorola_xoom_media_edition_mz505-4307.php,https://fdn2.gsmarena.com/vv/bigpic/motorola-xoom-media-edition-mz505.jpg,Success,
363,Motorola,RAZR XT910,https://www.gsmarena.com/motorola_razr_xt910-4273.php,https://fdn2.gsmarena.com/vv/bigpic/motorla-razr-europe.jpg,Success,
364,Motorola,DROID RAZR XT912,https://www.gsmarena.com/motorola_droid_razr_xt912-4101.php,https://fdn2.gsmarena.com/vv/bigpic/motorola-droid-razr.jpg,Success,
365,Motorola,ATRIX 2 MB865,https://www.gsmarena.com/motorola_atrix_2_mb865-4199.php,https://fdn2.gsmarena.com/vv/bigpic/motorola-atrix-2-ofic.jpg,Success,
366,Motorola,Admiral XT603,https://www.gsmarena.com/motorola_admiral_xt603-4282.php,https://fdn2.gsmarena.com/vv/bigpic/motorola-admiral.jpg,Success,
367,Motorola,ME632,https://www.gsmarena.com/motorola_me632-4272.php,https://fdn2.gsmarena.com/vv/bigpic/motorola-me632.jpg,Success,
368,Motorola,PRO+,https://www.gsmarena.com/motorola_pro+-4128.php,https://fdn2.gsmarena.com/vv/bigpic/motorola-pro-plus.jpg,Success,
369,Motorola,DEFY+,https://www.gsmarena.com/motorola_defy+-4098.php,https://fdn2.gsmarena.com/vv/bigpic/motorola-defy-plus.jpg,Success,
370,Motorola,EX212,https://www.gsmarena.com/motorola_ex212-4108.php,https://fdn2.gsmarena.com/vv/bigpic/motorola-ex212.jpg,Success,
371,Motorola,EX119,https://www.gsmarena.com/motorola_ex119-4106.php,https://fdn2.gsmarena.com/vv/bigpic/motorola-ex119.jpg,Success,
372,Motorola,MOTOKEY XT EX118,https://www.gsmarena.com/motorola_motokey_xt_ex118-4061.php,https://fdn2.gsmarena.com/vv/bigpic/motorola-motokey-xt.jpg,Success,
373,Motorola,MOTOKEY Mini EX109,https://www.gsmarena.com/motorola_motokey_mini_ex109-4107.php,https://fdn2.gsmarena.com/vv/bigpic/motorola-motokey-mini-ex109.jpg,Success,
374,Motorola,MOTOKEY Mini EX108,https://www.gsmarena.com/motorola_motokey_mini_ex108-4062.php,https://fdn2.gsmarena.com/vv/bigpic/motorola-motokey-mini-ex108.jpg,Success,
375,Motorola,WX294,https://www.gsmarena.com/motorola_wx294-4060.php,https://fdn2.gsmarena.com/vv/bigpic/motorola-wx294.jpg,Success,
376,Motorola,FIRE XT,https://www.gsmarena.com/motorola_fire_xt-4160.php,https://fdn2.gsmarena.com/vv/bigpic/motorola-xt531.jpg,Success,
377,Motorola,FIRE XT311,https://www.gsmarena.com/motorola_fire_xt311-4045.php,https://fdn2.gsmarena.com/vv/bigpic/motorola-moto-xt316-new.jpg,Success,
378,Motorola,SPICE Key XT317,https://www.gsmarena.com/motorola_spice_key_xt317-4209.php,https://fdn2.gsmarena.com/vv/bigpic/motorola-spice-key-xt317.jpg,Success,
379,Motorola,SPICE Key,https://www.gsmarena.com/motorola_spice_key-4046.php,https://fdn2.gsmarena.com/vv/bigpic/motorola-moto-xt316-new.jpg,Success,
380,Motorola,MILESTONE 3 XT860,https://www.gsmarena.com/motorola_milestone_3_xt860-4349.php,https://fdn2.gsmarena.com/vv/bigpic/motorola-milestone-3.jpg,Success,
381,Motorola,DROID 3,https://www.gsmarena.com/motorola_droid_3-4036.php,https://fdn2.gsmarena.com/vv/bigpic/motorola-droid-3.jpg,Success,
382,Motorola,Triumph,https://www.gsmarena.com/motorola_triumph-3988.php,https://fdn2.gsmarena.com/vv/bigpic/motorola-triumph-new.jpg,Success,
383,Motorola,Photon 4G MB855,https://www.gsmarena.com/motorola_photon_4g_mb855-3987.php,https://fdn2.gsmarena.com/vv/bigpic/motorola-photon-4g.jpg,Success,
384,Motorola,EX232,https://www.gsmarena.com/motorola_ex232-4072.php,https://fdn2.gsmarena.com/vv/bigpic/motorola-ex232.jpg,Success,
385,Motorola,WILDER,https://www.gsmarena.com/motorola_wilder-3980.php,https://fdn2.gsmarena.com/vv/bigpic/motorola-wilder.jpg,Success,
386,Motorola,MOTO MT870,https://www.gsmarena.com/motorola_moto_mt870-4023.php,https://fdn2.gsmarena.com/vv/bigpic/motorola-moto-mt870.jpg,Success,
387,Motorola,MOTO MT620,https://www.gsmarena.com/motorola_moto_mt620-3982.php,https://fdn2.gsmarena.com/vv/bigpic/motorola-moto-mt620.jpg,Success,
388,Motorola,Milestone XT883,https://www.gsmarena.com/motorola_milestone_xt883-4025.php,https://fdn2.gsmarena.com/vv/bigpic/motorola-milestone-xt883.jpg,Success,
389,Motorola,MOTO XT882,https://www.gsmarena.com/motorola_moto_xt882-3981.php,https://fdn2.gsmarena.com/vv/bigpic/motorola-moto-xt882.jpg,Success,
390,Motorola,MOTO XT316,https://www.gsmarena.com/motorola_moto_xt316-4024.php,https://fdn2.gsmarena.com/vv/bigpic/motorola-moto-xt316-new.jpg,Success,
391,Motorola,XPRT MB612,https://www.gsmarena.com/motorola_xprt_mb612-3946.php,https://fdn2.gsmarena.com/vv/bigpic/motorola-xprt.jpg,Success,
392,Motorola,GLEAM,https://www.gsmarena.com/motorola_gleam-3871.php,https://fdn2.gsmarena.com/vv/bigpic/motorola-gleam.jpg,Success,
393,Motorola,PRO,https://www.gsmarena.com/motorola_pro-3781.php,https://fdn2.gsmarena.com/vv/bigpic/motorola-pro.jpg,Success,
394,Motorola,XOOM MZ604,https://www.gsmarena.com/motorola_xoom_mz604-3833.php,https://fdn2.gsmarena.com/vv/bigpic/motorola-xoom.jpg,Success,
395,Motorola,XOOM MZ601,https://www.gsmarena.com/motorola_xoom_mz601-3834.php,https://fdn2.gsmarena.com/vv/bigpic/motorola-xoom.jpg,Success,
396,Motorola,XOOM MZ600,https://www.gsmarena.com/motorola_xoom_mz600-3832.php,https://fdn2.gsmarena.com/vv/bigpic/motorola-xoom.jpg,Success,
397,Motorola,ATRIX,https://www.gsmarena.com/motorola_atrix-3709.php,https://fdn2.gsmarena.com/vv/bigpic/motorola-atrix-europe.jpg,Success,
398,Motorola,ATRIX 4G,https://www.gsmarena.com/motorola_atrix_4g-3708.php,https://fdn2.gsmarena.com/vv/bigpic/motorola-ATRIX-4G.jpg,Success,
399,Motorola,Cliq 2,https://www.gsmarena.com/motorola_cliq_2-3454.php,https://fdn2.gsmarena.com/vv/bigpic/motorola-cliq-2-ofic.jpg,Success,
400,Motorola,DROID BIONIC XT875,https://www.gsmarena.com/motorola_droid_bionic_xt875-3710.php,https://fdn2.gsmarena.com/vv/bigpic/motorola-droid-bionic-ofic.jpg,Success,
401,Motorola,DROID BIONIC XT865,https://www.gsmarena.com/motorola_droid_bionic_xt865-4523.php,https://fdn2.gsmarena.com/vv/bigpic/motorola-droid-bionic-xt865.jpg,Success,
402,Motorola,DROID X ME811,https://www.gsmarena.com/motorola_droid_x_me811-3730.php,https://fdn2.gsmarena.com/vv/bigpic/motorola-droid-x-me811.jpg,Success,
403,Motorola,MOTO ME525,https://www.gsmarena.com/motorola_moto_me525-3912.php,https://fdn2.gsmarena.com/vv/bigpic/motorola-moto-me525-china-market.jpg,Success,
404,Motorola,MILESTONE 2 ME722,https://www.gsmarena.com/motorola_milestone_2_me722-3911.php,https://fdn2.gsmarena.com/vv/bigpic/motorola-milestone-2-me722-china-market.jpg,Success,
405,Motorola,DROID 2 Global,https://www.gsmarena.com/motorola_droid_2_global-3636.php,https://fdn2.gsmarena.com/vv/bigpic/motorola-droid2-global.jpg,Success,
406,Motorola,EX122,https://www.gsmarena.com/motorola_ex122-3923.php,https://fdn2.gsmarena.com/vv/bigpic/motorola-EX122.jpg,Success,
407,Motorola,EX128,https://www.gsmarena.com/motorola_ex128-3677.php,https://fdn2.gsmarena.com/vv/bigpic/motorola-ex128.jpg,Success,
408,Motorola,MOTOTV EX245,https://www.gsmarena.com/motorola_mototv_ex245-3445.php,https://fdn2.gsmarena.com/vv/bigpic/motorola-mototv-ex245.jpg,Success,
409,Motorola,DROID PRO XT610,https://www.gsmarena.com/motorola_droid_pro_xt610-3541.php,https://fdn2.gsmarena.com/vv/bigpic/motorola-droid-pro.jpg,Success,
410,Motorola,XT301,https://www.gsmarena.com/motorola_xt301-3628.php,https://fdn2.gsmarena.com/vv/bigpic/motorola-xt301.jpg,Success,
411,Motorola,SPICE XT300,https://www.gsmarena.com/motorola_spice_xt300-3540.php,https://fdn2.gsmarena.com/vv/bigpic/motorola-spice.jpg,Success,
412,Motorola,FLIPSIDE MB508,https://www.gsmarena.com/motorola_flipside_mb508-3539.php,https://fdn2.gsmarena.com/vv/bigpic/motorola-flipside.jpg,Success,
413,Motorola,MOTO MT716,https://www.gsmarena.com/motorola_moto_mt716-3535.php,https://fdn2.gsmarena.com/vv/bigpic/motorola-moto-mt716.jpg,Success,
414,Motorola,BRAVO MB520,https://www.gsmarena.com/motorola_bravo_mb520-3538.php,https://fdn2.gsmarena.com/vv/bigpic/motorola-bravo.jpg,Success,
415,Motorola,CITRUS WX445,https://www.gsmarena.com/motorola_citrus_wx445-3542.php,https://fdn2.gsmarena.com/vv/bigpic/Motorola-CITRUS.jpg,Success,
416,Motorola,EX300,https://www.gsmarena.com/motorola_ex300-3523.php,https://fdn2.gsmarena.com/vv/bigpic/Motorola-EX300.jpg,Success,
417,Motorola,EX210,https://www.gsmarena.com/motorola_ex210-3488.php,https://fdn2.gsmarena.com/vv/bigpic/motorola-ex210.jpg,Success,
418,Motorola,EX201,https://www.gsmarena.com/motorola_ex201-3597.php,https://fdn2.gsmarena.com/vv/bigpic/motorola-moto-ex201.jpg,Success,
419,Motorola,EX115,https://www.gsmarena.com/motorola_ex115-3447.php,https://fdn2.gsmarena.com/vv/bigpic/motorola-ex115-rum.jpg,Success,
420,Motorola,EX112,https://www.gsmarena.com/motorola_ex112-3446.php,https://fdn2.gsmarena.com/vv/bigpic/motorola-ex112.jpg,Success,
421,Motorola,CUPE,https://www.gsmarena.com/motorola_cupe-3526.php,https://fdn2.gsmarena.com/vv/bigpic/motorola-cupe.jpg,Success,
422,Motorola,DEFY,https://www.gsmarena.com/motorola_defy-3514.php,https://fdn2.gsmarena.com/vv/bigpic/motorola-defy.jpg,Success,
423,Motorola,MILESTONE 2,https://www.gsmarena.com/motorola_milestone_2-3495.php,https://fdn2.gsmarena.com/vv/bigpic/motorola-milestone-2.jpg,Success,
424,Motorola,DROID 2,https://www.gsmarena.com/motorola_droid_2-3475.php,https://fdn2.gsmarena.com/vv/bigpic/motorola-droid-2.jpg,Success,
425,Motorola,MT810lx,https://www.gsmarena.com/motorola_mt810lx-3626.php,https://fdn2.gsmarena.com/vv/bigpic/motorola-moto-mt810-lx.jpg,Success,
426,Motorola,XT810,https://www.gsmarena.com/motorola_xt810-3521.php,https://fdn2.gsmarena.com/vv/bigpic/motorola-mt810-ofic.jpg,Success,
427,Motorola,XT806,https://www.gsmarena.com/motorola_xt806-3476.php,https://fdn2.gsmarena.com/vv/bigpic/Motorola-XT806-Qilin.jpg,Success,
428,Motorola,A1260,https://www.gsmarena.com/motorola_a1260-3627.php,https://fdn2.gsmarena.com/vv/bigpic/motorola-moto-1260.jpg,Success,
429,Motorola,A1680,https://www.gsmarena.com/motorola_a1680-3474.php,https://fdn2.gsmarena.com/vv/bigpic/motorola-a1680.jpg,Success,
430,Motorola,Grasp WX404,https://www.gsmarena.com/motorola_grasp_wx404-3455.php,https://fdn2.gsmarena.com/vv/bigpic/Motorola-Grasp-WX404.jpg,Success,
431,Motorola,Rambler,https://www.gsmarena.com/motorola_rambler-3449.php,https://fdn2.gsmarena.com/vv/bigpic/Motorola-Rambler.jpg,Success,
432,Motorola,CHARM,https://www.gsmarena.com/motorola_charm-3420.php,https://fdn2.gsmarena.com/vv/bigpic/motorola-charm-ofic.jpg,Success,
433,Motorola,ES400,https://www.gsmarena.com/motorola_es400-3409.php,https://fdn2.gsmarena.com/vv/bigpic/motorola-es400.jpg,Success,
434,Motorola,DROID X2,https://www.gsmarena.com/motorola_droid_x2-3959.php,https://fdn2.gsmarena.com/vv/bigpic/motorola-droid-x2.jpg,Success,
435,Motorola,DROID X,https://www.gsmarena.com/motorola_droid_x-3473.php,https://fdn2.gsmarena.com/vv/bigpic/motorola-droid-x.jpg,Success,
436,Motorola,MILESTONE XT720,https://www.gsmarena.com/motorola_milestone_xt720-3375.php,https://fdn2.gsmarena.com/vv/bigpic/motorola-milestone-xt720-final.jpg,Success,
437,Motorola,XT720 MOTOROI,https://www.gsmarena.com/motorola_xt720_motoroi-3090.php,https://fdn2.gsmarena.com/vv/bigpic/motorola-xt720-motoroi-new.jpg,Success,
438,Motorola,Quench XT5 XT502,https://www.gsmarena.com/motorola_quench_xt5_xt502-3522.php,https://fdn2.gsmarena.com/vv/bigpic/Quench-XT5-XT502.jpg,Success,
439,Motorola,Quench XT3 XT502,https://www.gsmarena.com/motorola_quench_xt3_xt502-3354.php,https://fdn2.gsmarena.com/vv/bigpic/motorola-quench-xt3-new.jpg,Success,
440,Motorola,WX295,https://www.gsmarena.com/motorola_wx295-3293.php,https://fdn2.gsmarena.com/vv/bigpic/WX295.jpg,Success,
441,Motorola,FlipOut,https://www.gsmarena.com/motorola_flipout-3271.php,https://fdn2.gsmarena.com/vv/bigpic/moto-flipout.jpg,Success,
442,Motorola,WX290,https://www.gsmarena.com/motorola_wx290-3292.php,https://fdn2.gsmarena.com/vv/bigpic/WX290.jpg,Success,
443,Motorola,WX265,https://www.gsmarena.com/motorola_wx265-3291.php,https://fdn2.gsmarena.com/vv/bigpic/WX265.jpg,Success,
444,Motorola,WX260,https://www.gsmarena.com/motorola_wx260-3290.php,https://fdn2.gsmarena.com/vv/bigpic/WX260.jpg,Success,
445,Motorola,WX181,https://www.gsmarena.com/motorola_wx181-3289.php,https://fdn2.gsmarena.com/vv/bigpic/WX181.jpg,Success,
446,Motorola,WX161,https://www.gsmarena.com/motorola_wx161-3288.php,https://fdn2.gsmarena.com/vv/bigpic/WX161.jpg,Success,
447,Motorola,QUENCH,https://www.gsmarena.com/motorola_quench-3153.php,https://fdn2.gsmarena.com/vv/bigpic/motorola-quench.jpg,Success,
448,Motorola,BACKFLIP,https://www.gsmarena.com/motorola_backflip-3079.php,https://fdn2.gsmarena.com/vv/bigpic/motorola-backflip-motus.jpg,Success,
449,Motorola,XT800 ZHISHANG,https://www.gsmarena.com/motorola_xt800_zhishang-3073.php,https://fdn2.gsmarena.com/vv/bigpic/motorola-xt800.jpg,Success,
450,Motorola,XT701,https://www.gsmarena.com/motorola_xt701-3071.php,https://fdn2.gsmarena.com/vv/bigpic/motorola-xt701.jpg,Success,
451,Motorola,MT710 ZHILING,https://www.gsmarena.com/motorola_mt710_zhiling-3072.php,https://fdn2.gsmarena.com/vv/bigpic/motorola-mt710.jpg,Success,
452,Motorola,MOTO XT702,https://www.gsmarena.com/motorola_moto_xt702-3917.php,https://fdn2.gsmarena.com/vv/bigpic/motorola-moto-xt702.jpg,Success,
453,Motorola,MILESTONE,https://www.gsmarena.com/motorola_milestone-3001.php,https://fdn2.gsmarena.com/vv/bigpic/motorola-milestone.jpg,Success,
454,Motorola,WX395,https://www.gsmarena.com/motorola_wx395-3062.php,https://fdn2.gsmarena.com/vv/bigpic/motorola-wx395.jpg,Success,
455,Motorola,WX390,https://www.gsmarena.com/motorola_wx390-3061.php,https://fdn2.gsmarena.com/vv/bigpic/motorola-wx350.jpg,Success,
456,Motorola,WX288,https://www.gsmarena.com/motorola_wx288-3060.php,https://fdn2.gsmarena.com/vv/bigpic/motorola-wx288.jpg,Success,
457,Motorola,WX280,https://www.gsmarena.com/motorola_wx280-3059.php,https://fdn2.gsmarena.com/vv/bigpic/motorola-wx280.jpg,Success,
458,Motorola,WX180,https://www.gsmarena.com/motorola_wx180-2982.php,https://fdn2.gsmarena.com/vv/bigpic/motorola-wx180.jpg,Success,
459,Motorola,WX160,https://www.gsmarena.com/motorola_wx160-2981.php,https://fdn2.gsmarena.com/vv/bigpic/motorola-wx160.jpg,Success,
460,Motorola,Motocubo A45,https://www.gsmarena.com/motorola_motocubo_a45-2951.php,https://fdn2.gsmarena.com/vv/bigpic/motorola-a45.jpg,Success,
461,Motorola,DEXT MB220,https://www.gsmarena.com/motorola_dext_mb220-2934.php,https://fdn2.gsmarena.com/vv/bigpic/moto-cliq.jpg,Success,
462,Motorola,ROKR ZN50,https://www.gsmarena.com/motorola_rokr_zn50-2866.php,https://fdn2.gsmarena.com/vv/bigpic/motorola-rokr-zn50.jpg,Success,
463,Motorola,Karma QA1,https://www.gsmarena.com/motorola_karma_qa1-2862.php,https://fdn2.gsmarena.com/vv/bigpic/Motorola-QA1-for-ATT.jpg,Success,
464,Motorola,L800t,https://www.gsmarena.com/motorola_l800t-2830.php,https://fdn2.gsmarena.com/vv/bigpic/motorola-l800t.jpg,Success,
465,Motorola,W7 Active Edition,https://www.gsmarena.com/motorola_w7_active_edition-2794.php,https://fdn2.gsmarena.com/vv/bigpic/motorola-w7.jpg,Success,
466,Motorola,ROKR W6,https://www.gsmarena.com/motorola_rokr_w6-2786.php,https://fdn2.gsmarena.com/vv/bigpic/motorola-motorokr-w6.jpg,Success,
467,Motorola,MC55,https://www.gsmarena.com/motorola_mc55-2740.php,https://fdn2.gsmarena.com/vv/bigpic/motorola-mc55.jpg,Success,
468,Motorola,ZN300,https://www.gsmarena.com/motorola_zn300-2736.php,https://fdn2.gsmarena.com/vv/bigpic/motorola-zn300.jpg,Success,
469,Motorola,E11,https://www.gsmarena.com/motorola_e11-2939.php,https://fdn2.gsmarena.com/vv/bigpic/motorola-e11.jpg,Success,
470,Motorola,A3100,https://www.gsmarena.com/motorola_a3100-2622.php,https://fdn2.gsmarena.com/vv/bigpic/motorola-a3100.jpg,Success,
471,Motorola,A3000,https://www.gsmarena.com/motorola_a3000-2894.php,https://fdn2.gsmarena.com/vv/bigpic/motorola-a3000.jpg,Success,
472,Motorola,Tundra VA76r,https://www.gsmarena.com/motorola_tundra_va76r-2623.php,https://fdn2.gsmarena.com/vv/bigpic/motorola-va76r.jpg,Success,
473,Motorola,W233 Renew,https://www.gsmarena.com/motorola_w233_renew-2624.php,https://fdn2.gsmarena.com/vv/bigpic/motorola-w233-renew.jpg,Success,
474,Motorola,COCKTAIL VE70,https://www.gsmarena.com/motorola_cocktail_ve70-2821.php,https://fdn2.gsmarena.com/vv/bigpic/motorola-ve70.jpg,Success,
475,Motorola,VE66,https://www.gsmarena.com/motorola_ve66-2612.php,https://fdn2.gsmarena.com/vv/bigpic/motorola-ve66.jpg,Success,
476,Motorola,EM35,https://www.gsmarena.com/motorola_em35-2586.php,https://fdn2.gsmarena.com/vv/bigpic/motorola-em35.jpg,Success,
477,Motorola,Aura,https://www.gsmarena.com/motorola_aura-2562.php,https://fdn2.gsmarena.com/vv/bigpic/motorola-aura.jpg,Success,
478,Motorola,Q 11,https://www.gsmarena.com/motorola_q_11-2541.php,https://fdn2.gsmarena.com/vv/bigpic/motorola-q-11.jpg,Success,
479,Motorola,VE538,https://www.gsmarena.com/motorola_ve538-2532.php,https://fdn2.gsmarena.com/vv/bigpic/motorola-ve538.jpg,Success,
480,Motorola,RAZR2 V9x,https://www.gsmarena.com/motorola_razr2_v9x-2547.php,https://fdn2.gsmarena.com/vv/bigpic/motorola-v9x.jpg,Success,
481,Motorola,ZN200,https://www.gsmarena.com/motorola_zn200-2484.php,https://fdn2.gsmarena.com/vv/bigpic/motorola-zn200.jpg,Success,
482,Motorola,W396,https://www.gsmarena.com/motorola_w396-2483.php,https://fdn2.gsmarena.com/vv/bigpic/motorola-w396.jpg,Success,
483,Motorola,W231,https://www.gsmarena.com/motorola_w231-2515.php,https://fdn2.gsmarena.com/vv/bigpic/motorola-w231.jpg,Success,
484,Motorola,EM30,https://www.gsmarena.com/motorola_em30-2480.php,https://fdn2.gsmarena.com/vv/bigpic/motorola-em30.jpg,Success,
485,Motorola,EM28,https://www.gsmarena.com/motorola_em28-2479.php,https://fdn2.gsmarena.com/vv/bigpic/motorola-em28.jpg,Success,
486,Motorola,EM25,https://www.gsmarena.com/motorola_em25-2478.php,https://fdn2.gsmarena.com/vv/bigpic/motorola-em25.jpg,Success,
487,Motorola,PEBL VU20,https://www.gsmarena.com/motorola_pebl_vu20-2820.php,https://fdn2.gsmarena.com/vv/bigpic/motorola-vu20.jpg,Success,
488,Motorola,MOTOACTV W450,https://www.gsmarena.com/motorola_motoactv_w450-2764.php,https://fdn2.gsmarena.com/vv/bigpic/motorola-motoactv-w450.jpg,Success,
489,Motorola,VE75,https://www.gsmarena.com/motorola_ve75-2475.php,https://fdn2.gsmarena.com/vv/bigpic/motorola-ve75.jpg,Success,
490,Motorola,ZN5,https://www.gsmarena.com/motorola_zn5-2432.php,https://fdn2.gsmarena.com/vv/bigpic/motorola-zn5.jpg,Success,
491,Motorola,A1210,https://www.gsmarena.com/motorola_a1210-2893.php,https://fdn2.gsmarena.com/vv/bigpic/motorola-a1210.jpg,Success,
492,Motorola,A1600,https://www.gsmarena.com/motorola_a1600-2433.php,https://fdn2.gsmarena.com/vv/bigpic/motorola-a1600.jpg,Success,
493,Motorola,A1890,https://www.gsmarena.com/motorola_a1890-2980.php,https://fdn2.gsmarena.com/vv/bigpic/motorola-a1890.jpg,Success,
494,Motorola,A1800,https://www.gsmarena.com/motorola_a1800-2434.php,https://fdn2.gsmarena.com/vv/bigpic/motorola-a1800.jpg,Success,
495,Motorola,A810,https://www.gsmarena.com/motorola_a810-2437.php,https://fdn2.gsmarena.com/vv/bigpic/motorola-a810.jpg,Success,
496,Motorola,W388,https://www.gsmarena.com/motorola_w388-2473.php,https://fdn2.gsmarena.com/vv/bigpic/motorola-w388.jpg,Success,
497,Motorola,Z9,https://www.gsmarena.com/motorola_z9-2334.php,https://fdn2.gsmarena.com/vv/bigpic/motorola-z9.jpg,Success,
498,Motorola,Z6w,https://www.gsmarena.com/motorola_z6w-2271.php,https://fdn2.gsmarena.com/vv/bigpic/motorola-z6w.jpg,Success,
499,Motorola,Z6c,https://www.gsmarena.com/motorola_z6c-2325.php,https://fdn2.gsmarena.com/vv/bigpic/motorola-z6c.jpg,Success,
500,Motorola,W181,https://www.gsmarena.com/motorola_w181-2270.php,https://fdn2.gsmarena.com/vv/bigpic/motorola-w181.jpg,Success,
501,Motorola,W177,https://www.gsmarena.com/motorola_w177-2449.php,https://fdn2.gsmarena.com/vv/bigpic/motorola-w177.jpg,Success,
502,Motorola,W161,https://www.gsmarena.com/motorola_w161-2269.php,https://fdn2.gsmarena.com/vv/bigpic/motorola-w161.jpg,Success,
503,Motorola,W270,https://www.gsmarena.com/motorola_w270-2201.php,https://fdn2.gsmarena.com/vv/bigpic/motorola-w270.jpg,Success,
504,Motorola,W230,https://www.gsmarena.com/motorola_w230-2200.php,https://fdn2.gsmarena.com/vv/bigpic/motorola-w230.jpg,Success,
505,Motorola,RIZR Z10,https://www.gsmarena.com/motorola_rizr_z10-2103.php,https://fdn2.gsmarena.com/vv/bigpic/motorola-z10.gif,Success,
506,Motorola,ROKR E8,https://www.gsmarena.com/motorola_rokr_e8-2104.php,https://fdn2.gsmarena.com/vv/bigpic/motorola-rokr_e8.gif,Success,
507,Motorola,W377,https://www.gsmarena.com/motorola_w377-2153.php,https://fdn2.gsmarena.com/vv/bigpic/motorola-w377.gif,Success,
508,Motorola,W213,https://www.gsmarena.com/motorola_w213-2152.php,https://fdn2.gsmarena.com/vv/bigpic/motorola-w213.gif,Success,
509,Motorola,W180,https://www.gsmarena.com/motorola_w180-2151.php,https://fdn2.gsmarena.com/vv/bigpic/motorola-w180.gif,Success,
510,Motorola,W160,https://www.gsmarena.com/motorola_w160-2150.php,https://fdn2.gsmarena.com/vv/bigpic/motorola-w160.gif,Success,
511,Motorola,U9,https://www.gsmarena.com/motorola_u9-2147.php,https://fdn2.gsmarena.com/vv/bigpic/motorola-u9.gif,Success,
512,Motorola,V1100,https://www.gsmarena.com/motorola_v1100-2330.php,https://fdn2.gsmarena.com/vv/bigpic/motorola-v1100.jpg,Success,
513,Motorola,PEBL U3,https://www.gsmarena.com/motorola_pebl_u3-2102.php,https://fdn2.gsmarena.com/vv/bigpic/motorola-u3.gif,Success,
514,Motorola,RAZR2 V9,https://www.gsmarena.com/motorola_razr2_v9-1990.php,https://fdn2.gsmarena.com/vv/bigpic/motorola-razr2_v9.gif,Success,
515,Motorola,RAZR2 V8,https://www.gsmarena.com/motorola_razr2_v8-1991.php,https://fdn2.gsmarena.com/vv/bigpic/motorola-razr2_v8.gif,Success,
516,Motorola,ROKR W5,https://www.gsmarena.com/motorola_rokr_w5-2407.php,https://fdn2.gsmarena.com/vv/bigpic/motorola-w5.jpg,Success,
517,Motorola,W490,https://www.gsmarena.com/motorola_w490-2192.php,https://fdn2.gsmarena.com/vv/bigpic/motorola-w490.jpg,Success,
518,Motorola,W395,https://www.gsmarena.com/motorola_w395-1930.php,https://fdn2.gsmarena.com/vv/bigpic/motorola-w395.gif,Success,
519,Motorola,W380,https://www.gsmarena.com/motorola_w380-1931.php,https://fdn2.gsmarena.com/vv/bigpic/motorola-w380.gif,Success,
520,Motorola,W360,https://www.gsmarena.com/motorola_w360-1933.php,https://fdn2.gsmarena.com/vv/bigpic/motorola-w360.gif,Success,
521,Motorola,W218,https://www.gsmarena.com/motorola_w218-1932.php,https://fdn2.gsmarena.com/vv/bigpic/motorola-w218.gif,Success,
522,Motorola,RIZR Z8,https://www.gsmarena.com/motorola_rizr_z8-1863.php,https://fdn2.gsmarena.com/vv/bigpic/motorola-z8.gif,Success,
523,Motorola,KRZR K3,https://www.gsmarena.com/motorola_krzr_k3-1864.php,https://fdn2.gsmarena.com/vv/bigpic/motorola-k3.gif,Success,
524,Motorola,SLVR L9,https://www.gsmarena.com/motorola_slvr_l9-1865.php,https://fdn2.gsmarena.com/vv/bigpic/motorola-l9.gif,Success,
525,Motorola,Q 9h,https://www.gsmarena.com/motorola_q_9h-1871.php,https://fdn2.gsmarena.com/vv/bigpic/motorola-q_q9.gif,Success,
526,Motorola,Q8,https://www.gsmarena.com/motorola_q8-1232.php,https://fdn2.gsmarena.com/vv/bigpic/motorola-q.gif,Success,
527,Motorola,W510,https://www.gsmarena.com/motorola_w510-1872.php,https://fdn2.gsmarena.com/vv/bigpic/motorola-w510.gif,Success,
528,Motorola,W215,https://www.gsmarena.com/motorola_w215-1874.php,https://fdn2.gsmarena.com/vv/bigpic/motorola-w215.gif,Success,
529,Motorola,W205,https://www.gsmarena.com/motorola_w205-1873.php,https://fdn2.gsmarena.com/vv/bigpic/motorola-w205.gif,Success,
530,Motorola,ROKR Z6,https://www.gsmarena.com/motorola_rokr_z6-1825.php,https://fdn2.gsmarena.com/vv/bigpic/motorola-rizr_z6.gif,Success,
531,Motorola,ROKR E6,https://www.gsmarena.com/motorola_rokr_e6-1810.php,https://fdn2.gsmarena.com/vv/bigpic/motorola-rokr_e6.gif,Success,
532,Motorola,SLVR L7e,https://www.gsmarena.com/motorola_slvr_l7e-1763.php,https://fdn2.gsmarena.com/vv/bigpic/motorola-l7e.gif,Success,
533,Motorola,RAZR maxx V6,https://www.gsmarena.com/motorola_razr_maxx_v6-1649.php,https://fdn2.gsmarena.com/vv/bigpic/motorola-razr_maxx.gif,Success,
534,Motorola,RAZR V3xx,https://www.gsmarena.com/motorola_razr_v3xx-1648.php,https://fdn2.gsmarena.com/vv/bigpic/motorola-v3xx.gif,Success,
535,Motorola,RIZR Z3,https://www.gsmarena.com/motorola_rizr_z3-1647.php,https://fdn2.gsmarena.com/vv/bigpic/motorola-rizr.gif,Success,
536,Motorola,KRZR K1,https://www.gsmarena.com/motorola_krzr_k1-1646.php,https://fdn2.gsmarena.com/vv/bigpic/motorola-krzrk1.gif,Success,
537,Motorola,W209,https://www.gsmarena.com/motorola_w209-2023.php,https://fdn2.gsmarena.com/vv/bigpic/motorola-w209.gif,Success,
538,Motorola,W375,https://www.gsmarena.com/motorola_w375-1601.php,https://fdn2.gsmarena.com/vv/bigpic/motorola-w375.gif,Success,
539,Motorola,W208,https://www.gsmarena.com/motorola_w208-1602.php,https://fdn2.gsmarena.com/vv/bigpic/motorola-w208.gif,Success,
540,Motorola,MOTOFONE F3,https://www.gsmarena.com/motorola_motofone_f3-1794.php,https://fdn2.gsmarena.com/vv/bigpic/motorola-f3.gif,Success,
541,Motorola,W220,https://www.gsmarena.com/motorola_w220-1458.php,https://fdn2.gsmarena.com/vv/bigpic/motorola-w220.gif,Success,
542,Motorola,V195,https://www.gsmarena.com/motorola_v195-1457.php,https://fdn2.gsmarena.com/vv/bigpic/motorola-v195.gif,Success,
543,Motorola,V191,https://www.gsmarena.com/motorola_v191-1609.php,https://fdn2.gsmarena.com/vv/bigpic/motorola-v191.gif,Success,
544,Motorola,ROKR E2,https://www.gsmarena.com/motorola_rokr_e2-1401.php,https://fdn2.gsmarena.com/vv/bigpic/motorola-rokr_e2.gif,Success,
545,Motorola,RAZR V3i,https://www.gsmarena.com/motorola_razr_v3i-1352.php,https://fdn2.gsmarena.com/vv/bigpic/motorola-v3i.gif,Success,
546,Motorola,ROKR E1,https://www.gsmarena.com/motorola_rokr_e1-1273.php,https://fdn2.gsmarena.com/vv/bigpic/motorola-rokr_e1.gif,Success,
547,Motorola,A910,https://www.gsmarena.com/motorola_a910-1233.php,https://fdn2.gsmarena.com/vv/bigpic/motorola-a910.gif,Success,
548,Motorola,A1200,https://www.gsmarena.com/motorola_a1200-1429.php,https://fdn2.gsmarena.com/vv/bigpic/motorola-a1200.gif,Success,
549,Motorola,A728,https://www.gsmarena.com/motorola_a728-1234.php,https://fdn2.gsmarena.com/vv/bigpic/motorola-a728.gif,Success,
550,Motorola,A732,https://www.gsmarena.com/motorola_a732-1235.php,https://fdn2.gsmarena.com/vv/bigpic/motorola-a732.gif,Success,
551,Motorola,E895,https://www.gsmarena.com/motorola_e895-1211.php,https://fdn2.gsmarena.com/vv/bigpic/motorola-e895.gif,Success,
552,Motorola,V3x,https://www.gsmarena.com/motorola_v3x-1120.php,https://fdn2.gsmarena.com/vv/bigpic/motorola-v3x.gif,Success,
553,Motorola,E1070,https://www.gsmarena.com/motorola_e1070-1333.php,https://fdn2.gsmarena.com/vv/bigpic/motorola-e1070.gif,Success,
554,Motorola,E770,https://www.gsmarena.com/motorola_e770-1320.php,https://fdn2.gsmarena.com/vv/bigpic/motorola-e770.gif,Success,
555,Motorola,SLVR L7,https://www.gsmarena.com/motorola_slvr_l7-1053.php,https://fdn2.gsmarena.com/vv/bigpic/mov8.gif,Success,
556,Motorola,PEBL U6,https://www.gsmarena.com/motorola_pebl_u6-1077.php,https://fdn2.gsmarena.com/vv/bigpic/motorola-v6.gif,Success,
557,Motorola,A1010,https://www.gsmarena.com/motorola_a1010-1054.php,https://fdn2.gsmarena.com/vv/bigpic/moa1010.gif,Success,
558,Motorola,E1060,https://www.gsmarena.com/motorola_e1060-1055.php,https://fdn2.gsmarena.com/vv/bigpic/moe1060.gif,Success,
559,Motorola,E1120,https://www.gsmarena.com/motorola_e1120-1056.php,https://fdn2.gsmarena.com/vv/bigpic/moe1120.gif,Success,
560,Motorola,V1050,https://www.gsmarena.com/motorola_v1050-1123.php,https://fdn2.gsmarena.com/vv/bigpic/motorola-v1050.gif,Success,
561,Motorola,C261,https://www.gsmarena.com/motorola_c261-1307.php,https://fdn2.gsmarena.com/vv/bigpic/motorola-c261.gif,Success,
562,Motorola,C257,https://www.gsmarena.com/motorola_c257-1306.php,https://fdn2.gsmarena.com/vv/bigpic/motorola-c257.gif,Success,
563,Motorola,C168,https://www.gsmarena.com/motorola_c168-1305.php,https://fdn2.gsmarena.com/vv/bigpic/motorola-c168.gif,Success,
564,Motorola,C139,https://www.gsmarena.com/motorola_c139-1304.php,https://fdn2.gsmarena.com/vv/bigpic/motorola-c139.gif,Success,
565,Motorola,C123,https://www.gsmarena.com/motorola_c123-2101.php,https://fdn2.gsmarena.com/vv/bigpic/motorola-c123.gif,Success,
566,Motorola,C118,https://www.gsmarena.com/motorola_c118-1303.php,https://fdn2.gsmarena.com/vv/bigpic/motorola-c118.gif,Success,
567,Motorola,C117,https://www.gsmarena.com/motorola_c117-1790.php,https://fdn2.gsmarena.com/vv/bigpic/motorola-c117.gif,Success,
568,Motorola,C113a,https://www.gsmarena.com/motorola_c113a-1302.php,https://fdn2.gsmarena.com/vv/bigpic/motorola-c113a.gif,Success,
569,Motorola,C113,https://www.gsmarena.com/motorola_c113-1301.php,https://fdn2.gsmarena.com/vv/bigpic/motorola-c113.gif,Success,
570,Motorola,C390,https://www.gsmarena.com/motorola_c390-1328.php,https://fdn2.gsmarena.com/vv/bigpic/motorola-c390.gif,Success,
571,Motorola,E680i,https://www.gsmarena.com/motorola_e680i-1136.php,https://fdn2.gsmarena.com/vv/bigpic/motorola-e680i.gif,Success,
572,Motorola,V560,https://www.gsmarena.com/motorola_v560-1057.php,https://fdn2.gsmarena.com/vv/bigpic/mov560.gif,Success,
573,Motorola,V557,https://www.gsmarena.com/motorola_v557-1119.php,https://fdn2.gsmarena.com/vv/bigpic/motorola-v557.gif,Success,
574,Motorola,V361,https://www.gsmarena.com/motorola_v361-1776.php,https://fdn2.gsmarena.com/vv/bigpic/motorola-v361.gif,Success,
575,Motorola,V360,https://www.gsmarena.com/motorola_v360-1058.php,https://fdn2.gsmarena.com/vv/bigpic/motorola-v360.gif,Success,
576,Motorola,L6,https://www.gsmarena.com/motorola_l6-1118.php,https://fdn2.gsmarena.com/vv/bigpic/motorola-v280.gif,Success,
577,Motorola,L2,https://www.gsmarena.com/motorola_l2-1117.php,https://fdn2.gsmarena.com/vv/bigpic/motorola-v270.gif,Success,
578,Motorola,V235,https://www.gsmarena.com/motorola_v235-1079.php,https://fdn2.gsmarena.com/vv/bigpic/motorola-v235.gif,Success,
579,Motorola,V230,https://www.gsmarena.com/motorola_v230-1138.php,https://fdn2.gsmarena.com/vv/bigpic/motorola-v230.gif,Success,
580,Motorola,V186,https://www.gsmarena.com/motorola_v186-1121.php,https://fdn2.gsmarena.com/vv/bigpic/motorola-v186.gif,Success,
581,Motorola,V176,https://www.gsmarena.com/motorola_v176-1116.php,https://fdn2.gsmarena.com/vv/bigpic/motorola-v176.gif,Success,
582,Motorola,E378i,https://www.gsmarena.com/motorola_e378i-1122.php,https://fdn2.gsmarena.com/vv/bigpic/motorola-e378i.gif,Success,
583,Motorola,V635,https://www.gsmarena.com/motorola_v635-991.php,https://fdn2.gsmarena.com/vv/bigpic/mov635.gif,Success,
584,Motorola,A668,https://www.gsmarena.com/motorola_a668-902.php,https://fdn2.gsmarena.com/vv/bigpic/moa668.gif,Success,
585,Motorola,V980,https://www.gsmarena.com/motorola_v980-898.php,https://fdn2.gsmarena.com/vv/bigpic/mov980.gif,Success,
586,Motorola,C980,https://www.gsmarena.com/motorola_c980-897.php,https://fdn2.gsmarena.com/vv/bigpic/moc980.gif,Success,
587,Motorola,V535,https://www.gsmarena.com/motorola_v535-889.php,https://fdn2.gsmarena.com/vv/bigpic/moe550.gif,Success,
588,Motorola,V547,https://www.gsmarena.com/motorola_v547-940.php,https://fdn2.gsmarena.com/vv/bigpic/motorola-v547.gif,Success,
589,Motorola,E375,https://www.gsmarena.com/motorola_e375-927.php,https://fdn2.gsmarena.com/vv/bigpic/moe375.gif,Success,
590,Motorola,RAZR V3,https://www.gsmarena.com/motorola_razr_v3-853.php,https://fdn2.gsmarena.com/vv/bigpic/mov3.gif,Success,
591,Motorola,Droid Bionic Targa,https://www.gsmarena.com/motorola_droid_bionic_targa-3973.php,https://fdn2.gsmarena.com/vv/bigpic/motorola-droid-bionic-targa.jpg,Success,
592,Motorola,Droid XTreme,https://www.gsmarena.com/motorola_droid_xtreme-3092.php,https://fdn2.gsmarena.com/vv/bigpic/motorola-shadow.jpg,Success,
593,Motorola,A780,https://www.gsmarena.com/motorola_a780-855.php,https://fdn2.gsmarena.com/vv/bigpic/moa780.gif,Success,
594,Motorola,V975,https://www.gsmarena.com/motorola_v975-856.php,https://fdn2.gsmarena.com/vv/bigpic/mov975.gif,Success,
595,Motorola,C975,https://www.gsmarena.com/motorola_c975-804.php,https://fdn2.gsmarena.com/vv/bigpic/moc975.gif,Success,
596,Motorola,V620,https://www.gsmarena.com/motorola_v620-857.php,https://fdn2.gsmarena.com/vv/bigpic/mov620.gif,Success,
597,Motorola,V555,https://www.gsmarena.com/motorola_v555-854.php,https://fdn2.gsmarena.com/vv/bigpic/mov555.gif,Success,
598,Motorola,A840,https://www.gsmarena.com/motorola_a840-725.php,https://fdn2.gsmarena.com/vv/bigpic/moa840.gif,Success,
599,Motorola,E680,https://www.gsmarena.com/motorola_e680-689.php,https://fdn2.gsmarena.com/vv/bigpic/moe680.gif,Success,
600,Motorola,E398,https://www.gsmarena.com/motorola_e398-690.php,https://fdn2.gsmarena.com/vv/bigpic/moe398.gif,Success,
601,Motorola,C650,https://www.gsmarena.com/motorola_c650-691.php,https://fdn2.gsmarena.com/vv/bigpic/moc650.gif,Success,
602,Motorola,V226,https://www.gsmarena.com/motorola_v226-1140.php,https://fdn2.gsmarena.com/vv/bigpic/motorola-v226.gif,Success,
603,Motorola,V188,https://www.gsmarena.com/motorola_v188-979.php,https://fdn2.gsmarena.com/vv/bigpic/mov188.gif,Success,
604,Motorola,V171,https://www.gsmarena.com/motorola_v171-948.php,https://fdn2.gsmarena.com/vv/bigpic/mov171.gif,Success,
605,Motorola,C155,https://www.gsmarena.com/motorola_c155-877.php,https://fdn2.gsmarena.com/vv/bigpic/moc155.gif,Success,
606,Motorola,C116,https://www.gsmarena.com/motorola_c116-1147.php,https://fdn2.gsmarena.com/vv/bigpic/motorola-c116.gif,Success,
607,Motorola,C115,https://www.gsmarena.com/motorola_c115-876.php,https://fdn2.gsmarena.com/vv/bigpic/moc115.gif,Success,
608,Motorola,MPx,https://www.gsmarena.com/motorola_mpx-673.php,https://fdn2.gsmarena.com/vv/bigpic/mompx300.gif,Success,
609,Motorola,MPx220,https://www.gsmarena.com/motorola_mpx220-668.php,https://fdn2.gsmarena.com/vv/bigpic/mompx220.gif,Success,
610,Motorola,MPx100,https://www.gsmarena.com/motorola_mpx100-674.php,https://fdn2.gsmarena.com/vv/bigpic/mompx100.gif,Success,
611,Motorola,V872,https://www.gsmarena.com/motorola_v872-851.php,https://fdn2.gsmarena.com/vv/bigpic/mov872.gif,Success,
612,Motorola,V1000,https://www.gsmarena.com/motorola_v1000-655.php,https://fdn2.gsmarena.com/vv/bigpic/mov1000.gif,Success,
613,Motorola,E1000,https://www.gsmarena.com/motorola_e1000-654.php,https://fdn2.gsmarena.com/vv/bigpic/moe1000.gif,Success,
614,Motorola,A1000,https://www.gsmarena.com/motorola_a1000-653.php,https://fdn2.gsmarena.com/vv/bigpic/moa1000.gif,Success,
615,Motorola,A768i,https://www.gsmarena.com/motorola_a768i-661.php,https://fdn2.gsmarena.com/vv/bigpic/moa768.gif,Success,
616,Motorola,A630,https://www.gsmarena.com/motorola_a630-659.php,https://fdn2.gsmarena.com/vv/bigpic/moa630.gif,Success,
617,Motorola,C380/C385,https://www.gsmarena.com/motorola_c380_c385-658.php,https://fdn2.gsmarena.com/vv/bigpic/moc380.gif,Success,
618,Motorola,V80,https://www.gsmarena.com/motorola_v80-609.php,https://fdn2.gsmarena.com/vv/bigpic/mov80.gif,Success,
619,Motorola,C289,https://www.gsmarena.com/motorola_c289-936.php,https://fdn2.gsmarena.com/vv/bigpic/moc289.gif,Success,
620,Motorola,C205,https://www.gsmarena.com/motorola_c205-660.php,https://fdn2.gsmarena.com/vv/bigpic/moc205.gif,Success,
621,Motorola,V400p,https://www.gsmarena.com/motorola_v400p-652.php,https://fdn2.gsmarena.com/vv/bigpic/mov400p.gif,Success,
622,Motorola,V220,https://www.gsmarena.com/motorola_v220-648.php,https://fdn2.gsmarena.com/vv/bigpic/mov220.gif,Success,
623,Motorola,V180,https://www.gsmarena.com/motorola_v180-647.php,https://fdn2.gsmarena.com/vv/bigpic/mov180.gif,Success,
624,Motorola,V878,https://www.gsmarena.com/motorola_v878-605.php,https://fdn2.gsmarena.com/vv/bigpic/mov878.gif,Success,
625,Motorola,A925,https://www.gsmarena.com/motorola_a925-604.php,https://fdn2.gsmarena.com/vv/bigpic/moa925.gif,Success,
626,Motorola,A920,https://www.gsmarena.com/motorola_a920-517.php,https://fdn2.gsmarena.com/vv/bigpic/moa920.gif,Success,
627,Motorola,V750,https://www.gsmarena.com/motorola_v750-527.php,https://fdn2.gsmarena.com/vv/bigpic/mov750.gif,Success,
628,Motorola,MPx200,https://www.gsmarena.com/motorola_mpx200-514.php,https://fdn2.gsmarena.com/vv/bigpic/mov700.gif,Success,
629,Motorola,V690,https://www.gsmarena.com/motorola_v690-515.php,https://fdn2.gsmarena.com/vv/bigpic/mov690.gif,Success,
630,Motorola,V525,https://www.gsmarena.com/motorola_v525-573.php,https://fdn2.gsmarena.com/vv/bigpic/mov525.gif,Success,
631,Motorola,V501,https://www.gsmarena.com/motorola_v501-845.php,https://fdn2.gsmarena.com/vv/bigpic/mov501.gif,Success,
632,Motorola,V500,https://www.gsmarena.com/motorola_v500-478.php,https://fdn2.gsmarena.com/vv/bigpic/mov500.gif,Success,
633,Motorola,V303,https://www.gsmarena.com/motorola_v303-620.php,https://fdn2.gsmarena.com/vv/bigpic/mov303.gif,Success,
634,Motorola,V300,https://www.gsmarena.com/motorola_v300-479.php,https://fdn2.gsmarena.com/vv/bigpic/mov300.gif,Success,
635,Motorola,V600,https://www.gsmarena.com/motorola_v600-382.php,https://fdn2.gsmarena.com/vv/bigpic/mov600.gif,Success,
636,Motorola,V150,https://www.gsmarena.com/motorola_v150-542.php,https://fdn2.gsmarena.com/vv/bigpic/mov150.gif,Success,
637,Motorola,E390,https://www.gsmarena.com/motorola_e390-420.php,https://fdn2.gsmarena.com/vv/bigpic/moe390.gif,Success,
638,Motorola,C550,https://www.gsmarena.com/motorola_c550-541.php,https://fdn2.gsmarena.com/vv/bigpic/moc550.gif,Success,
639,Motorola,C450,https://www.gsmarena.com/motorola_c450-532.php,https://fdn2.gsmarena.com/vv/bigpic/moc450.gif,Success,
640,Motorola,C250,https://www.gsmarena.com/motorola_c250-591.php,https://fdn2.gsmarena.com/vv/bigpic/moc250.gif,Success,
641,Motorola,C230,https://www.gsmarena.com/motorola_c230-419.php,https://fdn2.gsmarena.com/vv/bigpic/moc230.gif,Success,
642,Motorola,C200,https://www.gsmarena.com/motorola_c200-495.php,https://fdn2.gsmarena.com/vv/bigpic/moc200.gif,Success,
643,Motorola,A835,https://www.gsmarena.com/motorola_a835-519.php,https://fdn2.gsmarena.com/vv/bigpic/moa835.gif,Success,
644,Motorola,A830,https://www.gsmarena.com/motorola_a830-518.php,https://fdn2.gsmarena.com/vv/bigpic/moa830.gif,Success,
645,Motorola,A760,https://www.gsmarena.com/motorola_a760-392.php,https://fdn2.gsmarena.com/vv/bigpic/moa760.gif,Success,
646,Motorola,V295,https://www.gsmarena.com/motorola_v295-575.php,https://fdn2.gsmarena.com/vv/bigpic/mov295.gif,Success,
647,Motorola,V291,https://www.gsmarena.com/motorola_v291-774.php,https://fdn2.gsmarena.com/vv/bigpic/mov291.gif,Success,
648,Motorola,V290,https://www.gsmarena.com/motorola_v290-576.php,https://fdn2.gsmarena.com/vv/bigpic/mov290.gif,Success,
649,Motorola,A388c,https://www.gsmarena.com/motorola_a388c-458.php,https://fdn2.gsmarena.com/vv/bigpic/moa388c.gif,Success,
650,Motorola,C350,https://www.gsmarena.com/motorola_c350-381.php,https://fdn2.gsmarena.com/vv/bigpic/moc350.gif,Success,
651,Motorola,T725,https://www.gsmarena.com/motorola_t725-521.php,https://fdn2.gsmarena.com/vv/bigpic/mot725.gif,Success,
652,Motorola,T720i,https://www.gsmarena.com/motorola_t720i-463.php,https://fdn2.gsmarena.com/vv/bigpic/mot720i.gif,Success,
653,Motorola,T720,https://www.gsmarena.com/motorola_t720-354.php,https://fdn2.gsmarena.com/vv/bigpic/mot720.gif,Success,
654,Motorola,T190,https://www.gsmarena.com/motorola_t190-465.php,https://fdn2.gsmarena.com/vv/bigpic/mot190.gif,Success,
655,Motorola,E380,https://www.gsmarena.com/motorola_e380-522.php,https://fdn2.gsmarena.com/vv/bigpic/moe380.gif,Success,
656,Motorola,E365,https://www.gsmarena.com/motorola_e365-492.php,https://fdn2.gsmarena.com/vv/bigpic/moe365.gif,Success,
657,Motorola,E360,https://www.gsmarena.com/motorola_e360-353.php,https://fdn2.gsmarena.com/vv/bigpic/moe360.gif,Success,
658,Motorola,V70,https://www.gsmarena.com/motorola_v70-333.php,https://fdn2.gsmarena.com/vv/bigpic/mov70.gif,Success,
659,Motorola,C336,https://www.gsmarena.com/motorola_c336-536.php,https://fdn2.gsmarena.com/vv/bigpic/moc336.gif,Success,
660,Motorola,C333,https://www.gsmarena.com/motorola_c333-365.php,https://fdn2.gsmarena.com/vv/bigpic/moc333.gif,Success,
661,Motorola,C332,https://www.gsmarena.com/motorola_c332-364.php,https://fdn2.gsmarena.com/vv/bigpic/moc332.gif,Success,
662,Motorola,C331,https://www.gsmarena.com/motorola_c331-363.php,https://fdn2.gsmarena.com/vv/bigpic/moc331.gif,Success,
663,Motorola,C300,https://www.gsmarena.com/motorola_c300-466.php,https://fdn2.gsmarena.com/vv/bigpic/moc300.gif,Success,
664,Motorola,V60i,https://www.gsmarena.com/motorola_v60i-352.php,https://fdn2.gsmarena.com/vv/bigpic/mov60i.gif,Success,
665,Motorola,V66i,https://www.gsmarena.com/motorola_v66i-464.php,https://fdn2.gsmarena.com/vv/bigpic/mov66i.gif,Success,
666,Motorola,Accompli 388,https://www.gsmarena.com/motorola_accompli_388-332.php,https://fdn2.gsmarena.com/vv/bigpic/moa388.gif,Success,
667,Motorola,V60,https://www.gsmarena.com/motorola_v60-298.php,https://fdn2.gsmarena.com/vv/bigpic/mov60.gif,Success,
668,Motorola,Accompli 008,https://www.gsmarena.com/motorola_accompli_008-331.php,https://fdn2.gsmarena.com/vv/bigpic/moa008.gif,Success,
669,Motorola,Timeport 280,https://www.gsmarena.com/motorola_timeport_280-249.php,https://fdn2.gsmarena.com/vv/bigpic/mot280.gif,Success,
670,Motorola,Timeport 260,https://www.gsmarena.com/motorola_timeport_260-330.php,https://fdn2.gsmarena.com/vv/bigpic/mot260.gif,Success,
671,Motorola,Timeport 250,https://www.gsmarena.com/motorola_timeport_250-256.php,https://fdn2.gsmarena.com/vv/bigpic/mot250.gif,Success,
672,Motorola,Talkabout T192,https://www.gsmarena.com/motorola_talkabout_t192-297.php,https://fdn2.gsmarena.com/vv/bigpic/mot192.gif,Success,
673,Motorola,Talkabout T191,https://www.gsmarena.com/motorola_talkabout_t191-267.php,https://fdn2.gsmarena.com/vv/bigpic/mot191.gif,Success,
674,Motorola,Accompli 009,https://www.gsmarena.com/motorola_accompli_009-248.php,https://fdn2.gsmarena.com/vv/bigpic/moa009.gif,Success,
675,Motorola,V.box(V100),https://www.gsmarena.com/motorola_v_box(v100)-224.php,https://fdn2.gsmarena.com/vv/bigpic/movbox.gif,Success,
676,Motorola,V66,https://www.gsmarena.com/motorola_v66-250.php,https://fdn2.gsmarena.com/vv/bigpic/mov66.gif,Success,
677,Motorola,V50,https://www.gsmarena.com/motorola_v50-223.php,https://fdn2.gsmarena.com/vv/bigpic/mov50.gif,Success,
678,Motorola,T180,https://www.gsmarena.com/motorola_t180-222.php,https://fdn2.gsmarena.com/vv/bigpic/mot180.gif,Success,
679,Motorola,A6188,https://www.gsmarena.com/motorola_a6188-202.php,https://fdn2.gsmarena.com/vv/bigpic/moa6188.gif,Success,
680,Motorola,v8088,https://www.gsmarena.com/motorola_v8088-467.php,https://fdn2.gsmarena.com/vv/bigpic/motw8088.gif,Success,
681,Motorola,Talkabout T2288,https://www.gsmarena.com/motorola_talkabout_t2288-82.php,https://fdn2.gsmarena.com/vv/bigpic/mot2288b.gif,Success,
682,Motorola,V2288,https://www.gsmarena.com/motorola_v2288-221.php,https://fdn2.gsmarena.com/vv/bigpic/mov2288.gif,Success,
683,Motorola,Timeport P7389,https://www.gsmarena.com/motorola_timeport_p7389-81.php,https://fdn2.gsmarena.com/vv/bigpic/mop7389b.gif,Success,
684,Motorola,Timeport L7089,https://www.gsmarena.com/motorola_timeport_l7089-80.php,https://fdn2.gsmarena.com/vv/bigpic/mol7089b.gif,Success,
685,Motorola,V3690,https://www.gsmarena.com/motorola_v3690-213.php,https://fdn2.gsmarena.com/vv/bigpic/mov3690.gif,Success,
686,Motorola,V3688,https://www.gsmarena.com/motorola_v3688-79.php,https://fdn2.gsmarena.com/vv/bigpic/mov3688b.gif,Success,
687,Motorola,StarTAC 130,https://www.gsmarena.com/motorola_startac_130-73.php,https://fdn2.gsmarena.com/vv/bigpic/most130b.gif,Success,
688,Motorola,StarTAC 85,https://www.gsmarena.com/motorola_startac_85-74.php,https://fdn2.gsmarena.com/vv/bigpic/most85b.gif,Success,
689,Motorola,StarTAC Rainbow,https://www.gsmarena.com/motorola_startac_rainbow-77.php,https://fdn2.gsmarena.com/vv/bigpic/mostrbb.gif,Success,
690,Motorola,StarTAC 75+,https://www.gsmarena.com/motorola_startac_75+-75.php,https://fdn2.gsmarena.com/vv/bigpic/most75pb.gif,Success,
691,Motorola,StarTAC 75,https://www.gsmarena.com/motorola_startac_75-76.php,https://fdn2.gsmarena.com/vv/bigpic/most75b.gif,Success,
692,Motorola,SlimLite,https://www.gsmarena.com/motorola_slimlite-78.php,https://fdn2.gsmarena.com/vv/bigpic/mosliteb.gif,Success,
693,Motorola,cd930,https://www.gsmarena.com/motorola_cd930-72.php,https://fdn2.gsmarena.com/vv/bigpic/mocd930b.gif,Success,
694,Motorola,cd920,https://www.gsmarena.com/motorola_cd920-71.php,https://fdn2.gsmarena.com/vv/bigpic/mocd920b.gif,Success,
695,Motorola,M3188,https://www.gsmarena.com/motorola_m3188-70.php,https://fdn2.gsmarena.com/vv/bigpic/mom3188b.gif,Success,
696,Motorola,M3288,https://www.gsmarena.com/motorola_m3288-69.php,https://fdn2.gsmarena.com/vv/bigpic/mom3288b.gif,Success,
697,Motorola,M3588,https://www.gsmarena.com/motorola_m3588-68.php,https://fdn2.gsmarena.com/vv/bigpic/mom3588b.gif,Success,
698,Motorola,M3688,https://www.gsmarena.com/motorola_m3688-67.php,https://fdn2.gsmarena.com/vv/bigpic/mom3688b.gif,Success,
699,Motorola,M3788,https://www.gsmarena.com/motorola_m3788-66.php,https://fdn2.gsmarena.com/vv/bigpic/mom3788b.gif,Success,
700,Motorola,M3888,https://www.gsmarena.com/motorola_m3888-65.php,https://fdn2.gsmarena.com/vv/bigpic/mom3888b.gif,Success,
