STT Hãng,Hãng,Tên Máy,Device URL,Thumbnail URL,Trạng Thái,Ghi Chú Lỗi (Cào tay)
1,Samsung,Galaxy S26 FE,https://www.gsmarena.com/samsung_galaxy_s26_fe_5g-14870.php,https://fdn2.gsmarena.com/vv/bigpic/samsung-samsung-galaxy-s26-fe.jpg,Success,
2,Samsung,Galaxy F70 Pro,https://www.gsmarena.com/samsung_galaxy_f70_pro_5g-14856.php,https://fdn2.gsmarena.com/vv/bigpic/samsung-galaxy-f70-pro.jpg,Success,
3,Samsung,Galaxy Z Fold8 Ultra,https://www.gsmarena.com/samsung_galaxy_z_fold8_ultra_5g-14802.php,https://fdn2.gsmarena.com/vv/bigpic/samsung-galaxy-z-fold8-ultra-r1.jpg,Success,
4,Samsung,Galaxy Z Fold8,https://www.gsmarena.com/samsung_galaxy_z_fold_wide_5g-14673.php,https://fdn2.gsmarena.com/vv/bigpic/samsung-galaxy-z-fold8.jpg,Success,
5,Samsung,Galaxy Z Flip8,https://www.gsmarena.com/samsung_galaxy_z_flip8_5g-14803.php,https://fdn2.gsmarena.com/vv/bigpic/samsung-galaxy-z-flip8.jpg,Success,
6,Samsung,Galaxy Watch Ultra2,https://www.gsmarena.com/samsung_galaxy_watch_ultra2-14805.php,https://fdn2.gsmarena.com/vv/bigpic/samsung-galaxy-watch-ultra2.jpg,Success,
7,Samsung,Galaxy Watch9,https://www.gsmarena.com/samsung_galaxy_watch9-14813.php,https://fdn2.gsmarena.com/vv/bigpic/samsung-galaxy-watch9-.jpg,Success,
8,Samsung,Galaxy M47,https://www.gsmarena.com/samsung_galaxy_m47_5g-14749.php,https://fdn2.gsmarena.com/vv/bigpic/samsung-galaxy-m47.jpg,Success,
9,Samsung,Galaxy A27,https://www.gsmarena.com/samsung_galaxy_a27_5g-14606.php,https://fdn2.gsmarena.com/vv/bigpic/samsung-galaxy-a27.jpg,Success,
10,Samsung,Galaxy A57,https://www.gsmarena.com/samsung_galaxy_a57_5g-14379.php,https://fdn2.gsmarena.com/vv/bigpic/samsung-galaxy-a57.jpg,Success,
11,Samsung,Galaxy A37,https://www.gsmarena.com/samsung_galaxy_a37_5g-14378.php,https://fdn2.gsmarena.com/vv/bigpic/samsung-galaxy-a37.jpg,Success,
12,Samsung,Galaxy M17e,https://www.gsmarena.com/samsung_galaxy_m17e_5g-14534.php,https://fdn2.gsmarena.com/vv/bigpic/samsung-galaxy-m17e.jpg,Success,
13,Samsung,Galaxy S26 Ultra,https://www.gsmarena.com/samsung_galaxy_s26_ultra_5g-14320.php,https://fdn2.gsmarena.com/vv/bigpic/samsung-galaxy-s26-ultra-new.jpg,Success,
14,Samsung,Galaxy S26+,https://www.gsmarena.com/samsung_galaxy_s26+_5g-14457.php,https://fdn2.gsmarena.com/vv/bigpic/samsung-galaxy-s26-plus.jpg,Success,
15,Samsung,Galaxy S26,https://www.gsmarena.com/samsung_galaxy_s26_5g-14456.php,https://fdn2.gsmarena.com/vv/bigpic/samsung-galaxy-s26.jpg,Success,
16,Samsung,Galaxy F70e,https://www.gsmarena.com/samsung_galaxy_f70e_5g-14459.php,https://fdn2.gsmarena.com/vv/bigpic/samsung-galaxy-f70e.jpg,Success,
17,Samsung,Galaxy A07,https://www.gsmarena.com/samsung_galaxy_a07_5g-14409.php,https://fdn2.gsmarena.com/vv/bigpic/samsung-galaxy-a07-5g.jpg,Success,
18,Samsung,Galaxy Z TriFold,https://www.gsmarena.com/samsung_galaxy_z_trifold_5g-14292.php,https://fdn2.gsmarena.com/vv/bigpic/samsung-galaxy-z-trifold-.jpg,Success,
19,Samsung,Galaxy M17,https://www.gsmarena.com/samsung_galaxy_m17_5g-14221.php,https://fdn2.gsmarena.com/vv/bigpic/samsung-galaxy-a17.jpg,Success,
20,Samsung,Galaxy F07,https://www.gsmarena.com/samsung_galaxy_f07-14205.php,https://fdn2.gsmarena.com/vv/bigpic/samsung-galaxy-f07.jpg,Success,
21,Samsung,Galaxy M07,https://www.gsmarena.com/samsung_galaxy_m07-14100.php,https://fdn2.gsmarena.com/vv/bigpic/samsung-galaxy-m07.jpg,Success,
22,Samsung,Galaxy A17 4G,https://www.gsmarena.com/samsung_galaxy_a17-14157.php,https://fdn2.gsmarena.com/vv/bigpic/samsung-galaxy-a17.jpg,Success,
23,Samsung,Galaxy Tab A11+,https://www.gsmarena.com/samsung_galaxy_tab_a11+-14192.php,https://fdn2.gsmarena.com/vv/bigpic/samsung-galaxy-tab-a11-plus.jpg,Success,
24,Samsung,Galaxy Tab A11,https://www.gsmarena.com/samsung_galaxy_tab_a11-14141.php,https://fdn2.gsmarena.com/vv/bigpic/samsung-galaxy-tab-a11.jpg,Success,
25,Samsung,Galaxy F17,https://www.gsmarena.com/samsung_galaxy_f17_5g-14107.php,https://fdn2.gsmarena.com/vv/bigpic/samsung-galaxy-f17-5g-.jpg,Success,
26,Samsung,Galaxy S25 FE,https://www.gsmarena.com/samsung_galaxy_s25_fe_5g-14042.php,https://fdn2.gsmarena.com/vv/bigpic/samsung-galaxy-s25-fe.jpg,Success,
27,Samsung,Galaxy Tab S11 Ultra,https://www.gsmarena.com/samsung_galaxy_tab_s11_ultra_5g-14057.php,https://fdn2.gsmarena.com/vv/bigpic/samsung-galaxy-tab-s11-ultra.jpg,Success,
28,Samsung,Galaxy Tab S11,https://www.gsmarena.com/samsung_galaxy_tab_s11_5g-14058.php,https://fdn2.gsmarena.com/vv/bigpic/samsung-galaxy-tab-s11.jpg,Success,
29,Samsung,Galaxy Tab S10 Lite,https://www.gsmarena.com/samsung_galaxy_tab_s10_lite_5g-14059.php,https://fdn2.gsmarena.com/vv/bigpic/samsung-galaxy-tab-s10-lite.jpg,Success,
30,Samsung,Galaxy A07 4G,https://www.gsmarena.com/samsung_galaxy_a07-14066.php,https://fdn2.gsmarena.com/vv/bigpic/samsung-galaxy-a07.jpg,Success,
31,Samsung,Galaxy A17,https://www.gsmarena.com/samsung_galaxy_a17_5g-14041.php,https://fdn2.gsmarena.com/vv/bigpic/samsung-galaxy-a17-5g.jpg,Success,
32,Samsung,Galaxy F36,https://www.gsmarena.com/samsung_galaxy_f36_5g-14009.php,https://fdn2.gsmarena.com/vv/bigpic/samsung-galaxy-f36.jpg,Success,
33,Samsung,Galaxy Z Fold7,https://www.gsmarena.com/samsung_galaxy_z_fold7-13826.php,https://fdn2.gsmarena.com/vv/bigpic/samsung-galaxy-z-fold7.jpg,Success,
34,Samsung,Galaxy Z Flip7,https://www.gsmarena.com/samsung_galaxy_z_flip7-13712.php,https://fdn2.gsmarena.com/vv/bigpic/samsung-galaxy-z-flip7.jpg,Success,
35,Samsung,Galaxy Z Flip7 FE,https://www.gsmarena.com/samsung_galaxy_z_flip7_fe_5g-13844.php,https://fdn2.gsmarena.com/vv/bigpic/samsung-galaxy-z-flip7-fe-.jpg,Success,
36,Samsung,Galaxy Watch8 Classic,https://www.gsmarena.com/samsung_galaxy_watch8_classic-13998.php,https://fdn2.gsmarena.com/vv/bigpic/samsung-galaxy-watch8-classic.jpg,Success,
37,Samsung,Galaxy Watch8,https://www.gsmarena.com/samsung_galaxy_watch8-13997.php,https://fdn2.gsmarena.com/vv/bigpic/samsung-galaxy-watch8.jpg,Success,
38,Samsung,Galaxy M36,https://www.gsmarena.com/samsung_galaxy_m36_5g-13967.php,https://fdn2.gsmarena.com/vv/bigpic/samsung-galaxy-m36.jpg,Success,
39,Samsung,Galaxy S25 Edge,https://www.gsmarena.com/samsung_galaxy_s25_edge-13506.php,https://fdn2.gsmarena.com/vv/bigpic/samsung-galaxy-s25-edge.jpg,Success,
40,Samsung,Galaxy F56,https://www.gsmarena.com/samsung_galaxy_f56_5g-13855.php,https://fdn2.gsmarena.com/vv/bigpic/samsung-galaxy-f56-5g.jpg,Success,
41,Samsung,Galaxy M56,https://www.gsmarena.com/samsung_galaxy_m56_5g-13801.php,https://fdn2.gsmarena.com/vv/bigpic/samsung-galaxy-m56-5g.jpg,Success,
42,Samsung,Galaxy XCover7 Pro,https://www.gsmarena.com/samsung_galaxy_xcover7_pro-13780.php,https://fdn2.gsmarena.com/vv/bigpic/samsung-galaxy-xcover7-pro-1.jpg,Success,
43,Samsung,Galaxy Tab Active5 Pro,https://www.gsmarena.com/samsung_galaxy_tab_active5_pro-13790.php,https://fdn2.gsmarena.com/vv/bigpic/samsung-galaxy-tab-active5-pro.jpg,Success,
44,Samsung,Galaxy Tab S10 FE+,https://www.gsmarena.com/samsung_galaxy_tab_s10_fe+-13760.php,https://fdn2.gsmarena.com/vv/bigpic/samsung-galaxy-tab-s10-fe-plus.jpg,Success,
45,Samsung,Galaxy Tab S10 FE,https://www.gsmarena.com/samsung_galaxy_tab_s10_fe-13761.php,https://fdn2.gsmarena.com/vv/bigpic/samsung-galaxy-tab-s10-fe.jpg,Success,
46,Samsung,Galaxy F16,https://www.gsmarena.com/samsung_galaxy_f16-13721.php,https://fdn2.gsmarena.com/vv/bigpic/samsung-galaxy-f16-5g.jpg,Success,
47,Samsung,Galaxy A56,https://www.gsmarena.com/samsung_galaxy_a56-13603.php,https://fdn2.gsmarena.com/vv/bigpic/samsung-galaxy-a56-.jpg,Success,
48,Samsung,Galaxy A36,https://www.gsmarena.com/samsung_galaxy_a36-13497.php,https://fdn2.gsmarena.com/vv/bigpic/samsung-galaxy-a36.jpg,Success,
49,Samsung,Galaxy A26,https://www.gsmarena.com/samsung_galaxy_a26-13679.php,https://fdn2.gsmarena.com/vv/bigpic/samsung-galaxy-a26.jpg,Success,
50,Samsung,Galaxy M16,https://www.gsmarena.com/samsung_galaxy_m16-13680.php,https://fdn2.gsmarena.com/vv/bigpic/samsung-galaxy-m16-5g-.jpg,Success,
51,Samsung,Galaxy M06,https://www.gsmarena.com/samsung_galaxy_m06-13681.php,https://fdn2.gsmarena.com/vv/bigpic/samsung-galaxy-m06-5g.jpg,Success,
52,Samsung,Galaxy A06 5G,https://www.gsmarena.com/samsung_galaxy_a06_5g-13662.php,https://fdn2.gsmarena.com/vv/bigpic/samsung-galaxy-a06-5g.jpg,Success,
53,Samsung,Galaxy F06 5G,https://www.gsmarena.com/samsung_galaxy_f06_5g-13663.php,https://fdn2.gsmarena.com/vv/bigpic/samsung-galaxy-f06-5g.jpg,Success,
54,Samsung,Galaxy S25 Ultra,https://www.gsmarena.com/samsung_galaxy_s25_ultra-13322.php,https://fdn2.gsmarena.com/vv/bigpic/samsung-galaxy-s25-ultra-sm-s938.jpg,Success,
55,Samsung,Galaxy S25+,https://www.gsmarena.com/samsung_galaxy_s25+-13609.php,https://fdn2.gsmarena.com/vv/bigpic/samsung-galaxy-s25-plus-sm-s936.jpg,Success,
56,Samsung,Galaxy S25,https://www.gsmarena.com/samsung_galaxy_s25-13610.php,https://fdn2.gsmarena.com/vv/bigpic/samsung-galaxy-s25-sm-s931.jpg,Success,
57,Samsung,Galaxy Z Fold Special,https://www.gsmarena.com/samsung_galaxy_z_fold_special-13452.php,https://fdn2.gsmarena.com/vv/bigpic/samsung-galaxy-z-fold-special-edition.jpg,Success,
58,Samsung,Galaxy A16,https://www.gsmarena.com/samsung_galaxy_a16-13383.php,https://fdn2.gsmarena.com/vv/bigpic/samsung-galaxy-a16-lte.jpg,Success,
59,Samsung,Galaxy A16 5G,https://www.gsmarena.com/samsung_galaxy_a16_5g-13346.php,https://fdn2.gsmarena.com/vv/bigpic/samsung-galaxy-a16-5g.jpg,Success,
60,Samsung,Galaxy S24 FE,https://www.gsmarena.com/samsung_galaxy_s24_fe-13262.php,https://fdn2.gsmarena.com/vv/bigpic/samsung-galaxy-s24-fe-r1.jpg,Success,
61,Samsung,Galaxy Tab S10 Ultra,https://www.gsmarena.com/samsung_galaxy_tab_s10_ultra-13362.php,https://fdn2.gsmarena.com/vv/bigpic/samsung-galaxy-tab-s10-ultra.jpg,Success,
62,Samsung,Galaxy Tab S10+,https://www.gsmarena.com/samsung_galaxy_tab_s10+-13363.php,https://fdn2.gsmarena.com/vv/bigpic/samsung-galaxy-tab-s10-plus.jpg,Success,
63,Samsung,Galaxy M55s,https://www.gsmarena.com/samsung_galaxy_m55s-13354.php,https://fdn2.gsmarena.com/vv/bigpic/samsung-galaxy-m55s.jpg,Success,
64,Samsung,Galaxy F05,https://www.gsmarena.com/samsung_galaxy_f05-13345.php,https://fdn2.gsmarena.com/vv/bigpic/samsung-galaxy-f05.jpg,Success,
65,Samsung,Galaxy M05,https://www.gsmarena.com/samsung_galaxy_m05-13327.php,https://fdn2.gsmarena.com/vv/bigpic/samsung-galaxy-m05.jpg,Success,
66,Samsung,Galaxy A06,https://www.gsmarena.com/samsung_galaxy_a06-13265.php,https://fdn2.gsmarena.com/vv/bigpic/samsung-galaxy-a06-1.jpg,Success,
67,Samsung,Galaxy F14 4G,https://www.gsmarena.com/samsung_galaxy_f14_4g-13247.php,https://fdn2.gsmarena.com/vv/bigpic/samsung-galaxy-f14-4g.jpg,Success,
68,Samsung,Galaxy Z Fold6,https://www.gsmarena.com/samsung_galaxy_z_fold6-13147.php,https://fdn2.gsmarena.com/vv/bigpic/samsung-galaxy-z-fold6.jpg,Success,
69,Samsung,Galaxy Z Flip6,https://www.gsmarena.com/samsung_galaxy_z_flip6-13192.php,https://fdn2.gsmarena.com/vv/bigpic/samsung-galaxy-z-flip6.jpg,Success,
70,Samsung,Galaxy Watch Ultra,https://www.gsmarena.com/samsung_galaxy_watch_ultra-13127.php,https://fdn2.gsmarena.com/vv/bigpic/samsung-galaxy-watch-ultra.jpg,Success,
71,Samsung,Galaxy Watch7,https://www.gsmarena.com/samsung_galaxy_watch7-13128.php,https://fdn2.gsmarena.com/vv/bigpic/samsung-galaxy-watch7.jpg,Success,
72,Samsung,Galaxy Watch FE,https://www.gsmarena.com/samsung_galaxy_watch_fe-13112.php,https://fdn2.gsmarena.com/vv/bigpic/samsung-galaxy-watch-fe-r.jpg,Success,
73,Samsung,Galaxy M35,https://www.gsmarena.com/samsung_galaxy_m35-13006.php,https://fdn2.gsmarena.com/vv/bigpic/samsung-galaxy-m35-.jpg,Success,
74,Samsung,Galaxy F55,https://www.gsmarena.com/samsung_galaxy_f55-12885.php,https://fdn2.gsmarena.com/vv/bigpic/samsung-galaxy-f55.jpg,Success,
75,Samsung,Galaxy C55,https://www.gsmarena.com/samsung_galaxy_c55-12945.php,https://fdn2.gsmarena.com/vv/bigpic/samsung-galaxy-c55.jpg,Success,
76,Samsung,Galaxy M55,https://www.gsmarena.com/samsung_galaxy_m55-12896.php,https://fdn2.gsmarena.com/vv/bigpic/samsung-galaxy-m55.jpg,Success,
77,Samsung,Galaxy Tab S6 Lite (2024),https://www.gsmarena.com/samsung_galaxy_tab_s6_lite_(2024)-12897.php,https://fdn2.gsmarena.com/vv/bigpic/samsung-galaxy-tab-s6-lite-2024.jpg,Success,
78,Samsung,Galaxy A55,https://www.gsmarena.com/samsung_galaxy_a55-12824.php,https://fdn2.gsmarena.com/vv/bigpic/samsung-galaxy-a55.jpg,Success,
79,Samsung,Galaxy A35,https://www.gsmarena.com/samsung_galaxy_a35-12705.php,https://fdn2.gsmarena.com/vv/bigpic/samsung-galaxy-a35.jpg,Success,
80,Samsung,Galaxy M15,https://www.gsmarena.com/samsung_galaxy_m15-12833.php,https://fdn2.gsmarena.com/vv/bigpic/samsung-galaxy-m15.jpg,Success,
81,Samsung,Galaxy M14 4G,https://www.gsmarena.com/samsung_galaxy_m14_4g-12862.php,https://fdn2.gsmarena.com/vv/bigpic/samsung-galaxy-m14-4g.jpg,Success,
82,Samsung,Galaxy F15,https://www.gsmarena.com/samsung_galaxy_f15-12831.php,https://fdn2.gsmarena.com/vv/bigpic/samsung-galaxy-f15-5g.jpg,Success,
83,Samsung,Galaxy S24 Ultra,https://www.gsmarena.com/samsung_galaxy_s24_ultra-12771.php,https://fdn2.gsmarena.com/vv/bigpic/samsung-galaxy-s24-ultra-5g-sm-s928-stylus.jpg,Success,
84,Samsung,Galaxy S24+,https://www.gsmarena.com/samsung_galaxy_s24+-12772.php,https://fdn2.gsmarena.com/vv/bigpic/samsung-galaxy-s24-plus-5g-sm-s926.jpg,Success,
85,Samsung,Galaxy S24,https://www.gsmarena.com/samsung_galaxy_s24-12773.php,https://fdn2.gsmarena.com/vv/bigpic/samsung-galaxy-s24-5g-sm-s921.jpg,Success,
86,Samsung,Galaxy XCover7,https://www.gsmarena.com/samsung_galaxy_xcover7-12784.php,https://fdn2.gsmarena.com/vv/bigpic/samsung-galaxy-xcover7.jpg,Success,
87,Samsung,Galaxy Tab Active5,https://www.gsmarena.com/samsung_galaxy_tab_active5-12785.php,https://fdn2.gsmarena.com/vv/bigpic/samsung-galaxy-tab-active5.jpg,Success,
88,Samsung,Galaxy A25,https://www.gsmarena.com/samsung_galaxy_a25-12555.php,https://fdn2.gsmarena.com/vv/bigpic/samsung-galaxy-a25.jpg,Success,
89,Samsung,Galaxy A15 5G,https://www.gsmarena.com/samsung_galaxy_a15_5g-12638.php,https://fdn2.gsmarena.com/vv/bigpic/samsung-galaxy-a15-5g-new.jpg,Success,
90,Samsung,Galaxy A15,https://www.gsmarena.com/samsung_galaxy_a15-12637.php,https://fdn2.gsmarena.com/vv/bigpic/samsung-galaxy-a15-lte-.jpg,Success,
91,Samsung,Galaxy Tab A9+,https://www.gsmarena.com/samsung_galaxy_tab_a9+-12617.php,https://fdn2.gsmarena.com/vv/bigpic/samsung-galaxy-tab-a9-plus.jpg,Success,
92,Samsung,Galaxy Tab A9,https://www.gsmarena.com/samsung_galaxy_tab_a9-12616.php,https://fdn2.gsmarena.com/vv/bigpic/samsung-galaxy-tab-a9.jpg,Success,
93,Samsung,Galaxy S23 FE,https://www.gsmarena.com/samsung_galaxy_s23_fe-12520.php,https://fdn2.gsmarena.com/vv/bigpic/samsung-galaxy-s23-fe.jpg,Success,
94,Samsung,Galaxy Tab S9 FE+,https://www.gsmarena.com/samsung_galaxy_tab_s9_fe+-12609.php,https://fdn2.gsmarena.com/vv/bigpic/samsung-galaxy-tab-s9-fe-plus-10-.jpg,Success,
95,Samsung,Galaxy Tab S9 FE,https://www.gsmarena.com/samsung_galaxy_tab_s9_fe-12517.php,https://fdn2.gsmarena.com/vv/bigpic/samsung-galaxy-tab-s9-fe-10-.jpg,Success,
96,Samsung,Galaxy A05s,https://www.gsmarena.com/samsung_galaxy_a05s-12584.php,https://fdn2.gsmarena.com/vv/bigpic/samsung-galaxy-a05s.jpg,Success,
97,Samsung,Galaxy A05,https://www.gsmarena.com/samsung_galaxy_a05-12583.php,https://fdn2.gsmarena.com/vv/bigpic/samsung-galaxy-a05.jpg,Success,
98,Samsung,Galaxy F34,https://www.gsmarena.com/samsung_galaxy_f34-12453.php,https://fdn2.gsmarena.com/vv/bigpic/samsung-galaxy-f34.jpg,Success,
99,Samsung,Galaxy Z Fold5,https://www.gsmarena.com/samsung_galaxy_z_fold5-12418.php,https://fdn2.gsmarena.com/vv/bigpic/samsung-galaxy-z-fold5-5g.jpg,Success,
100,Samsung,Galaxy Z Flip5,https://www.gsmarena.com/samsung_galaxy_z_flip5-12252.php,https://fdn2.gsmarena.com/vv/bigpic/samsung-galaxy-z-flip5-5g.jpg,Success,
101,Samsung,X400,https://www.gsmarena.com/samsung_x400-436.php,https://fdn2.gsmarena.com/vv/bigpic/ssx400.gif,Success,
102,Samsung,S200,https://www.gsmarena.com/samsung_s200-455.php,https://fdn2.gsmarena.com/vv/bigpic/sss200.gif,Success,
103,Samsung,E400,https://www.gsmarena.com/samsung_e400-435.php,https://fdn2.gsmarena.com/vv/bigpic/sse400.gif,Success,
104,Samsung,D100,https://www.gsmarena.com/samsung_d100-490.php,https://fdn2.gsmarena.com/vv/bigpic/ssd100.gif,Success,
105,Samsung,Watch Phone,https://www.gsmarena.com/samsung_watch_phone-418.php,https://fdn2.gsmarena.com/vv/bigpic/sswatch.gif,Success,
106,Samsung,V200,https://www.gsmarena.com/samsung_v200-417.php,https://fdn2.gsmarena.com/vv/bigpic/ssv200.gif,Success,
107,Samsung,Z100,https://www.gsmarena.com/samsung_z100-537.php,https://fdn2.gsmarena.com/vv/bigpic/ssz100.gif,Success,
108,Samsung,P100,https://www.gsmarena.com/samsung_p100-457.php,https://fdn2.gsmarena.com/vv/bigpic/ssp100.gif,Success,
109,Samsung,P400,https://www.gsmarena.com/samsung_p400-377.php,https://fdn2.gsmarena.com/vv/bigpic/ssp400.gif,Success,
110,Samsung,T700,https://www.gsmarena.com/samsung_t700-376.php,https://fdn2.gsmarena.com/vv/bigpic/sst700.gif,Success,
111,Samsung,S500,https://www.gsmarena.com/samsung_s500-520.php,https://fdn2.gsmarena.com/vv/bigpic/sss500.gif,Success,
112,Samsung,T500,https://www.gsmarena.com/samsung_t500-378.php,https://fdn2.gsmarena.com/vv/bigpic/sst500.gif,Success,
113,Samsung,S300,https://www.gsmarena.com/samsung_s300-375.php,https://fdn2.gsmarena.com/vv/bigpic/sss300.gif,Success,
114,Samsung,T400,https://www.gsmarena.com/samsung_t400-374.php,https://fdn2.gsmarena.com/vv/bigpic/sst400.gif,Success,
115,Samsung,T200,https://www.gsmarena.com/samsung_t200-379.php,https://fdn2.gsmarena.com/vv/bigpic/sst200.gif,Success,
116,Samsung,V100,https://www.gsmarena.com/samsung_v100-314.php,https://fdn2.gsmarena.com/vv/bigpic/ssv100.gif,Success,
117,Samsung,S100,https://www.gsmarena.com/samsung_s100-313.php,https://fdn2.gsmarena.com/vv/bigpic/sss100.gif,Success,
118,Samsung,Q300,https://www.gsmarena.com/samsung_q300-312.php,https://fdn2.gsmarena.com/vv/bigpic/ssq300.gif,Success,
119,Samsung,A800,https://www.gsmarena.com/samsung_a800-347.php,https://fdn2.gsmarena.com/vv/bigpic/ssa800.gif,Success,
120,Samsung,A500,https://www.gsmarena.com/samsung_a500-311.php,https://fdn2.gsmarena.com/vv/bigpic/ssa500.gif,Success,
121,Samsung,T100,https://www.gsmarena.com/samsung_t100-308.php,https://fdn2.gsmarena.com/vv/bigpic/sst100.gif,Success,
122,Samsung,Q200,https://www.gsmarena.com/samsung_q200-307.php,https://fdn2.gsmarena.com/vv/bigpic/ssq200.gif,Success,
123,Samsung,N620,https://www.gsmarena.com/samsung_n620-309.php,https://fdn2.gsmarena.com/vv/bigpic/ssn620.gif,Success,
124,Samsung,N500,https://www.gsmarena.com/samsung_n500-328.php,https://fdn2.gsmarena.com/vv/bigpic/ssn500.gif,Success,
125,Samsung,N400,https://www.gsmarena.com/samsung_n400-277.php,https://fdn2.gsmarena.com/vv/bigpic/ssn400.gif,Success,
126,Samsung,Q105,https://www.gsmarena.com/samsung_q105-293.php,https://fdn2.gsmarena.com/vv/bigpic/ssq105.gif,Success,
127,Samsung,N300,https://www.gsmarena.com/samsung_n300-261.php,https://fdn2.gsmarena.com/vv/bigpic/ssn300.gif,Success,
128,Samsung,A400,https://www.gsmarena.com/samsung_a400-276.php,https://fdn2.gsmarena.com/vv/bigpic/ssa400.gif,Success,
129,Samsung,A300,https://www.gsmarena.com/samsung_a300-260.php,https://fdn2.gsmarena.com/vv/bigpic/ssa300.gif,Success,
130,Samsung,R220,https://www.gsmarena.com/samsung_r220-291.php,https://fdn2.gsmarena.com/vv/bigpic/ssr220.gif,Success,
131,Samsung,R210,https://www.gsmarena.com/samsung_r210-290.php,https://fdn2.gsmarena.com/vv/bigpic/ssr210.gif,Success,
132,Samsung,R200,https://www.gsmarena.com/samsung_r200-289.php,https://fdn2.gsmarena.com/vv/bigpic/ssr200.gif,Success,
133,Samsung,A200,https://www.gsmarena.com/samsung_a200-259.php,https://fdn2.gsmarena.com/vv/bigpic/ssa200.gif,Success,
134,Samsung,Q100,https://www.gsmarena.com/samsung_q100-229.php,https://fdn2.gsmarena.com/vv/bigpic/saq100.gif,Success,
135,Samsung,N105,https://www.gsmarena.com/samsung_n105-292.php,https://fdn2.gsmarena.com/vv/bigpic/ssn105.gif,Success,
136,Samsung,N100,https://www.gsmarena.com/samsung_n100-212.php,https://fdn2.gsmarena.com/vv/bigpic/ssn100.gif,Success,
137,Samsung,M100,https://www.gsmarena.com/samsung_m100-208.php,https://fdn2.gsmarena.com/vv/bigpic/ssm100.gif,Success,
138,Samsung,A110,https://www.gsmarena.com/samsung_a110-207.php,https://fdn2.gsmarena.com/vv/bigpic/ssa110.gif,Success,
139,Samsung,A100,https://www.gsmarena.com/samsung_a100-55.php,https://fdn2.gsmarena.com/vv/bigpic/ssa100b.gif,Success,
140,Samsung,SGH-2400,https://www.gsmarena.com/samsung_sgh_2400-54.php,https://fdn2.gsmarena.com/vv/bigpic/ss2400b.gif,Success,
141,Samsung,SGH-2200,https://www.gsmarena.com/samsung_sgh_2200-53.php,https://fdn2.gsmarena.com/vv/bigpic/ss2200b.gif,Success,
142,Samsung,SGH-2100,https://www.gsmarena.com/samsung_sgh_2100-52.php,https://fdn2.gsmarena.com/vv/bigpic/ss2110b.gif,Success,
143,Samsung,SGH-810,https://www.gsmarena.com/samsung_sgh_810-51.php,https://fdn2.gsmarena.com/vv/bigpic/ss810b.gif,Success,
144,Samsung,SGH-800,https://www.gsmarena.com/samsung_sgh_800-50.php,https://fdn2.gsmarena.com/vv/bigpic/ss800b.gif,Success,
145,Samsung,SGH-600,https://www.gsmarena.com/samsung_sgh_600-49.php,https://fdn2.gsmarena.com/vv/bigpic/ss600b.gif,Success,
146,Samsung,SGH-500,https://www.gsmarena.com/samsung_sgh_500-48.php,https://fdn2.gsmarena.com/vv/bigpic/ss500b.gif,Success,
147,Samsung,SGH-250,https://www.gsmarena.com/samsung_sgh_250-47.php,https://fdn2.gsmarena.com/vv/bigpic/ss250b.gif,Success,
148,Samsung,Galaxy A04 Core,https://www.gsmarena.com/samsung_galaxy_a04_core-11616.php,https://fdn2.gsmarena.com/vv/bigpic/samsung-galaxy-a04-core.jpg,Success,
149,Samsung,Galaxy S21,https://www.gsmarena.com/samsung_galaxy_s21-10693.php,https://fdn2.gsmarena.com/vv/bigpic/smartphone.jpg,Success,
150,Samsung,Galaxy A72 5G,https://www.gsmarena.com/samsung_galaxy_a72_5g-10647.php,https://fdn2.gsmarena.com/vv/bigpic/smartphone.jpg,Success,
151,Samsung,Galaxy Tab S9 Ultra,https://www.gsmarena.com/samsung_galaxy_tab_s9_ultra-12217.php,https://fdn2.gsmarena.com/vv/bigpic/samsung-galaxy-tab-s9-ultra-5g.jpg,Success,
152,Samsung,Galaxy Tab S9+,https://www.gsmarena.com/samsung_galaxy_tab_s9+-12440.php,https://fdn2.gsmarena.com/vv/bigpic/samsung-galaxy-tab-s9-plus-5g.jpg,Success,
153,Samsung,Galaxy Tab S9,https://www.gsmarena.com/samsung_galaxy_tab_s9-12439.php,https://fdn2.gsmarena.com/vv/bigpic/samsung-galaxy-tab-s9-5g.jpg,Success,
154,Samsung,Galaxy Watch6 Classic,https://www.gsmarena.com/samsung_galaxy_watch6_classic-12438.php,https://fdn2.gsmarena.com/vv/bigpic/samsung-galaxy-watch6-classic.jpg,Success,
155,Samsung,Galaxy Watch6,https://www.gsmarena.com/samsung_galaxy_watch6-12437.php,https://fdn2.gsmarena.com/vv/bigpic/samsung-galaxy-watch6.jpg,Success,
156,Samsung,Galaxy M34 5G,https://www.gsmarena.com/samsung_galaxy_m34_5g-11290.php,https://fdn2.gsmarena.com/vv/bigpic/samsung-galaxy-m34-5g.jpg,Success,
157,Samsung,Galaxy F54,https://www.gsmarena.com/samsung_galaxy_f54-12239.php,https://fdn2.gsmarena.com/vv/bigpic/samsung-galaxy-f54-5g.jpg,Success,
158,Samsung,Galaxy A24 4G,https://www.gsmarena.com/samsung_galaxy_a24_4g-12176.php,https://fdn2.gsmarena.com/vv/bigpic/samsung-galaxy-a24-4g-2.jpg,Success,
159,Samsung,Galaxy F14,https://www.gsmarena.com/samsung_galaxy_f14-12175.php,https://fdn2.gsmarena.com/vv/bigpic/samsung-galaxy-f14.jpg,Success,
160,Samsung,Galaxy M54,https://www.gsmarena.com/samsung_galaxy_m54-12189.php,https://fdn2.gsmarena.com/vv/bigpic/samsung-galaxy-m54-5g.jpg,Success,
161,Samsung,Galaxy A54,https://www.gsmarena.com/samsung_galaxy_a54-12070.php,https://fdn2.gsmarena.com/vv/bigpic/samsung-galaxy-a54.jpg,Success,
162,Samsung,Galaxy A34,https://www.gsmarena.com/samsung_galaxy_a34-12074.php,https://fdn2.gsmarena.com/vv/bigpic/samsung-galaxy-a34.jpg,Success,
163,Samsung,Galaxy M14,https://www.gsmarena.com/samsung_galaxy_m14-12160.php,https://fdn2.gsmarena.com/vv/bigpic/samsung-galaxy-m14-5g-sm-m146.jpg,Success,
164,Samsung,Galaxy S23 Ultra,https://www.gsmarena.com/samsung_galaxy_s23_ultra-12024.php,https://fdn2.gsmarena.com/vv/bigpic/samsung-galaxy-s23-ultra-5g.jpg,Success,
165,Samsung,Galaxy S23+,https://www.gsmarena.com/samsung_galaxy_s23+-12083.php,https://fdn2.gsmarena.com/vv/bigpic/samsung-galaxy-s23-plus-5g.jpg,Success,
166,Samsung,Galaxy S23,https://www.gsmarena.com/samsung_galaxy_s23-12082.php,https://fdn2.gsmarena.com/vv/bigpic/samsung-galaxy-s23-5g.jpg,Success,
167,Samsung,Galaxy A14,https://www.gsmarena.com/samsung_galaxy_a14-12151.php,https://fdn2.gsmarena.com/vv/bigpic/samsung-galaxy-a14-4g.jpg,Success,
168,Samsung,Galaxy A14 5G,https://www.gsmarena.com/samsung_galaxy_a14_5g-12004.php,https://fdn2.gsmarena.com/vv/bigpic/samsung-galaxy-a14-5g.jpg,Success,
169,Samsung,Galaxy F04,https://www.gsmarena.com/samsung_galaxy_f04-12054.php,https://fdn2.gsmarena.com/vv/bigpic/samsung-galaxy-f04-new.jpg,Success,
170,Samsung,Galaxy M04,https://www.gsmarena.com/samsung_galaxy_m04-12022.php,https://fdn2.gsmarena.com/vv/bigpic/samsung-galaxy-m04-.jpg,Success,
171,Samsung,Galaxy Tab A7 10.4 (2022),https://www.gsmarena.com/samsung_galaxy_tab_a7_10_4_(2022)-11988.php,https://fdn2.gsmarena.com/vv/bigpic/samsung-galaxy-tab-a7-104-2020.jpg,Success,
172,Samsung,Galaxy A04e,https://www.gsmarena.com/samsung_galaxy_a04e-11945.php,https://fdn2.gsmarena.com/vv/bigpic/samsung-galaxy-a04e.jpg,Success,
173,Samsung,Galaxy Tab Active4 Pro,https://www.gsmarena.com/samsung_galaxy_tab_active4_pro-11840.php,https://fdn2.gsmarena.com/vv/bigpic/samsung-galaxy-tab-active4-pro.jpg,Success,
174,Samsung,Galaxy A04s,https://www.gsmarena.com/samsung_galaxy_a04s-11803.php,https://fdn2.gsmarena.com/vv/bigpic/samsung-galaxy-a04s.jpg,Success,
175,Samsung,Galaxy A04,https://www.gsmarena.com/samsung_galaxy_a04-11817.php,https://fdn2.gsmarena.com/vv/bigpic/samsung-galaxy-a04.jpg,Success,
176,Samsung,Galaxy Z Fold4,https://www.gsmarena.com/samsung_galaxy_z_fold4-11737.php,https://fdn2.gsmarena.com/vv/bigpic/samsung-galaxy-z-fold4.jpg,Success,
177,Samsung,Galaxy Z Flip4,https://www.gsmarena.com/samsung_galaxy_z_flip4-11538.php,https://fdn2.gsmarena.com/vv/bigpic/samsung-galaxy-z-flip4-5g.jpg,Success,
178,Samsung,Galaxy Watch5 Pro,https://www.gsmarena.com/samsung_galaxy_watch5_pro-11749.php,https://fdn2.gsmarena.com/vv/bigpic/samsung-galaxy-watch5pro.jpg,Success,
179,Samsung,Galaxy Watch5,https://www.gsmarena.com/samsung_galaxy_watch5-11748.php,https://fdn2.gsmarena.com/vv/bigpic/samsung-galaxy-watch5.jpg,Success,
180,Samsung,Galaxy A23 5G,https://www.gsmarena.com/samsung_galaxy_a23_5g-11736.php,https://fdn2.gsmarena.com/vv/bigpic/samsung-galaxy-a23-5g.jpg,Success,
181,Samsung,Galaxy M13 5G,https://www.gsmarena.com/samsung_galaxy_m13_5g-11633.php,https://fdn2.gsmarena.com/vv/bigpic/samsung-galaxy-m13-5g.jpg,Success,
182,Samsung,Galaxy M13 (India),https://www.gsmarena.com/samsung_galaxy_m13_(india)-11654.php,https://fdn2.gsmarena.com/vv/bigpic/samsung-galaxy-m13-4g-india.jpg,Success,
183,Samsung,Galaxy A13 (SM-A137),https://www.gsmarena.com/samsung_galaxy_a13_(sm_a137)-11665.php,https://fdn2.gsmarena.com/vv/bigpic/samsung-galaxy-a13-a137.jpg,Success,
184,Samsung,Galaxy XCover6 Pro,https://www.gsmarena.com/samsung_galaxy_xcover6_pro-11600.php,https://fdn2.gsmarena.com/vv/bigpic/samsung-galaxy-xcover6-pro-r.jpg,Success,
185,Samsung,Galaxy F13,https://www.gsmarena.com/samsung_galaxy_f13-11624.php,https://fdn2.gsmarena.com/vv/bigpic/samsung-galaxy-f13.jpg,Success,
186,Samsung,Galaxy M13,https://www.gsmarena.com/samsung_galaxy_m13-11564.php,https://fdn2.gsmarena.com/vv/bigpic/samsung-galaxy-m13.jpg,Success,
187,Samsung,Galaxy Tab S6 Lite (2022),https://www.gsmarena.com/samsung_galaxy_tab_s6_lite_(2022)-11524.php,https://fdn2.gsmarena.com/vv/bigpic/galaxy-tab-s6-lite-2022-lte-sm-p619-.jpg,Success,
188,Samsung,Galaxy M53,https://www.gsmarena.com/samsung_galaxy_m53-11439.php,https://fdn2.gsmarena.com/vv/bigpic/samsung-galaxy-m53-5g.jpg,Success,
189,Samsung,Galaxy S20 FE 2022,https://www.gsmarena.com/samsung_galaxy_s20_fe_2022-11459.php,https://fdn2.gsmarena.com/vv/bigpic/samsung-galaxy-s20-fe-5g.jpg,Success,
190,Samsung,Galaxy A73 5G,https://www.gsmarena.com/samsung_galaxy_a73_5g-11257.php,https://fdn2.gsmarena.com/vv/bigpic/samsung-galaxy-a73-5g.jpg,Success,
191,Samsung,Galaxy A53 5G,https://www.gsmarena.com/samsung_galaxy_a53_5g-11268.php,https://fdn2.gsmarena.com/vv/bigpic/samsung-galaxy-a53-5g-.jpg,Success,
192,Samsung,Galaxy A33 5G,https://www.gsmarena.com/samsung_galaxy_a33_5g-11429.php,https://fdn2.gsmarena.com/vv/bigpic/samsung-galaxy-a33-5g.jpg,Success,
193,Samsung,Galaxy F23,https://www.gsmarena.com/samsung_galaxy_f23-11406.php,https://fdn2.gsmarena.com/vv/bigpic/samsung-galaxy-m23.jpg,Success,
194,Samsung,Galaxy M33,https://www.gsmarena.com/samsung_galaxy_m33-11404.php,https://fdn2.gsmarena.com/vv/bigpic/samsung-galaxy-m33.jpg,Success,
195,Samsung,Galaxy M23,https://www.gsmarena.com/samsung_galaxy_m23-11403.php,https://fdn2.gsmarena.com/vv/bigpic/samsung-galaxy-m23.jpg,Success,
196,Samsung,Galaxy A23,https://www.gsmarena.com/samsung_galaxy_a23-11373.php,https://fdn2.gsmarena.com/vv/bigpic/samsung-galaxy-a23.jpg,Success,
197,Samsung,Galaxy A13,https://www.gsmarena.com/samsung_galaxy_a13-11402.php,https://fdn2.gsmarena.com/vv/bigpic/samsung-galaxy-a13.jpg,Success,
198,Samsung,Galaxy S22 Ultra 5G,https://www.gsmarena.com/samsung_galaxy_s22_ultra_5g-11251.php,https://fdn2.gsmarena.com/vv/bigpic/samsung-galaxy-s22-ultra-5g.jpg,Success,
199,Samsung,Galaxy S22+ 5G,https://www.gsmarena.com/samsung_galaxy_s22+_5g-11252.php,https://fdn2.gsmarena.com/vv/bigpic/samsung-galaxy-s22-plus-5g.jpg,Success,
200,Samsung,Galaxy S22 5G,https://www.gsmarena.com/samsung_galaxy_s22_5g-11253.php,https://fdn2.gsmarena.com/vv/bigpic/samsung-galaxy-s22-5g.jpg,Success,
201,Samsung,X140,https://www.gsmarena.com/samsung_x140-1102.php,https://fdn2.gsmarena.com/vv/bigpic/samsung-x140.gif,Success,
202,Samsung,S410i,https://www.gsmarena.com/samsung_s410i-1315.php,https://fdn2.gsmarena.com/vv/bigpic/samsung-s410i.gif,Success,
203,Samsung,S342i,https://www.gsmarena.com/samsung_s342i-1148.php,https://fdn2.gsmarena.com/vv/bigpic/samsung-s342i.gif,Success,
204,Samsung,SCH-B100,https://www.gsmarena.com/samsung_sch_b100-1024.php,https://fdn2.gsmarena.com/vv/bigpic/ssb100.gif,Success,
205,Samsung,D500,https://www.gsmarena.com/samsung_d500-900.php,https://fdn2.gsmarena.com/vv/bigpic/ssd500.gif,Success,
206,Samsung,P730,https://www.gsmarena.com/samsung_p730-707.php,https://fdn2.gsmarena.com/vv/bigpic/ssp730.gif,Success,
207,Samsung,P710,https://www.gsmarena.com/samsung_p710-715.php,https://fdn2.gsmarena.com/vv/bigpic/ssp710.gif,Success,
208,Samsung,D428,https://www.gsmarena.com/samsung_d428-1005.php,https://fdn2.gsmarena.com/vv/bigpic/ssd428.gif,Success,
209,Samsung,D488,https://www.gsmarena.com/samsung_d488-1003.php,https://fdn2.gsmarena.com/vv/bigpic/ssd488.gif,Success,
210,Samsung,E850,https://www.gsmarena.com/samsung_e850-964.php,https://fdn2.gsmarena.com/vv/bigpic/sse850.gif,Success,
211,Samsung,E630,https://www.gsmarena.com/samsung_e630-932.php,https://fdn2.gsmarena.com/vv/bigpic/sse630.gif,Success,
212,Samsung,E810,https://www.gsmarena.com/samsung_e810-716.php,https://fdn2.gsmarena.com/vv/bigpic/sse810.gif,Success,
213,Samsung,E800,https://www.gsmarena.com/samsung_e800-709.php,https://fdn2.gsmarena.com/vv/bigpic/sse800.gif,Success,
214,Samsung,Z110,https://www.gsmarena.com/samsung_z110-1080.php,https://fdn2.gsmarena.com/vv/bigpic/samsung-z110.gif,Success,
215,Samsung,D710,https://www.gsmarena.com/samsung_d710-718.php,https://fdn2.gsmarena.com/vv/bigpic/ssd710.gif,Success,
216,Samsung,C200,https://www.gsmarena.com/samsung_c200-917.php,https://fdn2.gsmarena.com/vv/bigpic/ssc200.gif,Success,
217,Samsung,i530,https://www.gsmarena.com/samsung_i530-834.php,https://fdn2.gsmarena.com/vv/bigpic/ssi530.gif,Success,
218,Samsung,i505,https://www.gsmarena.com/samsung_i505-643.php,https://fdn2.gsmarena.com/vv/bigpic/ssi505.gif,Success,
219,Samsung,i500,https://www.gsmarena.com/samsung_i500-440.php,https://fdn2.gsmarena.com/vv/bigpic/ssi500.gif,Success,
220,Samsung,i250,https://www.gsmarena.com/samsung_i250-807.php,https://fdn2.gsmarena.com/vv/bigpic/ssi250.gif,Success,
221,Samsung,i700,https://www.gsmarena.com/samsung_i700-441.php,https://fdn2.gsmarena.com/vv/bigpic/ssi700.gif,Success,
222,Samsung,X910,https://www.gsmarena.com/samsung_x910-720.php,https://fdn2.gsmarena.com/vv/bigpic/ssx910.gif,Success,
223,Samsung,X900,https://www.gsmarena.com/samsung_x900-719.php,https://fdn2.gsmarena.com/vv/bigpic/ssx900.gif,Success,
224,Samsung,X610,https://www.gsmarena.com/samsung_x610-800.php,https://fdn2.gsmarena.com/vv/bigpic/ssx610.gif,Success,
225,Samsung,X460,https://www.gsmarena.com/samsung_x460-870.php,https://fdn2.gsmarena.com/vv/bigpic/ssx460.gif,Success,
226,Samsung,X120,https://www.gsmarena.com/samsung_x120-799.php,https://fdn2.gsmarena.com/vv/bigpic/ssx120.gif,Success,
227,Samsung,E330,https://www.gsmarena.com/samsung_e330-833.php,https://fdn2.gsmarena.com/vv/bigpic/sse330.gif,Success,
228,Samsung,E310,https://www.gsmarena.com/samsung_e310-832.php,https://fdn2.gsmarena.com/vv/bigpic/sse310.gif,Success,
229,Samsung,E300,https://www.gsmarena.com/samsung_e300-717.php,https://fdn2.gsmarena.com/vv/bigpic/sse300.gif,Success,
230,Samsung,C110,https://www.gsmarena.com/samsung_c110-721.php,https://fdn2.gsmarena.com/vv/bigpic/ssc110.gif,Success,
231,Samsung,Z107,https://www.gsmarena.com/samsung_z107-1014.php,https://fdn2.gsmarena.com/vv/bigpic/ssz107.gif,Success,
232,Samsung,Z105,https://www.gsmarena.com/samsung_z105-675.php,https://fdn2.gsmarena.com/vv/bigpic/ssz105.gif,Success,
233,Samsung,E610,https://www.gsmarena.com/samsung_e610-765.php,https://fdn2.gsmarena.com/vv/bigpic/sse610.gif,Success,
234,Samsung,E600,https://www.gsmarena.com/samsung_e600-606.php,https://fdn2.gsmarena.com/vv/bigpic/sse600.gif,Success,
235,Samsung,P510,https://www.gsmarena.com/samsung_p510-687.php,https://fdn2.gsmarena.com/vv/bigpic/ssp510.gif,Success,
236,Samsung,E410,https://www.gsmarena.com/samsung_e410-608.php,https://fdn2.gsmarena.com/vv/bigpic/sse410.gif,Success,
237,Samsung,X450,https://www.gsmarena.com/samsung_x450-614.php,https://fdn2.gsmarena.com/vv/bigpic/ssx450.gif,Success,
238,Samsung,X430,https://www.gsmarena.com/samsung_x430-588.php,https://fdn2.gsmarena.com/vv/bigpic/ssx430.gif,Success,
239,Samsung,P705,https://www.gsmarena.com/samsung_p705-531.php,https://fdn2.gsmarena.com/vv/bigpic/ssp705.gif,Success,
240,Samsung,D410,https://www.gsmarena.com/samsung_d410-545.php,https://fdn2.gsmarena.com/vv/bigpic/ssd410.gif,Success,
241,Samsung,X600,https://www.gsmarena.com/samsung_x600-511.php,https://fdn2.gsmarena.com/vv/bigpic/ssx600.gif,Success,
242,Samsung,X100,https://www.gsmarena.com/samsung_x100-494.php,https://fdn2.gsmarena.com/vv/bigpic/ssx100.gif,Success,
243,Samsung,E715,https://www.gsmarena.com/samsung_e715-486.php,https://fdn2.gsmarena.com/vv/bigpic/sse715.gif,Success,
244,Samsung,E700,https://www.gsmarena.com/samsung_e700-558.php,https://fdn2.gsmarena.com/vv/bigpic/sse700.gif,Success,
245,Samsung,C100,https://www.gsmarena.com/samsung_c100-444.php,https://fdn2.gsmarena.com/vv/bigpic/ssc100.gif,Success,
246,Samsung,D700,https://www.gsmarena.com/samsung_d700-439.php,https://fdn2.gsmarena.com/vv/bigpic/ssd700.gif,Success,
247,Samsung,P500,https://www.gsmarena.com/samsung_p500-438.php,https://fdn2.gsmarena.com/vv/bigpic/ssp410.gif,Success,
248,Samsung,E105,https://www.gsmarena.com/samsung_e105-462.php,https://fdn2.gsmarena.com/vv/bigpic/sse105.gif,Success,
249,Samsung,E100,https://www.gsmarena.com/samsung_e100-526.php,https://fdn2.gsmarena.com/vv/bigpic/sse100.gif,Success,
250,Samsung,X410,https://www.gsmarena.com/samsung_x410-437.php,https://fdn2.gsmarena.com/vv/bigpic/ssx410.gif,Success,
251,Samsung,Galaxy Tab S8 Ultra,https://www.gsmarena.com/samsung_galaxy_tab_s8_ultra-11274.php,https://fdn2.gsmarena.com/vv/bigpic/samsung-galaxy-tab-s8-ultra.jpg,Success,
252,Samsung,Galaxy Tab S8+,https://www.gsmarena.com/samsung_galaxy_tab_s8+-11342.php,https://fdn2.gsmarena.com/vv/bigpic/samsung-galaxy-tab-s8-plus.jpg,Success,
253,Samsung,Galaxy Tab S8,https://www.gsmarena.com/samsung_galaxy_tab_s8-11343.php,https://fdn2.gsmarena.com/vv/bigpic/samsung-galaxy-tab-s8.jpg,Success,
254,Samsung,Galaxy S21 FE 5G,https://www.gsmarena.com/samsung_galaxy_s21_fe_5g-10954.php,https://fdn2.gsmarena.com/vv/bigpic/samsung-galaxy-s21-fe-5g.jpg,Success,
255,Samsung,Galaxy Tab A8 10.5 (2021),https://www.gsmarena.com/samsung_galaxy_tab_a8_10_5_(2021)-11265.php,https://fdn2.gsmarena.com/vv/bigpic/samsung-galaxy-tab-a8-105-2021-new.jpg,Success,
256,Samsung,Galaxy A13 5G,https://www.gsmarena.com/samsung_galaxy_a13_5g-11149.php,https://fdn2.gsmarena.com/vv/bigpic/samsung-galaxy-a13-5g-.jpg,Success,
257,Samsung,Galaxy A03,https://www.gsmarena.com/samsung_galaxy_a03-11244.php,https://fdn2.gsmarena.com/vv/bigpic/samsung-galaxy-a03.jpg,Success,
258,Samsung,Galaxy A03 Core,https://www.gsmarena.com/samsung_galaxy_a03_core-11215.php,https://fdn2.gsmarena.com/vv/bigpic/samsung-galaxy-a03-core.jpg,Success,
259,Samsung,Galaxy F42 5G,https://www.gsmarena.com/samsung_galaxy_f42_5g-11124.php,https://fdn2.gsmarena.com/vv/bigpic/samsung-galaxy-f42-5g.jpg,Success,
260,Samsung,Galaxy M52 5G,https://www.gsmarena.com/samsung_galaxy_m52_5g-11110.php,https://fdn2.gsmarena.com/vv/bigpic/samsung-galaxy-m32-5g-.jpg,Success,
261,Samsung,Galaxy M22,https://www.gsmarena.com/samsung_galaxy_m22-11011.php,https://fdn2.gsmarena.com/vv/bigpic/samsung-galaxy-m22-.jpg,Success,
262,Samsung,Galaxy M32 5G,https://www.gsmarena.com/samsung_galaxy_m32_5g-11062.php,https://fdn2.gsmarena.com/vv/bigpic/samsung-galaxy-m32-5g-new.jpg,Success,
263,Samsung,Galaxy A03s,https://www.gsmarena.com/samsung_galaxy_a03s-10937.php,https://fdn2.gsmarena.com/vv/bigpic/samsung-galaxy-a03s.jpg,Success,
264,Samsung,Galaxy A52s 5G,https://www.gsmarena.com/samsung_galaxy_a52s_5g-11039.php,https://fdn2.gsmarena.com/vv/bigpic/samsung-galaxy-a52s-5g.jpg,Success,
265,Samsung,Galaxy Z Fold3 5G,https://www.gsmarena.com/samsung_galaxy_z_fold3_5g-10906.php,https://fdn2.gsmarena.com/vv/bigpic/samsung-galaxy-z-fold3-5g.jpg,Success,
266,Samsung,Galaxy Z Flip3 5G,https://www.gsmarena.com/samsung_galaxy_z_flip3_5g-11044.php,https://fdn2.gsmarena.com/vv/bigpic/samsung-galaxy-z-flip3-5g.jpg,Success,
267,Samsung,Galaxy Watch4 Classic,https://www.gsmarena.com/samsung_galaxy_watch4_classic-11046.php,https://fdn2.gsmarena.com/vv/bigpic/samsung-galaxy-watch4-classic.jpg,Success,
268,Samsung,Galaxy Watch4,https://www.gsmarena.com/samsung_galaxy_watch4-11045.php,https://fdn2.gsmarena.com/vv/bigpic/samsung-galaxy-watch4.jpg,Success,
269,Samsung,Galaxy A12 (India),https://www.gsmarena.com/samsung_galaxy_a12_(india)-11087.php,https://fdn2.gsmarena.com/vv/bigpic/samsung-galaxy-a12-sm-a125.jpg,Success,
270,Samsung,Galaxy A12 Nacho,https://www.gsmarena.com/samsung_galaxy_a12_nacho-11041.php,https://fdn2.gsmarena.com/vv/bigpic/samsung-galaxy-a12-nacho.jpg,Success,
271,Samsung,Galaxy M21 2021,https://www.gsmarena.com/samsung_galaxy_m21_2021-11015.php,https://fdn2.gsmarena.com/vv/bigpic/samsung-galaxy-m21-2021.jpg,Success,
272,Samsung,Galaxy F22,https://www.gsmarena.com/samsung_galaxy_f22-10996.php,https://fdn2.gsmarena.com/vv/bigpic/samsung-galaxy-f22.jpg,Success,
273,Samsung,Galaxy M32,https://www.gsmarena.com/samsung_galaxy_m32-10887.php,https://fdn2.gsmarena.com/vv/bigpic/samsung-galaxy-m32.jpg,Success,
274,Samsung,Galaxy A22 5G,https://www.gsmarena.com/samsung_galaxy_a22_5g-10873.php,https://fdn2.gsmarena.com/vv/bigpic/samsung-galaxy-a22-5g.jpg,Success,
275,Samsung,Galaxy A22,https://www.gsmarena.com/samsung_galaxy_a22-10948.php,https://fdn2.gsmarena.com/vv/bigpic/samsung-galaxy-a22.jpg,Success,
276,Samsung,Galaxy Tab A7 Lite,https://www.gsmarena.com/samsung_galaxy_tab_a7_lite-10933.php,https://fdn2.gsmarena.com/vv/bigpic/samsung-galaxy-tab-a7-lite.jpg,Success,
277,Samsung,Galaxy Tab S7 FE,https://www.gsmarena.com/samsung_galaxy_tab_s7_fe-10922.php,https://fdn2.gsmarena.com/vv/bigpic/samsung-galaxy-tab-s7-fe.jpg,Success,
278,Samsung,Galaxy F52 5G,https://www.gsmarena.com/samsung_galaxy_f52_5g-10900.php,https://fdn2.gsmarena.com/vv/bigpic/samsung-galaxy-f52-5g.jpg,Success,
279,Samsung,Galaxy M42 5G,https://www.gsmarena.com/samsung_galaxy_m42_5g-10848.php,https://fdn2.gsmarena.com/vv/bigpic/samsung-galaxy-m42.jpg,Success,
280,Samsung,Galaxy M12,https://www.gsmarena.com/samsung_galaxy_m12-10860.php,https://fdn2.gsmarena.com/vv/bigpic/samsung-galaxy-m12.jpg,Success,
281,Samsung,Galaxy Quantum 2,https://www.gsmarena.com/samsung_galaxy_quantum_2-10850.php,https://fdn2.gsmarena.com/vv/bigpic/samsung-galaxy-quantum-2-sm-a826s.jpg,Success,
282,Samsung,Galaxy F12,https://www.gsmarena.com/samsung_galaxy_f12-10825.php,https://fdn2.gsmarena.com/vv/bigpic/samsung-galaxy-f12.jpg,Success,
283,Samsung,Galaxy F02s,https://www.gsmarena.com/samsung_galaxy_f02s-10824.php,https://fdn2.gsmarena.com/vv/bigpic/samsung-galaxy-f02s.jpg,Success,
284,Samsung,Galaxy A72,https://www.gsmarena.com/samsung_galaxy_a72-10469.php,https://fdn2.gsmarena.com/vv/bigpic/samsung-galaxy-a72-4g.jpg,Success,
285,Samsung,Galaxy A52 5G,https://www.gsmarena.com/samsung_galaxy_a52_5g-10631.php,https://fdn2.gsmarena.com/vv/bigpic/samsung-galaxy-a52-5g.jpg,Success,
286,Samsung,Galaxy A52,https://www.gsmarena.com/samsung_galaxy_a52-10641.php,https://fdn2.gsmarena.com/vv/bigpic/samsung-galaxy-a52-4g.jpg,Success,
287,Samsung,Galaxy XCover 5,https://www.gsmarena.com/samsung_galaxy_xcover_5-10718.php,https://fdn2.gsmarena.com/vv/bigpic/samsung-galaxy-xcover-5.jpg,Success,
288,Samsung,Galaxy A32,https://www.gsmarena.com/samsung_galaxy_a32-10753.php,https://fdn2.gsmarena.com/vv/bigpic/samsung-galaxy-a32-4g-new.jpg,Success,
289,Samsung,Galaxy M62,https://www.gsmarena.com/samsung_galaxy_m62-10749.php,https://fdn2.gsmarena.com/vv/bigpic/samsung-galaxy-m62.jpg,Success,
290,Samsung,Galaxy F62,https://www.gsmarena.com/samsung_galaxy_f62-10740.php,https://fdn2.gsmarena.com/vv/bigpic/samsung-galaxy-f62.jpg,Success,
291,Samsung,Galaxy M12 (India),https://www.gsmarena.com/samsung_galaxy_m12_(india)-10578.php,https://fdn2.gsmarena.com/vv/bigpic/samsung-galaxy-a12-sm-a125.jpg,Success,
292,Samsung,Galaxy S21 Ultra 5G,https://www.gsmarena.com/samsung_galaxy_s21_ultra_5g-10596.php,https://fdn2.gsmarena.com/vv/bigpic/samsung-galaxy-s21-ultra-5g-.jpg,Success,
293,Samsung,Galaxy S21+ 5G,https://www.gsmarena.com/samsung_galaxy_s21+_5g-10625.php,https://fdn2.gsmarena.com/vv/bigpic/samsung-galaxy-s21-plus-5g-.jpg,Success,
294,Samsung,Galaxy S21 5G,https://www.gsmarena.com/samsung_galaxy_s21_5g-10626.php,https://fdn2.gsmarena.com/vv/bigpic/samsung-galaxy-s21-5g-r.jpg,Success,
295,Samsung,Galaxy A32 5G,https://www.gsmarena.com/samsung_galaxy_a32_5g-10648.php,https://fdn2.gsmarena.com/vv/bigpic/samsung-galaxy-a32-5g.jpg,Success,
296,Samsung,Galaxy M02s,https://www.gsmarena.com/samsung_galaxy_m02s-10663.php,https://fdn2.gsmarena.com/vv/bigpic/samsung-galaxy-m02s.jpg,Success,
297,Samsung,Galaxy A12,https://www.gsmarena.com/samsung_galaxy_a12-10604.php,https://fdn2.gsmarena.com/vv/bigpic/samsung-galaxy-a12-sm-a125.jpg,Success,
298,Samsung,Galaxy M02,https://www.gsmarena.com/samsung_galaxy_m02-10709.php,https://fdn2.gsmarena.com/vv/bigpic/samsung-galaxy-m02.jpg,Success,
299,Samsung,Galaxy A02,https://www.gsmarena.com/samsung_galaxy_a02-10708.php,https://fdn2.gsmarena.com/vv/bigpic/samsung-galaxy-a02.jpg,Success,
300,Samsung,Galaxy A02s,https://www.gsmarena.com/samsung_galaxy_a02s-10603.php,https://fdn2.gsmarena.com/vv/bigpic/samsung-galaxy-a02s-sm-a025-new.jpg,Success,
301,Samsung,P300,https://www.gsmarena.com/samsung_p300-1351.php,https://fdn2.gsmarena.com/vv/bigpic/samsung-p300.gif,Success,
302,Samsung,E770,https://www.gsmarena.com/samsung_e770-1344.php,https://fdn2.gsmarena.com/vv/bigpic/samsung-e770.gif,Success,
303,Samsung,E370,https://www.gsmarena.com/samsung_e370-1554.php,https://fdn2.gsmarena.com/vv/bigpic/samsung-e370.gif,Success,
304,Samsung,E360,https://www.gsmarena.com/samsung_e360-1343.php,https://fdn2.gsmarena.com/vv/bigpic/samsung-e360.gif,Success,
305,Samsung,ZV30,https://www.gsmarena.com/samsung_zv30-1342.php,https://fdn2.gsmarena.com/vv/bigpic/samsung-zv30.gif,Success,
306,Samsung,ZV10,https://www.gsmarena.com/samsung_zv10-1357.php,https://fdn2.gsmarena.com/vv/bigpic/samsung-zv10.gif,Success,
307,Samsung,S400i,https://www.gsmarena.com/samsung_s400i-1477.php,https://fdn2.gsmarena.com/vv/bigpic/samsung-s400i.gif,Success,
308,Samsung,Z320i,https://www.gsmarena.com/samsung_z320i-1398.php,https://fdn2.gsmarena.com/vv/bigpic/samsung-z320i.gif,Success,
309,Samsung,S500i,https://www.gsmarena.com/samsung_s500i-1341.php,https://fdn2.gsmarena.com/vv/bigpic/samsung-s500i.gif,Success,
310,Samsung,E860,https://www.gsmarena.com/samsung_e860-1340.php,https://fdn2.gsmarena.com/vv/bigpic/samsung-e860.gif,Success,
311,Samsung,Serene,https://www.gsmarena.com/samsung_serene-1314.php,https://fdn2.gsmarena.com/vv/bigpic/samsung-e910.gif,Success,
312,Samsung,D600,https://www.gsmarena.com/samsung_d600-1103.php,https://fdn2.gsmarena.com/vv/bigpic/samsung-d600.gif,Success,
313,Samsung,P850,https://www.gsmarena.com/samsung_p850-1113.php,https://fdn2.gsmarena.com/vv/bigpic/samsung-p850.gif,Success,
314,Samsung,E730,https://www.gsmarena.com/samsung_e730-1115.php,https://fdn2.gsmarena.com/vv/bigpic/samsung-e730.gif,Success,
315,Samsung,D510,https://www.gsmarena.com/samsung_d510-1130.php,https://fdn2.gsmarena.com/vv/bigpic/samsung-d510.gif,Success,
316,Samsung,X700,https://www.gsmarena.com/samsung_x700-1298.php,https://fdn2.gsmarena.com/vv/bigpic/samsung-x700.gif,Success,
317,Samsung,X670,https://www.gsmarena.com/samsung_x670-1545.php,https://fdn2.gsmarena.com/vv/bigpic/samsung-x670.gif,Success,
318,Samsung,X660,https://www.gsmarena.com/samsung_x660-1316.php,https://fdn2.gsmarena.com/vv/bigpic/samsung-x660.gif,Success,
319,Samsung,X650,https://www.gsmarena.com/samsung_x650-1567.php,https://fdn2.gsmarena.com/vv/bigpic/samsung-x650.gif,Success,
320,Samsung,X490,https://www.gsmarena.com/samsung_x490-1419.php,https://fdn2.gsmarena.com/vv/bigpic/samsung-x490.gif,Success,
321,Samsung,X200,https://www.gsmarena.com/samsung_x200-1317.php,https://fdn2.gsmarena.com/vv/bigpic/samsung-x200.gif,Success,
322,Samsung,X150,https://www.gsmarena.com/samsung_x150-1381.php,https://fdn2.gsmarena.com/vv/bigpic/samsung-x150.gif,Success,
323,Samsung,Z500,https://www.gsmarena.com/samsung_z500-1050.php,https://fdn2.gsmarena.com/vv/bigpic/samsung-z500.gif,Success,
324,Samsung,Z300,https://www.gsmarena.com/samsung_z300-1049.php,https://fdn2.gsmarena.com/vv/bigpic/samsung-z300.gif,Success,
325,Samsung,Z130,https://www.gsmarena.com/samsung_z130-1051.php,https://fdn2.gsmarena.com/vv/bigpic/ssz130.gif,Success,
326,Samsung,Z140,https://www.gsmarena.com/samsung_z140-1142.php,https://fdn2.gsmarena.com/vv/bigpic/samsung-z140.gif,Success,
327,Samsung,D550,https://www.gsmarena.com/samsung_d550-1206.php,https://fdn2.gsmarena.com/vv/bigpic/samsung-d550.gif,Success,
328,Samsung,P860,https://www.gsmarena.com/samsung_p860-1114.php,https://fdn2.gsmarena.com/vv/bigpic/samsung-p860.gif,Success,
329,Samsung,Z700,https://www.gsmarena.com/samsung_z700-1105.php,https://fdn2.gsmarena.com/vv/bigpic/samsung-z700.gif,Success,
330,Samsung,D730,https://www.gsmarena.com/samsung_d730-1124.php,https://fdn2.gsmarena.com/vv/bigpic/samsung-d730.gif,Success,
331,Samsung,i750,https://www.gsmarena.com/samsung_i750-1125.php,https://fdn2.gsmarena.com/vv/bigpic/samsung-i750.gif,Success,
332,Samsung,D720,https://www.gsmarena.com/samsung_d720-1052.php,https://fdn2.gsmarena.com/vv/bigpic/samsung-d720.gif,Success,
333,Samsung,E760,https://www.gsmarena.com/samsung_e760-1251.php,https://fdn2.gsmarena.com/vv/bigpic/samsung-e760.gif,Success,
334,Samsung,E750,https://www.gsmarena.com/samsung_e750-1127.php,https://fdn2.gsmarena.com/vv/bigpic/samsung-e750.gif,Success,
335,Samsung,E720,https://www.gsmarena.com/samsung_e720-1021.php,https://fdn2.gsmarena.com/vv/bigpic/sse720.gif,Success,
336,Samsung,E880,https://www.gsmarena.com/samsung_e880-1143.php,https://fdn2.gsmarena.com/vv/bigpic/samsung-e880.gif,Success,
337,Samsung,i300,https://www.gsmarena.com/samsung_i300-1104.php,https://fdn2.gsmarena.com/vv/bigpic/samsung-i300.gif,Success,
338,Samsung,E350,https://www.gsmarena.com/samsung_e350-1048.php,https://fdn2.gsmarena.com/vv/bigpic/samsung-e350.gif,Success,
339,Samsung,E640,https://www.gsmarena.com/samsung_e640-1128.php,https://fdn2.gsmarena.com/vv/bigpic/samsung-e640.gif,Success,
340,Samsung,E620,https://www.gsmarena.com/samsung_e620-1126.php,https://fdn2.gsmarena.com/vv/bigpic/samsung-e620.gif,Success,
341,Samsung,E530,https://www.gsmarena.com/samsung_e530-1129.php,https://fdn2.gsmarena.com/vv/bigpic/samsung-e530.gif,Success,
342,Samsung,E340,https://www.gsmarena.com/samsung_e340-1078.php,https://fdn2.gsmarena.com/vv/bigpic/samsung-e340.gif,Success,
343,Samsung,X810,https://www.gsmarena.com/samsung_x810-1209.php,https://fdn2.gsmarena.com/vv/bigpic/samsung-x810.gif,Success,
344,Samsung,X800,https://www.gsmarena.com/samsung_x800-1131.php,https://fdn2.gsmarena.com/vv/bigpic/samsung-x800.gif,Success,
345,Samsung,C120,https://www.gsmarena.com/samsung_c120-1380.php,https://fdn2.gsmarena.com/vv/bigpic/samsung-c120.gif,Success,
346,Samsung,C230,https://www.gsmarena.com/samsung_c230-1208.php,https://fdn2.gsmarena.com/vv/bigpic/samsung-c230.gif,Success,
347,Samsung,C210,https://www.gsmarena.com/samsung_c210-1265.php,https://fdn2.gsmarena.com/vv/bigpic/samsung-c210.gif,Success,
348,Samsung,X640,https://www.gsmarena.com/samsung_x640-1023.php,https://fdn2.gsmarena.com/vv/bigpic/ssx640.gif,Success,
349,Samsung,X480,https://www.gsmarena.com/samsung_x480-1022.php,https://fdn2.gsmarena.com/vv/bigpic/ssx480.gif,Success,
350,Samsung,X620,https://www.gsmarena.com/samsung_x620-1141.php,https://fdn2.gsmarena.com/vv/bigpic/samsung-x620.gif,Success,
351,Samsung,Galaxy M21s,https://www.gsmarena.com/samsung_galaxy_m21s-10580.php,https://fdn2.gsmarena.com/vv/bigpic/samsung-galaxy-m21s.jpg,Success,
352,Samsung,Galaxy M31 Prime,https://www.gsmarena.com/samsung_galaxy_m31_prime-10496.php,https://fdn2.gsmarena.com/vv/bigpic/samsung-galaxy-m31-sm-m315f.jpg,Success,
353,Samsung,Galaxy F41,https://www.gsmarena.com/samsung_galaxy_f41-10498.php,https://fdn2.gsmarena.com/vv/bigpic/samsung-galaxy-f41-sm-f415fds.jpg,Success,
354,Samsung,Galaxy Tab Active3,https://www.gsmarena.com/samsung_galaxy_tab_active3-10476.php,https://fdn2.gsmarena.com/vv/bigpic/samsung-galaxy-tab-active3.jpg,Success,
355,Samsung,Galaxy S20 FE 5G,https://www.gsmarena.com/samsung_galaxy_s20_fe_5g-10377.php,https://fdn2.gsmarena.com/vv/bigpic/samsung-galaxy-s20-fe-5g.jpg,Success,
356,Samsung,Galaxy S20 FE,https://www.gsmarena.com/samsung_galaxy_s20_fe-10428.php,https://fdn2.gsmarena.com/vv/bigpic/samsung-galaxy-s20-fe-4g.jpg,Success,
357,Samsung,Galaxy A42 5G,https://www.gsmarena.com/samsung_galaxy_a42_5g-10412.php,https://fdn2.gsmarena.com/vv/bigpic/samsung-galaxy-a42-5g.jpg,Success,
358,Samsung,Galaxy Tab A7 10.4 (2020),https://www.gsmarena.com/samsung_galaxy_tab_a7_10_4_(2020)-10411.php,https://fdn2.gsmarena.com/vv/bigpic/samsung-galaxy-tab-a7-104-2020.jpg,Success,
359,Samsung,Galaxy M51,https://www.gsmarena.com/samsung_galaxy_m51-10148.php,https://fdn2.gsmarena.com/vv/bigpic/samsung-galaxy-m51.jpg,Success,
360,Samsung,Galaxy A51 5G UW,https://www.gsmarena.com/samsung_galaxy_a51_5g_uw-10371.php,https://fdn2.gsmarena.com/vv/bigpic/samsung-galaxy-a51-5g-uw.jpg,Success,
361,Samsung,Galaxy Z Fold2 5G,https://www.gsmarena.com/samsung_galaxy_z_fold2_5g-10342.php,https://fdn2.gsmarena.com/vv/bigpic/samsung-galaxy-z-fold2-5g.jpg,Success,
362,Samsung,Galaxy Note20 Ultra 5G,https://www.gsmarena.com/samsung_galaxy_note20_ultra_5g-10261.php,https://fdn2.gsmarena.com/vv/bigpic/samsung-galaxy-note20-ultra-.jpg,Success,
363,Samsung,Galaxy Note20 Ultra,https://www.gsmarena.com/samsung_galaxy_note20_ultra-10355.php,https://fdn2.gsmarena.com/vv/bigpic/samsung-galaxy-note20-ultra-.jpg,Success,
364,Samsung,Galaxy Note20 5G,https://www.gsmarena.com/samsung_galaxy_note20_5g-10325.php,https://fdn2.gsmarena.com/vv/bigpic/samsung-galaxy-note20-5g-r.jpg,Success,
365,Samsung,Galaxy Note20,https://www.gsmarena.com/samsung_galaxy_note20-10338.php,https://fdn2.gsmarena.com/vv/bigpic/samsung-galaxy-note20-5g-r.jpg,Success,
366,Samsung,Galaxy Watch3,https://www.gsmarena.com/samsung_galaxy_watch3-10315.php,https://fdn2.gsmarena.com/vv/bigpic/samsung-galaxy-watch3.jpg,Success,
367,Samsung,Galaxy Tab S7+,https://www.gsmarena.com/samsung_galaxy_tab_s7+-10336.php,https://fdn2.gsmarena.com/vv/bigpic/samsung-galaxy-tab-s7-plus1.jpg,Success,
368,Samsung,Galaxy Tab S7,https://www.gsmarena.com/samsung_galaxy_tab_s7-10337.php,https://fdn2.gsmarena.com/vv/bigpic/samsung-galaxy-tab-s7-1.jpg,Success,
369,Samsung,Galaxy Z Flip 5G,https://www.gsmarena.com/samsung_galaxy_z_flip_5g-10244.php,https://fdn2.gsmarena.com/vv/bigpic/samsung-galaxy-z-flip-5g-mystic-bronze.jpg,Success,
370,Samsung,Galaxy M31s,https://www.gsmarena.com/samsung_galaxy_m31s-10333.php,https://fdn2.gsmarena.com/vv/bigpic/samsung-galaxy-m31s.jpg,Success,
371,Samsung,Galaxy M01s,https://www.gsmarena.com/samsung_galaxy_m01s-10335.php,https://fdn2.gsmarena.com/vv/bigpic/samsung-galaxy-m01s-m017f.jpg,Success,
372,Samsung,Galaxy M01 Core,https://www.gsmarena.com/samsung_galaxy_m01_core-10316.php,https://fdn2.gsmarena.com/vv/bigpic/samsung-galaxy-a01core-sm-a013.jpg,Success,
373,Samsung,Galaxy A01 Core,https://www.gsmarena.com/samsung_galaxy_a01_core-10314.php,https://fdn2.gsmarena.com/vv/bigpic/samsung-galaxy-a01core-sm-a013.jpg,Success,
374,Samsung,Galaxy A71 5G UW,https://www.gsmarena.com/samsung_galaxy_a71_5g_uw-10276.php,https://fdn2.gsmarena.com/vv/bigpic/samsung-galaxy-a71-5g-uw.jpg,Success,
375,Samsung,Galaxy M01,https://www.gsmarena.com/samsung_galaxy_m01-10216.php,https://fdn2.gsmarena.com/vv/bigpic/samsung-galaxy-m01.jpg,Success,
376,Samsung,Galaxy A21s,https://www.gsmarena.com/samsung_galaxy_a21s-10239.php,https://fdn2.gsmarena.com/vv/bigpic/samsung-galaxy-a21s-.jpg,Success,
377,Samsung,Galaxy J2 Core (2020),https://www.gsmarena.com/samsung_galaxy_j2_core_(2020)-10208.php,https://fdn2.gsmarena.com/vv/bigpic/samsung-galaxy-j2-core-2020.jpg,Success,
378,Samsung,Galaxy A Quantum,https://www.gsmarena.com/samsung_galaxy_a_quantum-10243.php,https://fdn2.gsmarena.com/vv/bigpic/samsung-galaxy-a71-5g.jpg,Success,
379,Samsung,Galaxy A71 5G,https://www.gsmarena.com/samsung_galaxy_a71_5g-10146.php,https://fdn2.gsmarena.com/vv/bigpic/samsung-galaxy-a71-5g.jpg,Success,
380,Samsung,Galaxy A51 5G,https://www.gsmarena.com/samsung_galaxy_a51_5g-10157.php,https://fdn2.gsmarena.com/vv/bigpic/samsung-galaxy-a51-5g.jpg,Success,
381,Samsung,Galaxy A21,https://www.gsmarena.com/samsung_galaxy_a21-10172.php,https://fdn2.gsmarena.com/vv/bigpic/samsung-galaxy-a21-r.jpg,Success,
382,Samsung,Galaxy Tab A 8.4 (2020),https://www.gsmarena.com/samsung_galaxy_tab_a_8_4_(2020)-10483.php,https://fdn2.gsmarena.com/vv/bigpic/samsung-galaxy-tab-a-84-2020.jpg,Success,
383,Samsung,Galaxy Tab S6 Lite (2020),https://www.gsmarena.com/samsung_galaxy_tab_s6_lite_(2020)-10158.php,https://fdn2.gsmarena.com/vv/bigpic/galaxy-tab-s6-lite.jpg,Success,
384,Samsung,Galaxy M11,https://www.gsmarena.com/samsung_galaxy_m11-10124.php,https://fdn2.gsmarena.com/vv/bigpic/samsung-galaxy-m11-sm-m115.jpg,Success,
385,Samsung,Galaxy A31,https://www.gsmarena.com/samsung_galaxy_a31-10149.php,https://fdn2.gsmarena.com/vv/bigpic/samsung-galaxy-a31.jpg,Success,
386,Samsung,Galaxy A41,https://www.gsmarena.com/samsung_galaxy_a41-10138.php,https://fdn2.gsmarena.com/vv/bigpic/samsung-galaxy-a41.jpg,Success,
387,Samsung,Galaxy M21,https://www.gsmarena.com/samsung_galaxy_m21-10111.php,https://fdn2.gsmarena.com/vv/bigpic/samsung-galaxy-m21.jpg,Success,
388,Samsung,Galaxy A11,https://www.gsmarena.com/samsung_galaxy_a11-10132.php,https://fdn2.gsmarena.com/vv/bigpic/samsung-galaxy-a11.jpg,Success,
389,Samsung,Galaxy M31,https://www.gsmarena.com/samsung_galaxy_m31-10079.php,https://fdn2.gsmarena.com/vv/bigpic/samsung-galaxy-m31-sm-m315f.jpg,Success,
390,Samsung,Galaxy S20 Ultra 5G,https://www.gsmarena.com/samsung_galaxy_s20_ultra_5g-10040.php,https://fdn2.gsmarena.com/vv/bigpic/samsung-galaxy-s20-ultra-.jpg,Success,
391,Samsung,Galaxy S20 Ultra,https://www.gsmarena.com/samsung_galaxy_s20_ultra-10084.php,https://fdn2.gsmarena.com/vv/bigpic/samsung-galaxy-s20-ultra-.jpg,Success,
392,Samsung,Galaxy S20+ 5G,https://www.gsmarena.com/samsung_galaxy_s20+_5g-10041.php,https://fdn2.gsmarena.com/vv/bigpic/samsung-galaxy-s20-plus.jpg,Success,
393,Samsung,Galaxy S20+,https://www.gsmarena.com/samsung_galaxy_s20+-10080.php,https://fdn2.gsmarena.com/vv/bigpic/samsung-galaxy-s20-plus.jpg,Success,
394,Samsung,Galaxy S20 5G UW,https://www.gsmarena.com/samsung_galaxy_s20_5g_uw-10254.php,https://fdn2.gsmarena.com/vv/bigpic/samsung-galaxy-s20-.jpg,Success,
395,Samsung,Galaxy S20 5G,https://www.gsmarena.com/samsung_galaxy_s20_5g-10044.php,https://fdn2.gsmarena.com/vv/bigpic/samsung-galaxy-s20-.jpg,Success,
396,Samsung,Galaxy S20,https://www.gsmarena.com/samsung_galaxy_s20-10081.php,https://fdn2.gsmarena.com/vv/bigpic/samsung-galaxy-s20-.jpg,Success,
397,Samsung,Galaxy Z Flip,https://www.gsmarena.com/samsung_galaxy_z_flip-10054.php,https://fdn2.gsmarena.com/vv/bigpic/samsung-galaxy-z-flip-01.jpg,Success,
398,Samsung,Galaxy Tab S6 5G,https://www.gsmarena.com/samsung_galaxy_tab_s6_5g-10004.php,https://fdn2.gsmarena.com/vv/bigpic/samsung-galaxy-tab-s6-5g-sm-t866n.jpg,Success,
399,Samsung,Galaxy XCover Pro,https://www.gsmarena.com/samsung_galaxy_xcover_pro-10001.php,https://fdn2.gsmarena.com/vv/bigpic/samsung-galaxy-xcover-pro-.jpg,Success,
400,Samsung,Galaxy Note10 Lite,https://www.gsmarena.com/samsung_galaxy_note10_lite-10003.php,https://fdn2.gsmarena.com/vv/bigpic/sasmung-galaxy-note10-lite-r.jpg,Success,
401,Samsung,C400,https://www.gsmarena.com/samsung_c400-1707.php,https://fdn2.gsmarena.com/vv/bigpic/samsung-c400.gif,Success,
402,Samsung,C240,https://www.gsmarena.com/samsung_c240-1616.php,https://fdn2.gsmarena.com/vv/bigpic/samsung-c240.gif,Success,
403,Samsung,C180,https://www.gsmarena.com/samsung_c180-2041.php,https://fdn2.gsmarena.com/vv/bigpic/samsung-c180.gif,Success,
404,Samsung,C170,https://www.gsmarena.com/samsung_c170-2010.php,https://fdn2.gsmarena.com/vv/bigpic/samsung-c170.gif,Success,
405,Samsung,C160,https://www.gsmarena.com/samsung_c160-1922.php,https://fdn2.gsmarena.com/vv/bigpic/samsung-c160.gif,Success,
406,Samsung,C140,https://www.gsmarena.com/samsung_c140-1830.php,https://fdn2.gsmarena.com/vv/bigpic/samsung-c140.gif,Success,
407,Samsung,D830,https://www.gsmarena.com/samsung_d830-1600.php,https://fdn2.gsmarena.com/vv/bigpic/samsung-d830.gif,Success,
408,Samsung,D900i,https://www.gsmarena.com/samsung_d900i-1989.php,https://fdn2.gsmarena.com/vv/bigpic/samsung-d900i.gif,Success,
409,Samsung,D900,https://www.gsmarena.com/samsung_d900-1587.php,https://fdn2.gsmarena.com/vv/bigpic/samsung-d900.gif,Success,
410,Samsung,X820,https://www.gsmarena.com/samsung_x820-1556.php,https://fdn2.gsmarena.com/vv/bigpic/samsung-x820.gif,Success,
411,Samsung,C130,https://www.gsmarena.com/samsung_c130-1608.php,https://fdn2.gsmarena.com/vv/bigpic/samsung-c130.gif,Success,
412,Samsung,E500,https://www.gsmarena.com/samsung_e500-825.php,https://fdn2.gsmarena.com/vv/bigpic/sse500.gif,Success,
413,Samsung,E380,https://www.gsmarena.com/samsung_e380-1624.php,https://fdn2.gsmarena.com/vv/bigpic/samsung-e380.gif,Success,
414,Samsung,D870,https://www.gsmarena.com/samsung_d870-1506.php,https://fdn2.gsmarena.com/vv/bigpic/samsung-d870.gif,Success,
415,Samsung,D780 flip,https://www.gsmarena.com/samsung_d780_flip-1507.php,https://fdn2.gsmarena.com/vv/bigpic/samsung-d780.gif,Success,
416,Samsung,E900,https://www.gsmarena.com/samsung_e900-1508.php,https://fdn2.gsmarena.com/vv/bigpic/samsung-e900.gif,Success,
417,Samsung,Z400,https://www.gsmarena.com/samsung_z400-1510.php,https://fdn2.gsmarena.com/vv/bigpic/samsung-z400.gif,Success,
418,Samsung,Z550,https://www.gsmarena.com/samsung_z550-1509.php,https://fdn2.gsmarena.com/vv/bigpic/samsung-z550.gif,Success,
419,Samsung,i320,https://www.gsmarena.com/samsung_i320-1442.php,https://fdn2.gsmarena.com/vv/bigpic/samsung-i320.gif,Success,
420,Samsung,i310,https://www.gsmarena.com/samsung_i310-1496.php,https://fdn2.gsmarena.com/vv/bigpic/samsung-i310.gif,Success,
421,Samsung,ZV50,https://www.gsmarena.com/samsung_zv50-1592.php,https://fdn2.gsmarena.com/vv/bigpic/samsung-zv50.gif,Success,
422,Samsung,ZV40,https://www.gsmarena.com/samsung_zv40-1642.php,https://fdn2.gsmarena.com/vv/bigpic/samsung-zv40.gif,Success,
423,Samsung,Z560,https://www.gsmarena.com/samsung_z560-1439.php,https://fdn2.gsmarena.com/vv/bigpic/samsung-z560.gif,Success,
424,Samsung,P920,https://www.gsmarena.com/samsung_p920-1599.php,https://fdn2.gsmarena.com/vv/bigpic/samsung-p920.gif,Success,
425,Samsung,P900,https://www.gsmarena.com/samsung_p900-1427.php,https://fdn2.gsmarena.com/vv/bigpic/samsung-p900.gif,Success,
426,Samsung,P910,https://www.gsmarena.com/samsung_p910-1440.php,https://fdn2.gsmarena.com/vv/bigpic/samsung-p910.gif,Success,
427,Samsung,T629,https://www.gsmarena.com/samsung_t629-2754.php,https://fdn2.gsmarena.com/vv/bigpic/samsung-t629.jpg,Success,
428,Samsung,D520,https://www.gsmarena.com/samsung_d520-1441.php,https://fdn2.gsmarena.com/vv/bigpic/samsung-d520.gif,Success,
429,Samsung,D300,https://www.gsmarena.com/samsung_d300-1478.php,https://fdn2.gsmarena.com/vv/bigpic/samsung-d300.gif,Success,
430,Samsung,Z710,https://www.gsmarena.com/samsung_z710-1450.php,https://fdn2.gsmarena.com/vv/bigpic/samsung-z710.gif,Success,
431,Samsung,Z600,https://www.gsmarena.com/samsung_z600-1449.php,https://fdn2.gsmarena.com/vv/bigpic/samsung-z600.gif,Success,
432,Samsung,Z520,https://www.gsmarena.com/samsung_z520-1447.php,https://fdn2.gsmarena.com/vv/bigpic/samsung-z520.gif,Success,
433,Samsung,Z350,https://www.gsmarena.com/samsung_z350-1446.php,https://fdn2.gsmarena.com/vv/bigpic/samsung-z350.gif,Success,
434,Samsung,Z230,https://www.gsmarena.com/samsung_z230-1725.php,https://fdn2.gsmarena.com/vv/bigpic/samsung-z230.gif,Success,
435,Samsung,Z330,https://www.gsmarena.com/samsung_z330-1448.php,https://fdn2.gsmarena.com/vv/bigpic/samsung-z330.gif,Success,
436,Samsung,Z310,https://www.gsmarena.com/samsung_z310-1445.php,https://fdn2.gsmarena.com/vv/bigpic/samsung-z310.gif,Success,
437,Samsung,Z150,https://www.gsmarena.com/samsung_z150-1444.php,https://fdn2.gsmarena.com/vv/bigpic/samsung-z150.gif,Success,
438,Samsung,X680,https://www.gsmarena.com/samsung_x680-1620.php,https://fdn2.gsmarena.com/vv/bigpic/samsung-x680.gif,Success,
439,Samsung,X630,https://www.gsmarena.com/samsung_x630-1619.php,https://fdn2.gsmarena.com/vv/bigpic/samsung-x630.gif,Success,
440,Samsung,X210,https://www.gsmarena.com/samsung_x210-1579.php,https://fdn2.gsmarena.com/vv/bigpic/samsung-x210.gif,Success,
441,Samsung,X300,https://www.gsmarena.com/samsung_x300-1479.php,https://fdn2.gsmarena.com/vv/bigpic/samsung-x300.gif,Success,
442,Samsung,X160,https://www.gsmarena.com/samsung_x160-1555.php,https://fdn2.gsmarena.com/vv/bigpic/samsung-x160.gif,Success,
443,Samsung,E870,https://www.gsmarena.com/samsung_e870-1424.php,https://fdn2.gsmarena.com/vv/bigpic/samsung-e870.gif,Success,
444,Samsung,E780,https://www.gsmarena.com/samsung_e780-1617.php,https://fdn2.gsmarena.com/vv/bigpic/samsung-e780.gif,Success,
445,Samsung,i300x,https://www.gsmarena.com/samsung_i300x-1408.php,https://fdn2.gsmarena.com/vv/bigpic/samsung-i300.gif,Success,
446,Samsung,D820,https://www.gsmarena.com/samsung_d820-1356.php,https://fdn2.gsmarena.com/vv/bigpic/samsung-d820.gif,Success,
447,Samsung,D810,https://www.gsmarena.com/samsung_d810-1416.php,https://fdn2.gsmarena.com/vv/bigpic/samsung-d810.gif,Success,
448,Samsung,D800,https://www.gsmarena.com/samsung_d800-1355.php,https://fdn2.gsmarena.com/vv/bigpic/samsung-d800.gif,Success,
449,Samsung,Z540,https://www.gsmarena.com/samsung_z540-1354.php,https://fdn2.gsmarena.com/vv/bigpic/samsung-z540.gif,Success,
450,Samsung,Z510,https://www.gsmarena.com/samsung_z510-1353.php,https://fdn2.gsmarena.com/vv/bigpic/samsung-z510.gif,Success,
451,Samsung,Galaxy S10 Lite,https://www.gsmarena.com/samsung_galaxy_s10_lite-9917.php,https://fdn2.gsmarena.com/vv/bigpic/sasmung-galaxy-s10-lite-.jpg,Success,
452,Samsung,Galaxy A01,https://www.gsmarena.com/samsung_galaxy_a01-9999.php,https://fdn2.gsmarena.com/vv/bigpic/samsung-galaxy-a01.jpg,Success,
453,Samsung,Galaxy A71,https://www.gsmarena.com/samsung_galaxy_a71-9995.php,https://fdn2.gsmarena.com/vv/bigpic/samsung-galaxy-a71.jpg,Success,
454,Samsung,Galaxy A51,https://www.gsmarena.com/samsung_galaxy_a51-9963.php,https://fdn2.gsmarena.com/vv/bigpic/samsung-galaxy-a51-sm-a515.jpg,Success,
455,Samsung,Galaxy XCover FieldPro,https://www.gsmarena.com/samsung_galaxy_xcover_fieldpro-9937.php,https://fdn2.gsmarena.com/vv/bigpic/samsung-galaxy-xcover-fieldpro-sm-g889f.jpg,Success,
456,Samsung,Galaxy A70s,https://www.gsmarena.com/samsung_galaxy_a70s-9899.php,https://fdn2.gsmarena.com/vv/bigpic/samsung-galaxy-a70s-.jpg,Success,
457,Samsung,Galaxy A20s,https://www.gsmarena.com/samsung_galaxy_a20s-9852.php,https://fdn2.gsmarena.com/vv/bigpic/samsung-galaxy-a20s-sm-a207.jpg,Success,
458,Samsung,Galaxy M30s,https://www.gsmarena.com/samsung_galaxy_m30s-9818.php,https://fdn2.gsmarena.com/vv/bigpic/samsung-galaxy-m30s-.jpg,Success,
459,Samsung,Galaxy M10s,https://www.gsmarena.com/samsung_galaxy_m10s-9861.php,https://fdn2.gsmarena.com/vv/bigpic/samsung-galaxy-m10s-m107f.jpg,Success,
460,Samsung,Galaxy Fold 5G,https://www.gsmarena.com/samsung_galaxy_fold_5g-9851.php,https://fdn2.gsmarena.com/vv/bigpic/samsung-galaxy-fold-5g.jpg,Success,
461,Samsung,Galaxy Fold,https://www.gsmarena.com/samsung_galaxy_fold-9523.php,https://fdn2.gsmarena.com/vv/bigpic/samsung-galaxy-fold.jpg,Success,
462,Samsung,Galaxy Tab Active Pro,https://www.gsmarena.com/samsung_galaxy_tab_active_pro-9850.php,https://fdn2.gsmarena.com/vv/bigpic/samsung-galaxy-tab-active-pro-sm-t547.jpg,Success,
463,Samsung,Galaxy A90 5G,https://www.gsmarena.com/samsung_galaxy_a90_5g-9795.php,https://fdn2.gsmarena.com/vv/bigpic/samsung-galaxy-a90-5g.jpg,Success,
464,Samsung,Galaxy A30s,https://www.gsmarena.com/samsung_galaxy_a30s-9796.php,https://fdn2.gsmarena.com/vv/bigpic/samsung-galaxy-a30s.jpg,Success,
465,Samsung,Galaxy A50s,https://www.gsmarena.com/samsung_galaxy_a50s-9806.php,https://fdn2.gsmarena.com/vv/bigpic/samsung-galaxy-a50s.jpg,Success,
466,Samsung,Galaxy Note10+ 5G,https://www.gsmarena.com/samsung_galaxy_note10+_5g-9787.php,https://fdn2.gsmarena.com/vv/bigpic/samsung-galaxy-note10-plus-.jpg,Success,
467,Samsung,Galaxy Note10+,https://www.gsmarena.com/samsung_galaxy_note10+-9732.php,https://fdn2.gsmarena.com/vv/bigpic/samsung-galaxy-note10-plus-.jpg,Success,
468,Samsung,Galaxy Note10 5G,https://www.gsmarena.com/samsung_galaxy_note10_5g-9789.php,https://fdn2.gsmarena.com/vv/bigpic/samsung-galaxy-note10-.jpg,Success,
469,Samsung,Galaxy Note10,https://www.gsmarena.com/samsung_galaxy_note10-9788.php,https://fdn2.gsmarena.com/vv/bigpic/samsung-galaxy-note10-.jpg,Success,
470,Samsung,Galaxy Watch Active2,https://www.gsmarena.com/samsung_galaxy_watch_active2-9784.php,https://fdn2.gsmarena.com/vv/bigpic/samsung-galaxy-watch-active2-stainless-steel.jpg,Success,
471,Samsung,Galaxy Watch Active2 Aluminum,https://www.gsmarena.com/samsung_galaxy_watch_active2_aluminum-9786.php,https://fdn2.gsmarena.com/vv/bigpic/samsung-galaxy-watch-active2-.jpg,Success,
472,Samsung,Galaxy A10s,https://www.gsmarena.com/samsung_galaxy_a10s-9793.php,https://fdn2.gsmarena.com/vv/bigpic/samsung-galaxy-a10s.jpg,Success,
473,Samsung,Galaxy A10e,https://www.gsmarena.com/samsung_galaxy_a10e-9790.php,https://fdn2.gsmarena.com/vv/bigpic/samsung-galaxy-a10e-sm-a102u.jpg,Success,
474,Samsung,Galaxy Tab S6,https://www.gsmarena.com/samsung_galaxy_tab_s6-9781.php,https://fdn2.gsmarena.com/vv/bigpic/samsung-galaxy-tab-s6.jpg,Success,
475,Samsung,Galaxy Tab A 8.0 (2019),https://www.gsmarena.com/samsung_galaxy_tab_a_8_0_(2019)-9760.php,https://fdn2.gsmarena.com/vv/bigpic/samsung-galaxy-tab-a-80-2019-r.jpg,Success,
476,Samsung,Galaxy XCover 4s,https://www.gsmarena.com/samsung_galaxy_xcover_4s-9730.php,https://fdn2.gsmarena.com/vv/bigpic/samsung-galaxy-xcover-4s-sm-g398.jpg,Success,
477,Samsung,Galaxy A2 Core,https://www.gsmarena.com/samsung_galaxy_a2_core-9636.php,https://fdn2.gsmarena.com/vv/bigpic/samsung-galaxy-a2-core-sm-a260f.jpg,Success,
478,Samsung,Galaxy Watch Active,https://www.gsmarena.com/samsung_galaxy_watch_active-9589.php,https://fdn2.gsmarena.com/vv/bigpic/samsung-galaxy-watch-active.jpg,Success,
479,Samsung,Galaxy View2,https://www.gsmarena.com/samsung_galaxy_view2-9672.php,https://fdn2.gsmarena.com/vv/bigpic/samsung-galaxy-view2-sm-t927--.jpg,Success,
480,Samsung,Galaxy S10 5G,https://www.gsmarena.com/samsung_galaxy_s10_5g-9588.php,https://fdn2.gsmarena.com/vv/bigpic/samsung-galaxy-s10-5g.jpg,Success,
481,Samsung,Galaxy S10+,https://www.gsmarena.com/samsung_galaxy_s10+-9535.php,https://fdn2.gsmarena.com/vv/bigpic/samsung-galaxy-s10-plus-new.jpg,Success,
482,Samsung,Galaxy S10,https://www.gsmarena.com/samsung_galaxy_s10-9536.php,https://fdn2.gsmarena.com/vv/bigpic/samsung-galaxy-s10.jpg,Success,
483,Samsung,Galaxy S10e,https://www.gsmarena.com/samsung_galaxy_s10e-9537.php,https://fdn2.gsmarena.com/vv/bigpic/samsung-galaxy-s10e.jpg,Success,
484,Samsung,Galaxy M40,https://www.gsmarena.com/samsung_galaxy_m40-9721.php,https://fdn2.gsmarena.com/vv/bigpic/samsung-galaxy-m40-m405f.jpg,Success,
485,Samsung,Galaxy M30,https://www.gsmarena.com/samsung_galaxy_m30-9505.php,https://fdn2.gsmarena.com/vv/bigpic/samsung-galaxy-m30-.jpg,Success,
486,Samsung,Galaxy M20,https://www.gsmarena.com/samsung_galaxy_m20-9506.php,https://fdn2.gsmarena.com/vv/bigpic/samsung-galaxy-m20-m205f.jpg,Success,
487,Samsung,Galaxy M10,https://www.gsmarena.com/samsung_galaxy_m10-9508.php,https://fdn2.gsmarena.com/vv/bigpic/samsung-galaxy-m10-m105f.jpg,Success,
488,Samsung,Galaxy A80,https://www.gsmarena.com/samsung_galaxy_a80-9659.php,https://fdn2.gsmarena.com/vv/bigpic/samsung-galaxy-a80-.jpg,Success,
489,Samsung,Galaxy A70,https://www.gsmarena.com/samsung_galaxy_a70-9646.php,https://fdn2.gsmarena.com/vv/bigpic/samsung-galaxy-a70.jpg,Success,
490,Samsung,Galaxy A60,https://www.gsmarena.com/samsung_galaxy_a60-9616.php,https://fdn2.gsmarena.com/vv/bigpic/samsung-galaxy-a60-.jpg,Success,
491,Samsung,Galaxy A50,https://www.gsmarena.com/samsung_galaxy_a50-9554.php,https://fdn2.gsmarena.com/vv/bigpic/samsung-galaxy-a50-sm-a505f-ds.jpg,Success,
492,Samsung,Galaxy A40,https://www.gsmarena.com/samsung_galaxy_a40-9642.php,https://fdn2.gsmarena.com/vv/bigpic/samsung-galaxy-a40.jpg,Success,
493,Samsung,Galaxy A30,https://www.gsmarena.com/samsung_galaxy_a30-9579.php,https://fdn2.gsmarena.com/vv/bigpic/samsung-galaxy-a30.jpg,Success,
494,Samsung,Galaxy A20e,https://www.gsmarena.com/samsung_galaxy_a20e-9661.php,https://fdn2.gsmarena.com/vv/bigpic/samsung-galaxy-a20e.jpg,Success,
495,Samsung,Galaxy A20,https://www.gsmarena.com/samsung_galaxy_a20-9640.php,https://fdn2.gsmarena.com/vv/bigpic/samsung-galaxy-a20.jpg,Success,
496,Samsung,Galaxy A10,https://www.gsmarena.com/samsung_galaxy_a10-9580.php,https://fdn2.gsmarena.com/vv/bigpic/samsung-galaxy-a10.jpg,Success,
497,Samsung,Galaxy Tab S5e,https://www.gsmarena.com/samsung_galaxy_tab_s5e-9581.php,https://fdn2.gsmarena.com/vv/bigpic/samsung-galaxy-tab-s5e-sm-t725.jpg,Success,
498,Samsung,Galaxy Tab A 10.1 (2019),https://www.gsmarena.com/samsung_galaxy_tab_a_10_1_(2019)-9582.php,https://fdn2.gsmarena.com/vv/bigpic/samsung-galaxy-tab-a-101-2019.jpg,Success,
499,Samsung,Galaxy Tab A 8.0 & S Pen (2019),https://www.gsmarena.com/samsung_galaxy_tab_a_8_0_&_s_pen_(2019)-9651.php,https://fdn2.gsmarena.com/vv/bigpic/samsung-galaxy-tab-a-s-pen-sm-p205.jpg,Success,
500,Samsung,Galaxy Tab Advanced2,https://www.gsmarena.com/samsung_galaxy_tab_advanced2-9264.php,https://fdn2.gsmarena.com/vv/bigpic/samsung-galaxy-tab-advanced2-sm-t583.jpg,Success,
501,Samsung,P110,https://www.gsmarena.com/samsung_p110-1868.php,https://fdn2.gsmarena.com/vv/bigpic/samsung-p110.gif,Success,
502,Samsung,E840,https://www.gsmarena.com/samsung_e840-1866.php,https://fdn2.gsmarena.com/vv/bigpic/samsung-e840.gif,Success,
503,Samsung,E830,https://www.gsmarena.com/samsung_e830-1867.php,https://fdn2.gsmarena.com/vv/bigpic/samsung-e830.gif,Success,
504,Samsung,E740,https://www.gsmarena.com/samsung_e740-1870.php,https://fdn2.gsmarena.com/vv/bigpic/samsung-e740.gif,Success,
505,Samsung,E590,https://www.gsmarena.com/samsung_e590-1869.php,https://fdn2.gsmarena.com/vv/bigpic/samsung-e590.gif,Success,
506,Samsung,E230,https://www.gsmarena.com/samsung_e230-2083.php,https://fdn2.gsmarena.com/vv/bigpic/samsung-e230.gif,Success,
507,Samsung,E210,https://www.gsmarena.com/samsung_e210-2082.php,https://fdn2.gsmarena.com/vv/bigpic/samsung-e210.gif,Success,
508,Samsung,E200,https://www.gsmarena.com/samsung_e200-1919.php,https://fdn2.gsmarena.com/vv/bigpic/samsung-e200.gif,Success,
509,Samsung,C520,https://www.gsmarena.com/samsung_c520-1971.php,https://fdn2.gsmarena.com/vv/bigpic/samsung-c520.gif,Success,
510,Samsung,C450,https://www.gsmarena.com/samsung_c450-2042.php,https://fdn2.gsmarena.com/vv/bigpic/samsung-c450.gif,Success,
511,Samsung,C275,https://www.gsmarena.com/samsung_c275-2737.php,https://fdn2.gsmarena.com/vv/bigpic/samsung-c275.jpg,Success,
512,Samsung,C270,https://www.gsmarena.com/samsung_c270-2751.php,https://fdn2.gsmarena.com/vv/bigpic/samsung-c270.jpg,Success,
513,Samsung,C260,https://www.gsmarena.com/samsung_c260-1920.php,https://fdn2.gsmarena.com/vv/bigpic/samsung-c260.gif,Success,
514,Samsung,C250,https://www.gsmarena.com/samsung_c250-1921.php,https://fdn2.gsmarena.com/vv/bigpic/samsung-c250.gif,Success,
515,Samsung,i600,https://www.gsmarena.com/samsung_i600-1807.php,https://fdn2.gsmarena.com/vv/bigpic/samsung-i600.gif,Success,
516,Samsung,i617 BlackJack II,https://www.gsmarena.com/samsung_i617_blackjack_ii-2213.php,https://fdn2.gsmarena.com/vv/bigpic/samsung-i617.jpg,Success,
517,Samsung,i607 BlackJack,https://www.gsmarena.com/samsung_i607_blackjack-2212.php,https://fdn2.gsmarena.com/vv/bigpic/samsung-i607.jpg,Success,
518,Samsung,F500,https://www.gsmarena.com/samsung_f500-1806.php,https://fdn2.gsmarena.com/vv/bigpic/samsung-f500.gif,Success,
519,Samsung,F300,https://www.gsmarena.com/samsung_f300-1805.php,https://fdn2.gsmarena.com/vv/bigpic/samsung-f300.gif,Success,
520,Samsung,P940,https://www.gsmarena.com/samsung_p940-1809.php,https://fdn2.gsmarena.com/vv/bigpic/samsung-p940.gif,Success,
521,Samsung,P930,https://www.gsmarena.com/samsung_p930-1808.php,https://fdn2.gsmarena.com/vv/bigpic/samsung-p930.gif,Success,
522,Samsung,E790,https://www.gsmarena.com/samsung_e790-1850.php,https://fdn2.gsmarena.com/vv/bigpic/samsung-e790.gif,Success,
523,Samsung,E490,https://www.gsmarena.com/samsung_e490-1784.php,https://fdn2.gsmarena.com/vv/bigpic/samsung-e490.gif,Success,
524,Samsung,E480,https://www.gsmarena.com/samsung_e480-1783.php,https://fdn2.gsmarena.com/vv/bigpic/samsung-e480.gif,Success,
525,Samsung,E390,https://www.gsmarena.com/samsung_e390-1770.php,https://fdn2.gsmarena.com/vv/bigpic/samsung-e390.gif,Success,
526,Samsung,X550,https://www.gsmarena.com/samsung_x550-2131.php,https://fdn2.gsmarena.com/vv/bigpic/samsung-x550.gif,Success,
527,Samsung,X540,https://www.gsmarena.com/samsung_x540-1816.php,https://fdn2.gsmarena.com/vv/bigpic/samsung-x540.gif,Success,
528,Samsung,E250,https://www.gsmarena.com/samsung_e250-1772.php,https://fdn2.gsmarena.com/vv/bigpic/samsung-e250.gif,Success,
529,Samsung,X520,https://www.gsmarena.com/samsung_x520-1771.php,https://fdn2.gsmarena.com/vv/bigpic/samsung-x520.gif,Success,
530,Samsung,X530,https://www.gsmarena.com/samsung_x530-1769.php,https://fdn2.gsmarena.com/vv/bigpic/samsung-x530.gif,Success,
531,Samsung,C300,https://www.gsmarena.com/samsung_c300-1768.php,https://fdn2.gsmarena.com/vv/bigpic/samsung-c300.gif,Success,
532,Samsung,M300,https://www.gsmarena.com/samsung_m300-1992.php,https://fdn2.gsmarena.com/vv/bigpic/samsung-m300.gif,Success,
533,Samsung,E690,https://www.gsmarena.com/samsung_e690-1796.php,https://fdn2.gsmarena.com/vv/bigpic/samsung-e690.gif,Success,
534,Samsung,E570,https://www.gsmarena.com/samsung_e570-1756.php,https://fdn2.gsmarena.com/vv/bigpic/samsung-e570.gif,Success,
535,Samsung,E420,https://www.gsmarena.com/samsung_e420-1757.php,https://fdn2.gsmarena.com/vv/bigpic/samsung-e420.gif,Success,
536,Samsung,X830,https://www.gsmarena.com/samsung_x830-1681.php,https://fdn2.gsmarena.com/vv/bigpic/samsung-x830.gif,Success,
537,Samsung,E890,https://www.gsmarena.com/samsung_e890-1797.php,https://fdn2.gsmarena.com/vv/bigpic/samsung-e890.gif,Success,
538,Samsung,E898,https://www.gsmarena.com/samsung_e898-1779.php,https://fdn2.gsmarena.com/vv/bigpic/samsung-e898.gif,Success,
539,Samsung,P310,https://www.gsmarena.com/samsung_p310-1682.php,https://fdn2.gsmarena.com/vv/bigpic/samsung-p310.gif,Success,
540,Samsung,Z720,https://www.gsmarena.com/samsung_z720-1677.php,https://fdn2.gsmarena.com/vv/bigpic/samsung-z720.gif,Success,
541,Samsung,Z650i,https://www.gsmarena.com/samsung_z650i-1782.php,https://fdn2.gsmarena.com/vv/bigpic/samsung-z650i.gif,Success,
542,Samsung,Z620,https://www.gsmarena.com/samsung_z620-1676.php,https://fdn2.gsmarena.com/vv/bigpic/samsung-z620.gif,Success,
543,Samsung,Z370,https://www.gsmarena.com/samsung_z370-1675.php,https://fdn2.gsmarena.com/vv/bigpic/samsung-z370.gif,Success,
544,Samsung,Z360,https://www.gsmarena.com/samsung_z360-2069.php,https://fdn2.gsmarena.com/vv/bigpic/samsung-z360.gif,Success,
545,Samsung,P200,https://www.gsmarena.com/samsung_p200-1643.php,https://fdn2.gsmarena.com/vv/bigpic/samsung-p200.gif,Success,
546,Samsung,S501i,https://www.gsmarena.com/samsung_s501i-1630.php,https://fdn2.gsmarena.com/vv/bigpic/samsung-s501i.gif,Success,
547,Samsung,S401i,https://www.gsmarena.com/samsung_s401i-1629.php,https://fdn2.gsmarena.com/vv/bigpic/samsung-s401i.gif,Success,
548,Samsung,X510,https://www.gsmarena.com/samsung_x510-1762.php,https://fdn2.gsmarena.com/vv/bigpic/samsung-x510.gif,Success,
549,Samsung,X500,https://www.gsmarena.com/samsung_x500-1615.php,https://fdn2.gsmarena.com/vv/bigpic/samsung-x500.gif,Success,
550,Samsung,D840,https://www.gsmarena.com/samsung_d840-1614.php,https://fdn2.gsmarena.com/vv/bigpic/samsung-d840.gif,Success,
551,Samsung,Galaxy Tab A 8.0 (2018),https://www.gsmarena.com/samsung_galaxy_tab_a_8_0_(2018)-9665.php,https://fdn2.gsmarena.com/vv/bigpic/samsung-galaxy-taba-t387-sm-t387.jpg,Success,
552,Samsung,Galaxy Tab S4 10.5,https://www.gsmarena.com/samsung_galaxy_tab_s4_10_5-9262.php,https://fdn2.gsmarena.com/vv/bigpic/samsung-galaxy-tab-s4-2018-r.jpg,Success,
553,Samsung,Galaxy Tab A 10.5,https://www.gsmarena.com/samsung_galaxy_tab_a_10_5-9263.php,https://fdn2.gsmarena.com/vv/bigpic/samsung-galaxy-tab-a-105-.jpg,Success,
554,Samsung,Galaxy A8s,https://www.gsmarena.com/samsung_galaxy_a8s-9432.php,https://fdn2.gsmarena.com/vv/bigpic/samsung-galaxy-a8s-.jpg,Success,
555,Samsung,Galaxy A6s (2018),https://www.gsmarena.com/samsung_galaxy_a6s-9352.php,https://fdn2.gsmarena.com/vv/bigpic/samsung-galaxy-a6s-.jpg,Success,
556,Samsung,Galaxy A9 (2018),https://www.gsmarena.com/samsung_galaxy_a9_(2018)-9344.php,https://fdn2.gsmarena.com/vv/bigpic/samsung-galaxy-a9-2018.jpg,Success,
557,Samsung,Galaxy A7 (2018),https://www.gsmarena.com/samsung_galaxy_a7_(2018)-9340.php,https://fdn2.gsmarena.com/vv/bigpic/samsung-galaxy-a7-sm-a750f.jpg,Success,
558,Samsung,Galaxy Note9,https://www.gsmarena.com/samsung_galaxy_note9-9163.php,https://fdn2.gsmarena.com/vv/bigpic/samsung-galaxy-note9-r1.jpg,Success,
559,Samsung,Galaxy Watch,https://www.gsmarena.com/samsung_galaxy_watch-9289.php,https://fdn2.gsmarena.com/vv/bigpic/samsung-galaxy-watch-.jpg,Success,
560,Samsung,Galaxy J6+,https://www.gsmarena.com/samsung_galaxy_j6+-9334.php,https://fdn2.gsmarena.com/vv/bigpic/samsung-galaxy-j6-plus-sm-j610f.jpg,Success,
561,Samsung,Galaxy J4 Core,https://www.gsmarena.com/samsung_galaxy_j4_core-9397.php,https://fdn2.gsmarena.com/vv/bigpic/samsung-galaxy-j4-core-sm-g410g.jpg,Success,
562,Samsung,Galaxy J4+,https://www.gsmarena.com/samsung_galaxy_j4+-9335.php,https://fdn2.gsmarena.com/vv/bigpic/samsung-galaxy-j4-plus-sm-j415f.jpg,Success,
563,Samsung,Galaxy J2 Core,https://www.gsmarena.com/samsung_galaxy_j2_core-9255.php,https://fdn2.gsmarena.com/vv/bigpic/samsung-galaxy-j2-core.jpg,Success,
564,Samsung,Galaxy On6,https://www.gsmarena.com/samsung_galaxy_on6-9260.php,https://fdn2.gsmarena.com/vv/bigpic/samsung-galaxy-on6-2018.jpg,Success,
565,Samsung,Galaxy J7 (2018),https://www.gsmarena.com/samsung_galaxy_j7_(2018)-9234.php,https://fdn2.gsmarena.com/vv/bigpic/samsung-galaxy-j7-2018.jpg,Success,
566,Samsung,Galaxy J3 (2018),https://www.gsmarena.com/samsung_galaxy_j3_(2018)-8928.php,https://fdn2.gsmarena.com/vv/bigpic/samsung-galaxy-j3-2018.jpg,Success,
567,Samsung,Galaxy A8 Star (A9 Star),https://www.gsmarena.com/samsung_galaxy_a8_star_(a9_star)-9220.php,https://fdn2.gsmarena.com/vv/bigpic/samsung-galaxy-a8-a9-star.jpg,Success,
568,Samsung,Galaxy S Light Luxury,https://www.gsmarena.com/samsung_galaxy_s_light_luxury-9202.php,https://fdn2.gsmarena.com/vv/bigpic/samsung-galaxy-s-light-luxury.jpg,Success,
569,Samsung,Galaxy J8,https://www.gsmarena.com/samsung_galaxy_j8-9205.php,https://fdn2.gsmarena.com/vv/bigpic/samsung-galaxy-j8-j800.jpg,Success,
570,Samsung,Galaxy J6,https://www.gsmarena.com/samsung_galaxy_j6-9203.php,https://fdn2.gsmarena.com/vv/bigpic/samsung-galaxy-j6-j600.jpg,Success,
571,Samsung,Galaxy J4,https://www.gsmarena.com/samsung_galaxy_j4-9204.php,https://fdn2.gsmarena.com/vv/bigpic/samsung-galaxy-j4-j400.jpg,Success,
572,Samsung,Galaxy A6+ (2018),https://www.gsmarena.com/samsung_galaxy_a6+_(2018)-9156.php,https://fdn2.gsmarena.com/vv/bigpic/samsung-galaxy-a6-plus-2018-.jpg,Success,
573,Samsung,Galaxy A6 (2018),https://www.gsmarena.com/samsung_galaxy_a6_(2018)-9155.php,https://fdn2.gsmarena.com/vv/bigpic/samsung-galaxy-a6-2018-.jpg,Success,
574,Samsung,Galaxy J7 Duo,https://www.gsmarena.com/samsung_galaxy_j7_duo-9153.php,https://fdn2.gsmarena.com/vv/bigpic/samsung-galaxy-j7-duo-sm-j720f.jpg,Success,
575,Samsung,Galaxy J7 Prime 2,https://www.gsmarena.com/samsung_galaxy_j7_prime_2-9135.php,https://fdn2.gsmarena.com/vv/bigpic/samsung-galaxy-j7-prime2.jpg,Success,
576,Samsung,Galaxy S9+,https://www.gsmarena.com/samsung_galaxy_s9+-8967.php,https://fdn2.gsmarena.com/vv/bigpic/samsung-galaxy-s9-plus-blue.jpg,Success,
577,Samsung,Galaxy S9,https://www.gsmarena.com/samsung_galaxy_s9-8966.php,https://fdn2.gsmarena.com/vv/bigpic/samsung-galaxy-s9-.jpg,Success,
578,Samsung,Galaxy J2 Pro (2018),https://www.gsmarena.com/samsung_galaxy_j2_pro_(2018)-8904.php,https://fdn2.gsmarena.com/vv/bigpic/samsung-galaxy-j2-2018-sm-j250-.jpg,Success,
579,Samsung,Galaxy A8+ (2018),https://www.gsmarena.com/samsung_galaxy_a8+_(2018)-8790.php,https://fdn2.gsmarena.com/vv/bigpic/samsung-galaxy-a8-plus-a730f.jpg,Success,
580,Samsung,Galaxy A8 (2018),https://www.gsmarena.com/samsung_galaxy_a8_(2018)-8886.php,https://fdn2.gsmarena.com/vv/bigpic/samsung-galaxy-a8-a530f.jpg,Success,
581,Samsung,Galaxy J2 (2017),https://www.gsmarena.com/samsung_galaxy_j2_(2017)-8900.php,https://fdn2.gsmarena.com/vv/bigpic/samsung-galaxy-j2-2017-j200g.jpg,Success,
582,Samsung,Galaxy Tab Active2,https://www.gsmarena.com/samsung_galaxy_tab_active2-8897.php,https://fdn2.gsmarena.com/vv/bigpic/samsung-galaxy-tab-active2.jpg,Success,
583,Samsung,Galaxy Tab A 8.0 (2017),https://www.gsmarena.com/samsung_galaxy_tab_a_8_0_(2017)-8725.php,https://fdn2.gsmarena.com/vv/bigpic/samsung-galaxy-tab-a-8-0-2017-t385-sm-t385.jpg,Success,
584,Samsung,Galaxy C7 (2017),https://www.gsmarena.com/samsung_galaxy_c7_(2017)-8789.php,https://fdn2.gsmarena.com/vv/bigpic/samsung-galaxy-c7-2017.jpg,Success,
585,Samsung,Gear Sport,https://www.gsmarena.com/samsung_gear_sport-8839.php,https://fdn2.gsmarena.com/vv/bigpic/samsung-gear-sport1.jpg,Success,
586,Samsung,Galaxy Note8,https://www.gsmarena.com/samsung_galaxy_note8-8505.php,https://fdn2.gsmarena.com/vv/bigpic/samsung-galaxy-note-8-sm-n950.jpg,Success,
587,Samsung,Galaxy S8 Active,https://www.gsmarena.com/samsung_galaxy_s8_active-8676.php,https://fdn2.gsmarena.com/vv/bigpic/samsung-galaxy-s8-active.jpg,Success,
588,Samsung,Galaxy J7 V,https://www.gsmarena.com/samsung_galaxy_j7_v-8778.php,https://fdn2.gsmarena.com/vv/bigpic/samsung-galaxy-j7-v-2017.jpg,Success,
589,Samsung,Galaxy Note FE,https://www.gsmarena.com/samsung_galaxy_note_fe-8683.php,https://fdn2.gsmarena.com/vv/bigpic/samsung-galaxy-note-fe1.jpg,Success,
590,Samsung,Galaxy J7 Max,https://www.gsmarena.com/samsung_galaxy_j7_max-8684.php,https://fdn2.gsmarena.com/vv/bigpic/samsung-galaxy-j7-max.jpg,Success,
591,Samsung,Galaxy J7 (2017),https://www.gsmarena.com/samsung_galaxy_j7_(2017)-8675.php,https://fdn2.gsmarena.com/vv/bigpic/samsung-galaxy-j7-2017-sm-j730f.jpg,Success,
592,Samsung,Galaxy J7 Pro,https://www.gsmarena.com/samsung_galaxy_j7_pro-8561.php,https://fdn2.gsmarena.com/vv/bigpic/samsung-galaxy-j7-pro.jpg,Success,
593,Samsung,Galaxy J5 (2017),https://www.gsmarena.com/samsung_galaxy_j5_(2017)-8705.php,https://fdn2.gsmarena.com/vv/bigpic/samsung-galaxy-j5-2017-sm-j530.jpg,Success,
594,Samsung,Galaxy J3 (2017),https://www.gsmarena.com/samsung_galaxy_j3_(2017)-8438.php,https://fdn2.gsmarena.com/vv/bigpic/samsung-galaxy-j3-2017.jpg,Success,
595,Samsung,Galaxy Folder2,https://www.gsmarena.com/samsung_galaxy_folder2-9331.php,https://fdn2.gsmarena.com/vv/bigpic/samsung-galaxy-folder2-g165.jpg,Success,
596,Samsung,Z4,https://www.gsmarena.com/samsung_z4-8682.php,https://fdn2.gsmarena.com/vv/bigpic/samsung-z4.jpg,Success,
597,Samsung,Galaxy S8,https://www.gsmarena.com/samsung_galaxy_s8-8161.php,https://fdn2.gsmarena.com/vv/bigpic/samsung-galaxy-s8-.jpg,Success,
598,Samsung,Galaxy S8+,https://www.gsmarena.com/samsung_galaxy_s8+-8523.php,https://fdn2.gsmarena.com/vv/bigpic/samsung-galaxy-s8-plus-.jpg,Success,
599,Samsung,Gear S3 classic LTE,https://www.gsmarena.com/samsung_gear_s3_classic_lte-8627.php,https://fdn2.gsmarena.com/vv/bigpic/samsung-gear-s3-classic-lte.jpg,Success,
600,Samsung,Galaxy C5 Pro,https://www.gsmarena.com/samsung_galaxy_c5_pro-8437.php,https://fdn2.gsmarena.com/vv/bigpic/samsung-galaxy-c5-pro-sm-c5010.jpg,Success,
601,Samsung,i550,https://www.gsmarena.com/samsung_i550-2115.php,https://fdn2.gsmarena.com/vv/bigpic/samsung-i550.gif,Success,
602,Samsung,F330,https://www.gsmarena.com/samsung_f330-2090.php,https://fdn2.gsmarena.com/vv/bigpic/samsung-f330.gif,Success,
603,Samsung,F250,https://www.gsmarena.com/samsung_f250-2186.php,https://fdn2.gsmarena.com/vv/bigpic/samsung-f250.jpg,Success,
604,Samsung,i450,https://www.gsmarena.com/samsung_i450-2076.php,https://fdn2.gsmarena.com/vv/bigpic/samsung-i450.gif,Success,
605,Samsung,Armani,https://www.gsmarena.com/samsung_armani-2046.php,https://fdn2.gsmarena.com/vv/bigpic/samsung-p520.gif,Success,
606,Samsung,J610,https://www.gsmarena.com/samsung_j610-2164.php,https://fdn2.gsmarena.com/vv/bigpic/samsung-j610.gif,Success,
607,Samsung,J400,https://www.gsmarena.com/samsung_j400-2224.php,https://fdn2.gsmarena.com/vv/bigpic/samsung-j400.jpg,Success,
608,Samsung,P260,https://www.gsmarena.com/samsung_p260-2045.php,https://fdn2.gsmarena.com/vv/bigpic/samsung-p260.gif,Success,
609,Samsung,J750,https://www.gsmarena.com/samsung_j750-2161.php,https://fdn2.gsmarena.com/vv/bigpic/samsung-j750.gif,Success,
610,Samsung,A737,https://www.gsmarena.com/samsung_a737-2214.php,https://fdn2.gsmarena.com/vv/bigpic/samsung-a737.jpg,Success,
611,Samsung,A517,https://www.gsmarena.com/samsung_a517-2215.php,https://fdn2.gsmarena.com/vv/bigpic/samsung-a517.jpg,Success,
612,Samsung,T639,https://www.gsmarena.com/samsung_t639-2384.php,https://fdn2.gsmarena.com/vv/bigpic/samsung-t639.jpg,Success,
613,Samsung,T509,https://www.gsmarena.com/samsung_t509-2383.php,https://fdn2.gsmarena.com/vv/bigpic/samsung-t509.jpg,Success,
614,Samsung,T439,https://www.gsmarena.com/samsung_t439-2217.php,https://fdn2.gsmarena.com/vv/bigpic/samsung-t439.jpg,Success,
615,Samsung,T429,https://www.gsmarena.com/samsung_t429-2382.php,https://fdn2.gsmarena.com/vv/bigpic/samsung-t429.jpg,Success,
616,Samsung,T409,https://www.gsmarena.com/samsung_t409-2381.php,https://fdn2.gsmarena.com/vv/bigpic/samsung-t409.jpg,Success,
617,Samsung,T739 Katalyst,https://www.gsmarena.com/samsung_t739_katalyst-2216.php,https://fdn2.gsmarena.com/vv/bigpic/samsung-t739.jpg,Success,
618,Samsung,T729 Blast,https://www.gsmarena.com/samsung_t729_blast-2380.php,https://fdn2.gsmarena.com/vv/bigpic/samsung-t729.jpg,Success,
619,Samsung,T539 Beat,https://www.gsmarena.com/samsung_t539_beat-2379.php,https://fdn2.gsmarena.com/vv/bigpic/samsung-t539.jpg,Success,
620,Samsung,L600,https://www.gsmarena.com/samsung_l600-2047.php,https://fdn2.gsmarena.com/vv/bigpic/samsung-l600.gif,Success,
621,Samsung,Z630,https://www.gsmarena.com/samsung_z630-2044.php,https://fdn2.gsmarena.com/vv/bigpic/samsung-z630.gif,Success,
622,Samsung,G600,https://www.gsmarena.com/samsung_g600-2039.php,https://fdn2.gsmarena.com/vv/bigpic/samsung-g600.gif,Success,
623,Samsung,M610,https://www.gsmarena.com/samsung_m610-2111.php,https://fdn2.gsmarena.com/vv/bigpic/samsung-m610.gif,Success,
624,Samsung,M600,https://www.gsmarena.com/samsung_m600-2092.php,https://fdn2.gsmarena.com/vv/bigpic/samsung-m600.gif,Success,
625,Samsung,M110,https://www.gsmarena.com/samsung_m110-2196.php,https://fdn2.gsmarena.com/vv/bigpic/samsung-m110.jpg,Success,
626,Samsung,B500,https://www.gsmarena.com/samsung_b500-2318.php,https://fdn2.gsmarena.com/vv/bigpic/samsung-b500.jpg,Success,
627,Samsung,B100,https://www.gsmarena.com/samsung_b100-2317.php,https://fdn2.gsmarena.com/vv/bigpic/samsung-b100.jpg,Success,
628,Samsung,S730i,https://www.gsmarena.com/samsung_s730i-2034.php,https://fdn2.gsmarena.com/vv/bigpic/samsung-s730.gif,Success,
629,Samsung,S720i,https://www.gsmarena.com/samsung_s720i-2043.php,https://fdn2.gsmarena.com/vv/bigpic/samsung-s720.gif,Success,
630,Samsung,J200,https://www.gsmarena.com/samsung_j200-2093.php,https://fdn2.gsmarena.com/vv/bigpic/samsung-j200.gif,Success,
631,Samsung,L760,https://www.gsmarena.com/samsung_l760-2025.php,https://fdn2.gsmarena.com/vv/bigpic/samsung-l760.gif,Success,
632,Samsung,F700,https://www.gsmarena.com/samsung_f700-1849.php,https://fdn2.gsmarena.com/vv/bigpic/samsung-f700.jpg,Success,
633,Samsung,E950,https://www.gsmarena.com/samsung_e950-2015.php,https://fdn2.gsmarena.com/vv/bigpic/samsung-e950.gif,Success,
634,Samsung,F210,https://www.gsmarena.com/samsung_f210-2014.php,https://fdn2.gsmarena.com/vv/bigpic/samsung-f210.gif,Success,
635,Samsung,F200,https://www.gsmarena.com/samsung_f200-2016.php,https://fdn2.gsmarena.com/vv/bigpic/samsung-f200.gif,Success,
636,Samsung,i620,https://www.gsmarena.com/samsung_i620-1998.php,https://fdn2.gsmarena.com/vv/bigpic/samsung-i620.gif,Success,
637,Samsung,A411,https://www.gsmarena.com/samsung_a411-2138.php,https://fdn2.gsmarena.com/vv/bigpic/samsung-a411.gif,Success,
638,Samsung,ZV60,https://www.gsmarena.com/samsung_zv60-2035.php,https://fdn2.gsmarena.com/vv/bigpic/samsung-zv60.gif,Success,
639,Samsung,Z240,https://www.gsmarena.com/samsung_z240-1969.php,https://fdn2.gsmarena.com/vv/bigpic/samsung-z240.gif,Success,
640,Samsung,Z170,https://www.gsmarena.com/samsung_z170-2030.php,https://fdn2.gsmarena.com/vv/bigpic/samsung-z170.gif,Success,
641,Samsung,J600,https://www.gsmarena.com/samsung_j600-1970.php,https://fdn2.gsmarena.com/vv/bigpic/samsung-j600.gif,Success,
642,Samsung,i400,https://www.gsmarena.com/samsung_i400-1967.php,https://fdn2.gsmarena.com/vv/bigpic/samsung-i400.gif,Success,
643,Samsung,U700,https://www.gsmarena.com/samsung_u700-1852.php,https://fdn2.gsmarena.com/vv/bigpic/samsung-u700.gif,Success,
644,Samsung,U600,https://www.gsmarena.com/samsung_u600-1851.php,https://fdn2.gsmarena.com/vv/bigpic/samsung-u600.gif,Success,
645,Samsung,U300,https://www.gsmarena.com/samsung_u300-1853.php,https://fdn2.gsmarena.com/vv/bigpic/samsung-u300.gif,Success,
646,Samsung,U100,https://www.gsmarena.com/samsung_u100-1854.php,https://fdn2.gsmarena.com/vv/bigpic/samsung-u100.gif,Success,
647,Samsung,i710,https://www.gsmarena.com/samsung_i710-1916.php,https://fdn2.gsmarena.com/vv/bigpic/samsung-i710.gif,Success,
648,Samsung,i520,https://www.gsmarena.com/samsung_i520-1906.php,https://fdn2.gsmarena.com/vv/bigpic/samsung-i520.gif,Success,
649,Samsung,F520,https://www.gsmarena.com/samsung_f520-1856.php,https://fdn2.gsmarena.com/vv/bigpic/samsung-f520.gif,Success,
650,Samsung,F510,https://www.gsmarena.com/samsung_f510-1855.php,https://fdn2.gsmarena.com/vv/bigpic/samsung-f510.gif,Success,
651,Samsung,Galaxy XCover 4,https://www.gsmarena.com/samsung_galaxy_xcover_4-8577.php,https://fdn2.gsmarena.com/vv/bigpic/samsung-galaxy-xcover4-g390f-.jpg,Success,
652,Samsung,Galaxy Tab S3 9.7,https://www.gsmarena.com/samsung_galaxy_tab_s3_9_7-8554.php,https://fdn2.gsmarena.com/vv/bigpic/samsung-galaxy-tab-s3-97-sm-t825.jpg,Success,
653,Samsung,Galaxy J1 mini prime,https://www.gsmarena.com/samsung_galaxy_j1_mini_prime-8397.php,https://fdn2.gsmarena.com/vv/bigpic/samsung-galaxy-j1-nxt.jpg,Success,
654,Samsung,Galaxy J3 Emerge,https://www.gsmarena.com/samsung_galaxy_j3_emerge-8486.php,https://fdn2.gsmarena.com/vv/bigpic/samsung-galaxy-j3-emerge-.jpg,Success,
655,Samsung,Galaxy C7 Pro,https://www.gsmarena.com/samsung_galaxy_c7_pro-8435.php,https://fdn2.gsmarena.com/vv/bigpic/samsung-galaxy-c7-pro.jpg,Success,
656,Samsung,Galaxy A7 (2017),https://www.gsmarena.com/samsung_galaxy_a7_(2017)-8335.php,https://fdn2.gsmarena.com/vv/bigpic/samsung-galaxy-a7-2017.jpg,Success,
657,Samsung,Galaxy A5 (2017),https://www.gsmarena.com/samsung_galaxy_a5_(2017)-8494.php,https://fdn2.gsmarena.com/vv/bigpic/samsung-galaxy-a5-2017-new.jpg,Success,
658,Samsung,Galaxy A3 (2017),https://www.gsmarena.com/samsung_galaxy_a3_(2017)-8336.php,https://fdn2.gsmarena.com/vv/bigpic/samsung-galaxy-a3-2017.jpg,Success,
659,Samsung,Galaxy Grand Prime Plus,https://www.gsmarena.com/samsung_galaxy_grand_prime_plus-8385.php,https://fdn2.gsmarena.com/vv/bigpic/samsung-galaxy-j2-prime-2016.jpg,Success,
660,Samsung,Galaxy J2 Prime,https://www.gsmarena.com/samsung_galaxy_j2_prime-8424.php,https://fdn2.gsmarena.com/vv/bigpic/samsung-galaxy-j2-prime-2016.jpg,Success,
661,Samsung,Galaxy C9 Pro,https://www.gsmarena.com/samsung_galaxy_c9_pro-8347.php,https://fdn2.gsmarena.com/vv/bigpic/samsung-galaxy-c9-pro-.jpg,Success,
662,Samsung,Galaxy A8 (2016),https://www.gsmarena.com/samsung_galaxy_a8_(2016)-7801.php,https://fdn2.gsmarena.com/vv/bigpic/samsung-galaxy-a8-2016r1-.jpg,Success,
663,Samsung,Galaxy On8,https://www.gsmarena.com/samsung_galaxy_on8-8367.php,https://fdn2.gsmarena.com/vv/bigpic/samsung-galaxy-j7-2016.jpg,Success,
664,Samsung,Galaxy On7 (2016),https://www.gsmarena.com/samsung_galaxy_on7_(2016)-8265.php,https://fdn2.gsmarena.com/vv/bigpic/samsung-galaxy-on7-2016-g6100-c.jpg,Success,
665,Samsung,Gear S3 classic,https://www.gsmarena.com/samsung_gear_s3_classic-8309.php,https://fdn2.gsmarena.com/vv/bigpic/samsung-gear-s3-classic.jpg,Success,
666,Samsung,Gear S3 frontier,https://www.gsmarena.com/samsung_gear_s3_frontier-8308.php,https://fdn2.gsmarena.com/vv/bigpic/samsung-gear-s3-frontier-lte.jpg,Success,
667,Samsung,Gear S3 frontier LTE,https://www.gsmarena.com/samsung_gear_s3_frontier_lte-8307.php,https://fdn2.gsmarena.com/vv/bigpic/samsung-gear-s3-frontier-lte.jpg,Success,
668,Samsung,Galaxy J5 Prime,https://www.gsmarena.com/samsung_galaxy_j5_prime-8342.php,https://fdn2.gsmarena.com/vv/bigpic/samsung-galaxy-j5-prime.jpg,Success,
669,Samsung,Galaxy J7 Prime,https://www.gsmarena.com/samsung_galaxy_j7_prime-8314.php,https://fdn2.gsmarena.com/vv/bigpic/samsung-galaxy-j7-prime.jpg,Success,
670,Samsung,Z2,https://www.gsmarena.com/samsung_z2-8288.php,https://fdn2.gsmarena.com/vv/bigpic/samsung-z2.jpg,Success,
671,Samsung,Galaxy Note7 (USA),https://www.gsmarena.com/samsung_galaxy_note7_(usa)-8242.php,https://fdn2.gsmarena.com/vv/bigpic/samsung-galaxy-note7-usa.jpg,Success,
672,Samsung,Galaxy Note7,https://www.gsmarena.com/samsung_galaxy_note7-8082.php,https://fdn2.gsmarena.com/vv/bigpic/samsung-galaxy-note7.jpg,Success,
673,Samsung,Galaxy On7 Pro,https://www.gsmarena.com/samsung_galaxy_on7_pro-8140.php,https://fdn2.gsmarena.com/vv/bigpic/samsung-galaxy-on7-.jpg,Success,
674,Samsung,Galaxy On5 Pro,https://www.gsmarena.com/samsung_galaxy_on5_pro-8192.php,https://fdn2.gsmarena.com/vv/bigpic/samsung-galaxy-on5.jpg,Success,
675,Samsung,Galaxy Tab J,https://www.gsmarena.com/samsung_galaxy_tab_j-8227.php,https://fdn2.gsmarena.com/vv/bigpic/samsung-galaxy-j-tablet1.jpg,Success,
676,Samsung,Galaxy J Max,https://www.gsmarena.com/samsung_galaxy_j_max-8186.php,https://fdn2.gsmarena.com/vv/bigpic/samsung-galaxy-j-max3.jpg,Success,
677,Samsung,Galaxy J2 Pro (2016),https://www.gsmarena.com/samsung_galaxy_j2_pro_(2016)-8228.php,https://fdn2.gsmarena.com/vv/bigpic/samsung-galaxy-j2-2016-new.jpg,Success,
678,Samsung,Galaxy J2 (2016),https://www.gsmarena.com/samsung_galaxy_j2_(2016)-8083.php,https://fdn2.gsmarena.com/vv/bigpic/samsung-galaxy-j2-2016-new.jpg,Success,
679,Samsung,Z3 Corporate,https://www.gsmarena.com/samsung_z3_corporate-8170.php,https://fdn2.gsmarena.com/vv/bigpic/samsung-z3.jpg,Success,
680,Samsung,Galaxy Xcover 3 G389F,https://www.gsmarena.com/samsung_galaxy_xcover_3_g389f-8455.php,https://fdn2.gsmarena.com/vv/bigpic/samsung-galaxy-xcover-3-SM-G389F.jpg,Success,
681,Samsung,Galaxy S7 active,https://www.gsmarena.com/samsung_galaxy_s7_active-8004.php,https://fdn2.gsmarena.com/vv/bigpic/samsung-galaxy-s7-active.jpg,Success,
682,Samsung,Galaxy J3 Pro,https://www.gsmarena.com/samsung_galaxy_j3_pro-8126.php,https://fdn2.gsmarena.com/vv/bigpic/samsung-galaxy-j3-2017r1.jpg,Success,
683,Samsung,Galaxy C7,https://www.gsmarena.com/samsung_galaxy_c7-8046.php,https://fdn2.gsmarena.com/vv/bigpic/samsung-galaxy-c7.jpg,Success,
684,Samsung,Galaxy C5,https://www.gsmarena.com/samsung_galaxy_c5-8047.php,https://fdn2.gsmarena.com/vv/bigpic/samsung-galaxy-c5r3.jpg,Success,
685,Samsung,Galaxy A9 Pro (2016),https://www.gsmarena.com/samsung_galaxy_a9_pro_(2016)-7903.php,https://fdn2.gsmarena.com/vv/bigpic/samsung-galaxy-a9-pro1.jpg,Success,
686,Samsung,Galaxy J7 (2016),https://www.gsmarena.com/samsung_galaxy_j7_(2016)-7870.php,https://fdn2.gsmarena.com/vv/bigpic/samsung-galaxy-j7-2016.jpg,Success,
687,Samsung,Galaxy J5 (2016),https://www.gsmarena.com/samsung_galaxy_j5_(2016)-7869.php,https://fdn2.gsmarena.com/vv/bigpic/samsung-galaxy-j5-2016r.jpg,Success,
688,Samsung,Galaxy Tab A 10.1 (2016),https://www.gsmarena.com/samsung_galaxy_tab_a_10_1_(2016)-8090.php,https://fdn2.gsmarena.com/vv/bigpic/samsung-galaxy-tab-a-101-2016.jpg,Success,
689,Samsung,Galaxy Tab A 7.0 (2016),https://www.gsmarena.com/samsung_galaxy_tab_a_7_0_(2016)-7880.php,https://fdn2.gsmarena.com/vv/bigpic/samsung-galaxy-tab-a-70-2016-.jpg,Success,
690,Samsung,Galaxy S7,https://www.gsmarena.com/samsung_galaxy_s7-7821.php,https://fdn2.gsmarena.com/vv/bigpic/samsung-galaxy-s7--.jpg,Success,
691,Samsung,Galaxy S7 edge,https://www.gsmarena.com/samsung_galaxy_s7_edge-7945.php,https://fdn2.gsmarena.com/vv/bigpic/samsung-galaxy-s7-edge-.jpg,Success,
692,Samsung,Galaxy S7 edge (USA),https://www.gsmarena.com/samsung_galaxy_s7_edge_(usa)-7961.php,https://fdn2.gsmarena.com/vv/bigpic/samsung-galaxy-s7-edge-usa.jpg,Success,
693,Samsung,Galaxy S7 (USA),https://www.gsmarena.com/samsung_galaxy_s7_(usa)-7960.php,https://fdn2.gsmarena.com/vv/bigpic/samsung-galaxy-s7-usa.jpg,Success,
694,Samsung,Galaxy J1 Nxt,https://www.gsmarena.com/samsung_galaxy_j1_nxt-7768.php,https://fdn2.gsmarena.com/vv/bigpic/samsung-galaxy-j1-nxt.jpg,Success,
695,Samsung,Gear S2 classic 3G,https://www.gsmarena.com/samsung_gear_s2_classic_3g-7934.php,https://fdn2.gsmarena.com/vv/bigpic/samsung-gear-s2-classic-3g.jpg,Success,
696,Samsung,Galaxy Tab E 8.0,https://www.gsmarena.com/samsung_galaxy_tab_e_8_0-7879.php,https://fdn2.gsmarena.com/vv/bigpic/samsung-galaxy-tab-e-80.jpg,Success,
697,Samsung,Galaxy J1 (2016),https://www.gsmarena.com/samsung_galaxy_j1_(2016)-7864.php,https://fdn2.gsmarena.com/vv/bigpic/samsung-galaxy-j1-2016.jpg,Success,
698,Samsung,Galaxy A9 (2016),https://www.gsmarena.com/samsung_galaxy_a9_(2016)-7641.php,https://fdn2.gsmarena.com/vv/bigpic/samsung-galaxy-a9-pro1.jpg,Success,
699,Samsung,Galaxy A7 (2016),https://www.gsmarena.com/samsung_galaxy_a7_(2016)-7759.php,https://fdn2.gsmarena.com/vv/bigpic/samsung-galaxy-a7-2016.jpg,Success,
700,Samsung,Galaxy A5 (2016),https://www.gsmarena.com/samsung_galaxy_a5_(2016)-7789.php,https://fdn2.gsmarena.com/vv/bigpic/samsung-galaxy-a5-2016.jpg,Success,
701,Samsung,U800 Soul b,https://www.gsmarena.com/samsung_u800_soul_b-2389.php,https://fdn2.gsmarena.com/vv/bigpic/samsung-soulb.jpg,Success,
702,Samsung,L870,https://www.gsmarena.com/samsung_l870-2387.php,https://fdn2.gsmarena.com/vv/bigpic/samsung-l870.jpg,Success,
703,Samsung,Impact sf,https://www.gsmarena.com/samsung_impact_sf-2443.php,https://fdn2.gsmarena.com/vv/bigpic/samsung-impact-sf.jpg,Success,
704,Samsung,M620,https://www.gsmarena.com/samsung_m620-2360.php,https://fdn2.gsmarena.com/vv/bigpic/samsung-m620.jpg,Success,
705,Samsung,B300,https://www.gsmarena.com/samsung_b300-2463.php,https://fdn2.gsmarena.com/vv/bigpic/samsung-b300-new.jpg,Success,
706,Samsung,Impact b,https://www.gsmarena.com/samsung_impact_b-2442.php,https://fdn2.gsmarena.com/vv/bigpic/samsung-impact-b.jpg,Success,
707,Samsung,Impact,https://www.gsmarena.com/samsung_impact-2441.php,https://fdn2.gsmarena.com/vv/bigpic/samsung-impact.jpg,Success,
708,Samsung,D780,https://www.gsmarena.com/samsung_d780-2340.php,https://fdn2.gsmarena.com/vv/bigpic/samsung-d780.jpg,Success,
709,Samsung,V820L,https://www.gsmarena.com/samsung_v820l-2757.php,https://fdn2.gsmarena.com/vv/bigpic/samsung-v820l.jpg,Success,
710,Samsung,F110,https://www.gsmarena.com/samsung_f110-2315.php,https://fdn2.gsmarena.com/vv/bigpic/samsung-f110.jpg,Success,
711,Samsung,G400 Soul,https://www.gsmarena.com/samsung_g400_soul-2314.php,https://fdn2.gsmarena.com/vv/bigpic/samsung-g400.jpg,Success,
712,Samsung,U900 Soul,https://www.gsmarena.com/samsung_u900_soul-2243.php,https://fdn2.gsmarena.com/vv/bigpic/samsung-soul.jpg,Success,
713,Samsung,L810v Steel,https://www.gsmarena.com/samsung_l810v_steel-2410.php,https://fdn2.gsmarena.com/vv/bigpic/samsung-steel.jpg,Success,
714,Samsung,F480,https://www.gsmarena.com/samsung_f480-2268.php,https://fdn2.gsmarena.com/vv/bigpic/samsung-f480.jpg,Success,
715,Samsung,G810,https://www.gsmarena.com/samsung_g810-2257.php,https://fdn2.gsmarena.com/vv/bigpic/samsung-g810.jpg,Success,
716,Samsung,M310,https://www.gsmarena.com/samsung_m310-2423.php,https://fdn2.gsmarena.com/vv/bigpic/samsung-m310.jpg,Success,
717,Samsung,B200,https://www.gsmarena.com/samsung_b200-2359.php,https://fdn2.gsmarena.com/vv/bigpic/samsung-b200.jpg,Success,
718,Samsung,B110,https://www.gsmarena.com/samsung_b110-2358.php,https://fdn2.gsmarena.com/vv/bigpic/samsung-b110.jpg,Success,
719,Samsung,A827 Access,https://www.gsmarena.com/samsung_a827_access-2408.php,https://fdn2.gsmarena.com/vv/bigpic/samsung-a827.jpg,Success,
720,Samsung,P960,https://www.gsmarena.com/samsung_p960-2259.php,https://fdn2.gsmarena.com/vv/bigpic/samsung-p960.jpg,Success,
721,Samsung,P220,https://www.gsmarena.com/samsung_p220-2404.php,https://fdn2.gsmarena.com/vv/bigpic/samsung-p220.jpg,Success,
722,Samsung,P180,https://www.gsmarena.com/samsung_p180-2403.php,https://fdn2.gsmarena.com/vv/bigpic/samsung-p180.jpg,Success,
723,Samsung,i200,https://www.gsmarena.com/samsung_i200-2260.php,https://fdn2.gsmarena.com/vv/bigpic/samsung-i200.jpg,Success,
724,Samsung,F400,https://www.gsmarena.com/samsung_f400-2261.php,https://fdn2.gsmarena.com/vv/bigpic/samsung-f400.jpg,Success,
725,Samsung,J700,https://www.gsmarena.com/samsung_j700-2262.php,https://fdn2.gsmarena.com/vv/bigpic/samsung-j700.jpg,Success,
726,Samsung,J630,https://www.gsmarena.com/samsung_j630-2323.php,https://fdn2.gsmarena.com/vv/bigpic/samsung-j630.jpg,Success,
727,Samsung,J210,https://www.gsmarena.com/samsung_j210-2324.php,https://fdn2.gsmarena.com/vv/bigpic/samsung-j210.jpg,Success,
728,Samsung,J150,https://www.gsmarena.com/samsung_j150-2263.php,https://fdn2.gsmarena.com/vv/bigpic/samsung-j150.jpg,Success,
729,Samsung,E251,https://www.gsmarena.com/samsung_e251-2265.php,https://fdn2.gsmarena.com/vv/bigpic/samsung-e251.jpg,Success,
730,Samsung,L770,https://www.gsmarena.com/samsung_l770-2264.php,https://fdn2.gsmarena.com/vv/bigpic/samsung-l770.jpg,Success,
731,Samsung,A746,https://www.gsmarena.com/samsung_a746-2373.php,https://fdn2.gsmarena.com/vv/bigpic/samsung-a746.jpg,Success,
732,Samsung,A727,https://www.gsmarena.com/samsung_a727-2378.php,https://fdn2.gsmarena.com/vv/bigpic/samsung-a727.jpg,Success,
733,Samsung,A711,https://www.gsmarena.com/samsung_a711-2450.php,https://fdn2.gsmarena.com/vv/bigpic/samsung-a711.jpg,Success,
734,Samsung,A717,https://www.gsmarena.com/samsung_a717-2377.php,https://fdn2.gsmarena.com/vv/bigpic/samsung-a717.jpg,Success,
735,Samsung,A437,https://www.gsmarena.com/samsung_a437-2376.php,https://fdn2.gsmarena.com/vv/bigpic/samsung-a437.jpg,Success,
736,Samsung,A127,https://www.gsmarena.com/samsung_a127-2375.php,https://fdn2.gsmarena.com/vv/bigpic/samsung-a127.jpg,Success,
737,Samsung,A117,https://www.gsmarena.com/samsung_a117-2374.php,https://fdn2.gsmarena.com/vv/bigpic/samsung-a117.jpg,Success,
738,Samsung,SPH-i325 Ace,https://www.gsmarena.com/samsung_sph_i325_ace-2320.php,https://fdn2.gsmarena.com/vv/bigpic/samsung-i325.jpg,Success,
739,Samsung,i640,https://www.gsmarena.com/samsung_i640-2289.php,https://fdn2.gsmarena.com/vv/bigpic/samsung-i640.jpg,Success,
740,Samsung,L320,https://www.gsmarena.com/samsung_l320-2234.php,https://fdn2.gsmarena.com/vv/bigpic/samsung-l320.jpg,Success,
741,Samsung,L310,https://www.gsmarena.com/samsung_l310-2233.php,https://fdn2.gsmarena.com/vv/bigpic/samsung-l310.jpg,Success,
742,Samsung,L170,https://www.gsmarena.com/samsung_l170-2219.php,https://fdn2.gsmarena.com/vv/bigpic/samsung-l170.jpg,Success,
743,Samsung,T819,https://www.gsmarena.com/samsung_t819-2220.php,https://fdn2.gsmarena.com/vv/bigpic/samsung-t819.jpg,Success,
744,Samsung,F490,https://www.gsmarena.com/samsung_f490-2203.php,https://fdn2.gsmarena.com/vv/bigpic/samsung-f490.jpg,Success,
745,Samsung,G800,https://www.gsmarena.com/samsung_g800-2145.php,https://fdn2.gsmarena.com/vv/bigpic/samsung-g800.gif,Success,
746,Samsung,C500,https://www.gsmarena.com/samsung_c500-2546.php,https://fdn2.gsmarena.com/vv/bigpic/samsung-c500.jpg,Success,
747,Samsung,Serenata,https://www.gsmarena.com/samsung_serenata-2130.php,https://fdn2.gsmarena.com/vv/bigpic/samsung-serenata.gif,Success,
748,Samsung,D880 Duos,https://www.gsmarena.com/samsung_d880_duos-2156.php,https://fdn2.gsmarena.com/vv/bigpic/samsung-d880.gif,Success,
749,Samsung,i780,https://www.gsmarena.com/samsung_i780-2124.php,https://fdn2.gsmarena.com/vv/bigpic/samsung-i780-new.jpg,Success,
750,Samsung,i560,https://www.gsmarena.com/samsung_i560-2154.php,https://fdn2.gsmarena.com/vv/bigpic/samsung-i560.gif,Success,
751,Samsung,Galaxy A3 (2016),https://www.gsmarena.com/samsung_galaxy_a3_(2016)-7791.php,https://fdn2.gsmarena.com/vv/bigpic/samsung-galaxy-a3-2016.jpg,Success,
752,Samsung,Galaxy Express Prime,https://www.gsmarena.com/samsung_galaxy_express_prime-8022.php,https://fdn2.gsmarena.com/vv/bigpic/samsung-galaxy-express-prime.jpg,Success,
753,Samsung,Galaxy J3 (2016),https://www.gsmarena.com/samsung_galaxy_j3_(2016)-7760.php,https://fdn2.gsmarena.com/vv/bigpic/samsung-galaxy-j3.jpg,Success,
754,Samsung,Galaxy View,https://www.gsmarena.com/samsung_galaxy_view-7704.php,https://fdn2.gsmarena.com/vv/bigpic/samsung-galaxy-view.jpg,Success,
755,Samsung,Galaxy On7,https://www.gsmarena.com/samsung_galaxy_on7-7679.php,https://fdn2.gsmarena.com/vv/bigpic/samsung-galaxy-on7-.jpg,Success,
756,Samsung,Galaxy On5,https://www.gsmarena.com/samsung_galaxy_on5-7648.php,https://fdn2.gsmarena.com/vv/bigpic/samsung-galaxy-on5.jpg,Success,
757,Samsung,Z3,https://www.gsmarena.com/samsung_z3-7273.php,https://fdn2.gsmarena.com/vv/bigpic/samsung-z3.jpg,Success,
758,Samsung,Galaxy J1 Ace,https://www.gsmarena.com/samsung_galaxy_j1_ace-7673.php,https://fdn2.gsmarena.com/vv/bigpic/samsung-galaxy-j1-ace.jpg,Success,
759,Samsung,Gear S2 classic,https://www.gsmarena.com/samsung_gear_s2_classic-7677.php,https://fdn2.gsmarena.com/vv/bigpic/samsung-gear-s2-classic.jpg,Success,
760,Samsung,Gear S2,https://www.gsmarena.com/samsung_gear_s2-7678.php,https://fdn2.gsmarena.com/vv/bigpic/samsung-gear-s2.jpg,Success,
761,Samsung,Gear S2 3G,https://www.gsmarena.com/samsung_gear_s2_3g-7585.php,https://fdn2.gsmarena.com/vv/bigpic/samsung-gear-s2.jpg,Success,
762,Samsung,Galaxy Note5 (USA),https://www.gsmarena.com/samsung_galaxy_note5_(usa)-7504.php,https://fdn2.gsmarena.com/vv/bigpic/samsung-galaxy-note5.jpg,Success,
763,Samsung,Galaxy Note5,https://www.gsmarena.com/samsung_galaxy_note5-7431.php,https://fdn2.gsmarena.com/vv/bigpic/samsung-galaxy-note5.jpg,Success,
764,Samsung,Galaxy Note5 Duos,https://www.gsmarena.com/samsung_galaxy_note5_duos-7508.php,https://fdn2.gsmarena.com/vv/bigpic/samsung-galaxy-note5.jpg,Success,
765,Samsung,Galaxy S6 edge+ (USA),https://www.gsmarena.com/samsung_galaxy_s6_edge+_(usa)-7505.php,https://fdn2.gsmarena.com/vv/bigpic/samsung-galaxy-s6-edge-plus.jpg,Success,
766,Samsung,Galaxy S6 edge+,https://www.gsmarena.com/samsung_galaxy_s6_edge+-7467.php,https://fdn2.gsmarena.com/vv/bigpic/samsung-galaxy-s6-edge-plus.jpg,Success,
767,Samsung,Galaxy S6 edge+ Duos,https://www.gsmarena.com/samsung_galaxy_s6_edge+_duos-7509.php,https://fdn2.gsmarena.com/vv/bigpic/samsung-galaxy-s6-edge-plus.jpg,Success,
768,Samsung,Galaxy S5 Neo,https://www.gsmarena.com/samsung_galaxy_s5_neo-6506.php,https://fdn2.gsmarena.com/vv/bigpic/samsung-galaxy-s5-neo.jpg,Success,
769,Samsung,Galaxy S4 mini I9195I,https://www.gsmarena.com/samsung_galaxy_s4_mini_i9195i-7468.php,https://fdn2.gsmarena.com/vv/bigpic/samsung-galaxy-s4-mini-plus-gt-i9195i.jpg,Success,
770,Samsung,Galaxy Folder,https://www.gsmarena.com/samsung_galaxy_folder-7453.php,https://fdn2.gsmarena.com/vv/bigpic/samsung-galaxy-folder-SM-G150.jpg,Success,
771,Samsung,Galaxy Tab S2 9.7,https://www.gsmarena.com/samsung_galaxy_tab_s2_9_7-7438.php,https://fdn2.gsmarena.com/vv/bigpic/samsung-galaxy-tab-s2-97.jpg,Success,
772,Samsung,Galaxy Tab S2 8.0,https://www.gsmarena.com/samsung_galaxy_tab_s2_8_0-7439.php,https://fdn2.gsmarena.com/vv/bigpic/samsung-galaxy-tab-s2-80r1.jpg,Success,
773,Samsung,Galaxy A8 Duos,https://www.gsmarena.com/samsung_galaxy_a8_duos-7506.php,https://fdn2.gsmarena.com/vv/bigpic/samsung-galaxy-a8-ds.jpg,Success,
774,Samsung,Galaxy A8,https://www.gsmarena.com/samsung_galaxy_a8-7249.php,https://fdn2.gsmarena.com/vv/bigpic/samsung-galaxy-a8-.jpg,Success,
775,Samsung,Galaxy V Plus,https://www.gsmarena.com/samsung_galaxy_v_plus-7395.php,https://fdn2.gsmarena.com/vv/bigpic/samsung-galaxy-v-plus-sm-g318.jpg,Success,
776,Samsung,Galaxy J7 Nxt,https://www.gsmarena.com/samsung_galaxy_j7_nxt-8785.php,https://fdn2.gsmarena.com/vv/bigpic/samsung-galaxy-j7-nxt-sm-j701fds.jpg,Success,
777,Samsung,Galaxy J7,https://www.gsmarena.com/samsung_galaxy_j7-7185.php,https://fdn2.gsmarena.com/vv/bigpic/samsung-galaxy-j7-j700f.jpg,Success,
778,Samsung,Galaxy J5,https://www.gsmarena.com/samsung_galaxy_j5-7184.php,https://fdn2.gsmarena.com/vv/bigpic/samsung-galaxy-j5-sm-j500f.jpg,Success,
779,Samsung,Galaxy Tab 4 10.1 (2015),https://www.gsmarena.com/samsung_galaxy_tab_4_10_1_(2015)-6980.php,https://fdn2.gsmarena.com/vv/bigpic/samsung-galaxy-tab-4-101-2015.jpg,Success,
780,Samsung,Galaxy Tab E 9.6,https://www.gsmarena.com/samsung_galaxy_tab_e_9_6-7295.php,https://fdn2.gsmarena.com/vv/bigpic/samsung-galaxy-tab-e-sm-t561.jpg,Success,
781,Samsung,Guru Plus,https://www.gsmarena.com/samsung_guru_plus_-7794.php,https://fdn2.gsmarena.com/vv/bigpic/samsung-guru-plus.jpg,Success,
782,Samsung,Metro 360,https://www.gsmarena.com/samsung_metro_360-7751.php,https://fdn2.gsmarena.com/vv/bigpic/samsung-metro-360.jpg,Success,
783,Samsung,Xcover 550,https://www.gsmarena.com/samsung_xcover_550-7119.php,https://fdn2.gsmarena.com/vv/bigpic/samsung-xcover-3.jpg,Success,
784,Samsung,Galaxy S6 active,https://www.gsmarena.com/samsung_galaxy_s6_active-7114.php,https://fdn2.gsmarena.com/vv/bigpic/samsung-galaxy-s6-active.jpg,Success,
785,Samsung,Galaxy Tab 3 V,https://www.gsmarena.com/samsung_galaxy_tab_3_v-7134.php,https://fdn2.gsmarena.com/vv/bigpic/samsung-galaxy-tab-3-v.jpg,Success,
786,Samsung,Galaxy Tab A 9.7 & S Pen,https://www.gsmarena.com/samsung_galaxy_tab_a_9_7_&_s_pen-7443.php,https://fdn2.gsmarena.com/vv/bigpic/samsung-galaxy-tab-a-and-s-pen.jpg,Success,
787,Samsung,Galaxy Tab A 9.7,https://www.gsmarena.com/samsung_galaxy_tab_a_9_7-7122.php,https://fdn2.gsmarena.com/vv/bigpic/samsung-galaxy-tab-a-80.jpg,Success,
788,Samsung,Galaxy Tab A 8.0 & S Pen (2015),https://www.gsmarena.com/samsung_galaxy_tab_a_8_0_&_s_pen_(2015)-8883.php,https://fdn2.gsmarena.com/vv/bigpic/samsung-galaxy-tab-a-80-p355.jpg,Success,
789,Samsung,Galaxy Tab A 8.0 (2015),https://www.gsmarena.com/samsung_galaxy_tab_a_8_0_(2015)-7121.php,https://fdn2.gsmarena.com/vv/bigpic/samsung-galaxy-tab-a8.jpg,Success,
790,Samsung,Galaxy XCover 3,https://www.gsmarena.com/samsung_galaxy_xcover_3-6990.php,https://fdn2.gsmarena.com/vv/bigpic/samsung-galaxy-xcover-3-new.jpg,Success,
791,Samsung,Galaxy S6 edge (USA),https://www.gsmarena.com/samsung_galaxy_s6_edge_(usa)-7166.php,https://fdn2.gsmarena.com/vv/bigpic/samsung-galaxy-s6-edge-cdma.jpg,Success,
792,Samsung,Galaxy S6 (USA),https://www.gsmarena.com/samsung_galaxy_s6_(usa)-7164.php,https://fdn2.gsmarena.com/vv/bigpic/samsung-galaxy-s6-cdma.jpg,Success,
793,Samsung,Galaxy S6 edge,https://www.gsmarena.com/samsung_galaxy_s6_edge-7079.php,https://fdn2.gsmarena.com/vv/bigpic/samsung-galaxy-s6-edge.jpg,Success,
794,Samsung,Galaxy S6 Duos,https://www.gsmarena.com/samsung_galaxy_s6_duos-7377.php,https://fdn2.gsmarena.com/vv/bigpic/samsung-galaxy-s6.jpg,Success,
795,Samsung,Galaxy S6,https://www.gsmarena.com/samsung_galaxy_s6-6849.php,https://fdn2.gsmarena.com/vv/bigpic/samsung-galaxy-s6.jpg,Success,
796,Samsung,Galaxy J1 4G,https://www.gsmarena.com/samsung_galaxy_j1_4g-7034.php,https://fdn2.gsmarena.com/vv/bigpic/samsung-galaxy-j1-sm-j100h1.jpg,Success,
797,Samsung,Galaxy J2,https://www.gsmarena.com/samsung_galaxy_j2-7357.php,https://fdn2.gsmarena.com/vv/bigpic/samsung-galaxy-j2.jpg,Success,
798,Samsung,Galaxy J1,https://www.gsmarena.com/samsung_galaxy_j1-6907.php,https://fdn2.gsmarena.com/vv/bigpic/samsung-galaxy-j1-sm-j100h1.jpg,Success,
799,Samsung,Galaxy Tab 3 Lite 7.0 VE,https://www.gsmarena.com/samsung_galaxy_tab_3_lite_7_0_ve-7110.php,https://fdn2.gsmarena.com/vv/bigpic/samsung-galaxy-tab-3-lite.jpg,Success,
800,Samsung,Z1,https://www.gsmarena.com/samsung_z1-6894.php,https://fdn2.gsmarena.com/vv/bigpic/samsung-z-1.jpg,Success,
801,Samsung,U810 Renown,https://www.gsmarena.com/samsung_u810_renown-2609.php,https://fdn2.gsmarena.com/vv/bigpic/samsung-renown.jpg,Success,
802,Samsung,i770 Saga,https://www.gsmarena.com/samsung_i770_saga-2608.php,https://fdn2.gsmarena.com/vv/bigpic/samsung-saga.jpg,Success,
803,Samsung,A867 Eternity,https://www.gsmarena.com/samsung_a867_eternity-2607.php,https://fdn2.gsmarena.com/vv/bigpic/samsung-eternity.jpg,Success,
804,Samsung,A777,https://www.gsmarena.com/samsung_a777-2600.php,https://fdn2.gsmarena.com/vv/bigpic/samsung-a777.jpg,Success,
805,Samsung,T919 Behold,https://www.gsmarena.com/samsung_t919_behold-2587.php,https://fdn2.gsmarena.com/vv/bigpic/samsung-behold.jpg,Success,
806,Samsung,T459 Gravity,https://www.gsmarena.com/samsung_t459_gravity-2588.php,https://fdn2.gsmarena.com/vv/bigpic/samsung-gravity.jpg,Success,
807,Samsung,E2510,https://www.gsmarena.com/samsung_e2510-2584.php,https://fdn2.gsmarena.com/vv/bigpic/samsung-e2510.jpg,Success,
808,Samsung,T219,https://www.gsmarena.com/samsung_t219-2767.php,https://fdn2.gsmarena.com/vv/bigpic/samsung-t219.jpg,Success,
809,Samsung,E1410,https://www.gsmarena.com/samsung_e1410-2647.php,https://fdn2.gsmarena.com/vv/bigpic/samsung-e1410.jpg,Success,
810,Samsung,T119,https://www.gsmarena.com/samsung_t119-2765.php,https://fdn2.gsmarena.com/vv/bigpic/samsung-t119.jpg,Success,
811,Samsung,E1117,https://www.gsmarena.com/samsung_e1117-2742.php,https://fdn2.gsmarena.com/vv/bigpic/samsung-e1110.jpg,Success,
812,Samsung,E1110,https://www.gsmarena.com/samsung_e1110-2583.php,https://fdn2.gsmarena.com/vv/bigpic/samsung-e1110.jpg,Success,
813,Samsung,C6620,https://www.gsmarena.com/samsung_c6620-2575.php,https://fdn2.gsmarena.com/vv/bigpic/samsung-c6620.jpg,Success,
814,Samsung,i907 Epix,https://www.gsmarena.com/samsung_i907_epix-2566.php,https://fdn2.gsmarena.com/vv/bigpic/samsung-epix.jpg,Success,
815,Samsung,A767 Propel,https://www.gsmarena.com/samsung_a767_propel-2565.php,https://fdn2.gsmarena.com/vv/bigpic/samsung-a767-propel.jpg,Success,
816,Samsung,i7110,https://www.gsmarena.com/samsung_i7110-2559.php,https://fdn2.gsmarena.com/vv/bigpic/samsung-i7110.jpg,Success,
817,Samsung,F275,https://www.gsmarena.com/samsung_f275-3200.php,https://fdn2.gsmarena.com/vv/bigpic/samsung-f275.jpg,Success,
818,Samsung,F270 Beat,https://www.gsmarena.com/samsung_f270_beat-2543.php,https://fdn2.gsmarena.com/vv/bigpic/samsung-f270-beat-new.jpg,Success,
819,Samsung,M8800 Pixon,https://www.gsmarena.com/samsung_m8800_pixon-2535.php,https://fdn2.gsmarena.com/vv/bigpic/samsung-m8800-pixon.jpg,Success,
820,Samsung,S3600,https://www.gsmarena.com/samsung_s3600-2539.php,https://fdn2.gsmarena.com/vv/bigpic/samsung-s3600.jpg,Success,
821,Samsung,M7500 Emporio Armani,https://www.gsmarena.com/samsung_m7500_emporio_armani-2529.php,https://fdn2.gsmarena.com/vv/bigpic/samsung-m7500-emporio-armani.jpg,Success,
822,Samsung,M3200 Beat s,https://www.gsmarena.com/samsung_m3200_beat_s-2528.php,https://fdn2.gsmarena.com/vv/bigpic/samsung-m3200-beat-s.jpg,Success,
823,Samsung,T339,https://www.gsmarena.com/samsung_t339-2593.php,https://fdn2.gsmarena.com/vv/bigpic/samsung-t339.jpg,Success,
824,Samsung,T229,https://www.gsmarena.com/samsung_t229-2592.php,https://fdn2.gsmarena.com/vv/bigpic/samsung-t229.jpg,Success,
825,Samsung,A637,https://www.gsmarena.com/samsung_a637-2551.php,https://fdn2.gsmarena.com/vv/bigpic/samsung-a637.jpg,Success,
826,Samsung,C510,https://www.gsmarena.com/samsung_c510-2545.php,https://fdn2.gsmarena.com/vv/bigpic/samsung-c510.jpg,Success,
827,Samsung,A837 Rugby,https://www.gsmarena.com/samsung_a837_rugby-2530.php,https://fdn2.gsmarena.com/vv/bigpic/samsung-a837.jpg,Success,
828,Samsung,A237,https://www.gsmarena.com/samsung_a237-2518.php,https://fdn2.gsmarena.com/vv/bigpic/samsung-a237.jpg,Success,
829,Samsung,B320,https://www.gsmarena.com/samsung_b320-2548.php,https://fdn2.gsmarena.com/vv/bigpic/samsung-b320.jpg,Success,
830,Samsung,B210,https://www.gsmarena.com/samsung_b210-2510.php,https://fdn2.gsmarena.com/vv/bigpic/samsung-b210.jpg,Success,
831,Samsung,M3510 Beat b,https://www.gsmarena.com/samsung_m3510_beat_b-2509.php,https://fdn2.gsmarena.com/vv/bigpic/samsung-m3510.jpg,Success,
832,Samsung,M200,https://www.gsmarena.com/samsung_m200-2508.php,https://fdn2.gsmarena.com/vv/bigpic/samsung-m200.jpg,Success,
833,Samsung,P270,https://www.gsmarena.com/samsung_p270-2722.php,https://fdn2.gsmarena.com/vv/bigpic/samsung-p270.jpg,Success,
834,Samsung,B2700,https://www.gsmarena.com/samsung_b2700-2507.php,https://fdn2.gsmarena.com/vv/bigpic/samsung-b2700.jpg,Success,
835,Samsung,F268,https://www.gsmarena.com/samsung_f268-2506.php,https://fdn2.gsmarena.com/vv/bigpic/samsung-j770.jpg,Success,
836,Samsung,T109,https://www.gsmarena.com/samsung_t109-2550.php,https://fdn2.gsmarena.com/vv/bigpic/samsung-t109.jpg,Success,
837,Samsung,E200 ECO,https://www.gsmarena.com/samsung_e200_eco-2505.php,https://fdn2.gsmarena.com/vv/bigpic/samsung-e200-eco.jpg,Success,
838,Samsung,D980,https://www.gsmarena.com/samsung_d980-2500.php,https://fdn2.gsmarena.com/vv/bigpic/samsung-d980.jpg,Success,
839,Samsung,B510,https://www.gsmarena.com/samsung_b510-2501.php,https://fdn2.gsmarena.com/vv/bigpic/samsung-b510.jpg,Success,
840,Samsung,E215,https://www.gsmarena.com/samsung_e215-2502.php,https://fdn2.gsmarena.com/vv/bigpic/samsung-e215.jpg,Success,
841,Samsung,B130,https://www.gsmarena.com/samsung_b130-2499.php,https://fdn2.gsmarena.com/vv/bigpic/samsung-b130.jpg,Success,
842,Samsung,i8510 INNOV8,https://www.gsmarena.com/samsung_i8510_innov8-2471.php,https://fdn2.gsmarena.com/vv/bigpic/samsung-i8150.jpg,Success,
843,Samsung,S7330,https://www.gsmarena.com/samsung_s7330-2487.php,https://fdn2.gsmarena.com/vv/bigpic/samsung-s7330.jpg,Success,
844,Samsung,i740,https://www.gsmarena.com/samsung_i740-2472.php,https://fdn2.gsmarena.com/vv/bigpic/samsung-i740.jpg,Success,
845,Samsung,M150,https://www.gsmarena.com/samsung_m150-2466.php,https://fdn2.gsmarena.com/vv/bigpic/samsung-m150.jpg,Success,
846,Samsung,J800 Luxe,https://www.gsmarena.com/samsung_j800_luxe-2436.php,https://fdn2.gsmarena.com/vv/bigpic/samsung-j800.jpg,Success,
847,Samsung,M140,https://www.gsmarena.com/samsung_m140-2490.php,https://fdn2.gsmarena.com/vv/bigpic/samsung-m140.jpg,Success,
848,Samsung,M130,https://www.gsmarena.com/samsung_m130-2489.php,https://fdn2.gsmarena.com/vv/bigpic/samsung-m130.jpg,Success,
849,Samsung,L700,https://www.gsmarena.com/samsung_l700-2435.php,https://fdn2.gsmarena.com/vv/bigpic/samsung-l700.jpg,Success,
850,Samsung,i900 Omnia,https://www.gsmarena.com/samsung_i900_omnia-2422.php,https://fdn2.gsmarena.com/vv/bigpic/samsung-i900.jpg,Success,
851,Samsung,Galaxy A7 Duos,https://www.gsmarena.com/samsung_galaxy_a7_duos-7132.php,https://fdn2.gsmarena.com/vv/bigpic/samsung-a7.jpg,Success,
852,Samsung,Galaxy A7,https://www.gsmarena.com/samsung_galaxy_a7-6763.php,https://fdn2.gsmarena.com/vv/bigpic/samsung-a7.jpg,Success,
853,Samsung,Galaxy Grand Max,https://www.gsmarena.com/samsung_galaxy_grand_max-6905.php,https://fdn2.gsmarena.com/vv/bigpic/samsung-galaxy-grand-max.jpg,Success,
854,Samsung,Galaxy E7,https://www.gsmarena.com/samsung_galaxy_e7-6879.php,https://fdn2.gsmarena.com/vv/bigpic/samsung-galaxy-e7.jpg,Success,
855,Samsung,Galaxy E5,https://www.gsmarena.com/samsung_galaxy_e5-6906.php,https://fdn2.gsmarena.com/vv/bigpic/samsung-galaxy-e5.jpg,Success,
856,Samsung,Galaxy Core Prime,https://www.gsmarena.com/samsung_galaxy_core_prime-6716.php,https://fdn2.gsmarena.com/vv/bigpic/samsung-galaxy-core-prime.jpg,Success,
857,Samsung,Galaxy A5 Duos,https://www.gsmarena.com/samsung_galaxy_a5_duos-6802.php,https://fdn2.gsmarena.com/vv/bigpic/samsung-a5.jpg,Success,
858,Samsung,Galaxy A5,https://www.gsmarena.com/samsung_galaxy_a5-6761.php,https://fdn2.gsmarena.com/vv/bigpic/samsung-a5.jpg,Success,
859,Samsung,Galaxy A3 Duos,https://www.gsmarena.com/samsung_galaxy_a3_duos-6803.php,https://fdn2.gsmarena.com/vv/bigpic/samsung-a3.jpg,Success,
860,Samsung,Galaxy A3,https://www.gsmarena.com/samsung_galaxy_a3-6762.php,https://fdn2.gsmarena.com/vv/bigpic/samsung-a3.jpg,Success,
861,Samsung,Galaxy S5 Plus,https://www.gsmarena.com/samsung_galaxy_s5_plus-6748.php,https://fdn2.gsmarena.com/vv/bigpic/samsung-galaxy-s5-g900f.jpg,Success,
862,Samsung,Galaxy Pocket 2,https://www.gsmarena.com/samsung_galaxy_pocket_2-4881.php,https://fdn2.gsmarena.com/vv/bigpic/samsung-galaxy-pocket-2.jpg,Success,
863,Samsung,Galaxy V,https://www.gsmarena.com/samsung_galaxy_v-6725.php,https://fdn2.gsmarena.com/vv/bigpic/samsung-galaxy-v1.jpg,Success,
864,Samsung,Galaxy Grand Prime Duos TV,https://www.gsmarena.com/samsung_galaxy_grand_prime_duos_tv-6790.php,https://fdn2.gsmarena.com/vv/bigpic/samsung-galaxy-gran-prime-duos-tv-sm-g530bt.jpg,Success,
865,Samsung,Galaxy Grand Prime,https://www.gsmarena.com/samsung_galaxy_grand_prime-6708.php,https://fdn2.gsmarena.com/vv/bigpic/samsung-galaxy-grand-prime-sm-g530h.jpg,Success,
866,Samsung,Galaxy Ace Style LTE G357,https://www.gsmarena.com/samsung_galaxy_ace_style_lte_g357-6706.php,https://fdn2.gsmarena.com/vv/bigpic/samsung-galaxy-ace-style-lte.jpg,Success,
867,Samsung,Galaxy Note Edge,https://www.gsmarena.com/samsung_galaxy_note_edge-6631.php,https://fdn2.gsmarena.com/vv/bigpic/samsung-galaxy-note-edge1.jpg,Success,
868,Samsung,Galaxy Note 4 Duos,https://www.gsmarena.com/samsung_galaxy_note_4_duos-6749.php,https://fdn2.gsmarena.com/vv/bigpic/samsung-galaxy-note-4-duos-sm-n9100.jpg,Success,
869,Samsung,Galaxy Note 4 (USA),https://www.gsmarena.com/samsung_galaxy_note_4_(usa)-6758.php,https://fdn2.gsmarena.com/vv/bigpic/samsung-galaxy-note-4-cdma.jpg,Success,
870,Samsung,Galaxy Note 4,https://www.gsmarena.com/samsung_galaxy_note_4-6434.php,https://fdn2.gsmarena.com/vv/bigpic/samsung-galaxy-note-4-new.jpg,Success,
871,Samsung,Galaxy Tab Active LTE,https://www.gsmarena.com/samsung_galaxy_tab_active_lte-6658.php,https://fdn2.gsmarena.com/vv/bigpic/samsung-galaxy-tab-active.jpg,Success,
872,Samsung,Galaxy Tab Active,https://www.gsmarena.com/samsung_galaxy_tab_active-6659.php,https://fdn2.gsmarena.com/vv/bigpic/samsung-galaxy-tab-active.jpg,Success,
873,Samsung,Galaxy Mega 2,https://www.gsmarena.com/samsung_galaxy_mega_2-6482.php,https://fdn2.gsmarena.com/vv/bigpic/samsung-galaxy-mega-2-r.jpg,Success,
874,Samsung,Gear S,https://www.gsmarena.com/samsung_gear_s-6620.php,https://fdn2.gsmarena.com/vv/bigpic/samsung-gear-s-new.jpg,Success,
875,Samsung,Gear 2 Neo,https://www.gsmarena.com/samsung_gear_2_neo-7715.php,https://fdn2.gsmarena.com/vv/bigpic/samsung-gear-2-neo.jpg,Success,
876,Samsung,Gear Live,https://www.gsmarena.com/samsung_gear_live-7714.php,https://fdn2.gsmarena.com/vv/bigpic/samsung-gear-live.jpg,Success,
877,Samsung,Gear 2,https://www.gsmarena.com/samsung_gear_2-7717.php,https://fdn2.gsmarena.com/vv/bigpic/samsung-gear-2.jpg,Success,
878,Samsung,Galaxy Gear,https://www.gsmarena.com/samsung_galaxy_gear-7716.php,https://fdn2.gsmarena.com/vv/bigpic/samsung-galaxy-gear.jpg,Success,
879,Samsung,Galaxy S5 LTE-A G901F,https://www.gsmarena.com/samsung_galaxy_s5_lte_a_g901f-6576.php,https://fdn2.gsmarena.com/vv/bigpic/samsung-galaxy-s5-g900f.jpg,Success,
880,Samsung,Galaxy Alpha (S801),https://www.gsmarena.com/samsung_galaxy_alpha_(s801)-6580.php,https://fdn2.gsmarena.com/vv/bigpic/samsung-galaxy-alpha.jpg,Success,
881,Samsung,Galaxy Alpha,https://www.gsmarena.com/samsung_galaxy_alpha-6573.php,https://fdn2.gsmarena.com/vv/bigpic/samsung-galaxy-alpha.jpg,Success,
882,Samsung,Galaxy S5 mini Duos,https://www.gsmarena.com/samsung_galaxy_s5_mini_duos-6563.php,https://fdn2.gsmarena.com/vv/bigpic/samsung-galaxy-s5-mini-duos.jpg,Success,
883,Samsung,Galaxy Avant,https://www.gsmarena.com/samsung_galaxy_avant-6542.php,https://fdn2.gsmarena.com/vv/bigpic/samsung-galaxy-avant.jpg,Success,
884,Samsung,Galaxy S Duos 3,https://www.gsmarena.com/samsung_galaxy_s_duos_3-6662.php,https://fdn2.gsmarena.com/vv/bigpic/samsung-galaxy-ace-nxt-sm-g313h.jpg,Success,
885,Samsung,Guru Music 2,https://www.gsmarena.com/samsung_guru_music_2-6651.php,https://fdn2.gsmarena.com/vv/bigpic/samsung-guru-music-2.jpg,Success,
886,Samsung,Metro 312,https://www.gsmarena.com/samsung_metro_312-6650.php,https://fdn2.gsmarena.com/vv/bigpic/samsung-metro-312.jpg,Success,
887,Samsung,Galaxy Tab 4 8.0 (2015),https://www.gsmarena.com/samsung_galaxy_tab_4_8_0_(2015)-6969.php,https://fdn2.gsmarena.com/vv/bigpic/samsung-galaxy-tab-4-80.jpg,Success,
888,Samsung,Galaxy Ace NXT,https://www.gsmarena.com/samsung_galaxy_ace_nxt-6534.php,https://fdn2.gsmarena.com/vv/bigpic/samsung-galaxy-v-2014.jpg,Success,
889,Samsung,Galaxy Star 2 Plus,https://www.gsmarena.com/samsung_galaxy_star_2_plus-6391.php,https://fdn2.gsmarena.com/vv/bigpic/samsung-galaxy-star-2-plus-sm-g350e.jpg,Success,
890,Samsung,Galaxy S5 mini,https://www.gsmarena.com/samsung_galaxy_s5_mini-6252.php,https://fdn2.gsmarena.com/vv/bigpic/samsung-galaxy-s5-mini.jpg,Success,
891,Samsung,Galaxy Ace 4 LTE G313,https://www.gsmarena.com/samsung_galaxy_ace_4_lte_g313-6478.php,https://fdn2.gsmarena.com/vv/bigpic/samsung-galaxy-ace-4.jpg,Success,
892,Samsung,Galaxy Ace 4,https://www.gsmarena.com/samsung_galaxy_ace_4-6479.php,https://fdn2.gsmarena.com/vv/bigpic/samsung-galaxy-ace-4.jpg,Success,
893,Samsung,Galaxy Young 2,https://www.gsmarena.com/samsung_galaxy_young_2-6480.php,https://fdn2.gsmarena.com/vv/bigpic/samsung-galaxy-young-2-sm-g130.jpg,Success,
894,Samsung,Galaxy Star 2,https://www.gsmarena.com/samsung_galaxy_star_2-6481.php,https://fdn2.gsmarena.com/vv/bigpic/samsung-galaxy-star-2.jpg,Success,
895,Samsung,Galaxy Core II,https://www.gsmarena.com/samsung_galaxy_core_ii-6331.php,https://fdn2.gsmarena.com/vv/bigpic/samsung-galaxy-core-2.jpg,Success,
896,Samsung,Galaxy S5 Sport,https://www.gsmarena.com/samsung_galaxy_s5_sport-6460.php,https://fdn2.gsmarena.com/vv/bigpic/samsung-galaxy-s5-sport.jpg,Success,
897,Samsung,Galaxy S5 LTE-A G906S,https://www.gsmarena.com/samsung_galaxy_s5_lte_a_g906s-6450.php,https://fdn2.gsmarena.com/vv/bigpic/samsung-galaxy-s5-lte-a.jpg,Success,
898,Samsung,Galaxy Tab S 8.4 LTE,https://www.gsmarena.com/samsung_galaxy_tab_s_8_4_lte-6435.php,https://fdn2.gsmarena.com/vv/bigpic/samsung-galaxy-tab-s-8.4.jpg,Success,
899,Samsung,Galaxy Tab S 8.4,https://www.gsmarena.com/samsung_galaxy_tab_s_8_4-6439.php,https://fdn2.gsmarena.com/vv/bigpic/samsung-galaxy-tab-s-8.4.jpg,Success,
900,Samsung,Galaxy Tab S 10.5 LTE,https://www.gsmarena.com/samsung_galaxy_tab_s_10_5_lte-6235.php,https://fdn2.gsmarena.com/vv/bigpic/samsung-galaxy-tab-s-105.jpg,Success,
901,Samsung,T349,https://www.gsmarena.com/samsung_t349-2807.php,https://fdn2.gsmarena.com/vv/bigpic/samsung-t349.jpg,Success,
902,Samsung,S5200,https://www.gsmarena.com/samsung_s5200-2806.php,https://fdn2.gsmarena.com/vv/bigpic/samsung-s5200.jpg,Success,
903,Samsung,i637 Jack,https://www.gsmarena.com/samsung_i637_jack-2798.php,https://fdn2.gsmarena.com/vv/bigpic/samsung-i637-jack.jpg,Success,
904,Samsung,S3310,https://www.gsmarena.com/samsung_s3310-2812.php,https://fdn2.gsmarena.com/vv/bigpic/samsung-s3310.jpg,Success,
905,Samsung,C3060R,https://www.gsmarena.com/samsung_c3060r-2804.php,https://fdn2.gsmarena.com/vv/bigpic/samsung-c3060r.jpg,Success,
906,Samsung,A167,https://www.gsmarena.com/samsung_a167-2799.php,https://fdn2.gsmarena.com/vv/bigpic/samsung-a167.jpg,Success,
907,Samsung,A177,https://www.gsmarena.com/samsung_a177-2796.php,https://fdn2.gsmarena.com/vv/bigpic/samsung-a177.jpg,Success,
908,Samsung,I7500 Galaxy,https://www.gsmarena.com/samsung_i7500_galaxy-2791.php,https://fdn2.gsmarena.com/vv/bigpic/samsung-i7500.jpg,Success,
909,Samsung,J165,https://www.gsmarena.com/samsung_j165-2797.php,https://fdn2.gsmarena.com/vv/bigpic/samsung-j165.jpg,Success,
910,Samsung,I6210,https://www.gsmarena.com/samsung_i6210-2823.php,https://fdn2.gsmarena.com/vv/bigpic/samsung-i6210.jpg,Success,
911,Samsung,E1360,https://www.gsmarena.com/samsung_e1360-2784.php,https://fdn2.gsmarena.com/vv/bigpic/samsung-e1360.jpg,Success,
912,Samsung,E1210,https://www.gsmarena.com/samsung_e1210-2783.php,https://fdn2.gsmarena.com/vv/bigpic/samsung-e1210.jpg,Success,
913,Samsung,A657,https://www.gsmarena.com/samsung_a657-2781.php,https://fdn2.gsmarena.com/vv/bigpic/samsung-a657.jpg,Success,
914,Samsung,A877 Impression,https://www.gsmarena.com/samsung_a877_impression-2760.php,https://fdn2.gsmarena.com/vv/bigpic/samsung-impression.jpg,Success,
915,Samsung,A257 Magnet,https://www.gsmarena.com/samsung_a257_magnet-2795.php,https://fdn2.gsmarena.com/vv/bigpic/samsung-magnet.jpg,Success,
916,Samsung,Propel Pro,https://www.gsmarena.com/samsung_propel_pro-2758.php,https://fdn2.gsmarena.com/vv/bigpic/samsung-propel-pro.jpg,Success,
917,Samsung,B2100 Xplorer,https://www.gsmarena.com/samsung_b2100_xplorer-2747.php,https://fdn2.gsmarena.com/vv/bigpic/samsung-b2700-xplorer.jpg,Success,
918,Samsung,S5230 Star,https://www.gsmarena.com/samsung_s5230_star-2739.php,https://fdn2.gsmarena.com/vv/bigpic/samsung-s5230.jpg,Success,
919,Samsung,S5600 Preston,https://www.gsmarena.com/samsung_s5600_preston-2738.php,https://fdn2.gsmarena.com/vv/bigpic/samsung-s5600.jpg,Success,
920,Samsung,i8910 Omnia HD,https://www.gsmarena.com/samsung_i8910_omnia_hd-2691.php,https://fdn2.gsmarena.com/vv/bigpic/samsung-omniahd.jpg,Success,
921,Samsung,S8300 UltraTOUCH,https://www.gsmarena.com/samsung_s8300_ultratouch-2667.php,https://fdn2.gsmarena.com/vv/bigpic/samsung-s8300.jpg,Success,
922,Samsung,M7600 Beat DJ,https://www.gsmarena.com/samsung_m7600_beat_dj-2684.php,https://fdn2.gsmarena.com/vv/bigpic/samsung-m7600-beatdj.jpg,Success,
923,Samsung,M6710 Beat DISC,https://www.gsmarena.com/samsung_m6710_beat_disc-2692.php,https://fdn2.gsmarena.com/vv/bigpic/samsung-m6710-beatdisc.jpg,Success,
924,Samsung,S7350 Ultra s,https://www.gsmarena.com/samsung_s7350_ultra_s-2693.php,https://fdn2.gsmarena.com/vv/bigpic/samsung-s7350-ultras.jpg,Success,
925,Samsung,S7220 Ultra b,https://www.gsmarena.com/samsung_s7220_ultra_b-2695.php,https://fdn2.gsmarena.com/vv/bigpic/samsung-s7220-ultrab.jpg,Success,
926,Samsung,C5220,https://www.gsmarena.com/samsung_c5220-2749.php,https://fdn2.gsmarena.com/vv/bigpic/samsung-c5220.jpg,Success,
927,Samsung,S3500,https://www.gsmarena.com/samsung_s3500-2696.php,https://fdn2.gsmarena.com/vv/bigpic/samsung-s3500.jpg,Success,
928,Samsung,S3110,https://www.gsmarena.com/samsung_s3110-2697.php,https://fdn2.gsmarena.com/vv/bigpic/samsung-s3110.jpg,Success,
929,Samsung,P250,https://www.gsmarena.com/samsung_p250-2782.php,https://fdn2.gsmarena.com/vv/bigpic/samsung-p250.jpg,Success,
930,Samsung,i7410,https://www.gsmarena.com/samsung_i7410-2698.php,https://fdn2.gsmarena.com/vv/bigpic/samsung-i7410.jpg,Success,
931,Samsung,T929 Memoir,https://www.gsmarena.com/samsung_t929_memoir-2663.php,https://fdn2.gsmarena.com/vv/bigpic/samsung-t929-memoir.jpg,Success,
932,Samsung,C3050 Stratus,https://www.gsmarena.com/samsung_c3050_stratus-2706.php,https://fdn2.gsmarena.com/vv/bigpic/samsung-c3050.jpg,Success,
933,Samsung,C3010,https://www.gsmarena.com/samsung_c3010-2707.php,https://fdn2.gsmarena.com/vv/bigpic/samsung-c3010.jpg,Success,
934,Samsung,C3110,https://www.gsmarena.com/samsung_c3110-2655.php,https://fdn2.gsmarena.com/vv/bigpic/samsung-c3110.jpg,Success,
935,Samsung,C6625,https://www.gsmarena.com/samsung_c6625-2723.php,https://fdn2.gsmarena.com/vv/bigpic/samsung-c6625.jpg,Success,
936,Samsung,E1310,https://www.gsmarena.com/samsung_e1310-2710.php,https://fdn2.gsmarena.com/vv/bigpic/samsung-e1310-new.jpg,Success,
937,Samsung,E1120,https://www.gsmarena.com/samsung_e1120-2711.php,https://fdn2.gsmarena.com/vv/bigpic/samsung-e1120.jpg,Success,
938,Samsung,E1100,https://www.gsmarena.com/samsung_e1100-2673.php,https://fdn2.gsmarena.com/vv/bigpic/samsung-e1100.jpg,Success,
939,Samsung,E1070,https://www.gsmarena.com/samsung_e1070-2672.php,https://fdn2.gsmarena.com/vv/bigpic/samsung-e1070.jpg,Success,
940,Samsung,E2210B,https://www.gsmarena.com/samsung_e2210b-2712.php,https://fdn2.gsmarena.com/vv/bigpic/samsung-e2210.jpg,Success,
941,Samsung,E1125,https://www.gsmarena.com/samsung_e1125-2675.php,https://fdn2.gsmarena.com/vv/bigpic/samsung-e1125.jpg,Success,
942,Samsung,E2100B,https://www.gsmarena.com/samsung_e2100b-2674.php,https://fdn2.gsmarena.com/vv/bigpic/samsung-e2100.jpg,Success,
943,Samsung,B520,https://www.gsmarena.com/samsung_b520-2652.php,https://fdn2.gsmarena.com/vv/bigpic/samsung-b520.jpg,Success,
944,Samsung,B5702,https://www.gsmarena.com/samsung_b5702-2702.php,https://fdn2.gsmarena.com/vv/bigpic/samsung-b5702.jpg,Success,
945,Samsung,C5212,https://www.gsmarena.com/samsung_c5212-2709.php,https://fdn2.gsmarena.com/vv/bigpic/samsung-c5212.jpg,Success,
946,Samsung,W259 Duos,https://www.gsmarena.com/samsung_w259_duos-3463.php,https://fdn2.gsmarena.com/vv/bigpic/samsung-duos-259.jpg,Success,
947,Samsung,SCH-W699,https://www.gsmarena.com/samsung_sch_w699-3247.php,https://fdn2.gsmarena.com/vv/bigpic/samsung-w699.jpg,Success,
948,Samsung,W299 Duos,https://www.gsmarena.com/samsung_w299_duos-3246.php,https://fdn2.gsmarena.com/vv/bigpic/samsung-w299.jpg,Success,
949,Samsung,S9402 Ego,https://www.gsmarena.com/samsung_s9402_ego-2616.php,https://fdn2.gsmarena.com/vv/bigpic/samsung_s9402_ego.jpg,Success,
950,Samsung,S3030 Tobi,https://www.gsmarena.com/samsung_s3030_tobi-2610.php,https://fdn2.gsmarena.com/vv/bigpic/samsung-tobi.jpg,Success,
951,Samsung,Galaxy Tab S 10.5,https://www.gsmarena.com/samsung_galaxy_tab_s_10_5-6438.php,https://fdn2.gsmarena.com/vv/bigpic/samsung-galaxy-tab-s-105.jpg,Success,
952,Samsung,Galaxy Core Lite LTE,https://www.gsmarena.com/samsung_galaxy_core_lite_lte-6432.php,https://fdn2.gsmarena.com/vv/bigpic/samsung-galaxy-core-lite-lte1.jpg,Success,
953,Samsung,I9301I Galaxy S3 Neo,https://www.gsmarena.com/samsung_i9301i_galaxy_s3_neo-6433.php,https://fdn2.gsmarena.com/vv/bigpic/samsung-i9301l-galaxy-s3-neo.jpg,Success,
954,Samsung,Galaxy W,https://www.gsmarena.com/samsung_galaxy_w-6404.php,https://fdn2.gsmarena.com/vv/bigpic/samsung-galaxy-w.jpg,Success,
955,Samsung,Z,https://www.gsmarena.com/samsung_z-6403.php,https://fdn2.gsmarena.com/vv/bigpic/Samsung-Z.jpg,Success,
956,Samsung,Galaxy S5 Active,https://www.gsmarena.com/samsung_galaxy_s5_active-6356.php,https://fdn2.gsmarena.com/vv/bigpic/samsung-galaxy-s5-active.jpg,Success,
957,Samsung,Galaxy K zoom,https://www.gsmarena.com/samsung_galaxy_k_zoom-6210.php,https://fdn2.gsmarena.com/vv/bigpic/samsung-galaxy-k-zoom-new.jpg,Success,
958,Samsung,Galaxy Beam2,https://www.gsmarena.com/samsung_galaxy_beam2-6328.php,https://fdn2.gsmarena.com/vv/bigpic/samsung-galaxy-beam2-g3858.jpg,Success,
959,Samsung,I9300I Galaxy S3 Neo,https://www.gsmarena.com/samsung_i9300i_galaxy_s3_neo-6289.php,https://fdn2.gsmarena.com/vv/bigpic/samsung-i9300l-galaxy-s3-neo.jpg,Success,
960,Samsung,Galaxy Ace Style,https://www.gsmarena.com/samsung_galaxy_ace_style-6284.php,https://fdn2.gsmarena.com/vv/bigpic/samsung-ace-style.jpg,Success,
961,Samsung,ATIV SE,https://www.gsmarena.com/samsung_ativ_se-6245.php,https://fdn2.gsmarena.com/vv/bigpic/samsung-ativ-se.jpg,Success,
962,Samsung,Galaxy Tab 4 7.0,https://www.gsmarena.com/samsung_galaxy_tab_4_7_0-6251.php,https://fdn2.gsmarena.com/vv/bigpic/samsung-galaxy-tab-4-70.jpg,Success,
963,Samsung,Galaxy Tab 4 7.0 3G,https://www.gsmarena.com/samsung_galaxy_tab_4_7_0_3g-6250.php,https://fdn2.gsmarena.com/vv/bigpic/samsung-galaxy-tab-4-70.jpg,Success,
964,Samsung,Galaxy Tab 4 7.0 LTE,https://www.gsmarena.com/samsung_galaxy_tab_4_7_0_lte-6241.php,https://fdn2.gsmarena.com/vv/bigpic/samsung-galaxy-tab-4-70.jpg,Success,
965,Samsung,Galaxy Tab 4 8.0,https://www.gsmarena.com/samsung_galaxy_tab_4_8_0-6249.php,https://fdn2.gsmarena.com/vv/bigpic/samsung-galaxy-tab-4-80.jpg,Success,
966,Samsung,Galaxy Tab 4 8.0 3G,https://www.gsmarena.com/samsung_galaxy_tab_4_8_0_3g-6248.php,https://fdn2.gsmarena.com/vv/bigpic/samsung-galaxy-tab-4-80.jpg,Success,
967,Samsung,Galaxy Tab 4 8.0 LTE,https://www.gsmarena.com/samsung_galaxy_tab_4_8_0_lte-6240.php,https://fdn2.gsmarena.com/vv/bigpic/samsung-galaxy-tab-4-80.jpg,Success,
968,Samsung,Galaxy Tab 4 10.1,https://www.gsmarena.com/samsung_galaxy_tab_4_10_1-6247.php,https://fdn2.gsmarena.com/vv/bigpic/samsung-galaxy-tab-4-101.jpg,Success,
969,Samsung,Galaxy Tab 4 10.1 3G,https://www.gsmarena.com/samsung_galaxy_tab_4_10_1_3g-6246.php,https://fdn2.gsmarena.com/vv/bigpic/samsung-galaxy-tab-4-101.jpg,Success,
970,Samsung,Galaxy Tab 4 10.1 LTE,https://www.gsmarena.com/samsung_galaxy_tab_4_10_1_lte-6239.php,https://fdn2.gsmarena.com/vv/bigpic/samsung-galaxy-tab-4-101.jpg,Success,
971,Samsung,G3812B Galaxy S3 Slim,https://www.gsmarena.com/samsung_g3812b_galaxy_s3_slim-6209.php,https://fdn2.gsmarena.com/vv/bigpic/Samsung-G3812B-Galaxy-S3-Slim.jpg,Success,
972,Samsung,I8200 Galaxy S III mini VE,https://www.gsmarena.com/samsung_i8200_galaxy_s_iii_mini_ve-6190.php,https://fdn2.gsmarena.com/vv/bigpic/samsung-galaxy-s3-mini-value-edition-i8200.jpg,Success,
973,Samsung,Galaxy S5 Duos,https://www.gsmarena.com/samsung_galaxy_s5_duos-6272.php,https://fdn2.gsmarena.com/vv/bigpic/samsung-galaxy-s5-sm-g9009.jpg,Success,
974,Samsung,Galaxy S5 (octa-core),https://www.gsmarena.com/samsung_galaxy_s5_(octa_core)-6237.php,https://fdn2.gsmarena.com/vv/bigpic/samsung-galaxy-s5-g900f.jpg,Success,
975,Samsung,Galaxy S5 (USA),https://www.gsmarena.com/samsung_galaxy_s5_(usa)-6338.php,https://fdn2.gsmarena.com/vv/bigpic/samsung-galaxy-s5-cdma1.jpg,Success,
976,Samsung,Galaxy S5,https://www.gsmarena.com/samsung_galaxy_s5-6033.php,https://fdn2.gsmarena.com/vv/bigpic/samsung-galaxy-s5-g900f.jpg,Success,
977,Samsung,Galaxy Core LTE G386W,https://www.gsmarena.com/samsung_galaxy_core_lte_g386w-6846.php,https://fdn2.gsmarena.com/vv/bigpic/samsung-galaxy-core-lte.jpg,Success,
978,Samsung,Galaxy Core LTE,https://www.gsmarena.com/samsung_galaxy_core_lte-6099.php,https://fdn2.gsmarena.com/vv/bigpic/samsung-galaxy-core-lte.jpg,Success,
979,Samsung,S5611,https://www.gsmarena.com/samsung_s5611-6505.php,https://fdn2.gsmarena.com/vv/bigpic/samsung-gt-s5611.jpg,Success,
980,Samsung,E1272,https://www.gsmarena.com/samsung_e1272-6170.php,https://fdn2.gsmarena.com/vv/bigpic/samsung-gt-e1272.jpg,Success,
981,Samsung,Galaxy Star Trios S5283,https://www.gsmarena.com/samsung_galaxy_star_trios_s5283-6054.php,https://fdn2.gsmarena.com/vv/bigpic/samsung-galaxy-star-trios-s5283.jpg,Success,
982,Samsung,Galaxy Note 3 Neo Duos,https://www.gsmarena.com/samsung_galaxy_note_3_neo_duos-6015.php,https://fdn2.gsmarena.com/vv/bigpic/-samsung-galaxy-note-3-neo-new1.jpg,Success,
983,Samsung,Galaxy Note 3 Neo,https://www.gsmarena.com/samsung_galaxy_note_3_neo-5961.php,https://fdn2.gsmarena.com/vv/bigpic/-samsung-galaxy-note-3-neo-new1.jpg,Success,
984,Samsung,Galaxy Tab 3 Lite 7.0 3G,https://www.gsmarena.com/samsung_galaxy_tab_3_lite_7_0_3g-5975.php,https://fdn2.gsmarena.com/vv/bigpic/samsung-galaxy-tab-3-lite-3g.jpg,Success,
985,Samsung,Galaxy Tab 3 Lite 7.0,https://www.gsmarena.com/samsung_galaxy_tab_3_lite_7_0-5969.php,https://fdn2.gsmarena.com/vv/bigpic/samsung-galaxy-tab-3-lite.jpg,Success,
986,Samsung,Galaxy Grand Neo,https://www.gsmarena.com/samsung_galaxy_grand_neo-5958.php,https://fdn2.gsmarena.com/vv/bigpic/samsung-galaxy-grand-neo.jpg,Success,
987,Samsung,Galaxy Note Pro 12.2 LTE,https://www.gsmarena.com/samsung_galaxy_note_pro_12_2_lte-5945.php,https://fdn2.gsmarena.com/vv/bigpic/samsung-note-pro-122.jpg,Success,
988,Samsung,Galaxy Note Pro 12.2 3G,https://www.gsmarena.com/samsung_galaxy_note_pro_12_2_3g-5944.php,https://fdn2.gsmarena.com/vv/bigpic/samsung-note-pro-122.jpg,Success,
989,Samsung,Galaxy Note Pro 12.2,https://www.gsmarena.com/samsung_galaxy_note_pro_12_2-6048.php,https://fdn2.gsmarena.com/vv/bigpic/samsung-note-pro-122.jpg,Success,
990,Samsung,Galaxy Tab Pro 12.2 LTE,https://www.gsmarena.com/samsung_galaxy_tab_pro_12_2_lte-5943.php,https://fdn2.gsmarena.com/vv/bigpic/samsung-tab-pro-122.jpg,Success,
991,Samsung,Galaxy Tab Pro 12.2 3G,https://www.gsmarena.com/samsung_galaxy_tab_pro_12_2_3g-5942.php,https://fdn2.gsmarena.com/vv/bigpic/samsung-tab-pro-122.jpg,Success,
992,Samsung,Galaxy Tab Pro 12.2,https://www.gsmarena.com/samsung_galaxy_tab_pro_12_2-6212.php,https://fdn2.gsmarena.com/vv/bigpic/samsung-tab-pro-122.jpg,Success,
993,Samsung,Galaxy Tab Pro 10.1 LTE,https://www.gsmarena.com/samsung_galaxy_tab_pro_10_1_lte-5941.php,https://fdn2.gsmarena.com/vv/bigpic/samsung-tab-pro-101.jpg,Success,
994,Samsung,Galaxy Tab Pro 10.1,https://www.gsmarena.com/samsung_galaxy_tab_pro_10_1-5940.php,https://fdn2.gsmarena.com/vv/bigpic/samsung-tab-pro-101.jpg,Success,
995,Samsung,Galaxy Tab Pro 8.4 3G/LTE,https://www.gsmarena.com/samsung_galaxy_tab_pro_8_4_3g_lte-6049.php,https://fdn2.gsmarena.com/vv/bigpic/samsung-tab-pro-84.jpg,Success,
996,Samsung,Galaxy Tab Pro 8.4,https://www.gsmarena.com/samsung_galaxy_tab_pro_8_4-5946.php,https://fdn2.gsmarena.com/vv/bigpic/samsung-tab-pro-84.jpg,Success,
997,Samsung,Galaxy Camera 2 GC200,https://www.gsmarena.com/samsung_galaxy_camera_2_gc200-5928.php,https://fdn2.gsmarena.com/vv/bigpic/samsung-galaxy-camera-2.jpg,Success,
998,Samsung,Galaxy Core Advance,https://www.gsmarena.com/samsung_galaxy_core_advance-5904.php,https://fdn2.gsmarena.com/vv/bigpic/samsung-galaxy-core-advance.jpg,Success,
999,Samsung,Galaxy S4 Active LTE-A,https://www.gsmarena.com/samsung_galaxy_s4_active_lte_a-5889.php,https://fdn2.gsmarena.com/vv/bigpic/samsung-i9295-galaxy-s4-active-ofic.jpg,Success,
1000,Samsung,Galaxy J,https://www.gsmarena.com/samsung_galaxy_j-5887.php,https://fdn2.gsmarena.com/vv/bigpic/samsung-galaxy-j.jpg,Success,
1001,Samsung,T939 Behold 2,https://www.gsmarena.com/samsung_t939_behold_2-2955.php,https://fdn2.gsmarena.com/vv/bigpic/samsung-behold-ii.jpg,Success,
1002,Samsung,W880 AMOLED 12M,https://www.gsmarena.com/samsung_w880_amoled_12m-2948.php,https://fdn2.gsmarena.com/vv/bigpic/samsung-w880.jpg,Success,
1003,Samsung,Vodafone 360 H1,https://www.gsmarena.com/samsung_vodafone_360_h1-2954.php,https://fdn2.gsmarena.com/vv/bigpic/vodafone-360-h1.jpg,Success,
1004,Samsung,Vodafone 360 M1,https://www.gsmarena.com/samsung_vodafone_360_m1-2953.php,https://fdn2.gsmarena.com/vv/bigpic/vodafone-360-m1.jpg,Success,
1005,Samsung,B5310 CorbyPRO,https://www.gsmarena.com/samsung_b5310_corbypro-2944.php,https://fdn2.gsmarena.com/vv/bigpic/samsung-b5310-corbypro-new.jpg,Success,
1006,Samsung,B3210 CorbyTXT,https://www.gsmarena.com/samsung_b3210_corbytxt-2943.php,https://fdn2.gsmarena.com/vv/bigpic/samsung-b3210-corbytxt.jpg,Success,
1007,Samsung,F480i,https://www.gsmarena.com/samsung_f480i-2987.php,https://fdn2.gsmarena.com/vv/bigpic/samsung-f480i-la-fleur.jpg,Success,
1008,Samsung,B7330 OmniaPRO,https://www.gsmarena.com/samsung_b7330_omniapro-2940.php,https://fdn2.gsmarena.com/vv/bigpic/samsung-b7330-omniapro.jpg,Success,
1009,Samsung,E1085T,https://www.gsmarena.com/samsung_e1085t-2988.php,https://fdn2.gsmarena.com/vv/bigpic/samsung-e1085t.jpg,Success,
1010,Samsung,E1080T,https://www.gsmarena.com/samsung_e1080t-2941.php,https://fdn2.gsmarena.com/vv/bigpic/samsung-e1080t.jpg,Success,
1011,Samsung,S5510,https://www.gsmarena.com/samsung_s5510-2952.php,https://fdn2.gsmarena.com/vv/bigpic/samsung-s5510.jpg,Success,
1012,Samsung,S5230W Star WiFi,https://www.gsmarena.com/samsung_s5230w_star_wifi-2935.php,https://fdn2.gsmarena.com/vv/bigpic/samsung-s5230w-star-wifi-black.jpg,Success,
1013,Samsung,S7550 Blue Earth,https://www.gsmarena.com/samsung_s7550_blue_earth-2931.php,https://fdn2.gsmarena.com/vv/bigpic/samsung-s7550-blue-earh-new.jpg,Success,
1014,Samsung,S3650 Corby,https://www.gsmarena.com/samsung_s3650_corby-2908.php,https://fdn2.gsmarena.com/vv/bigpic/samsung-s3650-corby.jpg,Success,
1015,Samsung,T659 Scarlet,https://www.gsmarena.com/samsung_t659_scarlet-2933.php,https://fdn2.gsmarena.com/vv/bigpic/samsung-t659.jpg,Success,
1016,Samsung,B3310,https://www.gsmarena.com/samsung_b3310-2907.php,https://fdn2.gsmarena.com/vv/bigpic/samsung-b3310.jpg,Success,
1017,Samsung,C3212,https://www.gsmarena.com/samsung_c3212-2902.php,https://fdn2.gsmarena.com/vv/bigpic/samsung-c3212.jpg,Success,
1018,Samsung,U450 DoubleTake,https://www.gsmarena.com/samsung_u450_doubletake-3440.php,https://fdn2.gsmarena.com/vv/bigpic/samsung-double-take.jpg,Success,
1019,Samsung,i220 Code,https://www.gsmarena.com/samsung_i220_code-3441.php,https://fdn2.gsmarena.com/vv/bigpic/samsung-i220-code.jpg,Success,
1020,Samsung,R860 Caliber,https://www.gsmarena.com/samsung_r860_caliber-3442.php,https://fdn2.gsmarena.com/vv/bigpic/samsung-r860-caliber.jpg,Success,
1021,Samsung,R520 Trill,https://www.gsmarena.com/samsung_r520_trill-3443.php,https://fdn2.gsmarena.com/vv/bigpic/samsung-r520-trill.jpg,Success,
1022,Samsung,M900 Moment,https://www.gsmarena.com/samsung_m900_moment-3464.php,https://fdn2.gsmarena.com/vv/bigpic/samsung-m900-moment.jpg,Success,
1023,Samsung,i350 Intrepid,https://www.gsmarena.com/samsung_i350_intrepid-3465.php,https://fdn2.gsmarena.com/vv/bigpic/samsung-intrepid-i350.jpg,Success,
1024,Samsung,M850 Instinct HD,https://www.gsmarena.com/samsung_m850_instinct_hd-3466.php,https://fdn2.gsmarena.com/vv/bigpic/samsung-m850-instinct-hd.jpg,Success,
1025,Samsung,U450 Intensity,https://www.gsmarena.com/samsung_u450_intensity-3471.php,https://fdn2.gsmarena.com/vv/bigpic/samsung-u450-intensity.jpg,Success,
1026,Samsung,U960 Rogue,https://www.gsmarena.com/samsung_u960_rogue-3472.php,https://fdn2.gsmarena.com/vv/bigpic/Samsung-U960-Rogue.jpg,Success,
1027,Samsung,S3100,https://www.gsmarena.com/samsung_s3100-2901.php,https://fdn2.gsmarena.com/vv/bigpic/samsung-s3100.jpg,Success,
1028,Samsung,A887 Solstice,https://www.gsmarena.com/samsung_a887_solstice-2891.php,https://fdn2.gsmarena.com/vv/bigpic/samsung-a887-solstice.jpg,Success,
1029,Samsung,E2120,https://www.gsmarena.com/samsung_e2120-2900.php,https://fdn2.gsmarena.com/vv/bigpic/samsung-e2120.jpg,Success,
1030,Samsung,S5233T,https://www.gsmarena.com/samsung_s5233t-3235.php,https://fdn2.gsmarena.com/vv/bigpic/samsung-s5233t.jpg,Success,
1031,Samsung,I6220 Star TV,https://www.gsmarena.com/samsung_i6220_star_tv-2930.php,https://fdn2.gsmarena.com/vv/bigpic/samsung-i6220.jpg,Success,
1032,Samsung,S9110,https://www.gsmarena.com/samsung_s9110-2885.php,https://fdn2.gsmarena.com/vv/bigpic/samsung-s9110.jpg,Success,
1033,Samsung,T469 Gravity 2,https://www.gsmarena.com/samsung_t469_gravity_2-2884.php,https://fdn2.gsmarena.com/vv/bigpic/samsung-t469-gravity2.jpg,Success,
1034,Samsung,T559 Comeback,https://www.gsmarena.com/samsung_t559_comeback-2883.php,https://fdn2.gsmarena.com/vv/bigpic/samsung-comeback.jpg,Success,
1035,Samsung,T746 Impact,https://www.gsmarena.com/samsung_t746_impact-2870.php,https://fdn2.gsmarena.com/vv/bigpic/samsung-t749-highlight.jpg,Success,
1036,Samsung,S5600v Blade,https://www.gsmarena.com/samsung_s5600v_blade-2860.php,https://fdn2.gsmarena.com/vv/bigpic/samsung-blade.jpg,Success,
1037,Samsung,S6700,https://www.gsmarena.com/samsung_s6700-2855.php,https://fdn2.gsmarena.com/vv/bigpic/samsung-s7600.jpg,Success,
1038,Samsung,C5510,https://www.gsmarena.com/samsung_c5510-2856.php,https://fdn2.gsmarena.com/vv/bigpic/samsung-c5510.jpg,Success,
1039,Samsung,M2510,https://www.gsmarena.com/samsung_m2510-2854.php,https://fdn2.gsmarena.com/vv/bigpic/samsung-m2510.jpg,Success,
1040,Samsung,M2310,https://www.gsmarena.com/samsung_m2310-2853.php,https://fdn2.gsmarena.com/vv/bigpic/samsung-m2310.jpg,Success,
1041,Samsung,W850,https://www.gsmarena.com/samsung_w850-3349.php,https://fdn2.gsmarena.com/vv/bigpic/samsung-w850.jpg,Success,
1042,Samsung,S8000 Jet,https://www.gsmarena.com/samsung_s8000_jet-2835.php,https://fdn2.gsmarena.com/vv/bigpic/samsung-jet.jpg,Success,
1043,Samsung,I8000 Omnia II,https://www.gsmarena.com/samsung_i8000_omnia_ii-2836.php,https://fdn2.gsmarena.com/vv/bigpic/samsung-i8000.jpg,Success,
1044,Samsung,B7610 OmniaPRO,https://www.gsmarena.com/samsung_b7610_omniapro-2834.php,https://fdn2.gsmarena.com/vv/bigpic/samsung-b7610.jpg,Success,
1045,Samsung,B7320 OmniaPRO,https://www.gsmarena.com/samsung_b7320_omniapro-2838.php,https://fdn2.gsmarena.com/vv/bigpic/samsung-b7320.jpg,Success,
1046,Samsung,B7300 OmniaLITE,https://www.gsmarena.com/samsung_b7300_omnialite-2837.php,https://fdn2.gsmarena.com/vv/bigpic/samsung-omnia-lite.jpg,Success,
1047,Samsung,M8910 Pixon12,https://www.gsmarena.com/samsung_m8910_pixon12-2813.php,https://fdn2.gsmarena.com/vv/bigpic/samsung-pixon-12mp.jpg,Success,
1048,Samsung,E1107 Crest Solar,https://www.gsmarena.com/samsung_e1107_crest_solar-2829.php,https://fdn2.gsmarena.com/vv/bigpic/samsung-e1107.jpg,Success,
1049,Samsung,M2710 Beat Twist,https://www.gsmarena.com/samsung_m2710_beat_twist-2816.php,https://fdn2.gsmarena.com/vv/bigpic/samsung-m2710.jpg,Success,
1050,Samsung,S5050,https://www.gsmarena.com/samsung_s5050-2808.php,https://fdn2.gsmarena.com/vv/bigpic/samsung-s5050.jpg,Success,
1051,Samsung,Galaxy Win Pro G3812,https://www.gsmarena.com/samsung_galaxy_win_pro_g3812-5886.php,https://fdn2.gsmarena.com/vv/bigpic/Samsung-GALAXY-Win-Pro-G3812.jpg,Success,
1052,Samsung,Galaxy S Duos 2 S7582,https://www.gsmarena.com/samsung_galaxy_s_duos_2_s7582-5876.php,https://fdn2.gsmarena.com/vv/bigpic/Samsung-Galaxy-S-Duos-2-GT-S7582.jpg,Success,
1053,Samsung,Galaxy Grand 2,https://www.gsmarena.com/samsung_galaxy_grand_2-5862.php,https://fdn2.gsmarena.com/vv/bigpic/samsung-galaxy-grand-2.jpg,Success,
1054,Samsung,I9230 Galaxy Golden,https://www.gsmarena.com/samsung_i9230_galaxy_golden-5814.php,https://fdn2.gsmarena.com/vv/bigpic/samsung-galaxy-golden.jpg,Success,
1055,Samsung,C3590,https://www.gsmarena.com/samsung_c3590-5846.php,https://fdn2.gsmarena.com/vv/bigpic/samsung-gt-c3590.jpg,Success,
1056,Samsung,Galaxy Express 2,https://www.gsmarena.com/samsung_galaxy_express_2-5803.php,https://fdn2.gsmarena.com/vv/bigpic/samsung-galaxy-express-2-lte.jpg,Success,
1057,Samsung,I9506 Galaxy S4,https://www.gsmarena.com/samsung_i9506_galaxy_s4-5542.php,https://fdn2.gsmarena.com/vv/bigpic/samsung-galaxy-s-4-i9500-black-mist.jpg,Success,
1058,Samsung,Galaxy Light,https://www.gsmarena.com/samsung_galaxy_light-5786.php,https://fdn2.gsmarena.com/vv/bigpic/samsung-galaxy-light.jpg,Success,
1059,Samsung,Galaxy Round G910S,https://www.gsmarena.com/samsung_galaxy_round_g910s-5766.php,https://fdn2.gsmarena.com/vv/bigpic/samsung-galaxy-round.jpg,Success,
1060,Samsung,Galaxy Fresh S7390,https://www.gsmarena.com/samsung_galaxy_fresh_s7390-5841.php,https://fdn2.gsmarena.com/vv/bigpic/samsung-galaxy-fresh-s7390.jpg,Success,
1061,Samsung,Galaxy Core Plus,https://www.gsmarena.com/samsung_galaxy_core_plus-5842.php,https://fdn2.gsmarena.com/vv/bigpic/samsung-galaxy-core-plus.jpg,Success,
1062,Samsung,Galaxy Fame Lite Duos S6792L,https://www.gsmarena.com/samsung_galaxy_fame_lite_duos_s6792l-6216.php,https://fdn2.gsmarena.com/vv/bigpic/samsung-galaxy-fame-lite-s6790.jpg,Success,
1063,Samsung,Galaxy Fame Lite S6790,https://www.gsmarena.com/samsung_galaxy_fame_lite_s6790-6213.php,https://fdn2.gsmarena.com/vv/bigpic/samsung-galaxy-fame-lite-s6790.jpg,Success,
1064,Samsung,Galaxy Star Pro S7260,https://www.gsmarena.com/samsung_galaxy_star_pro_s7260-5749.php,https://fdn2.gsmarena.com/vv/bigpic/Samsung-Galaxy-Star-Pro-s7262.jpg,Success,
1065,Samsung,Galaxy Note 10.1 (2014),https://www.gsmarena.com/samsung_galaxy_note_10_1_(2014)-5677.php,https://fdn2.gsmarena.com/vv/bigpic/samsung-galaxy-note-101-2014-new.jpg,Success,
1066,Samsung,Galaxy Note 3,https://www.gsmarena.com/samsung_galaxy_note_3-5665.php,https://fdn2.gsmarena.com/vv/bigpic/samsung-galaxy-note-3.jpg,Success,
1067,Samsung,Ch@t 333,https://www.gsmarena.com/samsung_ch@t_333-5634.php,https://fdn2.gsmarena.com/vv/bigpic/samsung-chat-333.jpg,Success,
1068,Samsung,Galaxy Prevail 2,https://www.gsmarena.com/samsung_galaxy_prevail_2-5597.php,https://fdn2.gsmarena.com/vv/bigpic/samsung-galaxy-prevail-2.jpg,Success,
1069,Samsung,Gravity Q T289,https://www.gsmarena.com/samsung_gravity_q_t289-5599.php,https://fdn2.gsmarena.com/vv/bigpic/samsung-gravity-q.jpg,Success,
1070,Samsung,ATIV S Neo,https://www.gsmarena.com/samsung_ativ_s_neo-5548.php,https://fdn2.gsmarena.com/vv/bigpic/samsung-ativ-s-neo-i800.jpg,Success,
1071,Samsung,Galaxy S4 zoom,https://www.gsmarena.com/samsung_galaxy_s4_zoom-5447.php,https://fdn2.gsmarena.com/vv/bigpic/samsung-galaxy-s4-zoom.jpg,Success,
1072,Samsung,Galaxy S II TV,https://www.gsmarena.com/samsung_galaxy_s_ii_tv-6785.php,https://fdn2.gsmarena.com/vv/bigpic/samsung-s2-tv.jpg,Success,
1073,Samsung,Galaxy Ace 3,https://www.gsmarena.com/samsung_galaxy_ace_3-5479.php,https://fdn2.gsmarena.com/vv/bigpic/samsung-galaxy-ace-3.jpg,Success,
1074,Samsung,I9190 Galaxy S4 mini,https://www.gsmarena.com/samsung_i9190_galaxy_s4_mini-5375.php,https://fdn2.gsmarena.com/vv/bigpic/samsung-galaxy-s4-mini-I9190-ofic.jpg,Success,
1075,Samsung,I9295 Galaxy S4 Active,https://www.gsmarena.com/samsung_i9295_galaxy_s4_active-5446.php,https://fdn2.gsmarena.com/vv/bigpic/samsung-i9295-galaxy-s4-active-ofic.jpg,Success,
1076,Samsung,Galaxy Tab 3 8.0,https://www.gsmarena.com/samsung_galaxy_tab_3_8_0-5456.php,https://fdn2.gsmarena.com/vv/bigpic/samsung-galaxy-tab-3-80-ofic.jpg,Success,
1077,Samsung,Galaxy Tab 3 10.1 P5220,https://www.gsmarena.com/samsung_galaxy_tab_3_10_1_p5220-5491.php,https://fdn2.gsmarena.com/vv/bigpic/samsung-galaxy-tab-3-101-p5200.jpg,Success,
1078,Samsung,Galaxy Tab 3 10.1 P5200,https://www.gsmarena.com/samsung_galaxy_tab_3_10_1_p5200-5490.php,https://fdn2.gsmarena.com/vv/bigpic/samsung-galaxy-tab-3-101-p5200.jpg,Success,
1079,Samsung,Galaxy Tab 3 10.1 P5210,https://www.gsmarena.com/samsung_galaxy_tab_3_10_1_p5210-5478.php,https://fdn2.gsmarena.com/vv/bigpic/samsung-galaxy-tab-3-101-p5200.jpg,Success,
1080,Samsung,Galaxy Exhibit T599,https://www.gsmarena.com/samsung_galaxy_exhibit_t599-5468.php,https://fdn2.gsmarena.com/vv/bigpic/samsung-galaxy-exhibit-t599.jpg,Success,
1081,Samsung,Galaxy Core I8260,https://www.gsmarena.com/samsung_galaxy_core_i8260-5419.php,https://fdn2.gsmarena.com/vv/bigpic/samsung-galaxy-core-gt-i8260.jpg,Success,
1082,Samsung,Galaxy Tab 3 7.0 WiFi,https://www.gsmarena.com/samsung_galaxy_tab_3_7_0_wifi-5423.php,https://fdn2.gsmarena.com/vv/bigpic/samsung-galaxy-tab-3-70-wifi.jpg,Success,
1083,Samsung,Galaxy Tab 3 7.0,https://www.gsmarena.com/samsung_galaxy_tab_3_7_0-5422.php,https://fdn2.gsmarena.com/vv/bigpic/samsung-galaxy-tab-3-70-3g.jpg,Success,
1084,Samsung,Galaxy Mega 6.3 I9200,https://www.gsmarena.com/samsung_galaxy_mega_6_3_i9200-5398.php,https://fdn2.gsmarena.com/vv/bigpic/samsung-galaxy-mega-6-3.jpg,Success,
1085,Samsung,Galaxy Mega 5.8 I9150,https://www.gsmarena.com/samsung_galaxy_mega_5_8_i9150-5396.php,https://fdn2.gsmarena.com/vv/bigpic/samsung-galaxy-mega-5-8.jpg,Success,
1086,Samsung,Galaxy Trend II Duos S7572,https://www.gsmarena.com/samsung_galaxy_trend_ii_duos_s7572-5394.php,https://fdn2.gsmarena.com/vv/bigpic/samsung-galaxy-trend-duos-ii-s7572.jpg,Success,
1087,Samsung,Galaxy Win I8550,https://www.gsmarena.com/samsung_galaxy_win_i8550-5392.php,https://fdn2.gsmarena.com/vv/bigpic/samsung-galaxy-win-i8552.jpg,Success,
1088,Samsung,Galaxy Pocket Neo S5310,https://www.gsmarena.com/samsung_galaxy_pocket_neo_s5310-5391.php,https://fdn2.gsmarena.com/vv/bigpic/samsung-galaxy-pocket-neo.jpg,Success,
1089,Samsung,Galaxy Star S5280,https://www.gsmarena.com/samsung_galaxy_star_s5280-5314.php,https://fdn2.gsmarena.com/vv/bigpic/samsung-galaxy-star-s5280.jpg,Success,
1090,Samsung,I9505 Galaxy S4,https://www.gsmarena.com/samsung_i9505_galaxy_s4-5371.php,https://fdn2.gsmarena.com/vv/bigpic/samsung-galaxy-s-4-i9500-black-mist.jpg,Success,
1091,Samsung,I9500 Galaxy S4,https://www.gsmarena.com/samsung_i9500_galaxy_s4-5125.php,https://fdn2.gsmarena.com/vv/bigpic/samsung-galaxy-s-4-i9500-black-mist.jpg,Success,
1092,Samsung,I9502 Galaxy S4,https://www.gsmarena.com/samsung_i9502_galaxy_s4-5420.php,https://fdn2.gsmarena.com/vv/bigpic/samsung-galaxy-s-4-i9500-black-mist.jpg,Success,
1093,Samsung,Galaxy S4 CDMA,https://www.gsmarena.com/samsung_galaxy_s4_cdma-5388.php,https://fdn2.gsmarena.com/vv/bigpic/samsung-galaxy-s4-verizon.jpg,Success,
1094,Samsung,Galaxy Note 8.0,https://www.gsmarena.com/samsung_galaxy_note_8_0-5252.php,https://fdn2.gsmarena.com/vv/bigpic/samsung-galaxy-note-80-n5100.jpg,Success,
1095,Samsung,Galaxy Note 8.0 Wi-Fi,https://www.gsmarena.com/samsung_galaxy_note_8_0_wi_fi-5253.php,https://fdn2.gsmarena.com/vv/bigpic/samsung-galaxy-note-80-n5110.jpg,Success,
1096,Samsung,Galaxy Y Plus S5303,https://www.gsmarena.com/samsung_galaxy_y_plus_s5303-5357.php,https://fdn2.gsmarena.com/vv/bigpic/samsung-galaxy-y-plus-gt-s5303.jpg,Success,
1097,Samsung,Rex 90 S5292,https://www.gsmarena.com/samsung_rex_90_s5292-5301.php,https://fdn2.gsmarena.com/vv/bigpic/samsung-rex-90-s5292.jpg,Success,
1098,Samsung,Rex 80 S5222R,https://www.gsmarena.com/samsung_rex_80_s5222r-5300.php,https://fdn2.gsmarena.com/vv/bigpic/samsung-rex-80-s5222.jpg,Success,
1099,Samsung,Rex 70 S3802,https://www.gsmarena.com/samsung_rex_70_s3802-5299.php,https://fdn2.gsmarena.com/vv/bigpic/samsung-rex-70-s3802.jpg,Success,
1100,Samsung,Rex 60 C3312R,https://www.gsmarena.com/samsung_rex_60_c3312r-5298.php,https://fdn2.gsmarena.com/vv/bigpic/samsung-rex-60-c3312.jpg,Success,
1101,Samsung,Galaxy A,https://www.gsmarena.com/samsung_galaxy_a-3294.php,https://fdn2.gsmarena.com/vv/bigpic/samsung-galaxy-a.jpg,Success,
1102,Samsung,I9000 Galaxy S,https://www.gsmarena.com/samsung_i9000_galaxy_s-3115.php,https://fdn2.gsmarena.com/vv/bigpic/samsung-galaxy-s.jpg,Success,
1103,Samsung,S3370,https://www.gsmarena.com/samsung_s3370-3234.php,https://fdn2.gsmarena.com/vv/bigpic/samsung-s3370-ofic.jpg,Success,
1104,Samsung,I6500U Galaxy,https://www.gsmarena.com/samsung_i6500u_galaxy-3002.php,https://fdn2.gsmarena.com/vv/bigpic/samsung-i6500u.jpg,Success,
1105,Samsung,E1170,https://www.gsmarena.com/samsung_e1170-3332.php,https://fdn2.gsmarena.com/vv/bigpic/samsung-e1170.jpg,Success,
1106,Samsung,Metro TV,https://www.gsmarena.com/samsung_metro_tv-3273.php,https://fdn2.gsmarena.com/vv/bigpic/samsung-metro-tv.jpg,Success,
1107,Samsung,Corby TV F339,https://www.gsmarena.com/samsung_corby_tv_f339-3272.php,https://fdn2.gsmarena.com/vv/bigpic/samsung-corby-tv.jpg,Success,
1108,Samsung,S3650W Corby,https://www.gsmarena.com/samsung_s3650w_corby-3047.php,https://fdn2.gsmarena.com/vv/bigpic/samsung-s3650w-corby-wifi.jpg,Success,
1109,Samsung,W9705,https://www.gsmarena.com/samsung_w9705-3243.php,https://fdn2.gsmarena.com/vv/bigpic/samsung-sph-w9705.jpg,Success,
1110,Samsung,A687 Strive,https://www.gsmarena.com/samsung_a687_strive-3232.php,https://fdn2.gsmarena.com/vv/bigpic/samsung-strive-a687-for-att.jpg,Success,
1111,Samsung,A697 Sunburst,https://www.gsmarena.com/samsung_a697_sunburst-3231.php,https://fdn2.gsmarena.com/vv/bigpic/samsung-sunburst-a697-for-att.jpg,Success,
1112,Samsung,S8500 Wave,https://www.gsmarena.com/samsung_s8500_wave-3146.php,https://fdn2.gsmarena.com/vv/bigpic/samsung-s8500.jpg,Success,
1113,Samsung,I8520 Galaxy Beam,https://www.gsmarena.com/samsung_i8520_galaxy_beam-3150.php,https://fdn2.gsmarena.com/vv/bigpic/samsung-i8520.jpg,Success,
1114,Samsung,B3410W Ch@t,https://www.gsmarena.com/samsung_b3410w_ch@t-3151.php,https://fdn2.gsmarena.com/vv/bigpic/samsung-b3410w.jpg,Success,
1115,Samsung,M3710 Corby Beat,https://www.gsmarena.com/samsung_m3710_corby_beat-3091.php,https://fdn2.gsmarena.com/vv/bigpic/samsung-m3710-corby-beat-new.jpg,Success,
1116,Samsung,E2370 Xcover,https://www.gsmarena.com/samsung_e2370_xcover-3152.php,https://fdn2.gsmarena.com/vv/bigpic/Samsung-Xcover-E2370.jpg,Success,
1117,Samsung,E2550 Monte Slider,https://www.gsmarena.com/samsung_e2550_monte_slider-3148.php,https://fdn2.gsmarena.com/vv/bigpic/samsung-e2550.jpg,Success,
1118,Samsung,C3200 Monte Bar,https://www.gsmarena.com/samsung_c3200_monte_bar-3149.php,https://fdn2.gsmarena.com/vv/bigpic/samsung-c3200.jpg,Success,
1119,Samsung,S5620 Monte,https://www.gsmarena.com/samsung_s5620_monte-3117.php,https://fdn2.gsmarena.com/vv/bigpic/samsung-s5620-monte-new.jpg,Success,
1120,Samsung,S5550 Shark 2,https://www.gsmarena.com/samsung_s5550_shark_2-3074.php,https://fdn2.gsmarena.com/vv/bigpic/samsung-s5550-shark2.jpg,Success,
1121,Samsung,S3550 Shark 3,https://www.gsmarena.com/samsung_s3550_shark_3-3085.php,https://fdn2.gsmarena.com/vv/bigpic/samsung-s3550-shark3.jpg,Success,
1122,Samsung,E1150,https://www.gsmarena.com/samsung_e1150-3194.php,https://fdn2.gsmarena.com/vv/bigpic/samsung-e1150.jpg,Success,
1123,Samsung,S5350 Shark,https://www.gsmarena.com/samsung_s5350_shark-3086.php,https://fdn2.gsmarena.com/vv/bigpic/samsung-s5350-shark.jpg,Success,
1124,Samsung,C6112,https://www.gsmarena.com/samsung_c6112-3018.php,https://fdn2.gsmarena.com/vv/bigpic/samsung-c6112.jpg,Success,
1125,Samsung,M2520 Beat Techno,https://www.gsmarena.com/samsung_m2520_beat_techno-3084.php,https://fdn2.gsmarena.com/vv/bigpic/samsung-beat-techno.jpg,Success,
1126,Samsung,C3510 Genoa,https://www.gsmarena.com/samsung_c3510_genoa-3068.php,https://fdn2.gsmarena.com/vv/bigpic/samsung-c3510-corby-pop-new1.jpg,Success,
1127,Samsung,M5650 Lindy,https://www.gsmarena.com/samsung_m5650_lindy-3049.php,https://fdn2.gsmarena.com/vv/bigpic/samsung-m5650-lindy.jpg,Success,
1128,Samsung,S7070 Diva,https://www.gsmarena.com/samsung_s7070_diva-3030.php,https://fdn2.gsmarena.com/vv/bigpic/samsung-diva-s7070.jpg,Success,
1129,Samsung,C3730C,https://www.gsmarena.com/samsung_c3730c-3048.php,https://fdn2.gsmarena.com/vv/bigpic/samsung-c3730c-new.jpg,Success,
1130,Samsung,S5150 Diva folder,https://www.gsmarena.com/samsung_s5150_diva_folder-3031.php,https://fdn2.gsmarena.com/vv/bigpic/samsung-s5150-diva-folder.jpg,Success,
1131,Samsung,C5130,https://www.gsmarena.com/samsung_c5130-2994.php,https://fdn2.gsmarena.com/vv/bigpic/samsung-c5130.jpg,Success,
1132,Samsung,B5722,https://www.gsmarena.com/samsung_b5722-3017.php,https://fdn2.gsmarena.com/vv/bigpic/samsung-b5722-new.jpg,Success,
1133,Samsung,M3310L,https://www.gsmarena.com/samsung_m3310l-3347.php,https://fdn2.gsmarena.com/vv/bigpic/samsung-m3310l.jpg,Success,
1134,Samsung,M3310,https://www.gsmarena.com/samsung_m3310-3016.php,https://fdn2.gsmarena.com/vv/bigpic/samsung-m3310.jpg,Success,
1135,Samsung,A897 Mythic,https://www.gsmarena.com/samsung_a897_mythic-2996.php,https://fdn2.gsmarena.com/vv/bigpic/samsung-a897-mythic.jpg,Success,
1136,Samsung,S5500 Eco,https://www.gsmarena.com/samsung_s5500_eco-2995.php,https://fdn2.gsmarena.com/vv/bigpic/samsung-s5500-eco.jpg,Success,
1137,Samsung,T139,https://www.gsmarena.com/samsung_t139-3123.php,https://fdn2.gsmarena.com/vv/bigpic/samsung-t139.jpg,Success,
1138,Samsung,A797 Flight,https://www.gsmarena.com/samsung_a797_flight-3011.php,https://fdn2.gsmarena.com/vv/bigpic/samsung-flight.jpg,Success,
1139,Samsung,B3410,https://www.gsmarena.com/samsung_b3410-2993.php,https://fdn2.gsmarena.com/vv/bigpic/samsung-b3410-new.jpg,Success,
1140,Samsung,M715 T*OMNIA II,https://www.gsmarena.com/samsung_m715_t*omnia_ii-3350.php,https://fdn2.gsmarena.com/vv/bigpic/samsung-m715-TOMNIA-ii.jpg,Success,
1141,Samsung,A886 Forever,https://www.gsmarena.com/samsung_a886_forever-3088.php,https://fdn2.gsmarena.com/vv/bigpic/samsung-a886-forever-rogers.jpg,Success,
1142,Samsung,S5560 Marvel,https://www.gsmarena.com/samsung_s5560_marvel-2989.php,https://fdn2.gsmarena.com/vv/bigpic/samsung-s5560-marvel.jpg,Success,
1143,Samsung,S5630C,https://www.gsmarena.com/samsung_s5630c-3003.php,https://fdn2.gsmarena.com/vv/bigpic/samsung-s5630c.jpg,Success,
1144,Samsung,I5700 Galaxy Spica,https://www.gsmarena.com/samsung_i5700_galaxy_spica-2965.php,https://fdn2.gsmarena.com/vv/bigpic/samsung-spica.jpg,Success,
1145,Samsung,E1390,https://www.gsmarena.com/samsung_e1390-2979.php,https://fdn2.gsmarena.com/vv/bigpic/samsung-e1390.jpg,Success,
1146,Samsung,E1160,https://www.gsmarena.com/samsung_e1160-2978.php,https://fdn2.gsmarena.com/vv/bigpic/samsung-e1160.jpg,Success,
1147,Samsung,E2130,https://www.gsmarena.com/samsung_e2130-2992.php,https://fdn2.gsmarena.com/vv/bigpic/samsung-e2130.jpg,Success,
1148,Samsung,E1130B,https://www.gsmarena.com/samsung_e1130b-2977.php,https://fdn2.gsmarena.com/vv/bigpic/samsung-e1130b.jpg,Success,
1149,Samsung,T401G,https://www.gsmarena.com/samsung_t401g-2975.php,https://fdn2.gsmarena.com/vv/bigpic/samsung-t401g.jpg,Success,
1150,Samsung,B7620 Giorgio Armani,https://www.gsmarena.com/samsung_b7620_giorgio_armani-2966.php,https://fdn2.gsmarena.com/vv/bigpic/samsung-b7620-new.jpg,Success,
1151,Samsung,Metro E2202,https://www.gsmarena.com/samsung_metro_e2202-5312.php,https://fdn2.gsmarena.com/vv/bigpic/samsung-metro-e2202.jpg,Success,
1152,Samsung,E1282T,https://www.gsmarena.com/samsung_e1282t-5362.php,https://fdn2.gsmarena.com/vv/bigpic/samsung-gt-e1282t.jpg,Success,
1153,Samsung,E1207T,https://www.gsmarena.com/samsung_e1207t-5361.php,https://fdn2.gsmarena.com/vv/bigpic/samsung-e1207t.jpg,Success,
1154,Samsung,Galaxy Young S6310,https://www.gsmarena.com/samsung_galaxy_young_s6310-5280.php,https://fdn2.gsmarena.com/vv/bigpic/samsung-galaxy-young-ss.jpg,Success,
1155,Samsung,Galaxy Fame S6810,https://www.gsmarena.com/samsung_galaxy_fame_s6810-5279.php,https://fdn2.gsmarena.com/vv/bigpic/samsung-galaxy-frame.jpg,Success,
1156,Samsung,Galaxy Express I8730,https://www.gsmarena.com/samsung_galaxy_express_i8730-5271.php,https://fdn2.gsmarena.com/vv/bigpic/samsung-galaxy-express.jpg,Success,
1157,Samsung,S7710 Galaxy Xcover 2,https://www.gsmarena.com/samsung_s7710_galaxy_xcover_2-5263.php,https://fdn2.gsmarena.com/vv/bigpic/samsung-galaxy-xcover-2.jpg,Success,
1158,Samsung,Ativ Odyssey I930,https://www.gsmarena.com/samsung_ativ_odyssey_i930-5221.php,https://fdn2.gsmarena.com/vv/bigpic/samsung-ativ-odyssey-new.jpg,Success,
1159,Samsung,I9105 Galaxy S II Plus,https://www.gsmarena.com/samsung_i9105_galaxy_s_ii_plus-5213.php,https://fdn2.gsmarena.com/vv/bigpic/samsung-galaxy-s-ii-plus-i9105p-ofic.jpg,Success,
1160,Samsung,Galaxy Grand I9082,https://www.gsmarena.com/samsung_galaxy_grand_i9082-5163.php,https://fdn2.gsmarena.com/vv/bigpic/samsung-galaxy-grand-gt-i9080.jpg,Success,
1161,Samsung,Galaxy Grand I9080,https://www.gsmarena.com/samsung_galaxy_grand_i9080-5162.php,https://fdn2.gsmarena.com/vv/bigpic/samsung-galaxy-grand-gt-i9080.jpg,Success,
1162,Samsung,Star Deluxe Duos S5292,https://www.gsmarena.com/samsung_star_deluxe_duos_s5292-5059.php,https://fdn2.gsmarena.com/vv/bigpic/samsung-s5292-star-deluxe-duos-new.jpg,Success,
1163,Samsung,Galaxy Note LTE 10.1 N8020,https://www.gsmarena.com/samsung_galaxy_note_lte_10_1_n8020-5151.php,https://fdn2.gsmarena.com/vv/bigpic/samsung-galaxy-note-101-lte-n8020.jpg,Success,
1164,Samsung,A997 Rugby III,https://www.gsmarena.com/samsung_a997_rugby_iii-5146.php,https://fdn2.gsmarena.com/vv/bigpic/samsung-rugby-iii.jpg,Success,
1165,Samsung,Galaxy Axiom R830,https://www.gsmarena.com/samsung_galaxy_axiom_r830-5144.php,https://fdn2.gsmarena.com/vv/bigpic/samsung-galaxy-axiom-sch-r830.jpg,Success,
1166,Samsung,Galaxy Stratosphere II I415,https://www.gsmarena.com/samsung_galaxy_stratosphere_ii_i415-5124.php,https://fdn2.gsmarena.com/vv/bigpic/samsung-galaxy-stratosphere-II.jpg,Success,
1167,Samsung,Galaxy Discover S730M,https://www.gsmarena.com/samsung_galaxy_discover_s730m-5111.php,https://fdn2.gsmarena.com/vv/bigpic/samsung-galaxy-discover.jpg,Success,
1168,Samsung,Galaxy Pop SHV-E220,https://www.gsmarena.com/samsung_galaxy_pop_shv_e220-5272.php,https://fdn2.gsmarena.com/vv/bigpic/samsung-galaxy-pop-shv-e220.jpg,Success,
1169,Samsung,Galaxy Premier I9260,https://www.gsmarena.com/samsung_galaxy_premier_i9260-5047.php,https://fdn2.gsmarena.com/vv/bigpic/samsung-galaxy-premier-i9260-new.jpg,Success,
1170,Samsung,Google Nexus 10 P8110,https://www.gsmarena.com/samsung_google_nexus_10_p8110-5084.php,https://fdn2.gsmarena.com/vv/bigpic/samsung-google-nexus-10-new.jpg,Success,
1171,Samsung,Ativ Tab P8510,https://www.gsmarena.com/samsung_ativ_tab_p8510-5081.php,https://fdn2.gsmarena.com/vv/bigpic/samsung-ativ-tab.jpg,Success,
1172,Samsung,Comment 2 R390C,https://www.gsmarena.com/samsung_comment_2_r390c-5079.php,https://fdn2.gsmarena.com/vv/bigpic/samsung-comment-2-r390c.jpg,Success,
1173,Samsung,I8190 Galaxy S III mini,https://www.gsmarena.com/samsung_i8190_galaxy_s_iii_mini-5033.php,https://fdn2.gsmarena.com/vv/bigpic/samsung-galaxy-s-iii-mini-i8190.jpg,Success,
1174,Samsung,Galaxy Music Duos S6012,https://www.gsmarena.com/samsung_galaxy_music_duos_s6012-5027.php,https://fdn2.gsmarena.com/vv/bigpic/samsung-galaxy-music.jpg,Success,
1175,Samsung,Galaxy Music S6010,https://www.gsmarena.com/samsung_galaxy_music_s6010-5026.php,https://fdn2.gsmarena.com/vv/bigpic/samsung-galaxy-music.jpg,Success,
1176,Samsung,Galaxy Rugby Pro I547,https://www.gsmarena.com/samsung_galaxy_rugby_pro_i547-5019.php,https://fdn2.gsmarena.com/vv/bigpic/samsung-galaxy-rugby-pro-i547.jpg,Success,
1177,Samsung,Galaxy Express I437,https://www.gsmarena.com/samsung_galaxy_express_i437-5018.php,https://fdn2.gsmarena.com/vv/bigpic/samsung-galaxy-express-i437.jpg,Success,
1178,Samsung,Ch@t 357,https://www.gsmarena.com/samsung_ch@t_357-4931.php,https://fdn2.gsmarena.com/vv/bigpic/samsung-chat-gt-s3570.jpg,Success,
1179,Samsung,I9305 Galaxy S III,https://www.gsmarena.com/samsung_i9305_galaxy_s_iii-5001.php,https://fdn2.gsmarena.com/vv/bigpic/samsung-i9300-galaxy-s-iii-ofic.jpg,Success,
1180,Samsung,Galaxy Victory 4G LTE L300,https://www.gsmarena.com/samsung_galaxy_victory_4g_lte_l300-4992.php,https://fdn2.gsmarena.com/vv/bigpic/samsung-galaxy-victory-4g-lte-sph-l300.jpg,Success,
1181,Samsung,Champ Neo Duos C3262,https://www.gsmarena.com/samsung_champ_neo_duos_c3262-4999.php,https://fdn2.gsmarena.com/vv/bigpic/samsung-champ-neo-duos-gt-c3262.jpg,Success,
1182,Samsung,Galaxy S Relay 4G T699,https://www.gsmarena.com/samsung_galaxy_s_relay_4g_t699-4914.php,https://fdn2.gsmarena.com/vv/bigpic/samsung-galaxy-s-relay-4g.jpg,Success,
1183,Samsung,Galaxy Pocket Duos S5302,https://www.gsmarena.com/samsung_galaxy_pocket_duos_s5302-4965.php,https://fdn2.gsmarena.com/vv/bigpic/samsung-galaxy-pocket-duos-s5302.jpg,Success,
1184,Samsung,Galaxy Note II N7100,https://www.gsmarena.com/samsung_galaxy_note_ii_n7100-4854.php,https://fdn2.gsmarena.com/vv/bigpic/samsung-galaxy-note-ii-n7100-new.jpg,Success,
1185,Samsung,Galaxy Note II CDMA,https://www.gsmarena.com/samsung_galaxy_note_ii_cdma-5152.php,https://fdn2.gsmarena.com/vv/bigpic/samsung-galaxy-note-ii-cdma.jpg,Success,
1186,Samsung,Ativ S I8750,https://www.gsmarena.com/samsung_ativ_s_i8750-4960.php,https://fdn2.gsmarena.com/vv/bigpic/samsung-ativ-s-new.jpg,Success,
1187,Samsung,Galaxy Camera GC100,https://www.gsmarena.com/samsung_galaxy_camera_gc100-4961.php,https://fdn2.gsmarena.com/vv/bigpic/samsung-galaxy-camera-new.jpg,Success,
1188,Samsung,Galaxy Rush M830,https://www.gsmarena.com/samsung_galaxy_rush_m830-4957.php,https://fdn2.gsmarena.com/vv/bigpic/samsung-galaxy-rush-sph-m830.jpg,Success,
1189,Samsung,Galaxy Stellar 4G I200,https://www.gsmarena.com/samsung_galaxy_stellar_4g_i200-4954.php,https://fdn2.gsmarena.com/vv/bigpic/samsung-galaxy-stellar-sch-i200.jpg,Success,
1190,Samsung,Galaxy Reverb M950,https://www.gsmarena.com/samsung_galaxy_reverb_m950-4953.php,https://fdn2.gsmarena.com/vv/bigpic/samsung-galaxy-reverb-m950.jpg,Success,
1191,Samsung,Galaxy Tab 2 7.0 I705,https://www.gsmarena.com/samsung_galaxy_tab_2_7_0_i705-4923.php,https://fdn2.gsmarena.com/vv/bigpic/samsung-galaxy-tab-2-sch-i705.jpg,Success,
1192,Samsung,Galaxy Note 10.1 N8000,https://www.gsmarena.com/samsung_galaxy_note_10_1_n8000-4573.php,https://fdn2.gsmarena.com/vv/bigpic/samsung-galaxy-note-101-n8000.jpg,Success,
1193,Samsung,Galaxy Note 10.1 N8010,https://www.gsmarena.com/samsung_galaxy_note_10_1_n8010-4670.php,https://fdn2.gsmarena.com/vv/bigpic/samsung-galaxy-note-101-n8000.jpg,Success,
1194,Samsung,Array M390,https://www.gsmarena.com/samsung_array_m390-4909.php,https://fdn2.gsmarena.com/vv/bigpic/samsung-array-sph-m390.jpg,Success,
1195,Samsung,Galaxy S Lightray 4G R940,https://www.gsmarena.com/samsung_galaxy_s_lightray_4g_r940-4900.php,https://fdn2.gsmarena.com/vv/bigpic/samsung-galaxy-lightray-4g.jpg,Success,
1196,Samsung,Galaxy S Duos S7562,https://www.gsmarena.com/samsung_galaxy_s_duos_s7562-4883.php,https://fdn2.gsmarena.com/vv/bigpic/samsung-galaxy-s-duos-s7562.jpg,Success,
1197,Samsung,Manhattan E3300,https://www.gsmarena.com/samsung_manhattan_e3300-5342.php,https://fdn2.gsmarena.com/vv/bigpic/samsung-manhattan-gt-e3300.jpg,Success,
1198,Samsung,E2262,https://www.gsmarena.com/samsung_e2262-5341.php,https://fdn2.gsmarena.com/vv/bigpic/samsung-gt-e2262.jpg,Success,
1199,Samsung,E1260B,https://www.gsmarena.com/samsung_e1260b-5311.php,https://fdn2.gsmarena.com/vv/bigpic/samsung-gt-e1260b.jpg,Success,
1200,Samsung,E1200 Pusha,https://www.gsmarena.com/samsung_e1200_pusha-4919.php,https://fdn2.gsmarena.com/vv/bigpic/samsung-e1200-pusha-black.jpg,Success,
1201,Samsung,R580 Profile,https://www.gsmarena.com/samsung_r580_profile-3671.php,https://fdn2.gsmarena.com/vv/bigpic/samsung-r580-profile.jpg,Success,
1202,Samsung,R570 Messenger III,https://www.gsmarena.com/samsung_r570_messenger_iii-3614.php,https://fdn2.gsmarena.com/vv/bigpic/Samsung-Messager-III-r570.jpg,Success,
1203,Samsung,I909 Galaxy S,https://www.gsmarena.com/samsung_i909_galaxy_s-3487.php,https://fdn2.gsmarena.com/vv/bigpic/Samsung-I909-Galaxy-S.jpg,Success,
1204,Samsung,A200K Nori F,https://www.gsmarena.com/samsung_a200k_nori_f-3752.php,https://fdn2.gsmarena.com/vv/bigpic/samsung-a200k-nori-f.jpg,Success,
1205,Samsung,A220 F Nori,https://www.gsmarena.com/samsung_a220_f_nori-3750.php,https://fdn2.gsmarena.com/vv/bigpic/samsung-a220-f-nori.jpg,Success,
1206,Samsung,M130K Galaxy K,https://www.gsmarena.com/samsung_m130k_galaxy_k-3584.php,https://fdn2.gsmarena.com/vv/bigpic/samsung-m130k-galaxy-k.jpg,Success,
1207,Samsung,Mesmerize i500,https://www.gsmarena.com/samsung_mesmerize_i500-3580.php,https://fdn2.gsmarena.com/vv/bigpic/samsung-i500-mesmerize.jpg,Success,
1208,Samsung,M920 Transform,https://www.gsmarena.com/samsung_m920_transform-3581.php,https://fdn2.gsmarena.com/vv/bigpic/samsung-m920-transform.jpg,Success,
1209,Samsung,R360 Freeform II,https://www.gsmarena.com/samsung_r360_freeform_ii-3579.php,https://fdn2.gsmarena.com/vv/bigpic/samsung-freeform-II-r360.jpg,Success,
1210,Samsung,Galaxy 551,https://www.gsmarena.com/samsung_galaxy_551-3515.php,https://fdn2.gsmarena.com/vv/bigpic/Samsung-Galaxy-551-I5510.jpg,Success,
1211,Samsung,R900 Craft,https://www.gsmarena.com/samsung_r900_craft-3531.php,https://fdn2.gsmarena.com/vv/bigpic/samsung-r900.jpg,Success,
1212,Samsung,Xcover 271,https://www.gsmarena.com/samsung_xcover_271-3415.php,https://fdn2.gsmarena.com/vv/bigpic/samsung-b2710-ofic.jpg,Success,
1213,Samsung,C3752,https://www.gsmarena.com/samsung_c3752-4638.php,https://fdn2.gsmarena.com/vv/bigpic/samsung-c3752.jpg,Success,
1214,Samsung,C3750,https://www.gsmarena.com/samsung_c3750-4087.php,https://fdn2.gsmarena.com/vv/bigpic/samsung-c3750.jpg,Success,
1215,Samsung,S7230E Wave 723,https://www.gsmarena.com/samsung_s7230e_wave_723-3493.php,https://fdn2.gsmarena.com/vv/bigpic/samsung-wave-723.jpg,Success,
1216,Samsung,M130L Galaxy U,https://www.gsmarena.com/samsung_m130l_galaxy_u-3490.php,https://fdn2.gsmarena.com/vv/bigpic/samsung-m130l-galaxy-u.jpg,Success,
1217,Samsung,E2152,https://www.gsmarena.com/samsung_e2152-3448.php,https://fdn2.gsmarena.com/vv/bigpic/samsung-e2152-ofic.jpg,Success,
1218,Samsung,S5530,https://www.gsmarena.com/samsung_s5530-3368.php,https://fdn2.gsmarena.com/vv/bigpic/samsung-s5530-ofic.jpg,Success,
1219,Samsung,U360 Gusto,https://www.gsmarena.com/samsung_u360_gusto-3482.php,https://fdn2.gsmarena.com/vv/bigpic/samsung-u360-gusto.jpg,Success,
1220,Samsung,Fascinate,https://www.gsmarena.com/samsung_fascinate-3492.php,https://fdn2.gsmarena.com/vv/bigpic/samsung-fascinate.jpg,Success,
1221,Samsung,Vibrant,https://www.gsmarena.com/samsung_vibrant-3416.php,https://fdn2.gsmarena.com/vv/bigpic/Samsung-Vibrant-Galaxy-S-T959-new.jpg,Success,
1222,Samsung,A927 Flight II,https://www.gsmarena.com/samsung_a927_flight_ii-3467.php,https://fdn2.gsmarena.com/vv/bigpic/samsung-a927.jpg,Success,
1223,Samsung,T669 Gravity T,https://www.gsmarena.com/samsung_t669_gravity_t-3336.php,https://fdn2.gsmarena.com/vv/bigpic/Samsung-T669-Gravity-T.jpg,Success,
1224,Samsung,T479 Gravity 3,https://www.gsmarena.com/samsung_t479_gravity_3-3335.php,https://fdn2.gsmarena.com/vv/bigpic/Samsung-T479-Gravity-3-new.jpg,Success,
1225,Samsung,:) Smiley,https://www.gsmarena.com/samsung__)_smiley-3334.php,https://fdn2.gsmarena.com/vv/bigpic/samsung-smiley.jpg,Success,
1226,Samsung,C5010 Squash,https://www.gsmarena.com/samsung_c5010_squash-3333.php,https://fdn2.gsmarena.com/vv/bigpic/Samsung-C5010-Squash-ofic.jpg,Success,
1227,Samsung,i897 Captivate,https://www.gsmarena.com/samsung_i897_captivate-3408.php,https://fdn2.gsmarena.com/vv/bigpic/samsung-captivate.jpg,Success,
1228,Samsung,B7350 Omnia PRO 4,https://www.gsmarena.com/samsung_b7350_omnia_pro_4-3401.php,https://fdn2.gsmarena.com/vv/bigpic/samsung-OMNIA-Pro-4-B7350.jpg,Success,
1229,Samsung,B6520 Omnia PRO 5,https://www.gsmarena.com/samsung_b6520_omnia_pro_5-3402.php,https://fdn2.gsmarena.com/vv/bigpic/samsung-Omnia-Pro-5-B6520.jpg,Success,
1230,Samsung,U320 Haven,https://www.gsmarena.com/samsung_u320_haven-3433.php,https://fdn2.gsmarena.com/vv/bigpic/samsung-u320-heaven.jpg,Success,
1231,Samsung,U460 Intensity II,https://www.gsmarena.com/samsung_u460_intensity_ii-3450.php,https://fdn2.gsmarena.com/vv/bigpic/Samsung-Intensity-II-u460.jpg,Success,
1232,Samsung,M350 Seek,https://www.gsmarena.com/samsung_m350_seek-3434.php,https://fdn2.gsmarena.com/vv/bigpic/samsung-m350-seek.jpg,Success,
1233,Samsung,Epic 4G,https://www.gsmarena.com/samsung_epic_4g-3410.php,https://fdn2.gsmarena.com/vv/bigpic/samsung-epic-4g.jpg,Success,
1234,Samsung,Acclaim,https://www.gsmarena.com/samsung_acclaim-3430.php,https://fdn2.gsmarena.com/vv/bigpic/samsung-acclaim.jpg,Success,
1235,Samsung,Intercept,https://www.gsmarena.com/samsung_intercept-3429.php,https://fdn2.gsmarena.com/vv/bigpic/Samsung-Intercept.jpg,Success,
1236,Samsung,R360 Messenger Touch,https://www.gsmarena.com/samsung_r360_messenger_touch-3435.php,https://fdn2.gsmarena.com/vv/bigpic/samsung-r630-messager-touch.jpg,Success,
1237,Samsung,i225 Exec,https://www.gsmarena.com/samsung_i225_exec-3436.php,https://fdn2.gsmarena.com/vv/bigpic/samsung-i225-exec.jpg,Success,
1238,Samsung,M570 Restore,https://www.gsmarena.com/samsung_m570_restore-3438.php,https://fdn2.gsmarena.com/vv/bigpic/samsung-m570-restore.jpg,Success,
1239,Samsung,R351 Freeform,https://www.gsmarena.com/samsung_r351_freeform-3439.php,https://fdn2.gsmarena.com/vv/bigpic/samsung-r351-freeform.jpg,Success,
1240,Samsung,T369,https://www.gsmarena.com/samsung_t369-3928.php,https://fdn2.gsmarena.com/vv/bigpic/samsung-t369.jpg,Success,
1241,Samsung,S5330 Wave533,https://www.gsmarena.com/samsung_s5330_wave533-3399.php,https://fdn2.gsmarena.com/vv/bigpic/samsung-wave2-pro.jpg,Success,
1242,Samsung,S5250 Wave525,https://www.gsmarena.com/samsung_s5250_wave525-3400.php,https://fdn2.gsmarena.com/vv/bigpic/samsung-wave2.jpg,Success,
1243,Samsung,I5500 Galaxy 5,https://www.gsmarena.com/samsung_i5500_galaxy_5-3371.php,https://fdn2.gsmarena.com/vv/bigpic/samsung-i5500-corby.jpg,Success,
1244,Samsung,I5801 Galaxy Apollo,https://www.gsmarena.com/samsung_i5801_galaxy_apollo-3432.php,https://fdn2.gsmarena.com/vv/bigpic/Samsung-I5800-Galaxy-3-new.jpg,Success,
1245,Samsung,I5800 Galaxy 3,https://www.gsmarena.com/samsung_i5800_galaxy_3-3395.php,https://fdn2.gsmarena.com/vv/bigpic/Samsung-I5800-Galaxy-3.jpg,Success,
1246,Samsung,B7722,https://www.gsmarena.com/samsung_b7722-3362.php,https://fdn2.gsmarena.com/vv/bigpic/Samsung-B7722-3G-dual-SIM.jpg,Success,
1247,Samsung,A847 Rugby II,https://www.gsmarena.com/samsung_a847_rugby_ii-3355.php,https://fdn2.gsmarena.com/vv/bigpic/samsung-a847-Rugby-II.jpg,Success,
1248,Samsung,C3300K Champ,https://www.gsmarena.com/samsung_c3300k_champ-3346.php,https://fdn2.gsmarena.com/vv/bigpic/samsung-champ-c3300.jpg,Success,
1249,Samsung,W960 AMOLED 3D,https://www.gsmarena.com/samsung_w960_amoled_3d-3319.php,https://fdn2.gsmarena.com/vv/bigpic/samsung-amoled-3d.jpg,Success,
1250,Samsung,M110S Galaxy S,https://www.gsmarena.com/samsung_m110s_galaxy_s-3418.php,https://fdn2.gsmarena.com/vv/bigpic/samsung-shw-m110s-galaxy-s1.jpg,Success,
1251,Samsung,E2252,https://www.gsmarena.com/samsung_e2252-4870.php,https://fdn2.gsmarena.com/vv/bigpic/samsung-metro-gt-e2252.jpg,Success,
1252,Samsung,Galaxy Chat B5330,https://www.gsmarena.com/samsung_galaxy_chat_b5330-4866.php,https://fdn2.gsmarena.com/vv/bigpic/samsung-galaxy-chat-gt-b5330.jpg,Success,
1253,Samsung,U485 Intensity III,https://www.gsmarena.com/samsung_u485_intensity_iii-4865.php,https://fdn2.gsmarena.com/vv/bigpic/samsung-intensity-iii-u485.jpg,Success,
1254,Samsung,Galaxy I8250,https://www.gsmarena.com/samsung_galaxy_i8250-4857.php,https://fdn2.gsmarena.com/vv/bigpic/samsung-galaxy-i8250.jpg,Success,
1255,Samsung,Galaxy Ace Advance S6800,https://www.gsmarena.com/samsung_galaxy_ace_advance_s6800-5114.php,https://fdn2.gsmarena.com/vv/bigpic/samsung-galaxy-ace-advance-s6800.jpg,Success,
1256,Samsung,Galaxy Ace Duos S6802,https://www.gsmarena.com/samsung_galaxy_ace_duos_s6802-4777.php,https://fdn2.gsmarena.com/vv/bigpic/samsung-galaxy-ace-duos-gsm.jpg,Success,
1257,Samsung,Galaxy Appeal I827,https://www.gsmarena.com/samsung_galaxy_appeal_i827-4771.php,https://fdn2.gsmarena.com/vv/bigpic/samsung-galaxy-appeal.jpg,Success,
1258,Samsung,Galaxy Tab 8.9 4G P7320T,https://www.gsmarena.com/samsung_galaxy_tab_8_9_4g_p7320t-4769.php,https://fdn2.gsmarena.com/vv/bigpic/Samsung-GALAXY-Tab-8.9-4g.jpg,Success,
1259,Samsung,C3780,https://www.gsmarena.com/samsung_c3780-4851.php,https://fdn2.gsmarena.com/vv/bigpic/samsung-c3780.jpg,Success,
1260,Samsung,C3782 Evan,https://www.gsmarena.com/samsung_c3782_evan-4753.php,https://fdn2.gsmarena.com/vv/bigpic/samsung-c3782-evan-duos.jpg,Success,
1261,Samsung,Galaxy Proclaim S720C,https://www.gsmarena.com/samsung_galaxy_proclaim_s720c-4754.php,https://fdn2.gsmarena.com/vv/bigpic/samsung-proclaim-s720.jpg,Success,
1262,Samsung,I9500 Fraser,https://www.gsmarena.com/samsung_i9500_fraser-4752.php,https://fdn2.gsmarena.com/vv/bigpic/samsung-i9500-fraser.jpg,Success,
1263,Samsung,Omnia M S7530,https://www.gsmarena.com/samsung_omnia_m_s7530-4750.php,https://fdn2.gsmarena.com/vv/bigpic/samsung-omnia-m.jpg,Success,
1264,Samsung,Focus 2 I667,https://www.gsmarena.com/samsung_focus_2_i667-4745.php,https://fdn2.gsmarena.com/vv/bigpic/samsung-focus-2.jpg,Success,
1265,Samsung,Galaxy S III T999,https://www.gsmarena.com/samsung_galaxy_s_iii_t999-4804.php,https://fdn2.gsmarena.com/vv/bigpic/samsung-galaxy-s-iii-tmobile.jpg,Success,
1266,Samsung,Galaxy S III I747,https://www.gsmarena.com/samsung_galaxy_s_iii_i747-4803.php,https://fdn2.gsmarena.com/vv/bigpic/samsung-galaxy-s-iii-att.jpg,Success,
1267,Samsung,Galaxy S III CDMA,https://www.gsmarena.com/samsung_galaxy_s_iii_cdma-4799.php,https://fdn2.gsmarena.com/vv/bigpic/samsung-galaxy-siii-verizon.jpg,Success,
1268,Samsung,I9300 Galaxy S III,https://www.gsmarena.com/samsung_i9300_galaxy_s_iii-4238.php,https://fdn2.gsmarena.com/vv/bigpic/samsung-i9300-galaxy-s-iii-ofic.jpg,Success,
1269,Samsung,E2350B,https://www.gsmarena.com/samsung_e2350b-5343.php,https://fdn2.gsmarena.com/vv/bigpic/samsung-gt-e2350b.jpg,Success,
1270,Samsung,U380 Brightside,https://www.gsmarena.com/samsung_u380_brightside-4641.php,https://fdn2.gsmarena.com/vv/bigpic/samsung-u380-brightside.jpg,Success,
1271,Samsung,Galaxy Player 70 Plus,https://www.gsmarena.com/samsung_galaxy_player_70_plus-4633.php,https://fdn2.gsmarena.com/vv/bigpic/samsung-galaxy-player-70-plus-YP-GB70ED.jpg,Success,
1272,Samsung,Galaxy Pocket plus S5301,https://www.gsmarena.com/samsung_galaxy_pocket_plus_s5301-5461.php,https://fdn2.gsmarena.com/vv/bigpic/samsung-galaxy-pocket.jpg,Success,
1273,Samsung,Galaxy Pocket S5300,https://www.gsmarena.com/samsung_galaxy_pocket_s5300-4612.php,https://fdn2.gsmarena.com/vv/bigpic/samsung-galaxy-pocket.jpg,Success,
1274,Samsung,I8530 Galaxy Beam,https://www.gsmarena.com/samsung_i8530_galaxy_beam-4566.php,https://fdn2.gsmarena.com/vv/bigpic/samsung-galaxy-beam-2012.jpg,Success,
1275,Samsung,Galaxy Tab 2 10.1 CDMA,https://www.gsmarena.com/samsung_galaxy_tab_2_10_1_cdma-5592.php,https://fdn2.gsmarena.com/vv/bigpic/samsung-galaxy-tab-2-101-americas.jpg,Success,
1276,Samsung,Galaxy Tab 2 10.1 P5110,https://www.gsmarena.com/samsung_galaxy_tab_2_10_1_p5110-4669.php,https://fdn2.gsmarena.com/vv/bigpic/samsung-galaxy-tab-2-101.jpg,Success,
1277,Samsung,Galaxy Tab 2 10.1 P5100,https://www.gsmarena.com/samsung_galaxy_tab_2_10_1_p5100-4567.php,https://fdn2.gsmarena.com/vv/bigpic/samsung-galaxy-tab-2-101.jpg,Success,
1278,Samsung,Rugby Smart I847,https://www.gsmarena.com/samsung_rugby_smart_i847-4564.php,https://fdn2.gsmarena.com/vv/bigpic/samsung-rugby-smart.jpg,Success,
1279,Samsung,W999,https://www.gsmarena.com/samsung_w999-4660.php,https://fdn2.gsmarena.com/vv/bigpic/samsung-w999.jpg,Success,
1280,Samsung,Galaxy Ace II X S7560M,https://www.gsmarena.com/samsung_galaxy_ace_ii_x_s7560m-5340.php,https://fdn2.gsmarena.com/vv/bigpic/samsung-galaxy-ace-ii-x.jpg,Success,
1281,Samsung,Galaxy Ace 2 I8160,https://www.gsmarena.com/samsung_galaxy_ace_2_i8160-4559.php,https://fdn2.gsmarena.com/vv/bigpic/samsung-galaxy-ace-2.jpg,Success,
1282,Samsung,Galaxy mini 2 S6500,https://www.gsmarena.com/samsung_galaxy_mini_2_s6500-3883.php,https://fdn2.gsmarena.com/vv/bigpic/samsung-galaxy-mini-2-s6500-ofic.jpg,Success,
1283,Samsung,Galaxy Ace Duos I589,https://www.gsmarena.com/samsung_galaxy_ace_duos_i589-4548.php,https://fdn2.gsmarena.com/vv/bigpic/samsung-galaxy-ace-duos-sch-i589.jpg,Success,
1284,Samsung,Galaxy Pop Plus S5570i,https://www.gsmarena.com/samsung_galaxy_pop_plus_s5570i-4544.php,https://fdn2.gsmarena.com/vv/bigpic/samsung-galaxy-pop-plus-s5570i.jpg,Success,
1285,Samsung,Galaxy Tab 2 7.0 P3110,https://www.gsmarena.com/samsung_galaxy_tab_2_7_0_p3110-4671.php,https://fdn2.gsmarena.com/vv/bigpic/samsung-galaxy-tab-2.jpg,Success,
1286,Samsung,Galaxy Tab 2 7.0 P3100,https://www.gsmarena.com/samsung_galaxy_tab_2_7_0_p3100-4543.php,https://fdn2.gsmarena.com/vv/bigpic/samsung-galaxy-tab-2.jpg,Success,
1287,Samsung,I9070 Galaxy S Advance,https://www.gsmarena.com/samsung_i9070_galaxy_s_advance-4469.php,https://fdn2.gsmarena.com/vv/bigpic/samsung-galaxy-s-advance.jpg,Success,
1288,Samsung,C3312 Duos,https://www.gsmarena.com/samsung_c3312_duos-4403.php,https://fdn2.gsmarena.com/vv/bigpic/samsung-c3312-duos-ofic.jpg,Success,
1289,Samsung,Star 3 s5220,https://www.gsmarena.com/samsung_star_3_s5220-4448.php,https://fdn2.gsmarena.com/vv/bigpic/samsung-star-3.jpg,Success,
1290,Samsung,Star 3 Duos S5222,https://www.gsmarena.com/samsung_star_3_duos_s5222-4447.php,https://fdn2.gsmarena.com/vv/bigpic/samsung-star-3-duos.jpg,Success,
1291,Samsung,Galaxy Nexus I9250M,https://www.gsmarena.com/samsung_galaxy_nexus_i9250m-4432.php,https://fdn2.gsmarena.com/vv/bigpic/samsung-galaxy-nexus-tellus.jpg,Success,
1292,Samsung,Galaxy Attain 4G,https://www.gsmarena.com/samsung_galaxy_attain_4g-4431.php,https://fdn2.gsmarena.com/vv/bigpic/Samsung-Galaxy-Attain-4G.jpg,Success,
1293,Samsung,Galaxy S Blaze 4G T769,https://www.gsmarena.com/samsung_galaxy_s_blaze_4g_t769-4420.php,https://fdn2.gsmarena.com/vv/bigpic/samsung-galaxy-s-blaze-4g.jpg,Success,
1294,Samsung,Galaxy Tab 7.7 LTE I815,https://www.gsmarena.com/samsung_galaxy_tab_7_7_lte_i815-4419.php,https://fdn2.gsmarena.com/vv/bigpic/Samsung-Galaxy-Tab-7.7-LTE-i815.jpg,Success,
1295,Samsung,Galaxy Nexus LTE L700,https://www.gsmarena.com/samsung_galaxy_nexus_lte_l700-4406.php,https://fdn2.gsmarena.com/vv/bigpic/samsung-galaxy-nexus-tellus.jpg,Success,
1296,Samsung,Exhilarate i577,https://www.gsmarena.com/samsung_exhilarate_i577-4415.php,https://fdn2.gsmarena.com/vv/bigpic/samsung-exhilarate.jpg,Success,
1297,Samsung,Galaxy S II Skyrocket HD I757,https://www.gsmarena.com/samsung_galaxy_s_ii_skyrocket_hd_i757-4414.php,https://fdn2.gsmarena.com/vv/bigpic/samsung-galaxy-s-ii-skyrocket-hd-new.jpg,Success,
1298,Samsung,Galaxy Note T879,https://www.gsmarena.com/samsung_galaxy_note_t879-4952.php,https://fdn2.gsmarena.com/vv/bigpic/samsung-galaxy-note-t-mobile-sgh-t879.jpg,Success,
1299,Samsung,Galaxy Note I717,https://www.gsmarena.com/samsung_galaxy_note_i717-4374.php,https://fdn2.gsmarena.com/vv/bigpic/samsung-galaxy-note-lte-new.jpg,Success,
1300,Samsung,Galaxy M Style M340S,https://www.gsmarena.com/samsung_galaxy_m_style_m340s-4401.php,https://fdn2.gsmarena.com/vv/bigpic/samsung-galaxy-m-style.jpg,Success,
1301,Samsung,Ch@t 350,https://www.gsmarena.com/samsung_ch@t_350-3729.php,https://fdn2.gsmarena.com/vv/bigpic/samsung-chat-s3500.jpg,Success,
1302,Samsung,E3213 Hero,https://www.gsmarena.com/samsung_e3213_hero-4030.php,https://fdn2.gsmarena.com/vv/bigpic/samsung-hero-e3213.jpg,Success,
1303,Samsung,E3210,https://www.gsmarena.com/samsung_e3210-3766.php,https://fdn2.gsmarena.com/vv/bigpic/samsung-e3210.jpg,Success,
1304,Samsung,E2330,https://www.gsmarena.com/samsung_e2330-3836.php,https://fdn2.gsmarena.com/vv/bigpic/samsung-e2330.jpg,Success,
1305,Samsung,I9003 Galaxy SL,https://www.gsmarena.com/samsung_i9003_galaxy_sl-3761.php,https://fdn2.gsmarena.com/vv/bigpic/samsung-i9003-galaxy-s-sl.jpg,Success,
1306,Samsung,Galaxy Ace S5830I,https://www.gsmarena.com/samsung_galaxy_ace_s5830i-4664.php,https://fdn2.gsmarena.com/vv/bigpic/samsung-galaxy-ace-s5830i.jpg,Success,
1307,Samsung,Galaxy Ace S5830,https://www.gsmarena.com/samsung_galaxy_ace_s5830-3724.php,https://fdn2.gsmarena.com/vv/bigpic/samsung-galaxy-mini-s5830-ofic.jpg,Success,
1308,Samsung,Galaxy Fit S5670,https://www.gsmarena.com/samsung_galaxy_fit_s5670-3726.php,https://fdn2.gsmarena.com/vv/bigpic/samsung-galaxy-fit-s5670.jpg,Success,
1309,Samsung,Galaxy Gio S5660,https://www.gsmarena.com/samsung_galaxy_gio_s5660-3741.php,https://fdn2.gsmarena.com/vv/bigpic/samsung-galaxy-gio.jpg,Success,
1310,Samsung,Galaxy Mini S5570,https://www.gsmarena.com/samsung_galaxy_mini_s5570-3725.php,https://fdn2.gsmarena.com/vv/bigpic/samsung-galaxy-mini-s5570.jpg,Success,
1311,Samsung,Galaxy Pop i559,https://www.gsmarena.com/samsung_galaxy_pop_i559-3879.php,https://fdn2.gsmarena.com/vv/bigpic/samsung-galaxy-pop-sch-i559-cdma.jpg,Success,
1312,Samsung,Galaxy S 4G T959,https://www.gsmarena.com/samsung_galaxy_s_4g_t959-3719.php,https://fdn2.gsmarena.com/vv/bigpic/samsung-galaxy-s-4g-new.jpg,Success,
1313,Samsung,S5260 Star II,https://www.gsmarena.com/samsung_s5260_star_ii-3718.php,https://fdn2.gsmarena.com/vv/bigpic/samsung-s5260-star-ii-ofic.jpg,Success,
1314,Samsung,I997 Infuse 4G,https://www.gsmarena.com/samsung_i997_infuse_4g-3705.php,https://fdn2.gsmarena.com/vv/bigpic/samsung-i997.jpg,Success,
1315,Samsung,R910 Galaxy Indulge,https://www.gsmarena.com/samsung_r910_galaxy_indulge-3774.php,https://fdn2.gsmarena.com/vv/bigpic/samsung-galaxy-indulge-r910.jpg,Success,
1316,Samsung,Droid Charge I510,https://www.gsmarena.com/samsung_droid_charge_i510-3733.php,https://fdn2.gsmarena.com/vv/bigpic/samsung-4g-lte.jpg,Success,
1317,Samsung,Google Nexus S,https://www.gsmarena.com/samsung_google_nexus_s-3620.php,https://fdn2.gsmarena.com/vv/bigpic/samsung-google-nexus-s-ofic.jpg,Success,
1318,Samsung,M190S Galaxy S Hoppin,https://www.gsmarena.com/samsung_m190s_galaxy_s_hoppin-3736.php,https://fdn2.gsmarena.com/vv/bigpic/samsung-galaxy-s-hoppin-shw-m190-new.jpg,Success,
1319,Samsung,Ch@t 335,https://www.gsmarena.com/samsung_ch@t_335-3634.php,https://fdn2.gsmarena.com/vv/bigpic/samsung-s3350-ofic.jpg,Success,
1320,Samsung,C3630,https://www.gsmarena.com/samsung_c3630-3767.php,https://fdn2.gsmarena.com/vv/bigpic/samsung-c3630.jpg,Success,
1321,Samsung,C3530,https://www.gsmarena.com/samsung_c3530-3668.php,https://fdn2.gsmarena.com/vv/bigpic/samsung-c3530.jpg,Success,
1322,Samsung,I9010 Galaxy S Giorgio Armani,https://www.gsmarena.com/samsung_i9010_galaxy_s_giorgio_armani-3625.php,https://fdn2.gsmarena.com/vv/bigpic/samsung-galaxy-s-armani-new.jpg,Success,
1323,Samsung,A817 Solstice II,https://www.gsmarena.com/samsung_a817_solstice_ii-3617.php,https://fdn2.gsmarena.com/vv/bigpic/samsung-solstice_ii_a817.jpg,Success,
1324,Samsung,A667 Evergreen,https://www.gsmarena.com/samsung_a667_evergreen-3616.php,https://fdn2.gsmarena.com/vv/bigpic/samsung-evergreen.jpg,Success,
1325,Samsung,E2530,https://www.gsmarena.com/samsung_e2530-3665.php,https://fdn2.gsmarena.com/vv/bigpic/samsung-e2530.jpg,Success,
1326,Samsung,I100 Gem,https://www.gsmarena.com/samsung_i100_gem-3738.php,https://fdn2.gsmarena.com/vv/bigpic/Samsung-Gem-sch-i100.jpg,Success,
1327,Samsung,R710 Suede,https://www.gsmarena.com/samsung_r710_suede-3753.php,https://fdn2.gsmarena.com/vv/bigpic/samsung-r710-suede.jpg,Success,
1328,Samsung,U750 Zeal,https://www.gsmarena.com/samsung_u750_zeal-3618.php,https://fdn2.gsmarena.com/vv/bigpic/samsung-zeal-u750.jpg,Success,
1329,Samsung,Continuum I400,https://www.gsmarena.com/samsung_continuum_i400-3615.php,https://fdn2.gsmarena.com/vv/bigpic/samsung-continuum-i400.jpg,Success,
1330,Samsung,Ch@t 322 Wi-Fi,https://www.gsmarena.com/samsung_ch@t_322_wi_fi-4396.php,https://fdn2.gsmarena.com/vv/bigpic/samsung-chat-322-wifi.jpg,Success,
1331,Samsung,Ch@t 322,https://www.gsmarena.com/samsung_ch@t_322-3588.php,https://fdn2.gsmarena.com/vv/bigpic/samsung-chat-322-dual-sim.jpg,Success,
1332,Samsung,E1252,https://www.gsmarena.com/samsung_e1252-3586.php,https://fdn2.gsmarena.com/vv/bigpic/samsung-e1252.jpg,Success,
1333,Samsung,Breeze B209,https://www.gsmarena.com/samsung_breeze_b209-3742.php,https://fdn2.gsmarena.com/vv/bigpic/samsung-b209-breeze.jpg,Success,
1334,Samsung,Hero Plus B159,https://www.gsmarena.com/samsung_hero_plus_b159-3743.php,https://fdn2.gsmarena.com/vv/bigpic/samsung-hero-plus-b159.jpg,Success,
1335,Samsung,W169 Duos,https://www.gsmarena.com/samsung_w169_duos-3744.php,https://fdn2.gsmarena.com/vv/bigpic/samsung-duos-169-w169.jpg,Success,
1336,Samsung,Mpower Muzik 219,https://www.gsmarena.com/samsung_mpower_muzik_219-3745.php,https://fdn2.gsmarena.com/vv/bigpic/samsung-muzik-219.jpg,Success,
1337,Samsung,Mpower Txt M369,https://www.gsmarena.com/samsung_mpower_txt_m369-3746.php,https://fdn2.gsmarena.com/vv/bigpic/samsung-mpower-txt-m369.jpg,Success,
1338,Samsung,Mpower TV S239,https://www.gsmarena.com/samsung_mpower_tv_s239-3747.php,https://fdn2.gsmarena.com/vv/bigpic/samsung-mpower-tv-s239.jpg,Success,
1339,Samsung,E1225 Dual Sim Shift,https://www.gsmarena.com/samsung_e1225_dual_sim_shift-3748.php,https://fdn2.gsmarena.com/vv/bigpic/samsung-e1225-dual-sim-shift.jpg,Success,
1340,Samsung,Guru E1081T,https://www.gsmarena.com/samsung_guru_e1081t-3749.php,https://fdn2.gsmarena.com/vv/bigpic/samsung-guru-e1081t.jpg,Success,
1341,Samsung,Focus,https://www.gsmarena.com/samsung_focus-3453.php,https://fdn2.gsmarena.com/vv/bigpic/samsung-focus-ofic.jpg,Success,
1342,Samsung,I8700 Omnia 7,https://www.gsmarena.com/samsung_i8700_omnia_7-3537.php,https://fdn2.gsmarena.com/vv/bigpic/samsung-omnia-7-ofic.jpg,Success,
1343,Samsung,S5750 Wave575,https://www.gsmarena.com/samsung_s5750_wave575-3547.php,https://fdn2.gsmarena.com/vv/bigpic/samsung-wave-575.jpg,Success,
1344,Samsung,S8530 Wave II,https://www.gsmarena.com/samsung_s8530_wave_ii-3536.php,https://fdn2.gsmarena.com/vv/bigpic/samsung-wave-ii.jpg,Success,
1345,Samsung,M210S Wave2,https://www.gsmarena.com/samsung_m210s_wave2-3768.php,https://fdn2.gsmarena.com/vv/bigpic/samsung-shw-m210s-wave-ii.jpg,Success,
1346,Samsung,Galaxy Tab T-Mobile T849,https://www.gsmarena.com/samsung_galaxy_tab_t_mobile_t849-3672.php,https://fdn2.gsmarena.com/vv/bigpic/samsung-galaxy-tap-t-mobile.jpg,Success,
1347,Samsung,P1000 Galaxy Tab,https://www.gsmarena.com/samsung_p1000_galaxy_tab-3370.php,https://fdn2.gsmarena.com/vv/bigpic/samsung-galaxy-tab-ofic.jpg,Success,
1348,Samsung,Galaxy Tab CDMA P100,https://www.gsmarena.com/samsung_galaxy_tab_cdma_p100-3673.php,https://fdn2.gsmarena.com/vv/bigpic/samsung-galaxy-tab-cdma.jpg,Success,
1349,Samsung,Galaxy Tab 4G LTE,https://www.gsmarena.com/samsung_galaxy_tab_4g_lte-3769.php,https://fdn2.gsmarena.com/vv/bigpic/samsung-4G-LTE-Galaxy-Tab.jpg,Success,
1350,Samsung,T249,https://www.gsmarena.com/samsung_t249-3582.php,https://fdn2.gsmarena.com/vv/bigpic/samsung-t249.jpg,Success,
1351,Samsung,Galaxy Ace Plus S7500,https://www.gsmarena.com/samsung_galaxy_ace_plus_s7500-4397.php,https://fdn2.gsmarena.com/vv/bigpic/samsung-galaxy-ace-plus.jpg,Success,
1352,Samsung,I929 Galaxy S II Duos,https://www.gsmarena.com/samsung_i929_galaxy_s_ii_duos-4387.php,https://fdn2.gsmarena.com/vv/bigpic/samsung-galaxy-s-ii-duos.jpg,Success,
1353,Samsung,Galaxy Y Duos S6102,https://www.gsmarena.com/samsung_galaxy_y_duos_s6102-4385.php,https://fdn2.gsmarena.com/vv/bigpic/samsung-galaxy-y-duos.jpg,Success,
1354,Samsung,Galaxy Y Pro Duos B5512,https://www.gsmarena.com/samsung_galaxy_y_pro_duos_b5512-4371.php,https://fdn2.gsmarena.com/vv/bigpic/samsung-galaxy-y-pro-duos.jpg,Success,
1355,Samsung,E2600,https://www.gsmarena.com/samsung_e2600-4380.php,https://fdn2.gsmarena.com/vv/bigpic/samsung-e2600.jpg,Success,
1356,Samsung,M370,https://www.gsmarena.com/samsung_m370-4405.php,https://fdn2.gsmarena.com/vv/bigpic/samsung-m370.jpg,Success,
1357,Samsung,R680 Repp,https://www.gsmarena.com/samsung_r680_repp-4350.php,https://fdn2.gsmarena.com/vv/bigpic/samsung-r680-repp.jpg,Success,
1358,Samsung,I110 Illusion,https://www.gsmarena.com/samsung_i110_illusion-4344.php,https://fdn2.gsmarena.com/vv/bigpic/samsung-illusion-sch-i110-verizon.jpg,Success,
1359,Samsung,E1050,https://www.gsmarena.com/samsung_e1050-5556.php,https://fdn2.gsmarena.com/vv/bigpic/samsung-e1050.jpg,Success,
1360,Samsung,E1232B,https://www.gsmarena.com/samsung_e1232b-4337.php,https://fdn2.gsmarena.com/vv/bigpic/samsung-e1232b.jpg,Success,
1361,Samsung,E1230,https://www.gsmarena.com/samsung_e1230-4336.php,https://fdn2.gsmarena.com/vv/bigpic/samsung-e1230.jpg,Success,
1362,Samsung,Focus S I937,https://www.gsmarena.com/samsung_focus_s_i937-4158.php,https://fdn2.gsmarena.com/vv/bigpic/samsung-focus-s.jpg,Success,
1363,Samsung,Focus Flash I677,https://www.gsmarena.com/samsung_focus_flash_i677-4159.php,https://fdn2.gsmarena.com/vv/bigpic/samsung-focus-flash.jpg,Success,
1364,Samsung,Galaxy S II Skyrocket i727,https://www.gsmarena.com/samsung_galaxy_s_ii_skyrocket_i727-4303.php,https://fdn2.gsmarena.com/vv/bigpic/samsung-galaxy-s-ii-skyrocket.jpg,Success,
1365,Samsung,C3330 Champ 2,https://www.gsmarena.com/samsung_c3330_champ_2-4217.php,https://fdn2.gsmarena.com/vv/bigpic/samsung-champ-2.jpg,Success,
1366,Samsung,Exhibit II 4G T679,https://www.gsmarena.com/samsung_exhibit_ii_4g_t679-4277.php,https://fdn2.gsmarena.com/vv/bigpic/samsung-exhibit-ii-4g.jpg,Success,
1367,Samsung,C3350,https://www.gsmarena.com/samsung_c3350-4271.php,https://fdn2.gsmarena.com/vv/bigpic/samsung-c3350.jpg,Success,
1368,Samsung,C3520,https://www.gsmarena.com/samsung_c3520-4218.php,https://fdn2.gsmarena.com/vv/bigpic/samsung-c3520.jpg,Success,
1369,Samsung,Galaxy Nexus i515,https://www.gsmarena.com/samsung_galaxy_nexus_i515-4301.php,https://fdn2.gsmarena.com/vv/bigpic/samsung-galaxy-nexus-i515.jpg,Success,
1370,Samsung,Galaxy Nexus I9250,https://www.gsmarena.com/samsung_galaxy_nexus_i9250-4219.php,https://fdn2.gsmarena.com/vv/bigpic/samsung-galaxy-nexus-new.jpg,Success,
1371,Samsung,I9100G Galaxy S II,https://www.gsmarena.com/samsung_i9100g_galaxy_s_ii-4327.php,https://fdn2.gsmarena.com/vv/bigpic/samsung-i9100g-galaxy-s-ii.jpg,Success,
1372,Samsung,I405 Stratosphere,https://www.gsmarena.com/samsung_i405_stratosphere-4262.php,https://fdn2.gsmarena.com/vv/bigpic/samsung-stratosphere.jpg,Success,
1373,Samsung,R730 Transfix,https://www.gsmarena.com/samsung_r730_transfix-4284.php,https://fdn2.gsmarena.com/vv/bigpic/samsung-transfix-r730.jpg,Success,
1374,Samsung,i927 Captivate Glide,https://www.gsmarena.com/samsung_i927_captivate_glide-4071.php,https://fdn2.gsmarena.com/vv/bigpic/samsung-captivate-glide.jpg,Success,
1375,Samsung,DoubleTime I857,https://www.gsmarena.com/samsung_doubletime_i857-4239.php,https://fdn2.gsmarena.com/vv/bigpic/samsung-doubletime.jpg,Success,
1376,Samsung,M930 Transform Ultra,https://www.gsmarena.com/samsung_m930_transform_ultra-4270.php,https://fdn2.gsmarena.com/vv/bigpic/Samsung-Transform-Ultra.jpg,Success,
1377,Samsung,P6210 Galaxy Tab 7.0 Plus,https://www.gsmarena.com/samsung_p6210_galaxy_tab_7_0_plus-4667.php,https://fdn2.gsmarena.com/vv/bigpic/samsung-galaxy-tab-plus-p6210.jpg,Success,
1378,Samsung,P6200 Galaxy Tab 7.0 Plus,https://www.gsmarena.com/samsung_p6200_galaxy_tab_7_0_plus-4208.php,https://fdn2.gsmarena.com/vv/bigpic/samsung-galaxy-tab-plus-p6200.jpg,Success,
1379,Samsung,Omnia W I8350,https://www.gsmarena.com/samsung_omnia_w_i8350-4200.php,https://fdn2.gsmarena.com/vv/bigpic/samsung-omnia-w-i8350.jpg,Success,
1380,Samsung,Galaxy S II HD LTE,https://www.gsmarena.com/samsung_galaxy_s_ii_hd_lte-4198.php,https://fdn2.gsmarena.com/vv/bigpic/samsung-galaxy-s-ii-hd-lte.jpg,Success,
1381,Samsung,Ch@t 527,https://www.gsmarena.com/samsung_ch@t_527-4096.php,https://fdn2.gsmarena.com/vv/bigpic/samsung-ch@t-527.jpg,Success,
1382,Samsung,P6810 Galaxy Tab 7.7,https://www.gsmarena.com/samsung_p6810_galaxy_tab_7_7-4668.php,https://fdn2.gsmarena.com/vv/bigpic/samsung-p6810-galaxy-tab-77.jpg,Success,
1383,Samsung,P6800 Galaxy Tab 7.7,https://www.gsmarena.com/samsung_p6800_galaxy_tab_7_7-4136.php,https://fdn2.gsmarena.com/vv/bigpic/samsung-p6800-galaxy-tab-7-7.jpg,Success,
1384,Samsung,Galaxy Note N7000,https://www.gsmarena.com/samsung_galaxy_note_n7000-4135.php,https://fdn2.gsmarena.com/vv/bigpic/samsung-galaxy-note.jpg,Success,
1385,Samsung,Galaxy S II I777,https://www.gsmarena.com/samsung_galaxy_s_ii_i777-4130.php,https://fdn2.gsmarena.com/vv/bigpic/samsung-galaxy-sii-att.jpg,Success,
1386,Samsung,Galaxy S II X T989D,https://www.gsmarena.com/samsung_galaxy_s_ii_x_t989d-4468.php,https://fdn2.gsmarena.com/vv/bigpic/samsung-galaxy-s-x-t989d.jpg,Success,
1387,Samsung,Galaxy S II T989,https://www.gsmarena.com/samsung_galaxy_s_ii_t989-4129.php,https://fdn2.gsmarena.com/vv/bigpic/samsung-galaxy-sii-tmobile.jpg,Success,
1388,Samsung,Galaxy S II Epic 4G Touch,https://www.gsmarena.com/samsung_galaxy_s_ii_epic_4g_touch-3956.php,https://fdn2.gsmarena.com/vv/bigpic/samsung-epic-touch.jpg,Success,
1389,Samsung,S8600 Wave 3,https://www.gsmarena.com/samsung_s8600_wave_3-4126.php,https://fdn2.gsmarena.com/vv/bigpic/samsung-wave-3.jpg,Success,
1390,Samsung,Wave M S7250,https://www.gsmarena.com/samsung_wave_m_s7250-4054.php,https://fdn2.gsmarena.com/vv/bigpic/samsung-s7250-wave-m.jpg,Success,
1391,Samsung,Wave Y S5380,https://www.gsmarena.com/samsung_wave_y_s5380-4127.php,https://fdn2.gsmarena.com/vv/bigpic/samsung-s5380-wave-y.jpg,Success,
1392,Samsung,Galaxy S II LTE i727R,https://www.gsmarena.com/samsung_galaxy_s_ii_lte_i727r-4376.php,https://fdn2.gsmarena.com/vv/bigpic/samsung-galaxy-s-ii-lte-i727r-rogers.jpg,Success,
1393,Samsung,Galaxy S II LTE I9210,https://www.gsmarena.com/samsung_galaxy_s_ii_lte_i9210-4124.php,https://fdn2.gsmarena.com/vv/bigpic/samsung-galaxy-s-ii-lte.jpg,Success,
1394,Samsung,Galaxy Tab 8.9 LTE I957,https://www.gsmarena.com/samsung_galaxy_tab_8_9_lte_i957-4125.php,https://fdn2.gsmarena.com/vv/bigpic/samsung-galaxy-tab-89-lte.jpg,Success,
1395,Samsung,Galaxy W I8150,https://www.gsmarena.com/samsung_galaxy_w_i8150-4114.php,https://fdn2.gsmarena.com/vv/bigpic/samsung-galaxy-ancora.jpg,Success,
1396,Samsung,Galaxy M Pro B7800,https://www.gsmarena.com/samsung_galaxy_m_pro_b7800-4115.php,https://fdn2.gsmarena.com/vv/bigpic/samsung-galaxy-m-pro-b7800.jpg,Success,
1397,Samsung,Galaxy Y Pro B5510,https://www.gsmarena.com/samsung_galaxy_y_pro_b5510-4116.php,https://fdn2.gsmarena.com/vv/bigpic/samsung-galaxy-y-pro-b5510.jpg,Success,
1398,Samsung,Galaxy Y TV S5367,https://www.gsmarena.com/samsung_galaxy_y_tv_s5367-4694.php,https://fdn2.gsmarena.com/vv/bigpic/Samsung-S5367-Galaxy-Y-TV.jpg,Success,
1399,Samsung,Galaxy Y S5360,https://www.gsmarena.com/samsung_galaxy_y_s5360-4117.php,https://fdn2.gsmarena.com/vv/bigpic/samsung-galaxy-y-s5360.jpg,Success,
1400,Samsung,Gravity TXT T379,https://www.gsmarena.com/samsung_gravity_txt_t379-4123.php,https://fdn2.gsmarena.com/vv/bigpic/samsung-gravity-txt.jpg,Success,
1401,Samsung,Galaxy Q T589R,https://www.gsmarena.com/samsung_galaxy_q_t589r-3437.php,https://fdn2.gsmarena.com/vv/bigpic/samsung-galaxy-q.jpg,Success,
1402,Samsung,S5610,https://www.gsmarena.com/samsung_s5610-4191.php,https://fdn2.gsmarena.com/vv/bigpic/samsung-s5610.jpg,Success,
1403,Samsung,S3770,https://www.gsmarena.com/samsung_s3770-4100.php,https://fdn2.gsmarena.com/vv/bigpic/samsung-s3770.jpg,Success,
1404,Samsung,S5690 Galaxy Xcover,https://www.gsmarena.com/samsung_s5690_galaxy_xcover-4091.php,https://fdn2.gsmarena.com/vv/bigpic/samsung-galaxy-xcover.jpg,Success,
1405,Samsung,Galaxy S II 4G I9100M,https://www.gsmarena.com/samsung_galaxy_s_ii_4g_i9100m-4059.php,https://fdn2.gsmarena.com/vv/bigpic/samsung-galaxy-s-ii-4g-new.jpg,Success,
1406,Samsung,I9103 Galaxy R,https://www.gsmarena.com/samsung_i9103_galaxy_r-3967.php,https://fdn2.gsmarena.com/vv/bigpic/samsung-i9103-galaxy-r.jpg,Success,
1407,Samsung,R720 Admire,https://www.gsmarena.com/samsung_r720_admire-4269.php,https://fdn2.gsmarena.com/vv/bigpic/samsung-admire.jpg,Success,
1408,Samsung,Convoy 2,https://www.gsmarena.com/samsung_convoy_2-4283.php,https://fdn2.gsmarena.com/vv/bigpic/samsung-convoy-2.jpg,Success,
1409,Samsung,Conquer 4G,https://www.gsmarena.com/samsung_conquer_4g-4026.php,https://fdn2.gsmarena.com/vv/bigpic/samsung-conquer-4g.jpg,Success,
1410,Samsung,R640 Character,https://www.gsmarena.com/samsung_r640_character-4058.php,https://fdn2.gsmarena.com/vv/bigpic/samsung-character-r640.jpg,Success,
1411,Samsung,R380 Freeform III,https://www.gsmarena.com/samsung_r380_freeform_iii-4039.php,https://fdn2.gsmarena.com/vv/bigpic/samsung-freeform-iii.jpg,Success,
1412,Samsung,Trender,https://www.gsmarena.com/samsung_trender-3991.php,https://fdn2.gsmarena.com/vv/bigpic/samsung-trender-for-sprint-amethyst-color.jpg,Success,
1413,Samsung,Gravity SMART,https://www.gsmarena.com/samsung_gravity_smart-3969.php,https://fdn2.gsmarena.com/vv/bigpic/samsung-gravity-smart.jpg,Success,
1414,Samsung,Exhibit 4G,https://www.gsmarena.com/samsung_exhibit_4g-3968.php,https://fdn2.gsmarena.com/vv/bigpic/samsung-exhibit-4g.jpg,Success,
1415,Samsung,E1195,https://www.gsmarena.com/samsung_e1195-4274.php,https://fdn2.gsmarena.com/vv/bigpic/samsung-e1190.jpg,Success,
1416,Samsung,C414,https://www.gsmarena.com/samsung_c414-4056.php,https://fdn2.gsmarena.com/vv/bigpic/samsung-c414.jpg,Success,
1417,Samsung,E1190,https://www.gsmarena.com/samsung_e1190-4034.php,https://fdn2.gsmarena.com/vv/bigpic/samsung-e1190.jpg,Success,
1418,Samsung,C3560,https://www.gsmarena.com/samsung_c3560-4093.php,https://fdn2.gsmarena.com/vv/bigpic/samsung-c3560.jpg,Success,
1419,Samsung,Dart T499,https://www.gsmarena.com/samsung_dart_t499-4055.php,https://fdn2.gsmarena.com/vv/bigpic/samsung-dart.jpg,Success,
1420,Samsung,C3322,https://www.gsmarena.com/samsung_c3322-3941.php,https://fdn2.gsmarena.com/vv/bigpic/samsung-c3322.jpg,Success,
1421,Samsung,R260 Chrono,https://www.gsmarena.com/samsung_r260_chrono-3992.php,https://fdn2.gsmarena.com/vv/bigpic/samsung-chrono.jpg,Success,
1422,Samsung,E2232,https://www.gsmarena.com/samsung_e2232-3940.php,https://fdn2.gsmarena.com/vv/bigpic/samsung-e2232-ofic.jpg,Success,
1423,Samsung,E1182,https://www.gsmarena.com/samsung_e1182-3939.php,https://fdn2.gsmarena.com/vv/bigpic/samsung-e1182-ofic.jpg,Success,
1424,Samsung,I9001 Galaxy S Plus,https://www.gsmarena.com/samsung_i9001_galaxy_s_plus-3908.php,https://fdn2.gsmarena.com/vv/bigpic/samsung-i9001-galaxy-s-plus.jpg,Success,
1425,Samsung,DuosTV I6712,https://www.gsmarena.com/samsung_duostv_i6712-3986.php,https://fdn2.gsmarena.com/vv/bigpic/samsung-duos-tv-i6712.jpg,Success,
1426,Samsung,C6712 Star II DUOS,https://www.gsmarena.com/samsung_c6712_star_ii_duos-3921.php,https://fdn2.gsmarena.com/vv/bigpic/samsung-c6712-star-ii-duos-new.jpg,Success,
1427,Samsung,Ch@t 222,https://www.gsmarena.com/samsung_ch@t_222-3993.php,https://fdn2.gsmarena.com/vv/bigpic/samsung-chat-E2222.jpg,Success,
1428,Samsung,Ch@t 220,https://www.gsmarena.com/samsung_ch@t_220-4611.php,https://fdn2.gsmarena.com/vv/bigpic/samsung-chat-e2220.jpg,Success,
1429,Samsung,M580 Replenish,https://www.gsmarena.com/samsung_m580_replenish-3927.php,https://fdn2.gsmarena.com/vv/bigpic/samsung-replenish.jpg,Success,
1430,Samsung,Galaxy Prevail,https://www.gsmarena.com/samsung_galaxy_prevail-3916.php,https://fdn2.gsmarena.com/vv/bigpic/samsung-prevail.jpg,Success,
1431,Samsung,M220L Galaxy Neo,https://www.gsmarena.com/samsung_m220l_galaxy_neo-3913.php,https://fdn2.gsmarena.com/vv/bigpic/samsung-shw-m220l-neo.jpg,Success,
1432,Samsung,Google Nexus S I9020A,https://www.gsmarena.com/samsung_google_nexus_s_i9020a-3920.php,https://fdn2.gsmarena.com/vv/bigpic/samsung-nexus-s-i9020a.jpg,Success,
1433,Samsung,Google Nexus S I9023,https://www.gsmarena.com/samsung_google_nexus_s_i9023-3910.php,https://fdn2.gsmarena.com/vv/bigpic/samsung-google-nexus-s-ofic.jpg,Success,
1434,Samsung,E2230,https://www.gsmarena.com/samsung_e2230-3904.php,https://fdn2.gsmarena.com/vv/bigpic/Samsung-E2230.jpg,Success,
1435,Samsung,P1010 Galaxy Tab Wi-Fi,https://www.gsmarena.com/samsung_p1010_galaxy_tab_wi_fi-3919.php,https://fdn2.gsmarena.com/vv/bigpic/samsung-p1010-galaxy-tab-wi-fi.jpg,Success,
1436,Samsung,P7500 Galaxy Tab 10.1 3G,https://www.gsmarena.com/samsung_p7500_galaxy_tab_10_1_3g-3892.php,https://fdn2.gsmarena.com/vv/bigpic/samsung-galaxy-tab-10.1.jpg,Success,
1437,Samsung,Galaxy Tab 10.1 LTE I905,https://www.gsmarena.com/samsung_galaxy_tab_10_1_lte_i905-4069.php,https://fdn2.gsmarena.com/vv/bigpic/samsung-galaxy-tab-10.1-verison.jpg,Success,
1438,Samsung,Galaxy Tab 10.1 P7510,https://www.gsmarena.com/samsung_galaxy_tab_10_1_p7510-3894.php,https://fdn2.gsmarena.com/vv/bigpic/samsung-galaxy-tab-10.1.jpg,Success,
1439,Samsung,Galaxy Tab 8.9 P7300,https://www.gsmarena.com/samsung_galaxy_tab_8_9_p7300-3891.php,https://fdn2.gsmarena.com/vv/bigpic/Samsung-GALAXY-Tab-8.9.jpg,Success,
1440,Samsung,Galaxy Tab 8.9 P7310,https://www.gsmarena.com/samsung_galaxy_tab_8_9_p7310-3893.php,https://fdn2.gsmarena.com/vv/bigpic/samsung-galaxy-tab-8.9-p7310.jpg,Success,
1441,Samsung,Google Nexus S 4G,https://www.gsmarena.com/samsung_google_nexus_s_4g-3884.php,https://fdn2.gsmarena.com/vv/bigpic/Samsung-Nexus-S-4G.jpg,Success,
1442,Samsung,M260 Factor,https://www.gsmarena.com/samsung_m260_factor-3878.php,https://fdn2.gsmarena.com/vv/bigpic/samsung-factor-boost-m260.jpg,Success,
1443,Samsung,S3850 Corby II,https://www.gsmarena.com/samsung_s3850_corby_ii-3765.php,https://fdn2.gsmarena.com/vv/bigpic/samsung-corby-ii-ofic.jpg,Success,
1444,Samsung,Galaxy Pro B7510,https://www.gsmarena.com/samsung_galaxy_pro_b7510-3850.php,https://fdn2.gsmarena.com/vv/bigpic/samsung-galaxy-pro.jpg,Success,
1445,Samsung,I9100 Galaxy S II,https://www.gsmarena.com/samsung_i9100_galaxy_s_ii-3621.php,https://fdn2.gsmarena.com/vv/bigpic/samsung-galaxy-s-ii-real-ofic.jpg,Success,
1446,Samsung,E2652W Champ Duos,https://www.gsmarena.com/samsung_e2652w_champ_duos-3844.php,https://fdn2.gsmarena.com/vv/bigpic/samsung-e2652w-champ-duos.jpg,Success,
1447,Samsung,E2652 Champ Duos,https://www.gsmarena.com/samsung_e2652_champ_duos-3845.php,https://fdn2.gsmarena.com/vv/bigpic/samsung-e2652w-champ-duos.jpg,Success,
1448,Samsung,Galaxy S WiFi 5.0,https://www.gsmarena.com/samsung_galaxy_s_wifi_5_0-3838.php,https://fdn2.gsmarena.com/vv/bigpic/samsung-galaxy-s-wifi5.jpg,Success,
1449,Samsung,P7100 Galaxy Tab 10.1v,https://www.gsmarena.com/samsung_p7100_galaxy_tab_10_1v-3831.php,https://fdn2.gsmarena.com/vv/bigpic/samsung-galaxy-tab-10.1-p7100.jpg,Success,
1450,Samsung,S5780 Wave 578,https://www.gsmarena.com/samsung_s5780_wave_578-3778.php,https://fdn2.gsmarena.com/vv/bigpic/samsung-wave-578-new.jpg,Success,
