device_id,antutu_base,geekbench_single,geekbench_multi,score_camera,score_display,score_battery,measured_brightness_nits,measured_battery_active_h,benchmark_source
acer_iconia_duo_s14_14707,1460000,1432,4663,23,53,55,0,0.0,Excel Benchmark
acer_iconia_duo_s12_14708,30000,110,420,21,58,50,0,0.0,Estimated
acer_iconia_duo_d12_14709,400000,700,1900,16,33,50,0,0.0,Excel Benchmark
acer_iconia_im11_22m5g_14659,620000,950,2800,23,55,55,0,0.0,Excel Benchmark
acer_iconia_v12_14298,400000,700,1900,16,33,50,0,0.0,Excel Benchmark
acer_iconia_v11_14297,400000,700,1900,16,33,50,0,0.0,Excel Benchmark
acer_acerone_liquid_s262f5_5g_14250,30000,110,420,43,35,45,0,0.0,Estimated
acer_iconia_a14_14120,50000,260,480,16,28,50,0,0.0,Estimated
acer_iconia_a16_14119,50000,260,480,16,28,50,0,0.0,Estimated
acer_iconia_x14_14117,50000,260,480,16,38,50,0,0.0,Estimated
acer_iconia_x12_14118,400000,700,1900,21,38,55,0,0.0,Excel Benchmark
acer_iconia_tab_p11__2025__14299,400000,700,1900,21,33,55,0,0.0,Excel Benchmark
acer_iconia_tab_p10__2025__14300,400000,700,1900,21,33,50,0,0.0,Excel Benchmark
acer_super_zx_pro_5g_13795,30000,110,420,56,75,60,0,0.0,Estimated
acer_super_zx_5g_13796,110000,270,950,41,55,60,0,0.0,Excel Benchmark
acer_acerone_liquid_s272e4_13757,340000,600,1850,16,30,45,0,0.0,Excel Benchmark
acer_acerone_liquid_s162e4_13756,340000,600,1850,21,30,45,0,0.0,Excel Benchmark
acer_chromebook_tab_10_9139,150000,350,1100,16,28,55,0,0.0,Excel Benchmark
acer_iconia_talk_s_8306,665800,2000,6800,21,30,50,0,0.0,Excel Benchmark
acer_liquid_z6_plus_8305,240000,500,1550,21,40,35,0,0.0,Excel Benchmark
acer_liquid_z6_8304,70000,180,650,16,30,20,0,0.0,Excel Benchmark
acer_iconia_tab_10_a3_a40_8080,722796,1796,6188,16,28,50,0,0.0,Excel Benchmark
acer_liquid_x2_8034,240000,500,1550,26,30,35,0,0.0,Excel Benchmark
acer_liquid_jade_2_7956,425551,1551,3453,20,50,25,0,0.0,Excel Benchmark
acer_liquid_zest_plus_8059,455515,715,1945,21,30,45,0,0.0,Excel Benchmark
acer_liquid_zest_7955,55000,150,550,16,30,20,0,0.0,Excel Benchmark
acer_predator_8_7750,750000,1000,3300,16,28,35,0,0.0,Excel Benchmark
acer_liquid_jade_primo_7650,425551,1551,3453,20,50,20,0,0.0,Excel Benchmark
acer_liquid_z330_7530,20000,80,300,16,28,20,0,0.0,Estimated
acer_liquid_z320_7531,20000,80,300,16,28,20,0,0.0,Estimated
acer_liquid_z630s_7529,240000,500,1550,18,30,35,0,0.0,Excel Benchmark
acer_liquid_z630_7528,455515,715,1945,18,30,35,0,0.0,Excel Benchmark
acer_liquid_z530s_7527,240000,500,1550,18,30,20,0,0.0,Excel Benchmark
acer_liquid_z530_7526,455515,715,1945,18,30,20,0,0.0,Excel Benchmark
acer_liquid_m330_7524,20000,80,300,16,28,20,0,0.0,Estimated
acer_liquid_m320_7525,20000,80,300,16,28,20,0,0.0,Estimated
acer_iconia_tab_10_a3_a30_7218,70000,200,700,16,28,50,0,0.0,Excel Benchmark
acer_iconia_one_8_b1_820_7217,70000,200,700,16,28,40,0,0.0,Excel Benchmark
acer_iconia_tab_a3_a20_7136,709119,1519,3357,16,28,45,0,0.0,Excel Benchmark
acer_iconia_tab_a3_a20fhd_7135,709119,1519,3357,16,28,45,0,0.0,Excel Benchmark
acer_liquid_jade_z_7072,332827,1627,5681,26,30,20,0,0.0,Excel Benchmark
acer_liquid_z520_7073,726979,1379,3937,16,23,20,0,0.0,Excel Benchmark
acer_liquid_z220_7074,15000,60,250,16,28,20,0,0.0,Estimated
acer_liquid_m220_7071,200000,350,1300,16,23,20,0,0.0,Excel Benchmark
acer_liquid_z410_6912,561967,767,4101,16,28,20,0,0.0,Excel Benchmark
acer_liquid_jade_s_6864,240000,500,1550,26,30,20,0,0.0,Excel Benchmark
acer_liquid_z500_6635,412178,778,2134,16,30,20,0,0.0,Excel Benchmark
acer_liquid_x1_6419,664363,1963,4689,21,30,20,0,0.0,Excel Benchmark
acer_liquid_jade_6423,412178,778,2134,21,30,20,0,0.0,Excel Benchmark
acer_liquid_e700_6420,412178,778,2134,16,30,25,0,0.0,Excel Benchmark
acer_liquid_e600_6421,30000,110,420,16,28,20,0,0.0,Estimated
acer_liquid_z200_6422,30000,100,400,16,23,20,0,0.0,Estimated
acer_iconia_tab_8_a1_840fhd_6424,294017,817,4251,16,28,40,0,0.0,Excel Benchmark
acer_iconia_tab_7_a1_713_6343,231241,241,2041,16,23,25,0,0.0,Estimated
acer_iconia_tab_7_a1_713hd_6342,231241,241,2041,16,28,25,0,0.0,Estimated
acer_iconia_one_7_b1_730_6341,50000,150,500,16,28,25,0,0.0,Estimated
acer_liquid_e3_duo_plus_6680,141928,528,1384,21,30,20,0,0.0,Excel Benchmark
acer_liquid_e3_6116,141928,528,1384,21,30,20,0,0.0,Excel Benchmark
acer_liquid_z4_6115,30000,100,400,16,23,20,0,0.0,Estimated
acer_iconia_b1_721_5933,676354,1754,6062,16,23,20,0,0.0,Excel Benchmark
acer_iconia_b1_720_5932,604579,979,2737,16,23,20,0,0.0,Excel Benchmark
acer_iconia_a1_830_5930,50000,150,500,16,28,35,0,0.0,Estimated
acer_liquid_z5_5929,30000,100,400,16,23,20,0,0.0,Estimated
acer_liquid_s2_5670,85000,200,700,23,40,25,0,0.0,Excel Benchmark
acer_liquid_z3_5624,30000,100,400,16,23,20,0,0.0,Estimated
acer_liquid_s1_5496,141928,528,1384,16,25,20,0,0.0,Excel Benchmark
acer_iconia_tab_a3_5700,803078,1678,3834,16,28,55,0,0.0,Excel Benchmark
acer_iconia_tab_a1_811_5892,396788,1388,3964,16,23,40,0,0.0,Excel Benchmark
acer_iconia_tab_a1_810_5399,627615,815,4245,16,28,40,0,0.0,Excel Benchmark
acer_liquid_e2_5418,141928,528,1384,16,28,20,0,0.0,Excel Benchmark
acer_liquid_z2_5302,215427,227,481,16,23,20,0,0.0,Excel Benchmark
acer_liquid_c1_5276,353457,257,2571,16,28,20,0,0.0,Excel Benchmark
acer_liquid_e1_5262,151085,285,655,16,28,20,0,0.0,Excel Benchmark
acer_iconia_tab_b1_710_5897,90180,380,940,16,23,20,0,0.0,Excel Benchmark
acer_iconia_tab_b1_a71_5239,673812,1612,3636,16,23,20,0,0.0,Excel Benchmark
acer_iconia_tab_a110_5067,570581,581,1543,16,23,25,0,0.0,Excel Benchmark
acer_liquid_z110_5057,265646,646,2738,16,23,20,0,0.0,Excel Benchmark
acer_liquid_gallant_e350_4924,265646,646,2738,16,23,20,0,0.0,Excel Benchmark
acer_liquid_gallant_duo_4871,265646,646,2738,16,23,20,0,0.0,Excel Benchmark
acer_liquid_glow_e330_4589,215427,227,481,16,23,20,0,0.0,Excel Benchmark
acer_cloudmobile_s500_4542,12000,50,200,16,30,20,0,0.0,Estimated
acer_iconia_tab_a210_5066,297946,946,3638,16,23,25,0,0.0,Excel Benchmark
acer_iconia_tab_a200_4450,248158,758,3074,16,28,25,0,0.0,Excel Benchmark
acer_iconia_tab_a701_4934,297946,946,3638,16,28,65,0,0.0,Excel Benchmark
acer_iconia_tab_a700_4425,297946,946,3638,16,28,50,0,0.0,Excel Benchmark
acer_iconia_tab_a511_4643,297946,946,3638,16,23,65,0,0.0,Excel Benchmark
acer_iconia_tab_a510_4642,297946,946,3638,16,23,65,0,0.0,Excel Benchmark
acer_allegro_3966,30000,100,350,16,23,20,0,0.0,Estimated
acer_liquid_express_e320_4261,470966,1966,6698,16,23,20,0,0.0,Excel Benchmark
acer_iconia_tab_a501_3898,248158,758,3074,16,28,25,0,0.0,Excel Benchmark
acer_iconia_tab_a500_3907,248158,758,3074,16,28,25,0,0.0,Excel Benchmark
acer_iconia_smart_3662,30000,100,350,16,23,20,0,0.0,Estimated
acer_iconia_tab_a101_3906,248158,758,3074,16,28,20,0,0.0,Excel Benchmark
acer_iconia_tab_a100_3841,248158,758,3074,16,28,20,0,0.0,Excel Benchmark
acer_liquid_mini_e310_3711,644976,1976,5728,16,23,20,0,0.0,Excel Benchmark
acer_betouch_e210_3712,374909,1309,2727,16,23,20,0,0.0,Excel Benchmark
acer_betouch_e140_3666,374909,1309,2727,16,23,20,0,0.0,Excel Benchmark
acer_betouch_t500_3587,231241,241,2041,16,23,20,0,0.0,Estimated
acer_liquid_mt_3519,504066,1066,4998,16,23,20,0,0.0,Excel Benchmark
acer_betouch_e130_3373,542986,1986,5758,16,23,20,0,0.0,Excel Benchmark
acer_betouch_e120_3406,231241,241,2041,16,23,20,0,0.0,Estimated
acer_stream_3358,508938,1538,5414,16,38,20,0,0.0,Excel Benchmark
acer_liquid_e_3156,508938,1538,5414,16,23,20,0,0.0,Excel Benchmark
acer_neotouch_p400_3155,374909,1309,2727,16,23,20,0,0.0,Excel Benchmark
acer_betouch_e400_3154,374909,1309,2727,16,23,20,0,0.0,Excel Benchmark
acer_neotouch_p300_3138,320486,1486,3258,16,23,20,0,0.0,Excel Benchmark
acer_betouch_e110_3137,231241,241,2041,16,23,20,0,0.0,Estimated
acer_liquid_2968,508938,1538,5414,16,23,20,0,0.0,Excel Benchmark
acer_neotouch_2958,508938,1538,5414,16,23,20,0,0.0,Excel Benchmark
acer_betouch_e200_2961,320486,1486,3258,16,23,20,0,0.0,Excel Benchmark
acer_betouch_e100_2959,320486,1486,3258,16,23,20,0,0.0,Excel Benchmark
acer_betouch_e101_2960,320486,1486,3258,16,23,20,0,0.0,Excel Benchmark
acer_dx650_2888,231241,241,2041,16,38,20,0,0.0,Estimated
acer_m900_2719,231241,241,2041,16,23,20,0,0.0,Estimated
acer_f900_2717,231241,241,2041,16,23,20,0,0.0,Estimated
acer_x960_2716,231241,241,2041,16,23,20,0,0.0,Estimated
acer_dx900_2718,231241,241,2041,16,23,20,0,0.0,Estimated
alcatel_a62_14319,15000,60,250,21,35,45,0,0.0,Estimated
alcatel_v3_ultra_5g_13885,110000,270,950,58,60,60,0,0.0,Excel Benchmark
alcatel_v3_pro_5g_13893,110000,270,950,43,50,50,0,0.0,Excel Benchmark
alcatel_v3_classic_5g_13894,110000,270,950,43,50,50,0,0.0,Excel Benchmark
alcatel_3__2025__13886,100000,250,850,26,28,45,0,0.0,Excel Benchmark
alcatel_1b__2022__11706,502465,1665,4795,16,50,25,0,0.0,Excel Benchmark
alcatel_1l_pro__2021__10981,100000,250,850,21,30,25,0,0.0,Excel Benchmark
alcatel_1__2021__10980,80000,200,700,16,28,20,0,0.0,Excel Benchmark
alcatel_3l__2021__10679,130000,300,950,38,30,35,0,0.0,Excel Benchmark
alcatel_1s__2021__10680,130000,300,950,21,30,35,0,0.0,Excel Benchmark
alcatel_1l__2021__10682,549414,814,2242,21,30,25,0,0.0,Excel Benchmark
alcatel_1v__2021__11659,502465,1665,4795,21,30,45,0,0.0,Excel Benchmark
alcatel_1se__2020__10618,100000,250,850,21,30,35,0,0.0,Excel Benchmark
alcatel_go_flip_4_12017,405471,1471,4213,16,28,20,0,0.0,Excel Benchmark
alcatel_go_flip_3_10500,20000,80,300,16,28,20,0,0.0,Estimated
alcatel_go_flip_v_10501,20000,80,300,16,28,20,0,0.0,Estimated
alcatel_3t10_2020_12041,331905,1105,4115,16,28,45,0,0.0,Excel Benchmark
alcatel_3x__2020__10490,130000,300,950,18,30,45,0,0.0,Excel Benchmark
alcatel_3l__2020__10016,130000,300,950,38,30,35,0,0.0,Excel Benchmark
alcatel_1s__2020__10017,130000,300,950,26,30,35,0,0.0,Excel Benchmark
alcatel_1v__2020__10018,130000,300,950,26,30,35,0,0.0,Excel Benchmark
alcatel_1b__2020__10019,813148,1748,4044,16,50,25,0,0.0,Excel Benchmark
alcatel_3v__2019__10042,130000,300,950,23,50,35,0,0.0,Excel Benchmark
alcatel_3x__2019__9842,872573,2173,7319,28,30,35,0,0.0,Excel Benchmark
alcatel_1v__2019__9843,100000,250,850,16,28,20,0,0.0,Excel Benchmark
alcatel_3t_8_10108,340000,600,1850,16,28,35,0,0.0,Excel Benchmark
alcatel_smart_tab_7_9837,267614,1014,2842,16,28,20,0,0.0,Excel Benchmark
alcatel_3t_10_9601,340000,600,1850,16,28,35,0,0.0,Excel Benchmark
alcatel_3l_9600,80000,200,700,23,30,25,0,0.0,Excel Benchmark
alcatel_3__2019__9599,65000,180,650,23,30,25,0,0.0,Excel Benchmark
alcatel_1s_9598,100000,250,850,21,50,25,0,0.0,Excel Benchmark
alcatel_1x__2019__9510,80000,200,700,21,50,25,0,0.0,Excel Benchmark
alcatel_1c__2019__9511,50000,150,500,16,28,20,0,0.0,Estimated
alcatel_1_9985,80000,200,700,16,28,20,0,0.0,Excel Benchmark
alcatel_tetra_9574,80000,200,700,16,28,20,0,0.0,Excel Benchmark
alcatel_7_9291,390508,1108,5124,18,40,35,0,0.0,Excel Benchmark
alcatel_5v_9271,130000,300,950,18,30,35,0,0.0,Excel Benchmark
alcatel_5_9012,240000,500,1550,16,50,25,0,0.0,Excel Benchmark
alcatel_3v_9004,261194,594,1582,16,40,25,0,0.0,Excel Benchmark
alcatel_3x__2018__9084,80000,200,700,16,50,25,0,0.0,Excel Benchmark
alcatel_3_9085,80000,200,700,21,50,25,0,0.0,Excel Benchmark
alcatel_1x_9086,80000,200,700,21,28,20,0,0.0,Excel Benchmark
alcatel_3c_8989,799860,2060,5980,16,50,25,0,0.0,Excel Benchmark
alcatel_3088_9986,180000,330,1200,16,28,20,0,0.0,Excel Benchmark
alcatel_1t_10_9093,799860,2060,5980,16,23,35,0,0.0,Excel Benchmark
alcatel_1t_7_9094,520916,1916,5548,16,23,20,0,0.0,Excel Benchmark
alcatel_idol_5s_8844,240000,500,1550,18,40,20,0,0.0,Excel Benchmark
alcatel_idol_5_8832,240000,500,1550,21,40,20,0,0.0,Excel Benchmark
alcatel_a7_xl_8843,240000,500,1550,16,40,35,0,0.0,Excel Benchmark
alcatel_a7_8830,240000,500,1550,23,40,35,0,0.0,Excel Benchmark
alcatel_u5_hd_8819,70000,180,650,23,30,20,0,0.0,Excel Benchmark
alcatel_pulsemix_8803,527958,558,2474,16,30,20,0,0.0,Excel Benchmark
alcatel_idol_5s__usa__8569,95000,240,850,18,40,20,0,0.0,Excel Benchmark
alcatel_flash__2017__8639,140000,300,1000,23,40,25,0,0.0,Excel Benchmark
alcatel_u5_8591,70000,180,650,16,28,20,0,0.0,Excel Benchmark
alcatel_a5_led_8590,240000,500,1550,16,30,20,0,0.0,Excel Benchmark
alcatel_a3_8589,70000,180,650,21,30,20,0,0.0,Excel Benchmark
alcatel_a3_xl_8512,638046,1046,4938,23,30,25,0,0.0,Excel Benchmark
alcatel_shine_lite_8377,70000,180,650,21,30,20,0,0.0,Excel Benchmark
alcatel_pixi_4_plus_power_8352,55000,150,550,16,30,45,0,0.0,Excel Benchmark
alcatel_fierce_4_8298,20000,80,300,16,30,20,0,0.0,Estimated
alcatel_x1_8205,785247,2047,4941,21,40,20,0,0.0,Excel Benchmark
alcatel_pixi_4__5__8157,231241,241,2041,16,28,20,0,0.0,Estimated
alcatel_flash_plus_2_8105,240000,500,1550,21,40,25,0,0.0,Excel Benchmark
alcatel_pop_7_lte_8060,231241,241,2041,16,23,25,0,0.0,Estimated
alcatel_pop_4s_7937,240000,500,1550,21,40,20,0,0.0,Excel Benchmark
alcatel_pop_4__7936,20000,80,300,16,30,20,0,0.0,Estimated
alcatel_pop_4_7935,20000,80,300,16,30,20,0,0.0,Estimated
alcatel_idol_4s_windows_8449,180000,330,1200,20,50,25,0,0.0,Excel Benchmark
alcatel_idol_4s_7896,130000,300,1100,25,60,30,0,0.0,Excel Benchmark
alcatel_idol_4_7897,692191,2191,5373,23,40,25,0,0.0,Excel Benchmark
alcatel_fierce_xl__windows__7856,20000,80,300,16,30,20,0,0.0,Estimated
alcatel_caretime_7851,295059,1459,5177,16,38,20,0,0.0,Excel Benchmark
alcatel_pixi_4__7__7847,799860,2060,5980,16,23,20,0,0.0,Excel Benchmark
alcatel_pixi_4__6__3g_8167,231241,241,2041,23,28,20,0,0.0,Estimated
alcatel_pixi_4__6__7846,20000,80,300,16,30,20,0,0.0,Estimated
alcatel_pixi_4__4__7845,55000,150,550,16,23,20,0,0.0,Excel Benchmark
alcatel_pixi_4__3_5__7844,30000,100,400,16,23,20,0,0.0,Estimated
alcatel_pixi_3__8__lte_7843,20000,80,300,16,28,35,0,0.0,Estimated
alcatel_pop_3__5_5__8230,231241,241,2041,23,25,20,0,0.0,Estimated
alcatel_pop_3__5__7776,231241,241,2041,16,23,20,0,0.0,Estimated
alcatel_fierce_xl_7720,20000,80,300,16,30,20,0,0.0,Estimated
alcatel_watch_7709,696659,1059,3977,16,28,20,0,0.0,Excel Benchmark
alcatel_go_watch_7708,696659,1059,3977,16,23,20,0,0.0,Excel Benchmark
alcatel_flash_2_7570,240000,500,1550,21,30,25,0,0.0,Excel Benchmark
alcatel_10_16g_7652,231241,241,2041,16,23,20,0,0.0,Estimated
alcatel_2007_7571,231241,241,2041,16,23,20,0,0.0,Estimated
alcatel_idol_3c_7549,536428,1028,3884,23,40,20,0,0.0,Excel Benchmark
alcatel_pixi_3__10__7548,709119,1519,3357,16,28,35,0,0.0,Excel Benchmark
alcatel_pixi_first_7547,520704,2104,5112,16,23,20,0,0.0,Excel Benchmark
alcatel_pop_up_7546,664816,1816,6248,21,30,20,0,0.0,Excel Benchmark
alcatel_pop_star_lte_7545,928945,2145,7235,16,30,20,0,0.0,Excel Benchmark
alcatel_pop_star_7544,55000,150,550,16,30,20,0,0.0,Excel Benchmark
alcatel_go_play_7543,35000,120,450,16,30,20,0,0.0,Estimated
alcatel_flash_plus_7190,240000,500,1550,23,30,25,0,0.0,Excel Benchmark
alcatel_pop_astro_7234,332827,1627,5681,16,23,20,0,0.0,Excel Benchmark
alcatel_flash_7189,541964,1364,4892,21,30,25,0,0.0,Excel Benchmark
alcatel_idol_3__5_5__7081,536428,1028,3884,23,40,20,0,0.0,Excel Benchmark
alcatel_idol_3__4_7__7080,35000,120,450,21,30,20,0,0.0,Estimated
alcatel_orange_klif_7092,231241,241,2041,16,23,20,0,0.0,Estimated
alcatel_pixi_3__5_5__lte_7093,231241,241,2041,16,25,20,0,0.0,Estimated
alcatel_pixi_3__5_5__7094,55000,150,550,16,28,20,0,0.0,Excel Benchmark
alcatel_pixi_3__8__3g_7098,676354,1754,6062,16,23,25,0,0.0,Excel Benchmark
alcatel_pixi_3__7__lte_7097,20000,80,300,16,23,20,0,0.0,Estimated
alcatel_pixi_3__7__3g_7096,676354,1754,6062,16,23,20,0,0.0,Excel Benchmark
alcatel_pixi_3__7__7095,709119,1519,3357,16,23,20,0,0.0,Excel Benchmark
alcatel_pop_10_6936,35000,120,450,16,28,40,0,0.0,Estimated
alcatel_pixi_3__5__6935,549883,1483,5249,16,23,20,0,0.0,Excel Benchmark
alcatel_pixi_3__4_5__6934,30000,100,400,16,23,20,0,0.0,Estimated
alcatel_pixi_3__4__6933,30000,100,400,16,23,20,0,0.0,Estimated
alcatel_pixi_3__3_5__firefox_6979,30000,100,400,16,23,20,0,0.0,Estimated
alcatel_pixi_3__3_5__6932,30000,100,400,16,23,20,0,0.0,Estimated
alcatel_pop_d3_6774,231241,241,2041,16,23,20,0,0.0,Estimated
alcatel_pop_d1_6773,231241,241,2041,16,23,20,0,0.0,Estimated
alcatel_pop_icon_6732,231241,241,2041,16,28,20,0,0.0,Estimated
alcatel_fire_c_2g_6712,200000,350,1300,16,23,20,0,0.0,Excel Benchmark
alcatel_pop_2__5__premium_7123,231241,241,2041,16,30,20,0,0.0,Estimated
alcatel_pop_2__5__6700,231241,241,2041,16,23,20,0,0.0,Estimated
alcatel_pop_2__4__6699,231241,241,2041,16,23,20,0,0.0,Estimated
alcatel_pop_2__4_5__dual_sim_6657,35000,120,450,16,23,20,0,0.0,Estimated
alcatel_pop_2__4_5__6656,35000,120,450,16,23,20,0,0.0,Estimated
alcatel_fierce_2_7154,231241,241,2041,16,28,20,0,0.0,Estimated
alcatel_evolve_2_7153,231241,241,2041,16,28,20,0,0.0,Estimated
alcatel_pop_8s_6655,35000,120,450,16,28,35,0,0.0,Estimated
alcatel_hero_8_6654,312170,370,910,16,28,35,0,0.0,Excel Benchmark
alcatel_hero_2_6653,312170,370,910,31,40,25,0,0.0,Excel Benchmark
alcatel_pixi_2_6619,231241,241,2041,16,23,20,0,0.0,Estimated
alcatel_pop_d5_6599,231241,241,2041,16,23,20,0,0.0,Estimated
alcatel_pop_c2_6516,231241,241,2041,16,23,20,0,0.0,Estimated
alcatel_pixi_8_6459,231241,241,2041,16,23,25,0,0.0,Estimated
alcatel_2012_6931,231241,241,2041,16,23,20,0,0.0,Estimated
alcatel_2010_6695,231241,241,2041,16,23,20,0,0.0,Estimated
alcatel_2052_6696,231241,241,2041,16,23,20,0,0.0,Estimated
alcatel_2040_6337,231241,241,2041,16,23,20,0,0.0,Estimated
alcatel_2005_6336,231241,241,2041,16,23,20,0,0.0,Estimated
alcatel_pop_7s_6165,30000,110,420,16,28,25,0,0.0,Estimated
alcatel_pixi_7_6164,581260,1460,5180,16,23,20,0,0.0,Excel Benchmark
alcatel_pop_s9_6153,231241,241,2041,16,30,25,0,0.0,Estimated
alcatel_pop_s7_6152,231241,241,2041,16,28,25,0,0.0,Estimated
alcatel_pop_s3_6151,231241,241,2041,16,23,20,0,0.0,Estimated
alcatel_fire_7_6141,231241,241,2041,16,23,20,0,0.0,Estimated
alcatel_fire_s_6140,231241,241,2041,16,28,20,0,0.0,Estimated
alcatel_fire_e_6139,231241,241,2041,16,28,20,0,0.0,Estimated
alcatel_fire_c_6138,231241,241,2041,16,23,20,0,0.0,Estimated
alcatel_idol_2_s_6134,231241,241,2041,16,30,20,0,0.0,Estimated
alcatel_idol_2_6130,231241,241,2041,16,28,20,0,0.0,Estimated
alcatel_idol_2_mini_s_6135,231241,241,2041,16,28,20,0,0.0,Estimated
alcatel_idol_2_mini_6131,231241,241,2041,16,28,20,0,0.0,Estimated
alcatel_pop_fit_6132,231241,241,2041,16,23,20,0,0.0,Estimated
alcatel_2001_5960,231241,241,2041,16,23,20,0,0.0,Estimated
alcatel_2000_6167,231241,241,2041,16,23,20,0,0.0,Estimated
alcatel_idol_x__5937,664363,1963,4689,16,40,20,0,0.0,Excel Benchmark
alcatel_pop_c9_5938,231241,241,2041,16,28,20,0,0.0,Estimated
alcatel_pop_8_5947,228791,791,3173,16,28,35,0,0.0,Excel Benchmark
alcatel_pop_7_5939,676354,1754,6062,16,23,25,0,0.0,Excel Benchmark
alcatel_fierce_5741,141928,528,1384,16,23,20,0,0.0,Excel Benchmark
alcatel_evolve_5740,265646,646,2738,16,23,20,0,0.0,Excel Benchmark
alcatel_pop_c7_5693,231241,241,2041,16,23,20,0,0.0,Estimated
alcatel_pop_c5_5692,231241,241,2041,16,23,20,0,0.0,Estimated
alcatel_pop_c3_5687,30000,100,400,16,23,20,0,0.0,Estimated
alcatel_pop_c1_5691,231241,241,2041,16,23,20,0,0.0,Estimated
alcatel_one_touch_evo_8hd_5680,432737,1537,4411,16,28,35,0,0.0,Excel Benchmark
alcatel_idol_alpha_5671,141928,528,1384,21,30,20,0,0.0,Excel Benchmark
alcatel_hero_5672,141928,528,1384,21,40,25,0,0.0,Excel Benchmark
alcatel_idol_s_5668,151085,285,655,16,30,20,0,0.0,Excel Benchmark
alcatel_idol_mini_5669,30000,100,400,16,28,20,0,0.0,Estimated
alcatel_one_touch_t10_5449,386048,648,3744,16,23,25,0,0.0,Excel Benchmark
alcatel_one_touch_snap_lte_5335,231241,241,2041,16,28,20,0,0.0,Estimated
alcatel_one_touch_pixi_5681,231241,241,2041,16,23,20,0,0.0,Estimated
alcatel_one_touch_snap_5334,141928,528,1384,16,28,20,0,0.0,Excel Benchmark
alcatel_idol_x_5318,141928,528,1384,16,40,20,0,0.0,Excel Benchmark
alcatel_one_touch_fire_5319,215427,227,481,16,23,20,0,0.0,Excel Benchmark
alcatel_one_touch_star_5296,151085,285,655,16,38,20,0,0.0,Excel Benchmark
alcatel_one_touch_scribe_easy_5332,12000,50,200,16,23,20,0,0.0,Estimated
alcatel_one_touch_evo_7_5236,231241,241,2041,16,23,20,0,0.0,Estimated
alcatel_one_touch_evo_7_hd_5235,231241,241,2041,16,28,20,0,0.0,Estimated
alcatel_one_touch_tab_8_hd_5234,231241,241,2041,16,28,20,0,0.0,Estimated
alcatel_one_touch_tab_7_5233,464186,1186,5358,16,23,25,0,0.0,Excel Benchmark
alcatel_one_touch_tab_7_hd_5232,236793,393,2979,16,28,25,0,0.0,Excel Benchmark
alcatel_one_touch_idol_ultra_5231,151085,285,655,16,40,20,0,0.0,Excel Benchmark
alcatel_one_touch_idol_5230,151085,285,655,16,28,20,0,0.0,Excel Benchmark
alcatel_one_touch_t_pop_5229,265646,646,2738,16,23,20,0,0.0,Excel Benchmark
alcatel_one_touch_s_pop_5228,265646,646,2738,16,23,20,0,0.0,Excel Benchmark
alcatel_one_touch_scribe_x_5225,141928,528,1384,16,35,20,0,0.0,Excel Benchmark
alcatel_one_touch_m_pop_5242,265646,646,2738,16,23,20,0,0.0,Excel Benchmark
alcatel_one_touch_x_pop_5227,151085,285,655,16,23,20,0,0.0,Excel Benchmark
alcatel_ot_997d_5110,151085,285,655,16,23,20,0,0.0,Excel Benchmark
alcatel_view_5159,231241,241,2041,16,28,20,0,0.0,Estimated
alcatel_one_touch_scribe_hd_lte_5226,141928,528,1384,16,30,20,0,0.0,Excel Benchmark
alcatel_one_touch_scribe_hd_5218,141928,528,1384,16,30,20,0,0.0,Excel Benchmark
alcatel_ot_978_5103,231241,241,2041,16,23,20,0,0.0,Estimated
alcatel_ot_997_5165,151085,285,655,16,23,20,0,0.0,Excel Benchmark
alcatel_ot_988_shockwave_5080,231241,241,2041,16,23,20,0,0.0,Estimated
alcatel_ot_993_4846,265646,646,2738,16,23,20,0,0.0,Excel Benchmark
alcatel_ot_903_4845,625334,734,2002,16,23,20,0,0.0,Excel Benchmark
alcatel_ot_605_4842,231241,241,2041,16,23,20,0,0.0,Estimated
alcatel_ot_668_4843,231241,241,2041,16,23,20,0,0.0,Estimated
alcatel_ot_983_5139,520948,1548,5444,16,23,20,0,0.0,Excel Benchmark
alcatel_ot_991_4733,625334,734,2002,16,23,20,0,0.0,Excel Benchmark
alcatel_ot_986_4780,170000,350,1300,16,30,20,0,0.0,Excel Benchmark
alcatel_ot_916_4732,625334,734,2002,16,23,20,0,0.0,Excel Benchmark
alcatel_ot_992d_5866,151085,285,655,16,23,20,0,0.0,Excel Benchmark
alcatel_ot_720_4731,231241,241,2041,16,23,20,0,0.0,Estimated
alcatel_ot_902_4730,231241,241,2041,16,23,20,0,0.0,Estimated
alcatel_ot_838_4844,231241,241,2041,16,23,20,0,0.0,Estimated
alcatel_ot_819_soul_4920,231241,241,2041,16,23,20,0,0.0,Estimated
alcatel_ot_870_4729,231241,241,2041,16,23,20,0,0.0,Estimated
alcatel_ot_358_4727,231241,241,2041,16,23,20,0,0.0,Estimated
alcatel_ot_317d_4724,231241,241,2041,16,23,20,0,0.0,Estimated
alcatel_ot_310_4726,231241,241,2041,16,23,20,0,0.0,Estimated
alcatel_ot_595_4728,231241,241,2041,16,23,20,0,0.0,Estimated
alcatel_ot_318d_4725,231241,241,2041,16,23,20,0,0.0,Estimated
alcatel_ot_292_4721,231241,241,2041,16,23,20,0,0.0,Estimated
alcatel_ot_308_4723,231241,241,2041,16,23,20,0,0.0,Estimated
alcatel_ot_985_4663,625334,734,2002,16,23,20,0,0.0,Excel Benchmark
alcatel_ot_282_4722,231241,241,2041,16,23,20,0,0.0,Estimated
alcatel_ot_228_4720,231241,241,2041,16,23,20,0,0.0,Estimated
alcatel_ot_906_4321,231241,241,2041,16,23,20,0,0.0,Estimated
alcatel_ot_810d_4922,231241,241,2041,16,23,20,0,0.0,Estimated
alcatel_ot_915_4549,231241,241,2041,16,23,20,0,0.0,Estimated
alcatel_ot_810_4308,231241,241,2041,16,23,20,0,0.0,Estimated
alcatel_ot_995_4661,30000,100,350,16,23,20,0,0.0,Estimated
alcatel_ot_990_3799,231241,241,2041,16,23,20,0,0.0,Estimated
alcatel_ot_910_3798,231241,241,2041,16,23,20,0,0.0,Estimated
alcatel_ot_908_3797,231241,241,2041,16,23,20,0,0.0,Estimated
alcatel_ot_908f_4629,231241,241,2041,16,23,20,0,0.0,Estimated
alcatel_ot_900_3795,231241,241,2041,16,23,20,0,0.0,Estimated
alcatel_ot_905_3796,231241,241,2041,16,23,20,0,0.0,Estimated
alcatel_ot_918_4659,625334,734,2002,16,23,20,0,0.0,Excel Benchmark
alcatel_ot_891_soul_3822,523522,1322,4766,16,23,20,0,0.0,Excel Benchmark
alcatel_ot_890d_4104,231241,241,2041,16,23,20,0,0.0,Estimated
alcatel_ot_918d_4528,625334,734,2002,16,23,20,0,0.0,Excel Benchmark
alcatel_ot_890_3793,523522,1322,4766,16,23,20,0,0.0,Excel Benchmark
alcatel_ot_888_3794,231241,241,2041,16,23,20,0,0.0,Estimated
alcatel_ot_818_3800,231241,241,2041,16,23,20,0,0.0,Estimated
alcatel_ot_813d_4103,231241,241,2041,16,23,20,0,0.0,Estimated
alcatel_ot_813f_4628,231241,241,2041,16,23,20,0,0.0,Estimated
alcatel_ot_803_3801,231241,241,2041,16,23,20,0,0.0,Estimated
alcatel_ot_807_3824,231241,241,2041,16,23,20,0,0.0,Estimated
alcatel_ot_799_play_3802,231241,241,2041,16,23,20,0,0.0,Estimated
alcatel_ot_690_3803,231241,241,2041,16,23,20,0,0.0,Estimated
alcatel_ot_665_3804,231241,241,2041,16,38,20,0,0.0,Estimated
alcatel_ot_506_3807,231241,241,2041,16,23,20,0,0.0,Estimated
alcatel_ot_602_3805,231241,241,2041,16,23,20,0,0.0,Estimated
alcatel_ot_585_3806,231241,241,2041,16,23,20,0,0.0,Estimated
alcatel_ot_385_3808,231241,241,2041,16,23,20,0,0.0,Estimated
alcatel_ot_361_3809,231241,241,2041,16,23,20,0,0.0,Estimated
alcatel_ot_355_3810,231241,241,2041,16,23,20,0,0.0,Estimated
alcatel_ot_330_3811,231241,241,2041,16,23,20,0,0.0,Estimated
alcatel_ot_306_3812,231241,241,2041,16,23,20,0,0.0,Estimated
alcatel_ot_223_3813,231241,241,2041,16,23,20,0,0.0,Estimated
alcatel_ot_217_3814,231241,241,2041,16,23,20,0,0.0,Estimated
alcatel_ot_213_3815,231241,241,2041,16,23,20,0,0.0,Estimated
alcatel_ot_209_3816,231241,241,2041,16,23,20,0,0.0,Estimated
alcatel_ot_113_3818,231241,241,2041,16,23,20,0,0.0,Estimated
alcatel_ot_112_3819,231241,241,2041,16,23,20,0,0.0,Estimated
alcatel_ot_117_3817,231241,241,2041,16,23,20,0,0.0,Estimated
alcatel_ot_109_3820,231241,241,2041,16,23,20,0,0.0,Estimated
alcatel_ot_706_3823,231241,241,2041,16,23,20,0,0.0,Estimated
alcatel_ot_105_3821,231241,241,2041,16,23,20,0,0.0,Estimated
alcatel_net_3407,231241,241,2041,16,23,20,0,0.0,Estimated
alcatel_ot_606_one_touch_chat_3184,231241,241,2041,16,23,20,0,0.0,Estimated
alcatel_ot_808_3186,231241,241,2041,16,38,20,0,0.0,Estimated
alcatel_ot_252_3181,231241,241,2041,16,23,20,0,0.0,Estimated
alcatel_ot_710_3178,231241,241,2041,16,23,20,0,0.0,Estimated
alcatel_ot_216_3176,231241,241,2041,16,23,20,0,0.0,Estimated
alcatel_ot_206_3189,231241,241,2041,16,23,20,0,0.0,Estimated
alcatel_ot_909_one_touch_max_3173,231241,241,2041,16,23,20,0,0.0,Estimated
alcatel_ot_108_3179,231241,241,2041,16,23,20,0,0.0,Estimated
alcatel_miss_sixty_3188,231241,241,2041,16,23,20,0,0.0,Estimated
alcatel_ot_301_3170,231241,241,2041,16,23,20,0,0.0,Estimated
alcatel_ot_255_3182,231241,241,2041,16,23,20,0,0.0,Estimated
alcatel_ot_208_3175,231241,241,2041,16,23,20,0,0.0,Estimated
alcatel_ot_300_3172,231241,241,2041,16,23,20,0,0.0,Estimated
alcatel_ot_880_one_touch_xtra_3171,231241,241,2041,16,23,20,0,0.0,Estimated
alcatel_ot_806_3174,231241,241,2041,16,23,20,0,0.0,Estimated
alcatel_ot_980_3168,231241,241,2041,16,23,20,0,0.0,Estimated
alcatel_ot_802_wave_3166,231241,241,2041,16,23,20,0,0.0,Estimated
alcatel_ot_305_3187,231241,241,2041,16,23,20,0,0.0,Estimated
alcatel_ot_380_3185,231241,241,2041,16,23,20,0,0.0,Estimated
alcatel_ot_505_3183,231241,241,2041,16,23,20,0,0.0,Estimated
alcatel_ot_508a_3180,231241,241,2041,16,23,20,0,0.0,Estimated
alcatel_ot_800_one_touch_chrome_3054,231241,241,2041,16,23,20,0,0.0,Estimated
alcatel_ot_565_3177,231241,241,2041,16,38,20,0,0.0,Estimated
alcatel_ot_106_3165,231241,241,2041,16,23,20,0,0.0,Estimated
alcatel_ot_800_one_touch_tribe_2847,231241,241,2041,16,23,20,0,0.0,Estimated
alcatel_ot_708_one_touch_mini_2846,231241,241,2041,16,23,20,0,0.0,Estimated
alcatel_ot_660_2844,231241,241,2041,16,23,20,0,0.0,Estimated
alcatel_ot_383_2845,231241,241,2041,16,23,20,0,0.0,Estimated
alcatel_ot_103_2842,231241,241,2041,16,23,20,0,0.0,Estimated
alcatel_ot_203_2843,231241,241,2041,16,23,20,0,0.0,Estimated
alcatel_ot_600_2734,231241,241,2041,16,23,20,0,0.0,Estimated
alcatel_crystal_3065,231241,241,2041,16,38,20,0,0.0,Estimated
alcatel_elle_glamphone_3064,231241,241,2041,16,23,20,0,0.0,Estimated
alcatel_ot_363_2733,231241,241,2041,16,23,20,0,0.0,Estimated
alcatel_ot_303_2732,231241,241,2041,16,23,20,0,0.0,Estimated
alcatel_miss_sixty_2009_3063,231241,241,2041,16,38,20,0,0.0,Estimated
alcatel_ot_222_3108,231241,241,2041,16,23,20,0,0.0,Estimated
alcatel_ot_280_2731,231241,241,2041,16,23,20,0,0.0,Estimated
alcatel_ot_s121_3205,231241,241,2041,16,23,20,0,0.0,Estimated
alcatel_ot_202_2730,231241,241,2041,16,23,20,0,0.0,Estimated
alcatel_ot_111_2729,231241,241,2041,16,23,20,0,0.0,Estimated
alcatel_ot_102_2728,231241,241,2041,16,23,20,0,0.0,Estimated
alcatel_mandarina_duck_moon_3066,231241,241,2041,16,38,20,0,0.0,Estimated
alcatel_roadsign_3067,231241,241,2041,16,38,20,0,0.0,Estimated
alcatel_mandarina_duck_2369,231241,241,2041,16,23,20,0,0.0,Estimated
alcatel_ot_i650_pro_2285,231241,241,2041,16,38,20,0,0.0,Estimated
alcatel_ot_v770_2236,231241,241,2041,16,23,20,0,0.0,Estimated
alcatel_ot_v670_2284,231241,241,2041,16,23,20,0,0.0,Estimated
alcatel_ot_v607a_3128,231241,241,2041,16,23,20,0,0.0,Estimated
alcatel_ot_v270_2235,231241,241,2041,16,23,20,0,0.0,Estimated
alcatel_ot_v570_3129,231241,241,2041,16,23,20,0,0.0,Estimated
alcatel_ot_i650_sport_2286,231241,241,2041,16,38,20,0,0.0,Estimated
alcatel_ot_v212_2283,231241,241,2041,16,23,20,0,0.0,Estimated
alcatel_ot_s520_2280,231241,241,2041,16,23,20,0,0.0,Estimated
alcatel_ot_s626a_3127,231241,241,2041,16,23,20,0,0.0,Estimated
alcatel_ot_s920_2282,231241,241,2041,16,23,20,0,0.0,Estimated
alcatel_ot_s521a_3130,231241,241,2041,16,23,20,0,0.0,Estimated
alcatel_ot_s621_2281,231241,241,2041,16,23,20,0,0.0,Estimated
alcatel_ot_s320_3131,231241,241,2041,16,23,20,0,0.0,Estimated
alcatel_ot_s218_2278,231241,241,2041,16,23,20,0,0.0,Estimated
alcatel_ot_s319_2279,231241,241,2041,16,23,20,0,0.0,Estimated
alcatel_ot_s215a_3132,231241,241,2041,16,23,20,0,0.0,Estimated
alcatel_ot_s211_3133,231241,241,2041,16,23,20,0,0.0,Estimated
alcatel_ot_s210_2277,231241,241,2041,16,23,20,0,0.0,Estimated
alcatel_ot_s120_2276,231241,241,2041,16,23,20,0,0.0,Estimated
alcatel_ot_s107_2275,231241,241,2041,16,23,20,0,0.0,Estimated
alcatel_elle_no_3_1890,231241,241,2041,16,23,20,0,0.0,Estimated
alcatel_ot_c717_1908,231241,241,2041,16,23,20,0,0.0,Estimated
alcatel_ot_c701_1902,231241,241,2041,16,23,20,0,0.0,Estimated
alcatel_ot_c707_1907,231241,241,2041,16,23,20,0,0.0,Estimated
alcatel_ot_c700a_3126,231241,241,2041,16,23,20,0,0.0,Estimated
alcatel_ot_c507_1901,231241,241,2041,16,23,20,0,0.0,Estimated
alcatel_ot_e225_1898,231241,241,2041,16,23,20,0,0.0,Estimated
alcatel_ot_e227_1899,231241,241,2041,16,23,20,0,0.0,Estimated
alcatel_ot_e207_1896,231241,241,2041,16,23,20,0,0.0,Estimated
alcatel_ot_e221_1897,231241,241,2041,16,23,20,0,0.0,Estimated
alcatel_ot_e201_1895,231241,241,2041,16,23,20,0,0.0,Estimated
alcatel_ot_e101_1894,231241,241,2041,16,23,20,0,0.0,Estimated
alcatel_ot_e205_2078,231241,241,2041,16,23,20,0,0.0,Estimated
alcatel_lollipops_1893,231241,241,2041,16,23,20,0,0.0,Estimated
alcatel_ot_e805_1889,231241,241,2041,16,23,20,0,0.0,Estimated
alcatel_ot_e220_1892,231241,241,2041,16,23,20,0,0.0,Estimated
alcatel_ot_e230_1888,231241,241,2041,16,23,20,0,0.0,Estimated
alcatel_ot_c635_1837,231241,241,2041,16,23,20,0,0.0,Estimated
alcatel_ot_c630_1465,231241,241,2041,16,23,20,0,0.0,Estimated
alcatel_ot_e801_1462,231241,241,2041,16,23,20,0,0.0,Estimated
alcatel_ot_e100_1461,231241,241,2041,16,23,20,0,0.0,Estimated
alcatel_ot_e265_1463,231241,241,2041,16,23,20,0,0.0,Estimated
alcatel_ot_e105_1460,231241,241,2041,16,23,20,0,0.0,Estimated
alcatel_ot_c750_1293,231241,241,2041,16,23,20,0,0.0,Estimated
alcatel_ot_s853_1106,231241,241,2041,16,23,20,0,0.0,Estimated
alcatel_ot_e260_1414,231241,241,2041,16,23,20,0,0.0,Estimated
alcatel_ot_s850_1216,231241,241,2041,16,23,20,0,0.0,Estimated
alcatel_ot_c825_1910,231241,241,2041,16,23,20,0,0.0,Estimated
alcatel_ot_c555_1035,231241,241,2041,16,23,20,0,0.0,Estimated
alcatel_ot_c560_2079,231241,241,2041,16,23,20,0,0.0,Estimated
alcatel_ot_c552_1292,231241,241,2041,16,23,20,0,0.0,Estimated
alcatel_ot_c656_1037,231241,241,2041,16,23,20,0,0.0,Estimated
alcatel_ot_c551_1036,231241,241,2041,16,23,20,0,0.0,Estimated
alcatel_ot_c652_1038,231241,241,2041,16,23,20,0,0.0,Estimated
alcatel_ot_c651_1039,231241,241,2041,16,23,20,0,0.0,Estimated
alcatel_ot_e259_1415,231241,241,2041,16,23,20,0,0.0,Estimated
alcatel_ot_e256_1040,231241,241,2041,16,23,20,0,0.0,Estimated
alcatel_ot_e160_1295,231241,241,2041,16,23,20,0,0.0,Estimated
alcatel_ot_e257_1294,231241,241,2041,16,23,20,0,0.0,Estimated
alcatel_ot_e252_1041,231241,241,2041,16,23,20,0,0.0,Estimated
alcatel_ot_e158_1074,231241,241,2041,16,23,20,0,0.0,Estimated
alcatel_ot_e159_1075,231241,241,2041,16,23,20,0,0.0,Estimated
alcatel_ot_e157_1073,231241,241,2041,16,23,20,0,0.0,Estimated
alcatel_ot_c550_1464,231241,241,2041,16,23,20,0,0.0,Estimated
alcatel_ot_757_931,231241,241,2041,16,23,20,0,0.0,Estimated
alcatel_ot_355_704,231241,241,2041,16,23,20,0,0.0,Estimated
alcatel_ot_156_708,231241,241,2041,16,28,20,0,0.0,Estimated
alcatel_ot_756_676,231241,241,2041,16,23,20,0,0.0,Estimated
alcatel_ot_155_705,231241,241,2041,16,23,20,0,0.0,Estimated
alcatel_ot_557_1072,231241,241,2041,16,23,20,0,0.0,Estimated
alcatel_ot_565_904,231241,241,2041,16,23,20,0,0.0,Estimated
alcatel_ot_835_669,231241,241,2041,16,23,20,0,0.0,Estimated
alcatel_ot_556_677,231241,241,2041,16,23,20,0,0.0,Estimated
alcatel_ot_735_400,231241,241,2041,16,23,20,0,0.0,Estimated
alcatel_ot_535_399,231241,241,2041,16,23,20,0,0.0,Estimated
alcatel_ot_531_398,231241,241,2041,16,23,20,0,0.0,Estimated
alcatel_ot_331_477,231241,241,2041,16,23,20,0,0.0,Estimated
alcatel_ot_332_397,231241,241,2041,16,23,20,0,0.0,Estimated
alcatel_ot_526_403,231241,241,2041,16,23,20,0,0.0,Estimated
alcatel_ot_153_892,231241,241,2041,16,23,20,0,0.0,Estimated
alcatel_ot_320_396,231241,241,2041,16,23,20,0,0.0,Estimated
alcatel_ot_525_351,231241,241,2041,16,23,20,0,0.0,Estimated
alcatel_ot_715_350,231241,241,2041,16,23,20,0,0.0,Estimated
alcatel_ot_512_329,231241,241,2041,16,23,20,0,0.0,Estimated
alcatel_ot_311_285,231241,241,2041,16,23,20,0,0.0,Estimated
alcatel_ot_700_191,231241,241,2041,16,23,20,0,0.0,Estimated
alcatel_ot_500_196,231241,241,2041,16,23,20,0,0.0,Estimated
alcatel_ot_view_db___29,231241,241,2041,16,23,20,0,0.0,Estimated
alcatel_ot_pocket_30,231241,241,2041,16,23,20,0,0.0,Estimated
alcatel_ot_511_257,231241,241,2041,16,23,20,0,0.0,Estimated
alcatel_ot_300_197,231241,241,2041,16,23,20,0,0.0,Estimated
alcatel_ot_view_db_28,231241,241,2041,16,23,20,0,0.0,Estimated
alcatel_ot_max_db_27,231241,241,2041,16,23,20,0,0.0,Estimated
alcatel_ot_easy_db_26,231241,241,2041,16,23,20,0,0.0,Estimated
alcatel_ot_gum_db_120,231241,241,2041,16,23,20,0,0.0,Estimated
alcatel_ot_club_db_25,231241,241,2041,16,23,20,0,0.0,Estimated
alcatel_ot_735i_632,231241,241,2041,16,23,20,0,0.0,Estimated
alcatel_ot_com_31,231241,241,2041,16,23,20,0,0.0,Estimated
alcatel_ot_easy_hf_33,231241,241,2041,16,23,20,0,0.0,Estimated
alcatel_ot_pro_32,231241,241,2041,16,23,20,0,0.0,Estimated
alcatel_ot_club_35,231241,241,2041,16,23,20,0,0.0,Estimated
alcatel_ot_easy_34,231241,241,2041,16,23,20,0,0.0,Estimated
alcatel_ot_club___36,231241,241,2041,16,23,20,0,0.0,Estimated
alcatel_ot_view_38,231241,241,2041,16,23,20,0,0.0,Estimated
alcatel_hc_1000_39,231241,241,2041,16,23,20,0,0.0,Estimated
alcatel_hc_800_40,231241,241,2041,16,23,20,0,0.0,Estimated
alcatel_ot_max_37,231241,241,2041,16,23,20,0,0.0,Estimated
allview_soul_x7_pro_10302,110000,270,950,25,40,40,0,0.0,Excel Benchmark
allview_viva_803g_10303,799860,2060,5980,16,28,25,0,0.0,Excel Benchmark
allview_v4_viper_pro_10039,80000,200,700,23,28,25,0,0.0,Excel Benchmark
allview_soul_x7_style_10301,254592,392,976,21,30,25,0,0.0,Excel Benchmark
allview_viva_c703_9939,231241,241,2041,16,28,20,0,0.0,Estimated
allview_viva_1003g_9910,414613,213,2439,16,28,35,0,0.0,Excel Benchmark
allview_viva_1003g_lite_9909,414613,213,2439,16,28,35,0,0.0,Excel Benchmark
allview_soul_x6_xtreme_9685,270000,500,1500,28,50,50,0,0.0,Excel Benchmark
allview_soul_x6_mini_9709,130000,300,950,21,30,35,0,0.0,Excel Benchmark
allview_p10_pro_9686,80000,200,700,23,50,25,0,0.0,Excel Benchmark
allview_p10_max_9687,80000,200,700,21,28,25,0,0.0,Excel Benchmark
allview_v4_viper_9908,502465,1665,4795,16,30,20,0,0.0,Excel Benchmark
allview_p10_mini_9688,231241,241,2041,16,30,20,0,0.0,Estimated
allview_p10_life_9621,80000,200,700,16,28,20,0,0.0,Excel Benchmark
allview_viva_home_9911,373879,279,1637,16,40,45,0,0.0,Excel Benchmark
allview_a10_plus_9471,55000,150,550,16,28,20,0,0.0,Excel Benchmark
allview_allwatch_hybrid_t_9492,231241,241,2041,16,28,20,0,0.0,Estimated
allview_allwatch_hybrid_s_9491,231241,241,2041,16,28,20,0,0.0,Estimated
allview_soul_x5_style_9400,130000,300,950,23,30,35,0,0.0,Excel Benchmark
allview_allwatch_v_9392,231241,241,2041,16,28,20,0,0.0,Estimated
allview_soul_x5_mini_9391,80000,200,700,21,30,25,0,0.0,Excel Benchmark
allview_p10_style_9379,80000,200,700,18,28,20,0,0.0,Excel Benchmark
allview_a10_lite_2019_9504,55000,150,550,16,28,20,0,0.0,Excel Benchmark
allview_x5_soul_9326,130000,300,950,28,30,25,0,0.0,Excel Benchmark
allview_soul_x5_pro_9252,240000,450,1400,28,40,45,0,0.0,Excel Benchmark
allview_x4_soul_infinity_l_9013,70000,180,650,21,50,25,0,0.0,Excel Benchmark
allview_x4_soul_infinity_plus_9011,240000,500,1550,23,40,25,0,0.0,Excel Benchmark
allview_x4_soul_infinity_n_9014,240000,500,1550,23,50,25,0,0.0,Excel Benchmark
allview_x4_soul_infinity_s_9015,240000,500,1550,23,50,25,0,0.0,Excel Benchmark
allview_x4_soul_infinity_z_9016,240000,500,1550,23,50,25,0,0.0,Excel Benchmark
allview_x4_soul_vision_9010,240000,500,1550,23,40,35,0,0.0,Excel Benchmark
allview_p8_pro_9070,70000,180,650,23,40,25,0,0.0,Excel Benchmark
allview_v3_viper_9009,70000,180,650,21,50,25,0,0.0,Excel Benchmark
allview_x4_soul_mini_s_8855,70000,180,650,18,30,20,0,0.0,Excel Benchmark
allview_x4_xtreme_8743,240000,500,1550,28,40,40,0,0.0,Excel Benchmark
allview_p9_energy_lite__2017__8742,240000,500,1550,23,30,35,0,0.0,Excel Benchmark
allview_x4_soul_mini_8706,70000,180,650,23,30,20,0,0.0,Excel Benchmark
allview_x4_soul_lite_8741,240000,500,1550,23,40,25,0,0.0,Excel Benchmark
allview_x4_soul_style_8623,240000,500,1550,28,40,35,0,0.0,Excel Benchmark
allview_p6_energy_mini_8622,70000,180,650,16,28,20,0,0.0,Excel Benchmark
allview_x4_soul_8570,240000,500,1550,21,40,25,0,0.0,Excel Benchmark
allview_allwatch_8542,231241,241,2041,16,23,20,0,0.0,Estimated
allview_v2_viper_xe_8414,70000,180,650,23,30,25,0,0.0,Excel Benchmark
allview_p9_energy_mini_8374,70000,180,650,21,30,35,0,0.0,Excel Benchmark
allview_v2_viper_s_8413,240000,500,1550,21,40,25,0,0.0,Excel Benchmark
allview_p9_energy_lite_8373,240000,500,1550,21,30,35,0,0.0,Excel Benchmark
allview_p9_energy_8372,240000,500,1550,23,50,45,0,0.0,Excel Benchmark
allview_p7_pro_8371,70000,180,650,16,30,20,0,0.0,Excel Benchmark
allview_x3_soul_style_8249,240000,500,1550,23,40,25,0,0.0,Excel Benchmark
allview_x3_soul_plus_8248,240000,500,1550,23,40,25,0,0.0,Excel Benchmark
allview_p6_energy_lite_8246,55000,150,550,16,28,35,0,0.0,Excel Benchmark
allview_x3_soul_lite_8247,455515,715,1945,21,30,20,0,0.0,Excel Benchmark
allview_ax501q_8245,799860,2060,5980,16,23,20,0,0.0,Excel Benchmark
allview_viva_h1001_lte_8137,665800,2000,6800,16,28,50,0,0.0,Excel Benchmark
allview_v2_viper_i4g_8136,455515,715,1945,16,30,20,0,0.0,Excel Benchmark
allview_v2_viper_e_8135,55000,150,550,16,28,20,0,0.0,Excel Benchmark
allview_p6_lite_8134,799860,2060,5980,16,28,20,0,0.0,Excel Benchmark
allview_x3_soul_pro_8001,240000,500,1550,28,50,25,0,0.0,Excel Benchmark
allview_x3_soul_mini_8000,455515,715,1945,21,30,20,0,0.0,Excel Benchmark
allview_p8_energy_pro_7999,240000,500,1550,21,50,45,0,0.0,Excel Benchmark
allview_p6_emagic_7998,799860,2060,5980,16,23,20,0,0.0,Excel Benchmark
allview_p5_emagic_7997,55000,150,550,16,23,20,0,0.0,Excel Benchmark
allview_p4_emagic_7996,55000,150,550,16,23,20,0,0.0,Excel Benchmark
allview_x3_soul_7913,240000,500,1550,21,40,25,0,0.0,Excel Benchmark
allview_x2_soul_style_7911,455515,715,1945,21,30,20,0,0.0,Excel Benchmark
allview_x2_soul_style___platinum_7912,455515,715,1945,21,30,20,0,0.0,Excel Benchmark
allview_x2_soul_lite_7910,455515,715,1945,16,30,20,0,0.0,Excel Benchmark
allview_v2_viper_x_7908,240000,500,1550,21,40,25,0,0.0,Excel Benchmark
allview_v2_viper_x__7909,240000,500,1550,21,40,25,0,0.0,Excel Benchmark
allview_v2_viper_7907,455515,715,1945,16,40,20,0,0.0,Excel Benchmark
allview_v2_viper_i_7906,55000,150,550,16,30,20,0,0.0,Excel Benchmark
allview_p8_energy_mini_7905,55000,150,550,16,30,35,0,0.0,Excel Benchmark
allview_p5_pro_7904,555381,1381,4943,16,28,20,0,0.0,Excel Benchmark
allview_ax4_nano_plus_7633,676354,1754,6062,16,23,20,0,0.0,Excel Benchmark
allview_viva_c701_7584,231241,241,2041,16,23,20,0,0.0,Estimated
allview_p6_pro_7777,231241,241,2041,16,30,25,0,0.0,Estimated
allview_p8_energy_7583,455515,715,1945,21,40,50,0,0.0,Excel Benchmark
allview_p5_energy_7582,555381,1381,4943,16,28,35,0,0.0,Excel Benchmark
allview_e4_7580,240000,500,1550,21,30,20,0,0.0,Excel Benchmark
allview_e4_lite_7581,455515,715,1945,21,30,20,0,0.0,Excel Benchmark
allview_e3_living_7579,455515,715,1945,16,28,20,0,0.0,Excel Benchmark
allview_e2_jump_7593,412178,778,2134,16,28,20,0,0.0,Excel Benchmark
allview_e3_sign_7594,412178,778,2134,16,30,20,0,0.0,Excel Benchmark
allview_a5_easy_7578,30000,100,400,16,23,20,0,0.0,Estimated
allview_p4_life_7595,664363,1963,4689,16,28,20,0,0.0,Excel Benchmark
allview_p5_life_7596,412178,778,2134,16,28,20,0,0.0,Excel Benchmark
allview_viper_l_7599,412178,778,2134,16,23,20,0,0.0,Excel Benchmark
allview_viper_e_7598,412178,778,2134,16,28,20,0,0.0,Excel Benchmark
allview_v1_viper_i4g_7600,412178,778,2134,16,23,20,0,0.0,Excel Benchmark
allview_v1_viper_s4g_7601,30000,110,420,16,30,20,0,0.0,Estimated
allview_w1i_7603,200000,350,1300,16,30,20,0,0.0,Excel Benchmark
allview_x2_xtreme_7288,471272,1072,3016,35,60,25,0,0.0,Excel Benchmark
allview_x2_soul_pro_7602,240000,500,1550,23,50,20,0,0.0,Excel Benchmark
allview_p6_life_6873,231241,241,2041,16,30,20,0,0.0,Estimated
allview_c5_smiley_6863,231241,241,2041,16,23,20,0,0.0,Estimated
allview_p6_energy_7597,412178,778,2134,16,30,45,0,0.0,Excel Benchmark
allview_c6_quad_4g_6862,231241,241,2041,16,28,20,0,0.0,Estimated
allview_e2_living_6861,231241,241,2041,16,28,20,0,0.0,Estimated
allview_twin_x2_6859,231241,241,2041,16,30,20,0,0.0,Estimated
allview_w1s_7604,200000,350,1300,16,30,20,0,0.0,Excel Benchmark
allview_p7_seon_6858,681353,953,3659,16,30,20,0,0.0,Excel Benchmark
allview_x1_xtreme_mini_6857,741169,1569,5507,21,40,20,0,0.0,Excel Benchmark
allview_impera_m_6860,200000,350,1300,16,23,20,0,0.0,Excel Benchmark
allview_x2_soul_mini_6782,664363,1963,4689,16,40,20,0,0.0,Excel Benchmark
allview_impera_s_6473,200000,350,1300,16,30,20,0,0.0,Excel Benchmark
allview_impera_i_6472,200000,350,1300,16,30,20,0,0.0,Excel Benchmark
allview_x2_soul_6379,664363,1963,4689,21,50,20,0,0.0,Excel Benchmark
allview_p7_xtreme_6292,664363,1963,4689,21,30,20,0,0.0,Excel Benchmark
allview_a6_quad_6446,200000,350,1300,16,28,20,0,0.0,Excel Benchmark
allview_wi8g_7643,70000,200,700,16,28,25,0,0.0,Excel Benchmark
allview_wi7_7640,70000,200,700,16,23,20,0,0.0,Excel Benchmark
allview_wi10n_pro_7644,70000,200,700,16,28,50,0,0.0,Excel Benchmark
allview_viva_i10g_7639,70000,200,700,16,28,50,0,0.0,Excel Benchmark
allview_viva_h10_hd_7638,228791,791,3173,16,28,50,0,0.0,Excel Benchmark
allview_viva_h8_lte_7636,472339,739,3017,16,28,35,0,0.0,Excel Benchmark
allview_viva_h10_lte_7637,472339,739,3017,16,28,50,0,0.0,Excel Benchmark
allview_v1_viper_s_6193,30000,110,420,21,30,20,0,0.0,Estimated
allview_viva_h7s_7635,228791,791,3173,16,28,25,0,0.0,Excel Benchmark
allview_viva_h7_lte_7634,472339,739,3017,16,28,20,0,0.0,Excel Benchmark
allview_ax3_party_6080,231241,241,2041,16,23,25,0,0.0,Estimated
allview_viva_d8_6078,231241,241,2041,16,28,35,0,0.0,Estimated
allview_viva_i8_6081,745960,2160,6280,16,28,40,0,0.0,Excel Benchmark
allview_viva_q7_life_6107,231241,241,2041,16,23,25,0,0.0,Estimated
allview_3_speed_quad_hd_6108,231241,241,2041,16,23,50,0,0.0,Estimated
allview_x1_xtreme_6194,85000,200,700,23,40,20,0,0.0,Excel Benchmark
allview_2_speed_quad_6111,231241,241,2041,16,23,35,0,0.0,Estimated
allview_city__6112,231241,241,2041,16,28,25,0,0.0,Estimated
allview_viva_q8_6114,231241,241,2041,16,28,35,0,0.0,Estimated
allview_city_life_6110,231241,241,2041,16,23,25,0,0.0,Estimated
allview_start_m7_6020,231241,241,2041,16,23,20,0,0.0,Estimated
allview_p6_quad_plus_6019,231241,241,2041,16,25,20,0,0.0,Estimated
allview_viva_h8_6113,231241,241,2041,16,28,35,0,0.0,Estimated
allview_p5_symbol_6017,231241,241,2041,16,23,20,0,0.0,Estimated
allview_x1_soul_mini_5997,553760,1960,4680,16,30,25,0,0.0,Excel Benchmark
allview_x1_soul_5996,553760,1960,4680,21,40,20,0,0.0,Excel Benchmark
allview_a5_duo_6022,231241,241,2041,16,23,20,0,0.0,Estimated
allview_a5_quad_6018,231241,241,2041,16,23,20,0,0.0,Estimated
allview_a4_duo_6021,231241,241,2041,16,23,20,0,0.0,Estimated
allview_viper_i_v1_6471,231241,241,2041,16,28,20,0,0.0,Estimated
allview_viper_v1_6024,141928,528,1384,16,30,20,0,0.0,Excel Benchmark
allview_p5_qmax_6025,141928,528,1384,16,23,25,0,0.0,Excel Benchmark
allview_h2_qubo_6023,231241,241,2041,16,23,20,0,0.0,Estimated
allview_ax4_nano_6079,231241,241,2041,16,28,20,0,0.0,Estimated
allview_p6_quad_6026,231241,241,2041,16,40,20,0,0.0,Estimated
allview_simply_s5_6027,231241,241,2041,16,23,20,0,0.0,Estimated
allview_a4all_6028,231241,241,2041,16,23,20,0,0.0,Estimated
allview_p6_stony_6030,231241,241,2041,16,40,20,0,0.0,Estimated
allview_p4_duo_6031,231241,241,2041,16,38,20,0,0.0,Estimated
allview_p5_mini_6034,231241,241,2041,16,23,20,0,0.0,Estimated
allview_p4_alldro_6036,231241,241,2041,16,38,20,0,0.0,Estimated
allview_p5_quad_6029,141928,528,1384,16,28,20,0,0.0,Excel Benchmark
allview_p5_alldro_6035,231241,241,2041,16,28,20,0,0.0,Estimated
allview_p3_alldro_6037,231241,241,2041,16,23,20,0,0.0,Estimated
allview_p2_alldro_6038,231241,241,2041,16,23,20,0,0.0,Estimated
allview_p1_alldro_6039,231241,241,2041,16,23,20,0,0.0,Estimated
allview_l4_class_6045,231241,241,2041,16,23,20,0,0.0,Estimated
allview_m6_stark_6046,231241,241,2041,16,23,20,0,0.0,Estimated
amazon_fire_max_11_12382,366204,1604,3612,18,28,20,0,0.0,Excel Benchmark
amazon_fire_hd_8_plus__2022__12035,575864,1264,4592,16,28,40,0,0.0,Excel Benchmark
amazon_fire_hd_10_plus__2021__10882,240000,450,1400,16,28,40,0,0.0,Excel Benchmark
amazon_fire_hd_8__2020__10245,854594,1994,6782,16,28,20,0,0.0,Excel Benchmark
amazon_fire_hd_10__2021__10881,240000,450,1400,16,28,20,0,0.0,Excel Benchmark
amazon_fire_hd_8_plus__2020__10246,854594,1994,6782,16,28,40,0,0.0,Excel Benchmark
amazon_fire_7__2017__8805,709119,1519,3357,16,28,20,0,0.0,Excel Benchmark
amazon_fire_hd_10__2017__8872,557289,1689,3867,16,28,25,0,0.0,Excel Benchmark
amazon_fire_hd_8__2022__12036,575864,1264,4592,16,28,20,0,0.0,Excel Benchmark
amazon_fire_hd_10_7611,231241,241,2041,16,28,20,0,0.0,Estimated
amazon_fire_hd_8_7610,741167,1967,5701,16,28,20,0,0.0,Excel Benchmark
amazon_fire_7_7609,709119,1519,3357,16,28,20,0,0.0,Excel Benchmark
amazon_fire_hd_10__2019__10620,240000,450,1400,16,28,20,0,0.0,Excel Benchmark
amazon_fire_hdx_8_9__2014__6690,647046,2046,4938,16,28,20,0,0.0,Excel Benchmark
amazon_fire_hd_7_6689,231241,241,2041,16,28,20,0,0.0,Estimated
amazon_fire_hd_6_6688,231241,241,2041,16,28,20,0,0.0,Estimated
amazon_kindle_fire_hdx_5727,85000,200,700,16,28,20,0,0.0,Excel Benchmark
amazon_kindle_fire_hdx_8_9_5728,85000,200,700,16,28,20,0,0.0,Excel Benchmark
amazon_kindle_fire_hd_8_9_lte_4996,484857,1657,5771,16,28,20,0,0.0,Excel Benchmark
amazon_kindle_fire_hd__2013__5726,231241,241,2041,16,28,20,0,0.0,Estimated
amazon_kindle_fire_hd_4994,170000,350,1300,16,28,20,0,0.0,Excel Benchmark
amazon_kindle_fire_4524,45000,140,500,16,28,35,0,0.0,Estimated
amazon_fire_phone_6453,85000,200,700,36,30,20,0,0.0,Excel Benchmark
amazon_fire_hd_8__2017__8806,373879,279,1637,16,28,50,0,0.0,Excel Benchmark
amazon_kindle_fire_hd_8_9_4995,484857,1657,5771,16,28,20,0,0.0,Excel Benchmark
amoi_e860_2038,231241,241,2041,16,23,20,0,0.0,Estimated
amoi_e78_2037,231241,241,2041,16,23,20,0,0.0,Estimated
amoi_e72_2032,231241,241,2041,16,23,20,0,0.0,Estimated
amoi_wma8701a_2031,231241,241,2041,16,23,20,0,0.0,Estimated
amoi_wma8508_2028,231241,241,2041,16,38,20,0,0.0,Estimated
amoi_wma8703_2029,231241,241,2041,16,23,20,0,0.0,Estimated
amoi_cma8170_2027,231241,241,2041,16,23,20,0,0.0,Estimated
amoi_m33_2026,231241,241,2041,16,23,20,0,0.0,Estimated
amoi_e76_2036,231241,241,2041,16,23,20,0,0.0,Estimated
amoi_a203_2022,231241,241,2041,16,23,20,0,0.0,Estimated
amoi_a200_2021,231241,241,2041,16,23,20,0,0.0,Estimated
amoi_a102_2020,231241,241,2041,16,23,20,0,0.0,Estimated
amoi_a100_2019,231241,241,2041,16,23,20,0,0.0,Estimated
amoi_a10_2018,231241,241,2041,16,23,20,0,0.0,Estimated
amoi_e850_1821,231241,241,2041,16,23,20,0,0.0,Estimated
amoi_h815_1672,231241,241,2041,16,23,20,0,0.0,Estimated
amoi_v810_1673,231241,241,2041,16,38,20,0,0.0,Estimated
amoi_h810_1670,231241,241,2041,16,23,20,0,0.0,Estimated
amoi_h812_1671,231241,241,2041,16,23,20,0,0.0,Estimated
amoi_h802_1669,231241,241,2041,16,23,20,0,0.0,Estimated
amoi_h8_1663,231241,241,2041,16,38,20,0,0.0,Estimated
amoi_h801_1664,231241,241,2041,16,38,20,0,0.0,Estimated
amoi_h80_1662,231241,241,2041,16,38,20,0,0.0,Estimated
amoi_m636_1653,231241,241,2041,16,23,20,0,0.0,Estimated
amoi_a865_1645,231241,241,2041,16,23,20,0,0.0,Estimated
amoi_a869_1644,231241,241,2041,16,38,20,0,0.0,Estimated
amoi_6201_1641,231241,241,2041,16,23,20,0,0.0,Estimated
amoi_m630_1637,231241,241,2041,16,23,20,0,0.0,Estimated
amoi_m360_1639,231241,241,2041,16,23,20,0,0.0,Estimated
amoi_m650_1638,231241,241,2041,16,38,20,0,0.0,Estimated
amoi_a675_1654,231241,241,2041,16,23,20,0,0.0,Estimated
amoi_f620_1636,231241,241,2041,16,45,20,0,0.0,Estimated
amoi_a320_1635,231241,241,2041,16,23,20,0,0.0,Estimated
amoi_a310_1633,231241,241,2041,16,23,20,0,0.0,Estimated
amoi_f320_1634,231241,241,2041,16,23,20,0,0.0,Estimated
amoi_cs6_638,231241,241,2041,16,23,20,0,0.0,Estimated
amoi_2561_641,231241,241,2041,16,23,20,0,0.0,Estimated
amoi_a210_1631,231241,241,2041,16,23,20,0,0.0,Estimated
amoi_2560_635,231241,241,2041,16,23,20,0,0.0,Estimated
amoi_f99b_639,231241,241,2041,16,23,20,0,0.0,Estimated
amoi_a90_935,231241,241,2041,16,38,20,0,0.0,Estimated
amoi_a211_1632,231241,241,2041,16,23,20,0,0.0,Estimated
amoi_a9b_633,231241,241,2041,16,38,20,0,0.0,Estimated
amoi_ca6_640,231241,241,2041,16,38,20,0,0.0,Estimated
amoi_ca8_636,231241,241,2041,16,38,20,0,0.0,Estimated
amoi_a90b_634,231241,241,2041,16,38,20,0,0.0,Estimated
amoi_s6_637,231241,241,2041,16,38,20,0,0.0,Estimated
apple_iphone_17e_14487,2187425,9296,4627,58,45,55,814,15.5,GSMArena Lab
apple_ipad_air_13_5g__2026__14521,185517,317,1751,23,33,70,0,0.0,Excel Benchmark
apple_ipad_air_11_5g__2026__14520,185517,317,1751,23,33,75,0,0.0,Excel Benchmark
apple_ipad_pro_13_5g__2025__14233,241414,814,3242,23,65,50,0,0.0,Excel Benchmark
apple_ipad_pro_11_5g__2025__14234,241414,814,3242,23,65,50,0,0.0,Excel Benchmark
apple_iphone_17_pro_max_13964,2600583,10118,1739,70,65,65,1000,17.97,GSMArena Lab
apple_iphone_17_pro_14049,2430575,9923,1739,70,65,50,1012,15.38,GSMArena Lab
apple_iphone_17_air_13502,234713,313,1739,60,65,50,998,12.73,Excel Benchmark
apple_iphone_17_14050,2109773,9360,4627,60,65,50,1012,14.98,GSMArena Lab
apple_watch_series_11_14131,569091,1091,5073,16,58,40,0,0.0,Excel Benchmark
apple_watch_ultra_3_14130,569091,1091,5073,16,58,40,0,0.0,Excel Benchmark
apple_watch_series_11_aluminum_14132,569091,1091,5073,16,58,40,0,0.0,Excel Benchmark
apple_watch_se_3_14133,569091,1091,5073,16,48,40,0,0.0,Excel Benchmark
apple_ipad_air_13__2025__13704,294296,1296,4688,23,33,70,0,0.0,Excel Benchmark
apple_ipad_air_11__2025__13703,294296,1296,4688,23,33,75,0,0.0,Excel Benchmark
apple_iphone_16e_13395,1401105,8224,6335,58,45,55,799,11.88,GSMArena Lab
apple_ipad_mini__2024__13437,1521100,3016,7744,23,33,45,0,0.0,Excel Benchmark
apple_ipad__2025__13702,1414489,6157,6448,23,33,45,466,9.43,GSMArena Lab
apple_iphone_16_pro_13315,1871052,8283,4493,68,65,50,1764,14.28,GSMArena Lab
apple_iphone_16_pro_max_13123,1838828,8606,4493,68,65,65,1796,17.3,GSMArena Lab
apple_iphone_16_plus_13316,1727276,7927,6335,58,50,65,1823,18.82,GSMArena Lab
apple_iphone_16_13317,1721149,7929,6335,58,50,50,1708,15.7,GSMArena Lab
apple_ipad_pro_13__2024__12987,185517,317,1751,23,65,50,0,0.0,Excel Benchmark
apple_watch_series_10_aluminum_13319,569091,1091,5073,16,58,40,0,0.0,Excel Benchmark
apple_ipad_pro_11__2024__12986,2566792,13160,1751,23,65,50,994,12.62,GSMArena Lab
apple_ipad_air_13__2024__12985,801367,2167,5301,23,33,70,0,0.0,Excel Benchmark
apple_watch_series_10_13318,569091,1091,5073,16,58,40,0,0.0,Excel Benchmark
apple_ipad_air_11__2024__12984,801367,2167,5301,23,33,75,0,0.0,Excel Benchmark
apple_iphone_15_pro_max_12548,1487203,7237,7744,68,65,55,1787,16.02,GSMArena Lab
apple_iphone_15_pro_12557,1521100,3016,7744,68,65,45,1786,12.97,Excel Benchmark
apple_iphone_15_plus_12558,1385649,6618,6448,58,50,55,1642,16.55,GSMArena Lab
apple_iphone_15_12559,1354651,6526,6448,58,50,45,1643,13.33,GSMArena Lab
apple_watch_series_9_aluminum_12562,513451,1451,5153,16,58,40,0,0.0,Excel Benchmark
apple_watch_ultra_2_12560,513451,1451,5153,16,58,40,0,0.0,Excel Benchmark
apple_watch_series_9_12561,513451,1451,5153,16,58,40,0,0.0,Excel Benchmark
apple_ipad_pro_11__2022__11940,801367,2167,5301,23,50,75,0,0.0,Excel Benchmark
apple_ipad__2022__11941,1150000,2171,5064,23,33,50,0,0.0,Excel Benchmark
apple_iphone_14_pro_11860,968412,5346,6448,68,65,60,1791,0.0,GSMArena Lab
apple_ipad_pro_12_9__2022__11939,801367,2167,5301,23,55,75,0,0.0,Excel Benchmark
apple_iphone_14_plus_11862,797976,4582,5661,43,45,80,797,0.0,GSMArena Lab
apple_iphone_14_11861,817125,4761,5661,43,45,70,804,0.0,GSMArena Lab
apple_iphone_14_pro_max_11773,955884,5423,6448,68,65,80,1760,0.0,GSMArena Lab
apple_watch_ultra_11827,415008,1608,4624,16,58,40,0,0.0,Excel Benchmark
apple_watch_se__2022__11865,415008,1608,4624,16,48,40,0,0.0,Excel Benchmark
apple_watch_series_8_aluminum_11864,415008,1608,4624,16,48,40,0,0.0,Excel Benchmark
apple_watch_series_8_11866,415008,1608,4624,16,48,40,0,0.0,Excel Benchmark
apple_iphone_se__2022__11410,723486,4629,5661,38,33,65,605,0.0,GSMArena Lab
apple_ipad_air__2022__11411,490058,658,2774,23,33,50,0,0.0,Excel Benchmark
apple_iphone_13_pro_max_11089,801691,4706,5661,58,65,80,1050,0.0,GSMArena Lab
apple_iphone_13_mini_11104,772512,4681,5661,43,55,55,831,0.0,GSMArena Lab
apple_iphone_13_pro_11102,794348,4687,5661,58,65,45,1063,0.0,GSMArena Lab
apple_ipad_mini__2021__11105,1350000,2332,5661,23,33,45,518,0.0,Excel Benchmark
apple_ipad_10_2__2021__11106,617292,3124,3400,16,33,50,513,0.0,GSMArena Lab
apple_watch_series_7_11146,627060,1260,4580,16,48,45,0,0.0,Excel Benchmark
apple_watch_series_7_aluminum_11107,627060,1260,4580,16,48,45,0,0.0,Excel Benchmark
apple_ipad_pro_12_9__2021__10864,490058,658,2774,23,55,75,0,0.0,Excel Benchmark
apple_watch_edition_series_7_11147,627060,1260,4580,16,48,45,0,0.0,Excel Benchmark
apple_iphone_13_11103,775519,4645,5661,43,45,60,802,0.0,GSMArena Lab
apple_iphone_12_pro_max_10237,638584,4240,5064,58,45,45,822,0.0,GSMArena Lab
apple_ipad_pro_11__2021__10865,490058,658,2774,23,50,75,0,0.0,Excel Benchmark
apple_iphone_12_pro_10508,596244,4056,5064,58,45,65,0,0.0,GSMArena Lab
apple_iphone_12_10509,568674,4067,5064,43,45,65,0,0.0,GSMArena Lab
apple_iphone_12_mini_10510,589616,4174,5064,43,55,60,627,0.0,GSMArena Lab
apple_ipad_air__2020__10444,1150000,2171,5064,23,33,75,0,0.0,Excel Benchmark
apple_watch_se_10446,397335,535,3405,16,48,40,0,0.0,Excel Benchmark
apple_watch_series_6_aluminum_10447,624001,2001,4803,16,48,40,0,0.0,Excel Benchmark
apple_watch_series_6_10448,624001,2001,4803,16,48,40,0,0.0,Excel Benchmark
apple_watch_edition_series_6_10449,624001,2001,4803,16,48,40,0,0.0,Excel Benchmark
apple_iphone_se__2020__10170,462253,3237,3400,38,33,65,670,0.0,GSMArena Lab
apple_ipad_pro_12_9__2020__10136,450000,1110,2800,23,48,75,625,0.0,Excel Benchmark
apple_iphone_11_pro_max_9846,536883,13870,3400,53,45,45,820,0.0,GSMArena Lab
apple_ipad_pro_11__2020__10137,450000,1110,2800,23,48,75,0,0.0,Excel Benchmark
apple_iphone_11_pro_9847,460784,13829,3400,53,45,70,805,0.0,GSMArena Lab
apple_iphone_11_9848,419453,13882,3400,38,33,70,644,0.0,GSMArena Lab
apple_ipad_10_2__2019__9857,180000,750,1400,16,28,50,0,0.0,Excel Benchmark
apple_watch_series_5_9859,397335,535,3405,16,48,40,0,0.0,Excel Benchmark
apple_watch_edition_series_5_9860,397335,535,3405,16,48,40,0,0.0,Excel Benchmark
apple_ipad_10_2__2020__10445,450000,1110,2800,16,33,50,0,0.0,Excel Benchmark
apple_ipad_air__2019__9638,450000,1110,2800,16,28,50,0,0.0,Excel Benchmark
apple_ipad_mini__2019__9637,450000,1110,2800,16,28,45,0,0.0,Excel Benchmark
apple_watch_series_5_aluminum_9858,397335,535,3405,16,48,40,0,0.0,Excel Benchmark
apple_ipad_pro_11__2018__9386,450000,1110,2800,23,43,70,0,0.0,Excel Benchmark
apple_ipad_pro_12_9__2018__9387,552771,5040,2800,23,43,75,0,0.0,GSMArena Lab
apple_iphone_xs_9318,346379,11472,2800,53,45,40,0,0.0,GSMArena Lab
apple_iphone_xs_max_9319,353210,11432,2800,53,45,45,0,0.0,GSMArena Lab
apple_iphone_xr_9320,422465,11437,2800,38,33,40,0,0.0,GSMArena Lab
apple_watch_series_4_aluminum_9322,12000,50,200,16,48,40,0,0.0,Estimated
apple_iphone_x_8858,233100,10215,2300,53,45,55,0,0.0,GSMArena Lab
apple_iphone_8_8573,237594,10214,2300,38,33,65,0,0.0,GSMArena Lab
apple_watch_series_4_9321,12000,50,200,16,48,40,0,0.0,Estimated
apple_ipad_9_7__2018__9142,180000,750,1400,16,28,50,0,0.0,Excel Benchmark
apple_watch_series_3_8860,457738,338,2814,16,48,55,0,0.0,Excel Benchmark
apple_ipad_pro_12_9__2017__8717,180000,750,1400,38,43,35,0,0.0,Excel Benchmark
apple_ipad_pro_10_5__2017__8716,180000,750,1400,38,43,50,0,0.0,Excel Benchmark
apple_watch_edition_series_2_42mm_8331,695694,1094,5082,16,48,45,0,0.0,Excel Benchmark
apple_iphone_8_plus_8131,350000,10037,2300,53,45,45,0,0.0,Excel Benchmark
apple_ipad_9_7__2017__8620,130000,550,1000,16,28,50,0,0.0,Excel Benchmark
apple_watch_edition_series_2_38mm_8332,695694,1094,5082,16,48,40,0,0.0,Excel Benchmark
apple_watch_series_2_38mm_8330,695694,1094,5082,16,48,40,0,0.0,Excel Benchmark
apple_watch_series_2_aluminum_42mm_8328,695694,1094,5082,16,48,45,0,0.0,Excel Benchmark
apple_watch_series_3_aluminum_8859,457738,338,2814,16,48,55,0,0.0,Excel Benchmark
apple_watch_series_2_42mm_8329,695694,1094,5082,16,48,45,0,0.0,Excel Benchmark
apple_watch_series_1_aluminum_42mm_8334,424242,2042,4926,16,38,65,0,0.0,Excel Benchmark
apple_watch_series_2_aluminum_38mm_8327,695694,1094,5082,16,48,40,0,0.0,Excel Benchmark
apple_watch_series_1_aluminum_38mm_8333,424242,2042,4926,16,38,65,0,0.0,Excel Benchmark
apple_iphone_7_plus_8065,180000,750,1400,53,45,20,0,0.0,Excel Benchmark
apple_iphone_7_8064,180000,750,1400,38,33,40,0,0.0,Excel Benchmark
apple_ipad_pro_9_7__2016__7984,130000,550,1000,18,28,50,0,0.0,Excel Benchmark
apple_iphone_se_7969,130000,550,1000,18,28,25,0,0.0,Excel Benchmark
apple_iphone_6s_plus_7243,130000,550,1000,33,40,40,0,0.0,Excel Benchmark
apple_ipad_pro_12_9__2015__7562,130000,550,1000,16,28,20,0,0.0,Excel Benchmark
apple_iphone_6s_7242,130000,550,1000,18,33,45,0,0.0,Excel Benchmark
apple_ipad_mini_4__2015__7561,80000,400,700,16,28,45,0,0.0,Excel Benchmark
apple_watch_edition_42mm__1st_gen__7698,823146,2146,5238,16,38,65,0,0.0,Excel Benchmark
apple_watch_edition_38mm__1st_gen__7697,823146,2146,5238,16,38,65,0,0.0,Excel Benchmark
apple_watch_edition_series_3_8861,457738,338,2814,16,48,55,0,0.0,Excel Benchmark
apple_watch_42mm__1st_gen__7696,823146,2146,5238,16,38,65,0,0.0,Excel Benchmark
apple_watch_38mm__1st_gen__7695,823146,2146,5238,16,38,65,0,0.0,Excel Benchmark
apple_watch_sport_42mm__1st_gen__7694,823146,2146,5238,16,38,65,0,0.0,Excel Benchmark
apple_watch_sport_38mm__1st_gen__7693,823146,2146,5238,16,38,65,0,0.0,Excel Benchmark
apple_ipad_air_2_6742,80000,400,700,16,28,70,0,0.0,Excel Benchmark
apple_ipad_mini_3_6741,50000,260,480,16,28,50,0,0.0,Estimated
apple_iphone_6_plus_6665,80000,400,700,31,40,20,0,0.0,Excel Benchmark
apple_iphone_6_6378,80000,400,700,16,28,20,0,0.0,Excel Benchmark
apple_ipad_air_5797,50000,260,480,16,28,50,0,0.0,Estimated
apple_ipad_mini_2_5735,50000,260,480,16,28,50,0,0.0,Estimated
apple_iphone_5c_5690,320146,1146,3238,16,28,45,0,0.0,Excel Benchmark
apple_ipad_mini_wi_fi_5070,349723,1323,2769,16,28,35,0,0.0,Excel Benchmark
apple_iphone_5s_5685,50000,260,480,16,28,45,0,0.0,Estimated
apple_ipad_4_wi_fi_5072,367314,714,2942,16,28,50,0,0.0,Excel Benchmark
apple_ipad_4_wi_fi___cellular_5071,367314,714,2942,16,28,50,0,0.0,Excel Benchmark
apple_ipad_mini_wi_fi___cellular_5061,349723,1323,2769,16,28,35,0,0.0,Excel Benchmark
apple_iphone_4s_4212,349723,1323,2769,16,28,20,0,0.0,Excel Benchmark
apple_ipad_2_wi_fi___3g_3848,349723,1323,2769,16,28,55,0,0.0,Excel Benchmark
apple_ipad_3_wi_fi_4621,428305,1505,5315,16,28,50,0,0.0,Excel Benchmark
apple_ipad_2_wi_fi_3847,349723,1323,2769,16,28,55,0,0.0,Excel Benchmark
apple_ipad_2_cdma_3849,349723,1323,2769,16,28,55,0,0.0,Excel Benchmark
apple_iphone_4_3275,525049,1449,5147,16,28,20,0,0.0,Excel Benchmark
apple_iphone_4_cdma_3716,525049,1449,5147,16,28,20,0,0.0,Excel Benchmark
apple_ipad_3_wi_fi___cellular_4620,428305,1505,5315,16,28,50,0,0.0,Excel Benchmark
apple_iphone_5_4910,320146,1146,3238,16,28,40,0,0.0,Excel Benchmark
apple_iphone_3gs_2826,231241,241,2041,16,23,20,0,0.0,Estimated
apple_iphone_1827,231241,241,2041,16,23,20,0,0.0,Estimated
apple_ipad_wi_fi___3g_3827,525049,1449,5147,16,28,50,0,0.0,Excel Benchmark
apple_ipad_wi_fi_3828,525049,1449,5147,16,28,50,0,0.0,Excel Benchmark
apple_iphone_3g_2424,231241,241,2041,16,23,20,0,0.0,Estimated
archos_diamond_9593,270000,500,1500,28,50,50,0,0.0,Excel Benchmark
archos_oxygen_68xl_9594,130000,300,950,16,28,45,0,0.0,Excel Benchmark
archos_oxygen_63_9595,100000,250,850,16,30,25,0,0.0,Excel Benchmark
archos_oxygen_57_9596,100000,250,850,16,30,20,0,0.0,Excel Benchmark
archos_diamond_omega_8903,300000,6689,1800,23,40,30,0,0.0,Excel Benchmark
archos_saphir_50x_9151,70000,180,650,16,30,35,0,0.0,Excel Benchmark
archos_diamond_alpha_8737,130000,300,1100,30,40,20,0,0.0,Excel Benchmark
archos_diamond_tab_8837,150000,350,1100,21,28,50,0,0.0,Excel Benchmark
archos_diamond_alpha___8836,476041,2041,6923,30,40,25,0,0.0,Excel Benchmark
archos_sense_55s_8739,231241,241,2041,16,40,25,0,0.0,Estimated
archos_sense_50x_8740,70000,180,650,16,40,25,0,0.0,Excel Benchmark
archos_diamond_gamma_8738,50000,150,550,21,30,25,0,0.0,Estimated
archos_50_saphir_8592,70000,180,650,16,30,45,0,0.0,Excel Benchmark
archos_50_graphite_8586,70000,180,650,21,30,20,0,0.0,Excel Benchmark
archos_55b_cobalt_8547,20000,80,300,21,30,20,0,0.0,Estimated
archos_55_cobalt_plus_7876,928945,2145,7235,21,30,20,0,0.0,Excel Benchmark
archos_diamond_2_plus_8216,240000,500,1550,18,40,20,0,0.0,Excel Benchmark
archos_50b_cobalt_8546,20000,80,300,21,30,20,0,0.0,Estimated
archos_50_cobalt_7875,928945,2145,7235,16,30,20,0,0.0,Excel Benchmark
archos_diamond_s_7748,240000,500,1550,23,40,20,0,0.0,Excel Benchmark
archos_diamond_plus_7749,240000,500,1550,23,40,20,0,0.0,Excel Benchmark
archos_55_graphite_8587,70000,180,650,21,30,25,0,0.0,Excel Benchmark
archos_50d_helium_4g_7371,35000,120,450,21,30,20,0,0.0,Estimated
archos_50_diamond_7042,536428,1028,3884,23,40,20,0,0.0,Excel Benchmark
archos_50b_helium_4g_7050,35000,120,450,16,30,20,0,0.0,Estimated
archos_45c_platinum_6610,412178,778,2134,16,28,20,0,0.0,Excel Benchmark
archos_40_cesium_6660,15000,60,250,16,23,20,0,0.0,Estimated
archos_40c_titanium_6661,30000,100,400,16,28,20,0,0.0,Estimated
archos_50b_platinum_6609,412178,778,2134,16,28,20,0,0.0,Excel Benchmark
archos_80_helium_4g_6128,30000,110,420,16,28,25,0,0.0,Estimated
archos_50c_oxygen_6125,664363,1963,4689,16,30,20,0,0.0,Excel Benchmark
archos_64_xenon_6127,412178,778,2134,16,30,20,0,0.0,Excel Benchmark
archos_50_helium_4g_6055,30000,110,420,16,30,20,0,0.0,Estimated
archos_45_helium_4g_6056,30000,110,420,16,28,20,0,0.0,Estimated
archos_53_platinum_6059,12000,50,200,16,28,20,0,0.0,Estimated
archos_50_oxygen_6057,553760,1960,4680,16,40,20,0,0.0,Excel Benchmark
archos_50_platinum_6058,12000,50,200,16,28,20,0,0.0,Estimated
archos_53_titanium_6061,30000,100,400,16,23,20,0,0.0,Estimated
archos_45_platinum_6060,12000,50,200,16,23,20,0,0.0,Estimated
archos_45_titanium_6063,30000,100,400,16,23,20,0,0.0,Estimated
archos_50_titanium_6062,30000,100,400,16,28,20,0,0.0,Estimated
archos_40_titanium_6064,30000,100,400,16,23,20,0,0.0,Estimated
archos_40b_titanium_6126,231241,241,2041,16,28,20,0,0.0,Estimated
asus_pad__t3201__14812,1460000,1432,4663,21,78,70,0,0.0,Excel Benchmark
asus_zenfone_12_ultra_13653,2702580,9695,6281,85,80,90,1965,15.83,GSMArena Lab
asus_rog_phone_9_fe_13641,1903140,2115,6608,70,60,90,0,0.0,Excel Benchmark
asus_rog_phone_9_pro_13469,3042971,10179,6281,85,60,90,1958,16.68,GSMArena Lab
asus_rog_phone_9_13503,3007932,10083,6281,70,60,90,1958,16.68,GSMArena Lab
asus_rog_phone_8_pro_12746,2167612,6542,6608,85,80,90,1765,14.72,GSMArena Lab
asus_rog_phone_8_12780,1903140,2115,6608,85,80,90,0,0.0,Excel Benchmark
asus_rog_phone_7_ultimate_12224,1325105,5139,5226,55,80,75,1095,0.0,GSMArena Lab
asus_zenfone_10_12380,1583804,5149,5226,70,75,60,807,13.08,GSMArena Lab
asus_rog_phone_7_12223,1333597,5098,5226,55,80,75,1051,14.85,GSMArena Lab
asus_rog_phone_6d_ultimate_11880,1107464,4575,4600,43,75,75,0,0.0,GSMArena Lab
asus_rog_phone_6d_11881,1400000,1700,4600,43,75,75,0,0.0,Excel Benchmark
asus_rog_phone_6_diablo_immortal_edition_11986,336254,1654,5762,43,75,75,0,0.0,Excel Benchmark
asus_rog_phone_6_batman_edition_11882,336254,1654,5762,43,75,75,0,0.0,Excel Benchmark
asus_zenfone_11_ultra_12820,2147516,5699,6608,85,80,90,1773,16.47,GSMArena Lab
asus_zenfone_9_11656,1083092,4338,5762,58,75,40,831,0.0,GSMArena Lab
asus_rog_phone_6_pro_11648,1103188,3980,5762,43,75,75,829,0.0,GSMArena Lab
asus_rog_phone_6_11647,336254,1654,5762,43,75,75,0,0.0,Excel Benchmark
asus_rog_phone_5s_pro_11053,844901,14278,3600,48,75,75,840,0.0,GSMArena Lab
asus_smartphone_for_snapdragon_insiders_11006,820000,1130,3500,78,75,60,0,0.0,Excel Benchmark
asus_zenfone_8_flip_10892,797848,3673,3500,63,60,50,735,0.0,GSMArena Lab
asus_rog_phone_5s_11054,850000,1180,3600,48,75,75,0,0.0,Excel Benchmark
asus_zenfone_8_10893,799738,3604,3500,63,70,40,800,0.0,GSMArena Lab
asus_rog_phone_5_pro_10784,820000,1130,3500,48,75,75,0,0.0,Excel Benchmark
asus_rog_phone_5_ultimate_10785,820000,1130,3500,48,75,75,0,0.0,Excel Benchmark
asus_rog_phone_5_10715,718864,14536,3500,48,75,75,806,0.0,GSMArena Lab
asus_zenfone_7_pro_10393,602934,3302,3100,78,60,50,741,0.0,GSMArena Lab
asus_zenfone_7_10379,700000,900,3100,63,60,50,0,0.0,Excel Benchmark
asus_rog_phone_3_10296,621932,13306,3100,48,75,55,719,0.0,GSMArena Lab
asus_rog_phone_3_strix_10328,700000,900,3100,48,75,55,0,0.0,Excel Benchmark
asus_rog_phone_ii_zs660kl_9770,483239,10923,2700,38,65,55,626,0.0,GSMArena Lab
asus_zenfone_6_zs630kl_9698,447774,10721,2600,38,40,50,455,0.0,GSMArena Lab
asus_zenfone_max_shot_zb634kl_9633,436647,1447,3141,23,40,35,0,0.0,Excel Benchmark
asus_zenfone_max_plus__m2__zb634kl_9634,436647,1447,3141,23,40,35,0,0.0,Excel Benchmark
asus_zenfone_live__l2__9667,40000,130,480,21,50,25,0,0.0,Estimated
asus_zenfone_max_pro__m2__zb631kl_9410,124039,5169,1300,23,40,45,0,0.0,GSMArena Lab
asus_zenfone_max__m2__zb633kl_9437,103243,4744,1000,30,30,35,0,0.0,GSMArena Lab
asus_zenfone_max__m1__zb556kl_9373,57845,2434,500,23,50,35,0,0.0,GSMArena Lab
asus_zenfone_lite__l1__za551kl_9372,45000,140,500,21,50,25,0,0.0,Estimated
asus_zenfone_live__l1__za550kl_9194,40000,130,480,21,50,25,0,0.0,Estimated
asus_zenfone_5z_zs620kl_9096,266590,9030,2200,40,40,30,0,0.0,GSMArena Lab
asus_zenfone_5_ze620kl_9061,140000,320,1150,40,40,25,0,0.0,Excel Benchmark
asus_zenfone_max_pro__m1__zb601kl_zb602k_9173,115509,4910,1150,30,40,45,0,0.0,GSMArena Lab
asus_zenfone_5_lite_zc600kl_9068,110000,270,950,23,40,25,0,0.0,Excel Benchmark
asus_zenfone_max_plus__m1__zb570tl_8953,240000,500,1550,23,40,35,0,0.0,Excel Benchmark
asus_zenfone_max__m1__zb555kl_9097,40000,130,480,23,50,35,0,0.0,Estimated
asus_rog_phone_zs600kl_9224,288821,9406,2200,40,55,40,0,0.0,GSMArena Lab
asus_zenfone_v_v520kl_8866,180000,330,1200,35,50,30,0,0.0,Excel Benchmark
asus_zenfone_4_pro_zs551kl_8783,300000,420,1800,60,50,30,0,0.0,Excel Benchmark
asus_zenfone_4_selfie_lite_zb553kl_8892,40000,130,480,21,30,25,0,0.0,Estimated
asus_zenfone_4_ze554kl_8782,86978,4145,950,40,40,30,0,0.0,GSMArena Lab
asus_zenfone_4_selfie_pro_zd552kl_8808,95000,240,850,23,50,30,0,0.0,Excel Benchmark
asus_zenfone_4_selfie_zd553kl_8784,45000,140,500,21,30,25,0,0.0,Estimated
asus_zenfone_4_max_pro_zc554kl_8814,40000,130,480,28,30,50,0,0.0,Estimated
asus_zenfone_4_max_zc520kl_8811,40000,130,480,23,30,35,0,0.0,Estimated
asus_zenfone_4_max_plus_zc554kl_8810,40000,130,480,23,30,45,0,0.0,Estimated
asus_zenfone_4_max_zc554kl_8749,45000,140,500,23,30,45,0,0.0,Estimated
asus_zenpad_3s_8_0_z582kl_8711,130000,300,1100,21,28,45,0,0.0,Excel Benchmark
asus_zenpad_z8s_zt582kl_8801,130000,300,1100,21,28,45,0,0.0,Excel Benchmark
asus_zenfone_4_selfie_zb553kl_8862,45000,140,500,21,30,25,0,0.0,Estimated
asus_zenfone_go_zb552kl_8681,35000,120,450,21,30,25,0,0.0,Estimated
asus_zenfone_live_zb501kl_8579,35000,120,450,21,30,20,0,0.0,Estimated
asus_zenfone_3s_max_zc521tl_8550,240000,500,1550,23,30,45,0,0.0,Excel Benchmark
asus_zenfone_ar_zs571kl_8502,200000,350,1300,35,60,30,0,0.0,Excel Benchmark
asus_zenpad_3s_10_z500kl_8543,120000,280,1000,16,28,55,0,0.0,Excel Benchmark
asus_zenfone_go_zb690kg_8503,231241,241,2041,16,28,25,0,0.0,Estimated
asus_zenfone_3_zoom_ze553kl_8509,95000,240,850,53,50,50,0,0.0,Excel Benchmark
asus_zenpad_3_8_0_z581kl_8493,120000,280,1000,16,28,45,0,0.0,Excel Benchmark
asus_zenfone_go_zb500kl_8467,35000,120,450,21,30,20,0,0.0,Estimated
asus_zenfone_3_max_zc553kl_8425,45000,140,500,23,40,40,0,0.0,Estimated
asus_zenfone_3_deluxe_5_5_zs550kl_8384,95000,240,850,40,40,30,0,0.0,Excel Benchmark
asus_zenpad_z10_zt500kl_8370,120000,280,1000,16,28,50,0,0.0,Excel Benchmark
asus_zenwatch_3_wi503q_8271,20000,80,300,16,38,25,0,0.0,Estimated
asus_zenpad_3s_10_z500m_8218,453233,833,2299,16,28,50,0,0.0,Excel Benchmark
asus_zenfone_3_max_zc520tl_8207,70000,180,650,21,30,35,0,0.0,Excel Benchmark
asus_zenfone_3_laser_zc551kl_8206,45000,140,500,23,40,25,0,0.0,Estimated
asus_zenfone_3_ze520kl_8197,95000,240,850,40,40,20,0,0.0,Excel Benchmark
asus_zenfone_pegasus_3_8156,70000,180,650,21,30,35,0,0.0,Excel Benchmark
asus_zenpad_z8_8160,120000,280,1000,16,28,40,0,0.0,Excel Benchmark
asus_zenfone_3_ultra_zu680kl_8130,130000,300,1100,33,40,45,0,0.0,Excel Benchmark
asus_zenfone_3_deluxe_zs570kl_8129,180000,330,1200,35,50,30,0,0.0,Excel Benchmark
asus_zenfone_3_ze552kl_8106,95000,240,850,40,40,25,0,0.0,Excel Benchmark
asus_zenfone_max_zc550kl__2016__8111,536428,1028,3884,21,30,45,0,0.0,Excel Benchmark
asus_zenfone_go_zb452kg_8097,200000,350,1300,16,28,20,0,0.0,Excel Benchmark
asus_zenfone_go_zb551kl_8095,30000,110,420,21,30,25,0,0.0,Estimated
asus_zenfone_go_t500_8045,35000,120,450,16,30,20,0,0.0,Estimated
asus_live_g500tg_7866,55000,150,550,16,30,20,0,0.0,Excel Benchmark
asus_zenfone_go_zb450kl_8262,35000,120,450,16,28,20,0,0.0,Estimated
asus_zenwatch_2_wi501q_7689,30000,110,420,16,38,20,0,0.0,Estimated
asus_zenfone_go_zc451tg_8048,55000,150,550,16,28,20,0,0.0,Excel Benchmark
asus_zenfone_zoom_zx551ml_7577,395720,1920,6560,51,40,30,0,0.0,Excel Benchmark
asus_zenwatch_wi500q_7688,30000,110,420,16,38,20,0,0.0,Estimated
asus_zenwatch_2_wi502q_7690,30000,110,420,16,38,20,0,0.0,Estimated
asus_zenpad_10_z300m_8465,373879,279,1637,16,28,45,0,0.0,Excel Benchmark
asus_zenfone_go_zc500tg_7368,55000,150,550,16,30,20,0,0.0,Excel Benchmark
asus_zenfone_max_zc550kl_7476,35000,120,450,21,30,45,0,0.0,Estimated
asus_zenpad_10_z300c_7532,15000,60,250,16,28,45,0,0.0,Estimated
asus_zenfone_2_deluxe_ze551ml_7475,401466,466,1198,21,40,30,0,0.0,Excel Benchmark
asus_zenpad_8_0_z380m_8474,373879,279,1637,16,28,35,0,0.0,Excel Benchmark
asus_zenfone_2_laser_ze601kl_7479,487940,2140,7220,21,40,25,0,0.0,Excel Benchmark
asus_zenfone_2_laser_ze600kl_7757,536428,1028,3884,21,30,25,0,0.0,Excel Benchmark
asus_zenfone_2_laser_ze551kl_7733,536428,1028,3884,21,40,25,0,0.0,Excel Benchmark
asus_zenfone_2_laser_ze550kl_7477,35000,120,450,21,30,25,0,0.0,Estimated
asus_zenpad_7_0_z370cg_7473,587319,1719,4957,16,28,25,0,0.0,Excel Benchmark
asus_zenfone_2_laser_ze500kl_7474,35000,120,450,21,25,20,0,0.0,Estimated
asus_zenfone_2e_7444,50000,150,500,16,30,20,0,0.0,Estimated
asus_zenfone_2_laser_ze500kg_7478,35000,120,450,16,25,20,0,0.0,Estimated
asus_pegasus_2_plus_7378,536428,1028,3884,23,40,25,0,0.0,Excel Benchmark
asus_zenpad_s_8_0_z580ca_7367,541522,1322,3766,16,28,25,0,0.0,Excel Benchmark
asus_zenpad_8_0_z380kl_7255,35000,120,450,16,28,35,0,0.0,Estimated
asus_zenpad_s_8_0_z580c_7366,729850,2050,6950,16,28,35,0,0.0,Excel Benchmark
asus_zenpad_c_7_0_z170mg_7364,491288,1888,5464,16,28,25,0,0.0,Excel Benchmark
asus_zenpad_8_0_z380c_7365,15000,60,250,16,28,35,0,0.0,Estimated
asus_zenpad_c_7_0_7256,15000,60,250,16,28,25,0,0.0,Estimated
asus_zenfone_selfie_zd551kl_7261,536428,1028,3884,21,40,25,0,0.0,Excel Benchmark
asus_zenfone_2_ze551ml_6917,659460,1660,4780,21,40,30,0,0.0,Excel Benchmark
asus_fonepad_7_fe375cl_7045,729850,2050,6950,16,28,25,0,0.0,Excel Benchmark
asus_zenfone_2_ze550ml_7120,779157,1957,4671,21,30,25,0,0.0,Excel Benchmark
asus_zenfone_c_zc451cg_6982,526003,1603,3609,16,28,20,0,0.0,Excel Benchmark
asus_zenfone_2_ze500cl_7044,50000,150,500,16,30,20,0,0.0,Estimated
asus_fonepad_7_fe171cg_6953,526003,1603,3609,16,28,25,0,0.0,Excel Benchmark
asus_zenfone_zoom_zx550_6918,659460,1660,4780,51,40,25,0,0.0,Excel Benchmark
asus_zenfone_5_lite_a502cg__2014__6813,526003,1603,3609,16,28,20,0,0.0,Excel Benchmark
asus_memo_pad_10_me103k_6751,12000,50,200,16,28,50,0,0.0,Estimated
asus_pegasus_6897,332827,1627,5681,16,30,20,0,0.0,Excel Benchmark
asus_padfone_x_mini_6737,50000,150,500,16,28,20,0,0.0,Estimated
asus_memo_pad_7_me572cl_6630,779157,1957,4671,16,28,25,0,0.0,Excel Benchmark
asus_zenfone_5_a500kl__2014__6429,30000,110,420,16,30,20,0,0.0,Estimated
asus_zenfone_4_a450cg__2014__6428,526003,1603,3609,16,28,20,0,0.0,Excel Benchmark
asus_memo_pad_7_me572c_6629,779157,1957,4671,16,28,25,0,0.0,Excel Benchmark
asus_memo_pad_8_me581cl_6414,659460,1660,4780,16,28,35,0,0.0,Excel Benchmark
asus_memo_pad_8_me181c_6413,294017,817,4251,16,28,35,0,0.0,Excel Benchmark
asus_memo_pad_7_me176c_6412,294017,817,4251,16,28,25,0,0.0,Excel Benchmark
asus_fonepad_7_fe375cxg_6747,729850,2050,6950,16,28,20,0,0.0,Excel Benchmark
asus_transformer_pad_tf303cl_6407,294017,817,4251,16,28,55,0,0.0,Excel Benchmark
asus_fonepad_7_fe375cg_6410,779157,1957,4671,16,28,20,0,0.0,Excel Benchmark
asus_fonepad_8_fe380cg_6411,729850,2050,6950,16,28,20,0,0.0,Excel Benchmark
asus_fonepad_7__2014__6394,526003,1603,3609,16,28,25,0,0.0,Excel Benchmark
asus_padfone_x_6519,85000,200,700,23,40,20,0,0.0,Excel Benchmark
asus_padfone_s_6238,90000,220,750,23,40,20,0,0.0,Excel Benchmark
asus_padfone_infinity_lite_6120,518750,950,2650,21,40,20,0,0.0,Excel Benchmark
asus_padfone_e_5993,30000,110,420,21,30,20,0,0.0,Estimated
asus_zenfone_6_a601cg__2014__6853,50000,150,500,21,30,25,0,0.0,Estimated
asus_zenfone_6_a600cg__2014__5953,570391,391,1973,21,30,25,0,0.0,Excel Benchmark
asus_zenfone_4__2014__5951,526003,1603,3609,16,23,20,0,0.0,Excel Benchmark
asus_zenfone_5_a500cg__2014__5952,570391,391,1973,16,30,20,0,0.0,Excel Benchmark
asus_zenfone_5_a501cg__2015__7160,526003,1603,3609,16,30,20,0,0.0,Excel Benchmark
asus_padfone_mini_4g__intel__7158,50000,150,500,16,28,20,0,0.0,Estimated
asus_padfone_mini__intel__5982,50000,150,500,16,28,20,0,0.0,Estimated
asus_padfone_mini_5891,30000,110,420,16,28,20,0,0.0,Estimated
asus_transformer_book_trio_5863,421780,1980,5740,16,40,25,0,0.0,Excel Benchmark
asus_padfone_infinity_2_5706,85000,200,700,21,40,20,0,0.0,Excel Benchmark
asus_memo_pad_10_5676,155175,375,1925,16,28,45,0,0.0,Excel Benchmark
asus_memo_pad_8_me180a_5675,231241,241,2041,16,28,25,0,0.0,Estimated
asus_google_nexus_7__2013__5600,12000,50,200,16,28,45,0,0.0,Estimated
asus_fonepad_7_5674,50000,150,500,16,28,25,0,0.0,Estimated
asus_fonepad_note_fhd6_5494,570391,391,1973,16,40,25,0,0.0,Excel Benchmark
asus_transformer_pad_tf701t_5493,733880,2080,5040,16,28,25,0,0.0,Excel Benchmark
asus_memo_pad_hd7_8_gb_5879,627615,815,4245,16,28,20,0,0.0,Excel Benchmark
asus_transformer_pad_tf103c_6409,294017,817,4251,16,28,50,0,0.0,Excel Benchmark
asus_memo_pad_hd7_16_gb_5492,627615,815,4245,16,28,20,0,0.0,Excel Benchmark
asus_fonepad_5329,170000,350,1300,16,28,35,0,0.0,Excel Benchmark
asus_memo_pad_fhd10_5495,50000,150,500,16,28,55,0,0.0,Estimated
asus_memo_pad_me172v_5249,733116,2116,7148,16,28,35,0,0.0,Excel Benchmark
asus_memo_pad_smart_10_5331,140160,360,1880,16,28,25,0,0.0,Excel Benchmark
asus_google_nexus_7_cellular_5091,297946,946,3638,16,28,35,0,0.0,Excel Benchmark
asus_vivotab_rt_tf600t_5083,632831,831,2293,16,28,25,0,0.0,Excel Benchmark
asus_padfone_2_5017,12000,50,200,21,30,20,0,0.0,Estimated
asus_google_nexus_7_4850,297946,946,3638,16,28,35,0,0.0,Excel Benchmark
asus_transformer_pad_infinity_700_3g_4604,12000,50,200,16,28,25,0,0.0,Estimated
asus_transformer_pad_infinity_700_lte_4605,12000,50,200,16,28,25,0,0.0,Estimated
asus_transformer_pad_tf300t_4596,570581,581,1543,16,28,25,0,0.0,Excel Benchmark
asus_transformer_pad_tf300tg_5337,570581,581,1543,16,28,25,0,0.0,Excel Benchmark
asus_transformer_pad_infinity_700_4606,140160,360,1880,16,28,25,0,0.0,Excel Benchmark
asus_transformer_prime_tf700t_4421,140160,360,1880,16,28,25,0,0.0,Excel Benchmark
asus_memo_4422,50000,150,500,16,28,35,0,0.0,Estimated
asus_transformer_prime_tf201_4322,297946,946,3638,16,28,25,0,0.0,Excel Benchmark
asus_padfone_3965,12000,50,200,16,38,20,0,0.0,Estimated
asus_p835_2727,411432,1232,2496,16,23,20,0,0.0,Excel Benchmark
asus_e600_3696,231241,241,2041,16,23,20,0,0.0,Estimated
asus_p565_2606,231241,241,2041,16,23,20,0,0.0,Estimated
asus_transformer_tf101_3936,248158,758,3074,16,28,20,0,0.0,Excel Benchmark
asus_p320_2347,259101,1101,3103,16,23,20,0,0.0,Excel Benchmark
asus_p552w_2519,231241,241,2041,16,23,20,0,0.0,Estimated
asus_p550_2193,231241,241,2041,16,23,20,0,0.0,Estimated
asus_m930_2322,584360,560,1480,16,23,20,0,0.0,Excel Benchmark
asus_p750_2170,231241,241,2041,16,23,20,0,0.0,Estimated
asus_p527_2123,259101,1101,3103,16,23,20,0,0.0,Excel Benchmark
asus_z801_2107,231241,241,2041,16,23,20,0,0.0,Estimated
asus_v88i_2098,231241,241,2041,16,23,20,0,0.0,Estimated
asus_m530w_2096,231241,241,2041,16,23,20,0,0.0,Estimated
asus_padfone_infinity_5328,679242,1042,2926,21,40,20,0,0.0,Excel Benchmark
asus_j501_2077,231241,241,2041,16,23,20,0,0.0,Estimated
asus_p526_1988,259101,1101,3103,16,23,20,0,0.0,Excel Benchmark
asus_z810_1820,231241,241,2041,16,23,20,0,0.0,Estimated
asus_p735_1831,231241,241,2041,16,23,20,0,0.0,Estimated
asus_p525_1738,231241,241,2041,16,23,20,0,0.0,Estimated
asus_p505_1739,231241,241,2041,16,23,20,0,0.0,Estimated
asus_j502_2097,231241,241,2041,16,23,20,0,0.0,Estimated
asus_m310_1732,231241,241,2041,16,23,20,0,0.0,Estimated
asus_p535_1780,231241,241,2041,16,23,20,0,0.0,Estimated
asus_v75_1729,231241,241,2041,16,23,20,0,0.0,Estimated
asus_m303_1734,231241,241,2041,16,45,20,0,0.0,Estimated
asus_v55_1731,231241,241,2041,16,23,20,0,0.0,Estimated
asus_v80_1728,231241,241,2041,16,23,20,0,0.0,Estimated
asus_zenfone_pegasus_3s_8517,240000,500,1550,23,30,45,0,0.0,Excel Benchmark
asus_v66_1730,231241,241,2041,16,23,20,0,0.0,Estimated
asus_m307_1733,231241,241,2041,16,45,20,0,0.0,Estimated
at_t_quickfire_2598,231241,241,2041,16,23,20,0,0.0,Estimated
at_t_smt5700_2603,340847,1647,4741,16,23,20,0,0.0,Excel Benchmark
at_t_mustang_2602,231241,241,2041,16,23,20,0,0.0,Estimated
at_t_8525_2601,231241,241,2041,16,23,20,0,0.0,Estimated
benefon_twig_discovery_pro_1915,231241,241,2041,16,23,20,0,0.0,Estimated
benefon_twig_discovery_1792,231241,241,2041,16,23,20,0,0.0,Estimated
benefon_q_42,231241,241,2041,16,23,20,0,0.0,Estimated
benefon_twin_41,231241,241,2041,16,23,20,0,0.0,Estimated
benefon_esc__44,231241,241,2041,16,23,20,0,0.0,Estimated
benefon_vega_46,231241,241,2041,16,23,20,0,0.0,Estimated
benefon_twin__209,231241,241,2041,16,23,20,0,0.0,Estimated
benefon_track_43,231241,241,2041,16,23,20,0,0.0,Estimated
benefon_io_45,231241,241,2041,16,23,20,0,0.0,Estimated
benq_siemens_sf71_2075,231241,241,2041,16,38,20,0,0.0,Estimated
benq_siemens_e52_2000,231241,241,2041,16,23,20,0,0.0,Estimated
benq_siemens_c31_2001,231241,241,2041,16,23,20,0,0.0,Estimated
benq_siemens_al26_1666,231241,241,2041,16,23,20,0,0.0,Estimated
benq_siemens_c32_2110,231241,241,2041,16,23,20,0,0.0,Estimated
benq_siemens_a53_2511,231241,241,2041,16,23,20,0,0.0,Estimated
benq_siemens_e71_1650,231241,241,2041,16,23,20,0,0.0,Estimated
benq_siemens_e81_1651,231241,241,2041,16,23,20,0,0.0,Estimated
benq_siemens_ef61_1640,231241,241,2041,16,23,20,0,0.0,Estimated
benq_siemens_sl80_1668,231241,241,2041,16,23,20,0,0.0,Estimated
benq_siemens_sl91_1652,231241,241,2041,16,23,20,0,0.0,Estimated
benq_siemens_a58_1574,231241,241,2041,16,23,20,0,0.0,Estimated
benq_siemens_a38_1573,231241,241,2041,16,23,20,0,0.0,Estimated
benq_siemens_ef71_1568,231241,241,2041,16,38,20,0,0.0,Estimated
benq_siemens_p51_1497,231241,241,2041,16,23,20,0,0.0,Estimated
benq_siemens_m81_1593,231241,241,2041,16,23,20,0,0.0,Estimated
benq_siemens_el71_1499,231241,241,2041,16,23,20,0,0.0,Estimated
benq_siemens_c81_1498,231241,241,2041,16,23,20,0,0.0,Estimated
benq_siemens_ef91_1437,231241,241,2041,16,38,20,0,0.0,Estimated
benq_siemens_s81_1438,231241,241,2041,16,23,20,0,0.0,Estimated
benq_siemens_cf61_1500,231241,241,2041,16,23,20,0,0.0,Estimated
benq_siemens_cl71_1501,231241,241,2041,16,23,20,0,0.0,Estimated
benq_siemens_z150_751,231241,241,2041,16,23,20,0,0.0,Estimated
benq_siemens_ef81_1412,231241,241,2041,16,23,20,0,0.0,Estimated
benq_siemens_s88_1411,231241,241,2041,16,38,20,0,0.0,Estimated
benq_siemens_ef51_1436,231241,241,2041,16,23,20,0,0.0,Estimated
benq_siemens_e61_1502,231241,241,2041,16,23,20,0,0.0,Estimated
benq_siemens_s68_1410,231241,241,2041,16,23,20,0,0.0,Estimated
benq_f52_7043,536428,1028,3884,23,40,20,0,0.0,Excel Benchmark
benq_b502_7048,412178,778,2134,21,30,20,0,0.0,Excel Benchmark
benq_f5_6693,30000,110,420,21,30,20,0,0.0,Estimated
benq_a3_5847,12000,50,200,16,28,20,0,0.0,Estimated
benq_t3_6694,30000,110,420,16,28,20,0,0.0,Estimated
benq_e53_2362,231241,241,2041,16,38,20,0,0.0,Estimated
benq_c36_2361,231241,241,2041,16,23,20,0,0.0,Estimated
benq_f3_5878,141928,528,1384,21,28,20,0,0.0,Excel Benchmark
benq_m7_2160,95000,240,850,16,23,20,0,0.0,Excel Benchmark
benq_e72_2117,340847,1647,4741,16,23,20,0,0.0,Excel Benchmark
benq_t60_2333,231241,241,2041,16,23,20,0,0.0,Estimated
benq_t51_2112,231241,241,2041,16,38,20,0,0.0,Estimated
benq_t33_2114,231241,241,2041,16,23,20,0,0.0,Estimated
benq_e55_2464,231241,241,2041,16,23,20,0,0.0,Estimated
benq_c30_2113,231241,241,2041,16,23,20,0,0.0,Estimated
benq_m580_1426,231241,241,2041,16,38,20,0,0.0,Estimated
benq_m220_1422,231241,241,2041,16,23,20,0,0.0,Estimated
benq_m315_1423,231241,241,2041,16,23,20,0,0.0,Estimated
benq_z2_1001,231241,241,2041,16,23,20,0,0.0,Estimated
benq_el71_2116,231241,241,2041,16,23,20,0,0.0,Estimated
benq_a520_1019,231241,241,2041,16,38,20,0,0.0,Estimated
benq_m350_1162,231241,241,2041,16,23,20,0,0.0,Estimated
benq_a500_901,231241,241,2041,16,23,20,0,0.0,Estimated
benq_s680c_871,231241,241,2041,16,38,20,0,0.0,Estimated
benq_p31_758,340847,1647,4741,16,23,20,0,0.0,Excel Benchmark
benq_p50_759,231241,241,2041,16,23,20,0,0.0,Estimated
benq_u700_1002,231241,241,2041,16,23,20,0,0.0,Estimated
benq_p30_757,340847,1647,4741,16,23,20,0,0.0,Excel Benchmark
benq_s700_756,231241,241,2041,16,23,20,0,0.0,Estimated
benq_s80_1000,231241,241,2041,16,23,20,0,0.0,Estimated
benq_s670c_752,231241,241,2041,16,38,20,0,0.0,Estimated
benq_s660c_753,231241,241,2041,16,38,20,0,0.0,Estimated
benq_m300_755,231241,241,2041,16,23,20,0,0.0,Estimated
benq_m775c_750,231241,241,2041,16,23,20,0,0.0,Estimated
benq_m100_754,231241,241,2041,16,23,20,0,0.0,Estimated
bird_d636_1965,231241,241,2041,16,23,20,0,0.0,Estimated
bird_m32_1966,231241,241,2041,16,28,20,0,0.0,Estimated
bird_d706_1964,231241,241,2041,16,23,20,0,0.0,Estimated
bird_d615_1963,231241,241,2041,16,23,20,0,0.0,Estimated
bird_s768_1962,231241,241,2041,16,23,20,0,0.0,Estimated
bird_d736_1959,231241,241,2041,16,23,20,0,0.0,Estimated
bird_s618_1960,231241,241,2041,16,23,20,0,0.0,Estimated
bird_s758_1961,231241,241,2041,16,23,20,0,0.0,Estimated
bird_d720_1952,231241,241,2041,16,23,20,0,0.0,Estimated
bird_d611_1951,231241,241,2041,16,23,20,0,0.0,Estimated
bird_d515_1950,231241,241,2041,16,23,20,0,0.0,Estimated
bird_m29_1948,231241,241,2041,16,23,20,0,0.0,Estimated
bird_d612_1949,231241,241,2041,16,23,20,0,0.0,Estimated
bird_m01_1947,231241,241,2041,16,38,20,0,0.0,Estimated
bird_d716_1955,231241,241,2041,16,23,20,0,0.0,Estimated
bird_m07_1946,231241,241,2041,16,23,20,0,0.0,Estimated
bird_s663_1943,231241,241,2041,16,23,20,0,0.0,Estimated
bird_s1130_1945,231241,241,2041,16,38,20,0,0.0,Estimated
bird_v5518__1944,231241,241,2041,16,28,20,0,0.0,Estimated
bird_s667_1939,231241,241,2041,16,23,20,0,0.0,Estimated
bird_s296__1938,231241,241,2041,16,23,20,0,0.0,Estimated
bird_s668_1940,231241,241,2041,16,23,20,0,0.0,Estimated
bird_s661_1942,231241,241,2041,16,23,20,0,0.0,Estimated
bird_s296_1937,231241,241,2041,16,23,20,0,0.0,Estimated
bird_s669_1941,231241,241,2041,16,23,20,0,0.0,Estimated
bird_d660_1406,231241,241,2041,16,23,20,0,0.0,Estimated
bird_m08_1369,231241,241,2041,16,23,20,0,0.0,Estimated
bird_m11_1405,231241,241,2041,16,23,20,0,0.0,Estimated
bird_d680_1407,231241,241,2041,16,23,20,0,0.0,Estimated
bird_s890_1368,231241,241,2041,16,23,20,0,0.0,Estimated
bird_s299_1364,231241,241,2041,16,23,20,0,0.0,Estimated
bird_s698_1366,231241,241,2041,16,23,20,0,0.0,Estimated
bird_v109_1284,231241,241,2041,16,38,20,0,0.0,Estimated
bird_s799_1286,231241,241,2041,16,23,20,0,0.0,Estimated
bird_s699_1285,231241,241,2041,16,23,20,0,0.0,Estimated
bird_s798_1367,231241,241,2041,16,23,20,0,0.0,Estimated
bird_v79_1281,231241,241,2041,16,23,20,0,0.0,Estimated
bird_s1186_1280,231241,241,2041,16,23,20,0,0.0,Estimated
bird_s199_1231,231241,241,2041,16,23,20,0,0.0,Estimated
bird_s789_1157,231241,241,2041,16,23,20,0,0.0,Estimated
bird_mp300_1282,231241,241,2041,16,23,20,0,0.0,Estimated
bird_v5510_1210,231241,241,2041,16,23,20,0,0.0,Estimated
bird_dv10_1145,231241,241,2041,16,23,20,0,0.0,Estimated
bird_s590_1006,231241,241,2041,16,23,20,0,0.0,Estimated
bird_s580_1093,231241,241,2041,16,23,20,0,0.0,Estimated
bird_a150_954,231241,241,2041,16,23,20,0,0.0,Estimated
bird_a130_984,231241,241,2041,16,23,20,0,0.0,Estimated
bird_v09_990,231241,241,2041,16,23,20,0,0.0,Estimated
bird_a120_985,231241,241,2041,16,23,20,0,0.0,Estimated
bird_s198_1365,231241,241,2041,16,23,20,0,0.0,Estimated
bird_m19_1283,231241,241,2041,16,23,20,0,0.0,Estimated
bird_sc24_952,231241,241,2041,16,23,20,0,0.0,Estimated
bird_s570_953,231241,241,2041,16,23,20,0,0.0,Estimated
bird_g118_956,231241,241,2041,16,23,20,0,0.0,Estimated
bird_s1190_987,231241,241,2041,16,23,20,0,0.0,Estimated
bird_s1180c_951,231241,241,2041,16,23,20,0,0.0,Estimated
bird_s788_988,231241,241,2041,16,23,20,0,0.0,Estimated
bird_s1160_950,231241,241,2041,16,23,20,0,0.0,Estimated
bird_s288_plus_989,231241,241,2041,16,23,20,0,0.0,Estimated
bird_s1160_plus_986,231241,241,2041,16,23,20,0,0.0,Estimated
bird_s288_949,231241,241,2041,16,23,20,0,0.0,Estimated
blackberry_evolve_9281,75000,200,750,28,40,40,0,0.0,Excel Benchmark
blackberry_key2_le_9292,116764,4965,1150,25,40,25,0,0.0,GSMArena Lab
blackberry_key2_9187,140984,5830,1300,25,40,30,0,0.0,GSMArena Lab
blackberry_aurora_8612,40000,130,480,23,30,25,0,0.0,Estimated
blackberry_motion_8891,75057,3567,850,20,40,40,0,0.0,GSMArena Lab
blackberry_keyone_8508,95000,240,850,20,40,30,0,0.0,Excel Benchmark
blackberry_dtek50_8229,692191,2191,5373,23,40,25,0,0.0,Excel Benchmark
blackberry_leap_7099,12000,50,200,16,30,20,0,0.0,Estimated
blackberry_priv_7587,425551,1551,3453,33,60,50,0,0.0,Excel Benchmark
blackberry_classic_non_camera_7066,231241,241,2041,16,30,20,0,0.0,Estimated
blackberry_dtek60_8351,180000,330,1200,20,60,30,0,0.0,Excel Benchmark
blackberry_porsche_design_p_9983_6691,12000,50,200,16,30,20,0,0.0,Estimated
blackberry_passport_6457,90000,220,750,36,50,25,0,0.0,Excel Benchmark
blackberry_evolve_x_9282,170000,350,1300,48,40,60,0,0.0,Excel Benchmark
blackberry_z3_6163,30000,110,420,16,28,20,0,0.0,Estimated
blackberry_porsche_design_p_9982_5856,12000,50,200,16,28,20,0,0.0,Estimated
blackberry_z30_5711,12000,50,200,16,40,20,0,0.0,Estimated
blackberry_z10_5251,12000,50,200,16,23,20,0,0.0,Estimated
blackberry_q10_5274,12000,50,200,16,40,20,0,0.0,Estimated
blackberry_classic_6458,12000,50,200,16,30,20,0,0.0,Estimated
blackberry_4g_lte_playbook_3846,231241,241,2041,16,23,20,0,0.0,Estimated
blackberry_curve_9320_4458,231241,241,2041,16,23,20,0,0.0,Estimated
blackberry_curve_9220_4459,231241,241,2041,16,23,20,0,0.0,Estimated
blackberry_9720_5625,231241,241,2041,16,28,20,0,0.0,Estimated
blackberry_bold_9790_4332,231241,241,2041,16,23,20,0,0.0,Estimated
blackberry_porsche_design_p_9981_4288,700000,900,3100,16,23,20,0,0.0,Excel Benchmark
blackberry_q5_5452,12000,50,200,16,30,20,0,0.0,Estimated
blackberry_curve_9370_4112,231241,241,2041,16,23,20,0,0.0,Estimated
blackberry_curve_9360_3722,231241,241,2041,16,23,20,0,0.0,Estimated
blackberry_torch_9810_3723,231241,241,2041,16,23,20,0,0.0,Estimated
blackberry_curve_9380_4331,231241,241,2041,16,23,20,0,0.0,Estimated
blackberry_torch_9860_3926,231241,241,2041,16,23,20,0,0.0,Estimated
blackberry_curve_9350_3756,231241,241,2041,16,23,20,0,0.0,Estimated
blackberry_bold_touch_9930_3755,231241,241,2041,16,23,20,0,0.0,Estimated
blackberry_bold_touch_9900_3116,231241,241,2041,16,23,20,0,0.0,Estimated
blackberry_4g_playbook_hspa__3900,45000,140,500,16,23,45,0,0.0,Estimated
blackberry_playbook_3830,45000,140,500,16,23,45,0,0.0,Estimated
blackberry_bold_9780_3431,231241,241,2041,16,23,20,0,0.0,Estimated
blackberry_style_9670_3326,231241,241,2041,16,23,20,0,0.0,Estimated
blackberry_playbook_wimax_3899,45000,140,500,16,23,45,0,0.0,Estimated
blackberry_curve_3g_9300_3422,231241,241,2041,16,23,20,0,0.0,Estimated
blackberry_torch_9850_4088,700000,900,3100,16,23,20,0,0.0,Excel Benchmark
blackberry_curve_3g_9330_3591,231241,241,2041,16,23,20,0,0.0,Estimated
blackberry_pearl_3g_9100_3032,231241,241,2041,16,23,20,0,0.0,Estimated
blackberry_pearl_3g_9105_3287,231241,241,2041,16,23,20,0,0.0,Estimated
blackberry_storm2_9520_2962,231241,241,2041,16,23,20,0,0.0,Estimated
blackberry_bold_9650_3284,231241,241,2041,16,23,20,0,0.0,Estimated
blackberry_storm2_9550_2970,231241,241,2041,16,23,20,0,0.0,Estimated
blackberry_bold_9700_2963,231241,241,2041,16,23,20,0,0.0,Estimated
blackberry_curve_8530_3592,231241,241,2041,16,23,20,0,0.0,Estimated
blackberry_curve_8980_3675,231241,241,2041,16,23,20,0,0.0,Estimated
blackberry_torch_9800_3203,231241,241,2041,16,23,20,0,0.0,Estimated
blackberry_tour_9630_2868,231241,241,2041,16,23,20,0,0.0,Estimated
blackberry_curve_8900_2604,231241,241,2041,16,23,20,0,0.0,Estimated
blackberry_curve_8520_2889,231241,241,2041,16,23,20,0,0.0,Estimated
blackberry_storm3_3529,231241,241,2041,16,23,20,0,0.0,Estimated
blackberry_storm_9530_2540,590526,1526,4378,16,23,20,0,0.0,Excel Benchmark
blackberry_storm_9500_2534,590526,1526,4378,16,23,20,0,0.0,Excel Benchmark
blackberry_pearl_flip_8230_3593,231241,241,2041,16,23,20,0,0.0,Estimated
blackberry_volt_3754,231241,241,2041,16,23,20,0,0.0,Estimated
blackberry_bold_9000_2370,231241,241,2041,16,23,20,0,0.0,Estimated
blackberry_pearl_flip_8220_2521,231241,241,2041,16,23,20,0,0.0,Estimated
blackberry_pearl_8110_2226,231241,241,2041,16,23,20,0,0.0,Estimated
blackberry_pearl_8130_3933,231241,241,2041,16,23,20,0,0.0,Estimated
blackberry_curve_8330_3594,231241,241,2041,16,23,20,0,0.0,Estimated
blackberry_curve_8310_2050,231241,241,2041,16,23,20,0,0.0,Estimated
blackberry_pearl_8120_2136,231241,241,2041,16,23,20,0,0.0,Estimated
blackberry_8820_2033,231241,241,2041,16,23,20,0,0.0,Estimated
blackberry_curve_8300_1979,231241,241,2041,16,23,20,0,0.0,Estimated
blackberry_8830_world_edition_1968,442974,374,1922,16,23,20,0,0.0,Excel Benchmark
blackberry_pearl_8100_1701,231241,241,2041,16,23,20,0,0.0,Estimated
blackberry_curve_8320_2121,231241,241,2041,16,23,20,0,0.0,Estimated
blackberry_7130c_1623,231241,241,2041,16,23,20,0,0.0,Estimated
blackberry_7130g_1622,231241,241,2041,16,23,20,0,0.0,Estimated
blackberry_8700c_1349,231241,241,2041,16,23,20,0,0.0,Estimated
blackberry_7100x_1013,231241,241,2041,16,23,20,0,0.0,Estimated
blackberry_7130v_1621,231241,241,2041,16,23,20,0,0.0,Estimated
blackberry_8800_1911,231241,241,2041,16,23,20,0,0.0,Estimated
blackberry_8707v_1575,231241,241,2041,16,23,20,0,0.0,Estimated
blackberry_7100v_1012,231241,241,2041,16,23,20,0,0.0,Estimated
blackberry_7290_1348,231241,241,2041,16,23,20,0,0.0,Estimated
blackberry_7730_1010,231241,241,2041,16,23,20,0,0.0,Estimated
blackberry_7100t_1011,231241,241,2041,16,23,20,0,0.0,Estimated
blackberry_6720_1008,231241,241,2041,16,23,20,0,0.0,Estimated
blackberry_6230_1007,231241,241,2041,16,23,20,0,0.0,Estimated
blackberry_playbook_2012_4460,170000,350,1300,16,23,40,0,0.0,Excel Benchmark
blackberry_porsche_design_p_9531_4463,700000,900,3100,16,23,20,0,0.0,Excel Benchmark
blackberry_z20_6895,12000,50,200,16,30,20,0,0.0,Estimated
blackberry_7230_1009,231241,241,2041,16,23,20,0,0.0,Estimated
blackberry_curve_touch_3934,700000,900,3100,16,23,20,0,0.0,Excel Benchmark
blackberry_curve_touch_cdma_3757,700000,900,3100,16,23,20,0,0.0,Excel Benchmark
blackberry_a10_5595,12000,50,200,16,30,20,0,0.0,Estimated
blackview_xplore_6_5g_14857,30000,110,420,70,80,100,0,0.0,Estimated
blackview_xplore_x1_pro_5g_14858,620000,950,2800,53,60,70,0,0.0,Excel Benchmark
blackview_active_7_14851,364852,652,1756,26,28,70,0,0.0,Excel Benchmark
blackview_wave_2c_14840,100000,250,850,16,28,25,0,0.0,Excel Benchmark
blackview_bl7000_pro_5g_14852,110000,270,950,53,60,65,0,0.0,Excel Benchmark
blackview_link_mini_kids_14842,707392,1192,3376,16,28,25,0,0.0,Excel Benchmark
blackview_xplore_2_satellite_5g_14838,1460000,1432,4663,70,80,80,0,0.0,Excel Benchmark
blackview_xplore_2_projector_5g_14837,1460000,1432,4663,70,80,80,0,0.0,Excel Benchmark
blackview_active_5_14850,410830,1030,2890,21,33,55,0,0.0,Excel Benchmark
blackview_link_1_kids_14841,707392,1192,3376,16,28,45,0,0.0,Excel Benchmark
blackview_xplore_1_pro_5g_14836,620000,950,2800,55,60,70,0,0.0,Excel Benchmark
blackview_mega_5_14792,270000,540,1650,26,43,70,0,0.0,Excel Benchmark
blackview_wave_10c_14791,359494,894,4482,31,30,45,0,0.0,Excel Benchmark
blackview_wave_10_14790,705701,1701,4903,31,45,45,0,0.0,Excel Benchmark
blackview_rock_3_14785,374219,619,2657,53,60,75,0,0.0,Excel Benchmark
blackview_rock_5_14786,374219,619,2657,53,60,65,0,0.0,Excel Benchmark
blackview_rock_2_pro_5g_14784,120000,250,900,21,50,65,0,0.0,Excel Benchmark
blackview_rock_1_pro_14770,364852,652,1756,26,35,65,0,0.0,Excel Benchmark
blackview_fort_200_14767,374219,619,2657,53,60,80,0,0.0,Excel Benchmark
blackview_rock_1_14769,364852,652,1756,26,35,65,0,0.0,Excel Benchmark
blackview_rock_2_5g_14783,120000,250,900,26,50,65,0,0.0,Excel Benchmark
blackview_zeno_5_14793,490939,1339,2817,23,33,55,0,0.0,Excel Benchmark
blackview_fort_5_14765,374219,619,2657,53,60,80,0,0.0,Excel Benchmark
blackview_wave_7c_14755,180000,400,1000,31,30,45,0,0.0,Excel Benchmark
blackview_fort_100_14766,364852,652,1756,21,35,50,0,0.0,Excel Benchmark
blackview_xplore_x1_5g_14439,620000,950,2800,53,60,70,0,0.0,Excel Benchmark
blackview_mega_12_5g_14437,15000,60,250,41,43,70,0,0.0,Estimated
blackview_link_2_14442,359494,894,4482,16,28,45,0,0.0,Excel Benchmark
blackview_zeno_10_5g_14441,180000,330,1200,26,33,55,0,0.0,Excel Benchmark
blackview_xplore_1_walkie_talkie_5g_14438,620000,950,2800,55,60,70,0,0.0,Excel Benchmark
blackview_wave_9c_14440,422760,960,4680,23,35,45,0,0.0,Excel Benchmark
blackview_fort_2_14444,364852,652,1756,26,35,50,0,0.0,Excel Benchmark
blackview_xplore_2_5g_14229,1460000,1432,4663,70,80,80,0,0.0,Excel Benchmark
blackview_zeno_1_14154,410830,1030,2890,18,33,50,0,0.0,Excel Benchmark
blackview_shark_6_5g_14153,120000,250,900,25,45,50,0,0.0,Excel Benchmark
blackview_color_6_14152,364852,652,1756,41,40,50,0,0.0,Excel Benchmark
blackview_fort_1_14151,410830,1030,2890,28,35,55,0,0.0,Excel Benchmark
blackview_xplore_1_5g_14127,620000,950,2800,55,60,70,0,0.0,Excel Benchmark
blackview_active_12_pro_5g_14064,711905,3220,1650,53,38,80,677,0.0,GSMArena Lab
blackview_mega_3_13940,374219,619,2657,41,33,65,0,0.0,Excel Benchmark
blackview_mega_2_wifi_13840,50000,260,480,23,33,55,0,0.0,Estimated
blackview_bv7300_13848,364852,652,1756,53,40,70,0,0.0,Excel Benchmark
blackview_link_8_14443,374219,619,2657,21,33,55,0,0.0,Excel Benchmark
blackview_bl7000_5g_13849,110000,270,950,53,60,65,0,0.0,Excel Benchmark
blackview_mega_8_13839,321226,226,478,36,28,55,0,0.0,Excel Benchmark
blackview_bv4800_pro_13716,457479,1879,6437,23,30,45,0,0.0,Excel Benchmark
blackview_wave_8_13637,457479,1879,6437,23,30,45,0,0.0,Excel Benchmark
blackview_bv8200_13636,374219,619,2657,63,60,70,0,0.0,Excel Benchmark
blackview_tab_60_pro_13634,457479,1879,6437,16,28,50,0,0.0,Excel Benchmark
blackview_mega_2_13635,410830,1030,2890,23,28,55,0,0.0,Excel Benchmark
blackview_wave_8c_13638,100000,250,850,23,30,45,0,0.0,Excel Benchmark
blackview_tab_60_wifi_13633,621462,1262,3586,16,28,45,0,0.0,Excel Benchmark
blackview_active_10_pro_13566,270000,540,1650,53,33,70,0,0.0,Excel Benchmark
blackview_tab9wifi_13455,457479,1879,6437,23,28,50,0,0.0,Excel Benchmark
blackview_tab90wifi_13456,457479,1879,6437,23,28,50,0,0.0,Excel Benchmark
blackview_shark_9_13453,180000,330,1200,40,40,50,0,0.0,Excel Benchmark
blackview_bv8100_13055,400000,700,1900,53,55,70,0,0.0,Excel Benchmark
blackview_hero_10_13052,400000,700,1900,53,60,55,0,0.0,Excel Benchmark
blackview_tab_16_pro_13054,250000,480,1450,23,28,55,0,0.0,Excel Benchmark
blackview_bl9000_pro_12965,374374,1774,5122,50,55,80,0,0.0,Excel Benchmark
blackview_mega_1_12884,400000,700,1900,36,43,65,0,0.0,Excel Benchmark
blackview_shark_8_12680,400000,700,1900,36,60,60,0,0.0,Excel Benchmark
blackview_bl9000_12795,374374,1774,5122,50,55,80,0,0.0,Excel Benchmark
blackview_bl8000_12794,620000,950,2800,45,55,65,0,0.0,Excel Benchmark
blackview_color_8_12883,250000,480,1450,38,35,55,0,0.0,Excel Benchmark
blackview_tab_18_12682,400000,700,1900,23,28,65,0,0.0,Excel Benchmark
blackview_a96_12590,400000,700,1900,38,55,40,0,0.0,Excel Benchmark
blackview_tab_70_wifi_12597,231241,241,2041,16,28,50,0,0.0,Estimated
blackview_tab_80_12596,457479,1879,6437,23,28,50,0,0.0,Excel Benchmark
blackview_tab_50_wifi_12598,231241,241,2041,16,28,45,0,0.0,Estimated
blackview_tab_60_12599,457479,1879,6437,16,28,50,0,0.0,Excel Benchmark
blackview_a200_pro_12469,400000,700,1900,48,65,70,0,0.0,Excel Benchmark
blackview_n6000_12432,400000,700,1900,38,28,30,0,0.0,Excel Benchmark
blackview_bv6200_pro_12593,340000,600,1850,23,30,55,0,0.0,Excel Benchmark
blackview_wave_6c_13454,100000,250,850,16,30,45,0,0.0,Excel Benchmark
blackview_tab_12_pro_12433,457479,1879,6437,21,28,50,0,0.0,Excel Benchmark
blackview_active_8_pro_12408,400000,700,1900,38,28,65,0,0.0,Excel Benchmark
blackview_tab_8_wifi_12405,231241,241,2041,23,28,50,0,0.0,Estimated
blackview_bv5300_pro_12410,340000,600,1850,23,35,50,0,0.0,Excel Benchmark
blackview_tab_11_wifi_12371,720935,2135,6205,28,28,55,0,0.0,Excel Benchmark
blackview_bv9300_12266,400000,700,1900,48,55,65,0,0.0,Excel Benchmark
blackview_a53_pro_12168,340000,600,1850,18,30,45,0,0.0,Excel Benchmark
blackview_a53_12167,502465,1665,4795,16,30,45,0,0.0,Excel Benchmark
blackview_a52_pro_13601,457479,1879,6437,21,30,45,0,0.0,Excel Benchmark
blackview_tab_11_se_12165,457479,1879,6437,23,28,50,0,0.0,Excel Benchmark
blackview_bv9200_12055,380000,650,1850,48,55,90,481,0.0,Excel Benchmark
blackview_tab_5_12166,381161,1161,5283,16,28,45,0,0.0,Excel Benchmark
blackview_bv5200_pro_12056,340000,600,1850,23,30,45,0,0.0,Excel Benchmark
blackview_a85_12000,457479,1879,6437,38,35,40,0,0.0,Excel Benchmark
blackview_bv8900_12372,290000,530,1550,65,40,65,0,0.0,Excel Benchmark
blackview_a52_11999,100000,250,850,21,30,45,0,0.0,Excel Benchmark
blackview_bv7200_11963,280000,520,1550,43,30,50,0,0.0,Excel Benchmark
blackview_tab_16_12164,250000,480,1450,23,28,50,0,0.0,Excel Benchmark
blackview_tab_15_11964,560143,1743,4029,23,28,55,0,0.0,Excel Benchmark
blackview_tab_7_11873,180000,400,1000,16,28,50,0,0.0,Excel Benchmark
blackview_tab_13_11761,280000,520,1550,23,28,50,0,0.0,Excel Benchmark
blackview_bv7100_11870,280000,520,1550,18,45,65,0,0.0,Excel Benchmark
blackview_bl8800_pro_11534,520000,800,2300,23,40,65,0,0.0,Excel Benchmark
blackview_a55_pro_11586,130000,300,950,21,30,40,0,0.0,Excel Benchmark
blackview_bl8800_11533,520000,800,2300,23,40,65,0,0.0,Excel Benchmark
blackview_bv5200_11871,502465,1665,4795,21,30,45,0,0.0,Excel Benchmark
blackview_a50_11588,180000,400,1000,21,30,35,0,0.0,Excel Benchmark
blackview_a95_11572,270000,500,1500,23,30,40,0,0.0,Excel Benchmark
blackview_bv6600_pro_11560,340000,600,1850,23,50,55,0,0.0,Excel Benchmark
blackview_tab_6_11596,180000,400,1000,16,28,45,0,0.0,Excel Benchmark
blackview_bv6600e_11561,100000,250,850,21,50,50,0,0.0,Excel Benchmark
blackview_a90_11581,240000,450,1400,23,30,35,0,0.0,Excel Benchmark
blackview_tab_9_11593,560143,1743,4029,21,28,50,0,0.0,Excel Benchmark
blackview_tab_11_11590,260000,500,1500,23,28,50,0,0.0,Excel Benchmark
blackview_bv6600_11562,215966,966,3698,23,50,55,0,0.0,Excel Benchmark
blackview_a100_11571,270000,500,1500,23,40,45,0,0.0,Excel Benchmark
blackview_tab_10_11592,748604,2004,4812,23,28,55,0,0.0,Excel Benchmark
blackview_bl5000_11557,520000,800,2300,33,40,45,0,0.0,Excel Benchmark
blackview_tab_12_11589,100000,250,850,21,28,50,0,0.0,Excel Benchmark
blackview_a80s_11582,215966,966,3698,16,30,35,0,0.0,Excel Benchmark
blackview_a70_11585,100000,250,850,21,30,45,0,0.0,Excel Benchmark
blackview_tab_8e_11594,100000,250,850,21,28,50,0,0.0,Excel Benchmark
blackview_bv8800_11405,288964,1752,1850,23,45,65,501,0.0,GSMArena Lab
blackview_bv4900s_11568,100000,250,850,16,50,45,0,0.0,Excel Benchmark
blackview_tab_10_pro_11591,443389,1789,4167,23,28,55,0,0.0,Excel Benchmark
blackview_a70_pro_11584,180000,400,1000,21,30,45,0,0.0,Excel Benchmark
blackview_bv9900e_11558,290000,530,1550,25,40,55,0,0.0,Excel Benchmark
blackview_a55_11587,223173,773,2119,16,30,40,0,0.0,Excel Benchmark
blackview_bv5100_11567,130000,300,950,21,50,70,0,0.0,Excel Benchmark
blackview_tab_8_11595,100000,250,850,21,28,50,0,0.0,Excel Benchmark
blackview_bl6000_pro_11556,85000,200,700,40,40,70,0,0.0,Excel Benchmark
blackview_bv6300_pro_11563,270000,500,1500,16,50,60,0,0.0,Excel Benchmark
blackview_bv4900_pro_11570,130000,300,950,21,50,45,0,0.0,Excel Benchmark
blackview_bv4900_11569,423621,1621,4663,16,50,45,0,0.0,Excel Benchmark
blackview_a80_plus_11583,215966,966,3698,18,30,40,0,0.0,Excel Benchmark
blackview_bv9800_pro_11559,270000,500,1500,38,40,55,0,0.0,Excel Benchmark
blackview_s6_9040,70000,180,650,16,50,35,0,0.0,Excel Benchmark
blackview_bv5900_11566,502465,1665,4795,21,30,45,0,0.0,Excel Benchmark
blackview_a10_9043,55000,150,550,16,30,20,0,0.0,Excel Benchmark
blackview_a7_pro_9044,70000,180,650,16,30,20,0,0.0,Excel Benchmark
blackview_p6000_9042,240000,500,1550,18,40,50,0,0.0,Excel Benchmark
blackview_s8_9039,240000,500,1550,21,50,25,0,0.0,Excel Benchmark
blackview_a7_9045,55000,150,550,16,30,20,0,0.0,Excel Benchmark
blu_g93_12460,400000,700,1900,41,55,50,0,0.0,Excel Benchmark
blu_g73_12459,231241,241,2041,38,35,50,0,0.0,Estimated
blu_bold_n3_12603,620000,950,2800,38,65,65,0,0.0,Excel Benchmark
blu_g33_12456,231241,241,2041,16,28,25,0,0.0,Estimated
blu_g72_max_12110,340000,600,1850,23,35,45,0,0.0,Excel Benchmark
blu_studio_x5_max_11830,231241,241,2041,16,28,20,0,0.0,Estimated
blu_g52l_12102,231241,241,2041,23,30,45,0,0.0,Estimated
blu_f92e_12153,520000,800,2300,41,30,45,0,0.0,Excel Benchmark
blu_studio_x5_11829,231241,241,2041,16,28,20,0,0.0,Estimated
blu_g40_11828,231241,241,2041,23,50,25,0,0.0,Estimated
blu_bold_n2_11757,120000,250,900,16,50,40,0,0.0,Excel Benchmark
blu_s91_pro_11715,340000,600,1850,41,30,45,0,0.0,Excel Benchmark
blu_studio_x10l_2022_11716,231241,241,2041,16,28,20,0,0.0,Estimated
blu_j6s_11673,231241,241,2041,16,30,25,0,0.0,Estimated
blu_c7x_11672,231241,241,2041,18,30,35,0,0.0,Estimated
blu_s91_11643,100000,250,800,21,30,45,0,0.0,Excel Benchmark
blu_g51_11623,502465,1665,4795,18,30,25,0,0.0,Excel Benchmark
blu_f91_11483,120000,250,900,25,40,70,0,0.0,Excel Benchmark
blu_g50_mega_2022_11509,231241,241,2041,18,30,35,0,0.0,Estimated
blu_g61s_11536,231241,241,2041,23,30,45,0,0.0,Estimated
blu_g63_12458,231241,241,2041,23,30,45,0,0.0,Estimated
blu_g71l_11398,231241,241,2041,23,30,45,0,0.0,Estimated
blu_g91_max_11376,360000,630,1800,25,40,70,0,0.0,Excel Benchmark
blu_m8l_2022_11368,231241,241,2041,16,28,35,0,0.0,Estimated
blu_g71__11369,231241,241,2041,21,30,40,0,0.0,Estimated
blu_g51s_11348,231241,241,2041,23,30,35,0,0.0,Estimated
blu_studio_x10_2022_11318,55000,150,550,16,28,20,0,0.0,Excel Benchmark
blu_c5_max_11319,231241,241,2041,16,50,20,0,0.0,Estimated
blu_c5l_max_11273,80000,200,700,16,28,20,0,0.0,Excel Benchmark
blu_g91s_11264,260000,500,1500,16,40,55,0,0.0,Excel Benchmark
blu_view_3_11258,130000,300,950,23,50,25,0,0.0,Excel Benchmark
blu_g53_12457,231241,241,2041,23,30,45,0,0.0,Estimated
blu_studio_x10l_11094,231241,241,2041,16,28,20,0,0.0,Estimated
blu_m8l_plus_11096,231241,241,2041,16,28,35,0,0.0,Estimated
blu_g91_pro_11073,340000,600,1750,25,40,70,0,0.0,Excel Benchmark
blu_m8l_11095,231241,241,2041,16,28,35,0,0.0,Estimated
blu_g51_plus_10934,231241,241,2041,23,30,35,0,0.0,Estimated
blu_j9l_10973,231241,241,2041,18,28,25,0,0.0,Estimated
blu_view_2_10915,502465,1665,4795,23,50,25,0,0.0,Excel Benchmark
blu_g91_10781,231241,241,2041,23,30,45,0,0.0,Estimated
blu_g71_10745,231241,241,2041,21,30,45,0,0.0,Estimated
blu_studio_x12_10741,231241,241,2041,18,28,25,0,0.0,Estimated
blu_g61_10730,231241,241,2041,23,30,45,0,0.0,Estimated
blu_studio_x10__10729,231241,241,2041,18,28,20,0,0.0,Estimated
blu_a5l_10731,231241,241,2041,16,28,20,0,0.0,Estimated
blu_m7l_10732,231241,241,2041,16,28,20,0,0.0,Estimated
blu_c7_10935,231241,241,2041,18,30,35,0,0.0,Estimated
blu_view_mega_10640,502465,1665,4795,23,50,25,0,0.0,Excel Benchmark
blu_j7l_10535,231241,241,2041,18,50,25,0,0.0,Estimated
blu_j6_2020_10537,231241,241,2041,18,50,35,0,0.0,Estimated
blu_j5l_10536,231241,241,2041,18,30,20,0,0.0,Estimated
blu_c6l_2020_10538,231241,241,2041,18,50,25,0,0.0,Estimated
blu_c5l_2020_10540,231241,241,2041,18,30,20,0,0.0,Estimated
blu_c6_2020_10539,231241,241,2041,18,50,35,0,0.0,Estimated
blu_g50_plus_10470,231241,241,2041,23,30,35,0,0.0,Estimated
blu_g50_10453,231241,241,2041,23,50,35,0,0.0,Estimated
blu_g90_pro_10403,340000,600,1750,50,40,70,0,0.0,Excel Benchmark
blu_studio_x10_10359,55000,150,550,16,28,20,0,0.0,Excel Benchmark
blu_g50_mega_10607,231241,241,2041,18,30,35,0,0.0,Estimated
blu_g80_10312,254592,392,976,26,30,35,0,0.0,Excel Benchmark
blu_g90_10313,673292,1092,5076,21,30,35,0,0.0,Excel Benchmark
blu_studio_x9_hd_10160,55000,150,550,16,30,20,0,0.0,Excel Benchmark
blu_j6_10107,55000,150,550,18,50,20,0,0.0,Excel Benchmark
blu_j4_10106,231241,241,2041,18,50,20,0,0.0,Estimated
blu_j2_10105,231241,241,2041,16,28,20,0,0.0,Estimated
blu_tank_xtreme_10047,231241,241,2041,23,28,35,0,0.0,Estimated
blu_g70_10046,231241,241,2041,23,30,35,0,0.0,Estimated
blu_g60_10045,231241,241,2041,21,30,35,0,0.0,Estimated
blu_c5_plus_9968,231241,241,2041,18,50,20,0,0.0,Estimated
blu_view_1_9994,80000,200,700,16,28,20,0,0.0,Excel Benchmark
blu_c5_2019_9967,231241,241,2041,16,28,20,0,0.0,Estimated
blu_c6_2019_9930,55000,150,550,18,50,20,0,0.0,Excel Benchmark
blu_advance_l5_9929,231241,241,2041,16,28,20,0,0.0,Estimated
blu_studio_mini_9877,231241,241,2041,23,50,25,0,0.0,Estimated
blu_vivo_xl5_9854,231241,241,2041,21,30,35,0,0.0,Estimated
blu_vivo_x5_9853,231241,241,2041,23,50,20,0,0.0,Estimated
blu_studio_mega_2019_9876,231241,241,2041,23,50,25,0,0.0,Estimated
blu_g8_9778,231241,241,2041,21,30,35,0,0.0,Estimated
blu_g6_9777,231241,241,2041,23,50,20,0,0.0,Estimated
blu_g5_plus_9776,231241,241,2041,23,50,25,0,0.0,Estimated
blu_g9_9718,130000,300,950,21,30,35,0,0.0,Excel Benchmark
blu_g5_9775,231241,241,2041,23,50,25,0,0.0,Estimated
blu_c5l_9597,231241,241,2041,16,28,20,0,0.0,Estimated
blu_c6l_9542,231241,241,2041,16,30,20,0,0.0,Estimated
blu_studio_x8_hd__2019__9565,55000,150,550,16,30,20,0,0.0,Excel Benchmark
blu_vivo_xl4_9470,130000,300,950,21,30,35,0,0.0,Excel Benchmark
blu_vivo_one_plus__2019__9518,80000,200,700,23,30,25,0,0.0,Excel Benchmark
blu_vivo_go_9482,80000,200,700,16,50,20,0,0.0,Excel Benchmark
blu_g9_pro_9811,240000,450,1400,43,40,60,0,0.0,Excel Benchmark
blu_studio_mega__2018__9360,55000,150,550,23,50,20,0,0.0,Excel Benchmark
blu_grand_m2__2018__9359,55000,150,550,16,30,20,0,0.0,Excel Benchmark
blu_advance_l4_9325,231241,241,2041,16,28,20,0,0.0,Estimated
blu_vivo_xi_9314,130000,300,950,28,30,25,0,0.0,Excel Benchmark
blu_vivo_xi__9307,240000,450,1400,28,40,45,0,0.0,Excel Benchmark
blu_c5_9302,231241,241,2041,16,28,20,0,0.0,Estimated
blu_c4_9301,231241,241,2041,16,28,20,0,0.0,Estimated
blu_studio_g4_9277,55000,150,550,16,30,20,0,0.0,Excel Benchmark
blu_c6_9254,55000,150,550,16,30,20,0,0.0,Excel Benchmark
blu_grand_m3_9253,80000,200,700,16,28,20,0,0.0,Excel Benchmark
blu_pure_view_9223,240000,500,1550,23,50,25,0,0.0,Excel Benchmark
blu_studio_view_9184,55000,150,550,16,28,20,0,0.0,Excel Benchmark
blu_vivo_xl3_9165,70000,180,650,21,50,25,0,0.0,Excel Benchmark
blu_vivo_one_plus_9154,80000,200,700,21,50,35,0,0.0,Excel Benchmark
blu_dash_l4_9146,549883,1483,5249,16,28,20,0,0.0,Excel Benchmark
blu_x_link_9132,516913,513,2339,16,28,20,0,0.0,Excel Benchmark
blu_vivo_xl3_plus_9131,40000,130,480,28,50,25,0,0.0,Estimated
blu_vivo_x_9072,240000,500,1550,21,50,35,0,0.0,Excel Benchmark
blu_studio_j8m_lte_9064,70000,180,650,16,30,20,0,0.0,Excel Benchmark
blu_vivo_one_9063,80000,200,700,18,50,25,0,0.0,Excel Benchmark
blu_studio_view_xl_9007,55000,150,550,21,50,25,0,0.0,Excel Benchmark
blu_dash_l5_lte_8965,70000,180,650,16,28,20,0,0.0,Excel Benchmark
blu_dash_l4_lte_8964,70000,180,650,16,28,20,0,0.0,Excel Benchmark
blu_grand_5_5_hd_ii_8952,55000,150,550,23,30,20,0,0.0,Excel Benchmark
blu_life_one_x3_8946,240000,500,1550,21,40,45,0,0.0,Excel Benchmark
blu_r2_plus_8945,240000,500,1550,21,40,25,0,0.0,Excel Benchmark
blu_grand_m2_lte_8925,70000,180,650,16,28,20,0,0.0,Excel Benchmark
blu_studio_g3_8924,55000,150,550,16,28,20,0,0.0,Excel Benchmark
blu_c5_lte_8926,70000,180,650,16,28,20,0,0.0,Excel Benchmark
blu_grand_m2_8906,55000,150,550,16,28,20,0,0.0,Excel Benchmark
blu_grand_xl_lte_8846,70000,180,650,23,30,25,0,0.0,Excel Benchmark
blu_s1_8865,240000,500,1550,21,30,20,0,0.0,Excel Benchmark
blu_c5__2017__8905,549883,1483,5249,16,28,20,0,0.0,Excel Benchmark
blu_touchbook_m7_8845,799860,2060,5980,16,28,20,0,0.0,Excel Benchmark
blu_studio_pro_8842,55000,150,550,16,30,20,0,0.0,Excel Benchmark
blu_vivo_8_8835,240000,500,1550,28,40,35,0,0.0,Excel Benchmark
blu_studio_g_mini_8841,549883,1483,5249,16,28,20,0,0.0,Excel Benchmark
blu_studio_j8_8824,55000,150,550,16,30,20,0,0.0,Excel Benchmark
blu_studio_j8_lte_8825,70000,180,650,16,30,20,0,0.0,Excel Benchmark
blu_touchbook_m7_pro_8826,799860,2060,5980,16,28,25,0,0.0,Excel Benchmark
blu_grand_mini_8796,549883,1483,5249,16,23,20,0,0.0,Excel Benchmark
blu_bold_n1_9855,270000,500,1500,26,50,50,0,0.0,Excel Benchmark
blu_r2_lte_8773,70000,180,650,21,30,25,0,0.0,Excel Benchmark
blu_tank_xtreme_pro_8736,70000,180,650,16,30,35,0,0.0,Excel Benchmark
blu_grand_x_lte_8732,70000,180,650,16,30,20,0,0.0,Excel Benchmark
blu_grand_xl_8731,55000,150,550,16,30,20,0,0.0,Excel Benchmark
blu_studio_j2_8713,549883,1483,5249,16,28,20,0,0.0,Excel Benchmark
blu_studio_mega_8709,55000,150,550,16,30,20,0,0.0,Excel Benchmark
blu_r1_plus_8670,70000,180,650,21,30,35,0,0.0,Excel Benchmark
blu_studio_selfie_lte_8653,20000,80,300,16,28,20,0,0.0,Estimated
blu_life_one_x2_mini_8621,45000,140,500,23,40,25,0,0.0,Estimated
blu_dash_l3_8555,30000,100,400,16,23,20,0,0.0,Estimated
blu_studio_j1_8735,549883,1483,5249,16,28,20,0,0.0,Excel Benchmark
blu_advance_4_0_l3_8553,231241,241,2041,16,23,20,0,0.0,Estimated
blu_vivo_xl2_8544,70000,180,650,23,30,25,0,0.0,Excel Benchmark
blu_vivo_5_mini_8541,55000,150,550,16,28,20,0,0.0,Excel Benchmark
blu_grand_energy_8556,55000,150,550,16,30,35,0,0.0,Excel Benchmark
blu_r2_8774,55000,150,550,18,30,25,0,0.0,Excel Benchmark
blu_grand_m_8534,55000,150,550,16,28,20,0,0.0,Excel Benchmark
blu_grand_x_8533,55000,150,550,16,30,20,0,0.0,Excel Benchmark
blu_studio_j5_8527,455515,715,1945,16,30,20,0,0.0,Excel Benchmark
blu_tank_xtreme_5_0_8524,55000,150,550,16,30,25,0,0.0,Excel Benchmark
blu_tank_xtreme_4_0_8525,55000,150,550,16,28,20,0,0.0,Excel Benchmark
blu_tank_xtreme_2_4_8526,231241,241,2041,16,23,20,0,0.0,Estimated
blu_energy_x_plus_2_8496,231241,241,2041,16,30,40,0,0.0,Estimated
blu_studio_g2_hd_8461,55000,150,550,16,30,20,0,0.0,Excel Benchmark
blu_life_max_8460,70000,180,650,16,30,25,0,0.0,Excel Benchmark
blu_studio_max_8462,240000,500,1550,21,40,35,0,0.0,Excel Benchmark
blu_advance_4_0_m_8459,231241,241,2041,16,23,20,0,0.0,Estimated
blu_dash_g_8456,55000,150,550,16,28,20,0,0.0,Excel Benchmark
blu_dash_xl_8457,55000,150,550,16,30,20,0,0.0,Excel Benchmark
blu_vivo_6_8426,240000,500,1550,23,40,25,0,0.0,Excel Benchmark
blu_studio_xl2_8427,70000,180,650,21,30,40,0,0.0,Excel Benchmark
blu_studio_g_max_8428,55000,150,550,18,30,20,0,0.0,Excel Benchmark
blu_studio_g_plus_hd_8429,55000,150,550,16,30,20,0,0.0,Excel Benchmark
blu_vivo_5r_8338,240000,500,1550,23,40,25,0,0.0,Excel Benchmark
blu_pure_xr_8296,240000,500,1550,28,50,25,0,0.0,Excel Benchmark
blu_life_one_x2_8349,45000,140,500,23,40,25,0,0.0,Estimated
blu_studio_g_hd_lte_8322,70000,180,650,16,30,20,0,0.0,Excel Benchmark
blu_studio_g2_8323,55000,150,550,16,28,20,0,0.0,Excel Benchmark
blu_studio_m_lte_8324,455515,715,1945,16,28,20,0,0.0,Excel Benchmark
blu_studio_c_8_8_lte_8255,455515,715,1945,18,30,25,0,0.0,Excel Benchmark
blu_studio_c_8_8_8256,55000,150,550,18,30,25,0,0.0,Excel Benchmark
blu_energy_diamond_8252,55000,150,550,16,28,35,0,0.0,Excel Benchmark
blu_diamond_m_8251,55000,150,550,16,28,20,0,0.0,Excel Benchmark
blu_energy_m_8253,55000,150,550,16,28,35,0,0.0,Excel Benchmark
blu_neo_x_lte_8254,455515,715,1945,16,28,20,0,0.0,Excel Benchmark
blu_energy_diamond_mini_8189,55000,150,550,16,28,25,0,0.0,Excel Benchmark
blu_dash_4_5__2016__8190,231241,241,2041,16,23,20,0,0.0,Estimated
blu_neo_x_mini_8191,231241,241,2041,16,28,20,0,0.0,Estimated
blu_energy_xl_8187,240000,500,1550,21,50,45,0,0.0,Excel Benchmark
blu_touch_book_m7_8153,411545,745,2035,16,28,20,0,0.0,Excel Benchmark
blu_studio_touch_8152,928945,2145,7235,16,30,20,0,0.0,Excel Benchmark
blu_dash_l2_8151,55000,150,550,16,23,20,0,0.0,Excel Benchmark
blu_neo_xl_8117,231241,241,2041,16,30,20,0,0.0,Estimated
blu_studio_selfie_2_8118,55000,150,550,16,28,25,0,0.0,Excel Benchmark
blu_neo_x_8116,55000,150,550,16,28,20,0,0.0,Excel Benchmark
blu_studio_x8_hd_8119,231241,241,2041,16,30,20,0,0.0,Estimated
blu_energy_jr_8115,231241,241,2041,16,23,25,0,0.0,Estimated
blu_dash_x2_8029,231241,241,2041,16,30,20,0,0.0,Estimated
blu_advance_4_0_l2_8030,55000,150,550,16,23,20,0,0.0,Excel Benchmark
blu_dash_m2_8028,231241,241,2041,16,28,20,0,0.0,Estimated
blu_studio_x_mini_8003,455515,715,1945,16,28,20,0,0.0,Excel Benchmark
blu_life_mark_7990,455515,715,1945,21,30,20,0,0.0,Excel Benchmark
blu_studio_one_plus_7988,240000,500,1550,21,40,25,0,0.0,Excel Benchmark
blu_r1_hd_8171,455515,715,1945,16,30,20,0,0.0,Excel Benchmark
blu_studio_one_7989,455515,715,1945,21,30,20,0,0.0,Excel Benchmark
blu_dash_x_plus_lte_7987,455515,715,1945,16,30,20,0,0.0,Excel Benchmark
blu_energy_x_lte_7986,455515,715,1945,16,30,35,0,0.0,Excel Benchmark
blu_grand_max_8557,55000,150,550,18,30,20,0,0.0,Excel Benchmark
blu_life_xl_7978,35000,120,450,21,30,20,0,0.0,Estimated
blu_studio_g_hd_7922,231241,241,2041,16,30,20,0,0.0,Estimated
blu_neo_x_plus_7923,231241,241,2041,16,30,20,0,0.0,Estimated
blu_studio_m_hd_7892,231241,241,2041,16,30,20,0,0.0,Estimated
blu_studio_5_5_hd_7974,231241,241,2041,16,30,20,0,0.0,Estimated
blu_energy_x_2_7924,231241,241,2041,16,30,35,0,0.0,Estimated
blu_studio_c_hd_7867,412178,778,2134,16,30,20,0,0.0,Excel Benchmark
blu_vivo_xl_7858,240000,500,1550,21,40,25,0,0.0,Excel Benchmark
blu_vivo_5_7857,240000,500,1550,21,40,25,0,0.0,Excel Benchmark
blu_grand_5_5_hd_8188,55000,150,550,16,30,20,0,0.0,Excel Benchmark
blu_studio_g_plus_7775,231241,241,2041,16,28,20,0,0.0,Estimated
blu_dash_l_7725,30000,100,400,16,23,20,0,0.0,Estimated
blu_studio_7_0_lte_7726,35000,120,450,16,30,25,0,0.0,Estimated
blu_studio_g_lte_7706,20000,80,300,16,28,20,0,0.0,Estimated
blu_life_one_x__2016__7820,240000,500,1550,21,40,20,0,0.0,Excel Benchmark
blu_dash_x_7676,231241,241,2041,16,30,20,0,0.0,Estimated
blu_dash_m_7705,231241,241,2041,16,28,20,0,0.0,Estimated
blu_studio_energy_2_7671,455515,715,1945,16,40,45,0,0.0,Excel Benchmark
blu_dash_x_lte_7774,20000,80,300,16,30,20,0,0.0,Estimated
blu_dash_x_plus_7645,231241,241,2041,16,30,20,0,0.0,Estimated
blu_vivo_air_lte_7559,35000,120,450,16,40,20,0,0.0,Estimated
blu_studio_xl_7523,726979,1379,3937,16,28,25,0,0.0,Excel Benchmark
blu_energy_x_7623,231241,241,2041,16,30,35,0,0.0,Estimated
blu_life_x8_7499,541964,1364,4892,16,30,20,0,0.0,Excel Benchmark
blu_touchbook_g7_7498,231241,241,2041,16,28,25,0,0.0,Estimated
blu_studio_7_0_ii_7490,231241,241,2041,16,28,25,0,0.0,Estimated
blu_studio_c_super_camera_7489,412178,778,2134,16,30,20,0,0.0,Excel Benchmark
blu_pure_xl_7558,471272,1072,3016,35,60,25,0,0.0,Excel Benchmark
blu_studio_c_5___5_lte_7448,20000,80,300,16,28,20,0,0.0,Estimated
blu_vivo_selfie_7450,412178,778,2134,18,40,20,0,0.0,Excel Benchmark
blu_energy_x_plus_7449,231241,241,2041,16,30,35,0,0.0,Estimated
blu_studio_c_5___5_7447,412178,778,2134,16,28,20,0,0.0,Excel Benchmark
blu_life_8_xl_7293,541964,1364,4892,16,30,20,0,0.0,Excel Benchmark
blu_advance_4_0_l_7265,30000,100,400,16,23,20,0,0.0,Estimated
blu_studio_5_5c_7291,412178,778,2134,16,28,20,0,0.0,Excel Benchmark
blu_win_hd_lte_7205,35000,120,450,16,30,20,0,0.0,Estimated
blu_studio_c_7290,412178,778,2134,16,30,25,0,0.0,Excel Benchmark
blu_life_one__2015__6930,35000,120,450,21,30,20,0,0.0,Estimated
blu_life_one_xl_6929,35000,120,450,21,30,20,0,0.0,Estimated
blu_studio_energy_6928,231241,241,2041,16,30,45,0,0.0,Estimated
blu_selfie_7225,231241,241,2041,21,30,20,0,0.0,Estimated
blu_studio_g_6927,231241,241,2041,16,28,20,0,0.0,Estimated
blu_studio_x_plus_6926,231241,241,2041,16,30,20,0,0.0,Estimated
blu_vivo_air_6924,664363,1963,4689,16,40,20,0,0.0,Excel Benchmark
blu_studio_6_0_lte_6900,30000,110,420,21,40,25,0,0.0,Estimated
blu_win_jr_lte_7204,35000,120,450,16,28,20,0,0.0,Estimated
blu_studio_x_6925,231241,241,2041,16,30,20,0,0.0,Estimated
blu_life_view_8_0_6836,231241,241,2041,16,28,25,0,0.0,Estimated
blu_sport_4_5_6837,231241,241,2041,16,28,20,0,0.0,Estimated
blu_studio_5_0_hd_lte_6899,30000,110,420,21,30,20,0,0.0,Estimated
blu_dash_music_jr_6834,231241,241,2041,16,23,20,0,0.0,Estimated
blu_life_play_mini_6835,231241,241,2041,16,28,20,0,0.0,Estimated
blu_dash_c_music_6833,231241,241,2041,16,23,20,0,0.0,Estimated
blu_studio_mini_lte_6839,30000,110,420,16,28,20,0,0.0,Estimated
blu_studio_7_0_6838,231241,241,2041,16,23,25,0,0.0,Estimated
blu_win_jr_6670,15000,60,250,16,28,20,0,0.0,Estimated
blu_studio_c_mini_6566,412178,778,2134,16,28,20,0,0.0,Excel Benchmark
blu_studio_5_0_c_6567,30000,100,400,16,23,20,0,0.0,Estimated
blu_vivo_iv_6406,664363,1963,4689,21,50,20,0,0.0,Excel Benchmark
blu_win_hd_6669,15000,60,250,16,30,20,0,0.0,Estimated
blu_studio_5_0_ce_6568,231241,241,2041,16,23,20,0,0.0,Estimated
blu_life_pure_xl_6346,85000,200,700,23,40,20,0,0.0,Excel Benchmark
blu_life_8_6405,664363,1963,4689,16,30,20,0,0.0,Excel Benchmark
blu_studio_5_0_c_hd_6565,412178,778,2134,16,30,20,0,0.0,Excel Benchmark
blu_studio_6_0_hd_6330,412178,778,2134,16,30,25,0,0.0,Excel Benchmark
blu_neo_4_5_6277,231241,241,2041,16,28,20,0,0.0,Estimated
blu_studio_5_0_e_6243,231241,241,2041,16,23,20,0,0.0,Estimated
blu_studio_5_0_lte_6339,30000,110,420,16,28,20,0,0.0,Estimated
blu_studio_5_5_s_6242,726979,1379,3937,16,28,20,0,0.0,Excel Benchmark
blu_life_pure_mini_6041,553760,1960,4680,16,30,25,0,0.0,Excel Benchmark
blu_vivo_4_8_hd_5986,553760,1960,4680,16,40,20,0,0.0,Excel Benchmark
blu_life_view_tab_5957,563733,1333,4799,16,28,40,0,0.0,Excel Benchmark
blu_neo_3_5_6276,231241,241,2041,16,23,20,0,0.0,Estimated
blu_life_play_s_5956,412178,778,2134,16,30,20,0,0.0,Excel Benchmark
blu_life_one_m_5954,553760,1960,4680,16,30,20,0,0.0,Excel Benchmark
blu_studio_5_0_s_ii_6244,726979,1379,3937,16,28,20,0,0.0,Excel Benchmark
blu_life_play_x_5935,553760,1960,4680,16,30,20,0,0.0,Excel Benchmark
blu_life_pure_5920,553760,1960,4680,21,40,20,0,0.0,Excel Benchmark
blu_life_pro_5873,553760,1960,4680,16,30,20,0,0.0,Excel Benchmark
blu_advance_4_0_5908,30000,100,400,16,23,20,0,0.0,Estimated
blu_life_one_x_5955,553760,1960,4680,21,40,20,0,0.0,Excel Benchmark
blu_studio_5_5_5761,141928,528,1384,16,23,20,0,0.0,Excel Benchmark
blu_samba_w_5748,231241,241,2041,16,23,20,0,0.0,Estimated
blu_studio_5_0_ii_5909,30000,100,400,16,28,20,0,0.0,Estimated
blu_jenny_tv_2_8_5746,231241,241,2041,16,23,20,0,0.0,Estimated
blu_zoey_5745,231241,241,2041,16,23,20,0,0.0,Estimated
blu_samba_tv_5747,231241,241,2041,16,23,20,0,0.0,Estimated
blu_dash_music_4_0_5660,30000,100,400,16,23,20,0,0.0,Estimated
blu_dash_4_5_5593,489685,885,4455,16,23,20,0,0.0,Excel Benchmark
blu_dash_jr_5662,231241,241,2041,16,23,20,0,0.0,Estimated
blu_studio_5_3_s_5458,12000,50,200,16,28,20,0,0.0,Estimated
blu_studio_5_0_s_5459,12000,50,200,16,28,20,0,0.0,Estimated
blu_studio_5_0_5460,151085,285,655,16,28,20,0,0.0,Excel Benchmark
blu_dash_music_5411,402467,1267,3601,16,23,20,0,0.0,Excel Benchmark
blu_diva_x_5410,231241,241,2041,16,23,20,0,0.0,Estimated
blu_life_view_5360,141928,528,1384,16,30,20,0,0.0,Excel Benchmark
blu_amour_5489,151085,285,655,16,23,20,0,0.0,Excel Benchmark
blu_tattoo_s_5408,231241,241,2041,16,23,20,0,0.0,Estimated
blu_diva_5409,231241,241,2041,16,23,20,0,0.0,Estimated
blu_life_one_5358,141928,528,1384,21,30,20,0,0.0,Excel Benchmark
blu_life_play_5359,141928,528,1384,16,30,20,0,0.0,Excel Benchmark
blu_studio_5_3_ii_5295,151085,285,655,16,28,20,0,0.0,Excel Benchmark
blu_quattro_5_7_hd_5283,297946,946,3638,16,30,20,0,0.0,Excel Benchmark
blu_quattro_4_5_hd_5282,297946,946,3638,16,30,20,0,0.0,Excel Benchmark
blu_quattro_4_5_5281,297946,946,3638,16,28,20,0,0.0,Excel Benchmark
blu_dash_5_0_5661,30000,100,400,16,23,20,0,0.0,Estimated
blu_hero_ii_5210,231241,241,2041,16,23,20,0,0.0,Estimated
blu_dash_4_0_5209,30000,100,400,16,23,20,0,0.0,Estimated
blu_dash_3_2_5208,265646,646,2738,16,23,20,0,0.0,Excel Benchmark
blu_vivo_4_65_hd_5206,588057,857,4371,16,40,20,0,0.0,Excel Benchmark
blu_touch_book_7_0_lite_5201,231241,241,2041,16,23,25,0,0.0,Estimated
blu_touch_book_7_0_plus_5202,215427,227,481,16,23,25,0,0.0,Excel Benchmark
blu_tank_4_5_5294,151085,285,655,16,28,20,0,0.0,Excel Benchmark
blu_touch_book_9_7_5205,236793,393,2979,16,28,50,0,0.0,Excel Benchmark
blu_brooklyn_5207,231241,241,2041,16,23,20,0,0.0,Estimated
blu_dash_3_5_5023,30000,100,400,16,23,20,0,0.0,Estimated
blu_dash_4946,625334,734,2002,16,23,20,0,0.0,Excel Benchmark
blu_elite_3_8_4947,215427,227,481,16,28,20,0,0.0,Excel Benchmark
blu_hero_4945,231241,241,2041,16,23,20,0,0.0,Estimated
blu_jenny_tv_4944,231241,241,2041,16,23,20,0,0.0,Estimated
blu_vivo_4_3_4901,151085,285,655,16,38,20,0,0.0,Excel Benchmark
blu_studio_5_3_4370,625334,734,2002,16,23,20,0,0.0,Excel Benchmark
blu_jenny_4852,231241,241,2041,16,23,20,0,0.0,Estimated
blu_tank_4853,231241,241,2041,16,23,20,0,0.0,Estimated
blu_touch_book_7_0_4224,453924,1324,3772,16,23,35,0,0.0,Excel Benchmark
blu_neo_xt_4162,231241,241,2041,16,23,20,0,0.0,Estimated
blu_neo_pro_4195,231241,241,2041,16,23,20,0,0.0,Estimated
blu_neo_4163,231241,241,2041,16,23,20,0,0.0,Estimated
blu_deco_pro_4165,231241,241,2041,16,23,20,0,0.0,Estimated
blu_deco_xt_4166,231241,241,2041,16,23,20,0,0.0,Estimated
blu_deco_4167,231241,241,2041,16,23,20,0,0.0,Estimated
blu_deco_mini_4168,231241,241,2041,16,23,20,0,0.0,Estimated
blu_deejay_touch_4171,231241,241,2041,16,23,20,0,0.0,Estimated
blu_spark_4170,231241,241,2041,16,23,20,0,0.0,Estimated
blu_electro_4169,231241,241,2041,16,23,20,0,0.0,Estimated
blu_deejay_flip_4172,231241,241,2041,16,23,20,0,0.0,Estimated
blu_samba_elite_4174,231241,241,2041,16,23,20,0,0.0,Estimated
blu_tattoo_mini_4173,231241,241,2041,16,23,20,0,0.0,Estimated
blu_samba_jr_4175,231241,241,2041,16,23,20,0,0.0,Estimated
blu_lindy_4176,231241,241,2041,16,23,20,0,0.0,Estimated
blu_swing_4177,231241,241,2041,16,23,20,0,0.0,Estimated
blu_magic_3854,374909,1309,2727,16,23,20,0,0.0,Excel Benchmark
blu_bar_q_4178,231241,241,2041,16,23,20,0,0.0,Estimated
blu_touch_3855,231241,241,2041,16,23,20,0,0.0,Estimated
blu_deejay_ii_3857,231241,241,2041,16,23,20,0,0.0,Estimated
blu_ultra_3859,231241,241,2041,16,23,20,0,0.0,Estimated
blu_samba_q_3858,231241,241,2041,16,23,20,0,0.0,Estimated
blu_tango_3548,374909,1309,2727,16,23,20,0,0.0,Excel Benchmark
blu_speed_3549,231241,241,2041,16,23,20,0,0.0,Estimated
blu_cubo_3551,231241,241,2041,16,23,20,0,0.0,Estimated
blu_flash_3552,231241,241,2041,16,23,20,0,0.0,Estimated
blu_diesel_3g_3856,231241,241,2041,16,23,20,0,0.0,Estimated
blu_samba_mini_3553,231241,241,2041,16,23,20,0,0.0,Estimated
blu_smart_3550,231241,241,2041,16,23,20,0,0.0,Estimated
blu_samba_3567,231241,241,2041,16,23,20,0,0.0,Estimated
blu_tattoo_3568,231241,241,2041,16,23,20,0,0.0,Estimated
blu_tattoo_tv_3569,231241,241,2041,16,23,20,0,0.0,Estimated
blu_disco2go_ii_3560,231241,241,2041,16,23,20,0,0.0,Estimated
blu_deejay_3561,231241,241,2041,16,23,20,0,0.0,Estimated
blu_tv2go_lite_3565,231241,241,2041,16,23,20,0,0.0,Estimated
blu_tv2go_3566,231241,241,2041,16,23,20,0,0.0,Estimated
blu_brilliant_3563,231241,241,2041,16,23,20,0,0.0,Estimated
blu_slim_tv_3564,231241,241,2041,16,23,20,0,0.0,Estimated
blu_texting_2_go_3572,231241,241,2041,16,23,20,0,0.0,Estimated
blu_kick_3571,231241,241,2041,16,23,20,0,0.0,Estimated
blu_ez2go_3570,231241,241,2041,16,23,20,0,0.0,Estimated
blu_vida1_3573,231241,241,2041,16,23,20,0,0.0,Estimated
blu_gol_3574,231241,241,2041,16,23,20,0,0.0,Estimated
blu_dual_sim_lite_3575,231241,241,2041,16,23,20,0,0.0,Estimated
blu_click_3562,231241,241,2041,16,23,20,0,0.0,Estimated
bosch_909_dual_s_183,231241,241,2041,16,28,20,0,0.0,Estimated
bosch_com_908_141,231241,241,2041,16,23,20,0,0.0,Estimated
bosch_com_509_140,231241,241,2041,16,23,20,0,0.0,Estimated
bosch_world_718_139,231241,241,2041,16,23,20,0,0.0,Estimated
bosch_909_dual_142,231241,241,2041,16,23,20,0,0.0,Estimated
bosch_com_738_138,231241,241,2041,16,23,20,0,0.0,Estimated
bosch_com_608_136,231241,241,2041,16,23,20,0,0.0,Estimated
bosch_com_906_137,231241,241,2041,16,23,20,0,0.0,Estimated
bosch_com_607_135,231241,241,2041,16,23,20,0,0.0,Estimated
bosch_com_207_134,231241,241,2041,16,23,20,0,0.0,Estimated
bq_aquaris_x2_pro_9197,170000,350,1300,25,40,30,0,0.0,Excel Benchmark
bq_aquaris_x2_9198,140000,320,1150,25,40,30,0,0.0,Excel Benchmark
bq_aquaris_vs_plus_9078,45000,140,500,18,40,30,0,0.0,Estimated
bq_aquaris_u2_lite_9037,40000,130,480,16,30,30,0,0.0,Estimated
bq_aquaris_vs_9077,45000,140,500,18,30,30,0,0.0,Estimated
bq_aquaris_u2_9036,50000,150,550,21,30,30,0,0.0,Estimated
bq_aquaris_v_plus_9035,50000,150,550,18,40,30,0,0.0,Estimated
bq_aquaris_v_9034,50000,150,550,18,30,30,0,0.0,Estimated
bq_aquaris_x_pro_8641,100000,250,900,25,40,30,0,0.0,Excel Benchmark
bq_aquaris_x_8642,100000,250,900,25,40,30,0,0.0,Excel Benchmark
bq_aquaris_u_lite_8380,40000,130,480,16,30,25,0,0.0,Estimated
bq_aquaris_u_8379,45000,140,500,21,30,25,0,0.0,Estimated
bq_aquaris_x5_plus_8236,130000,300,1100,25,40,25,0,0.0,Excel Benchmark
bq_aquaris_u_plus_8378,45000,140,500,21,30,25,0,0.0,Estimated
bq_aquaris_e5s_7837,281085,285,2655,26,30,20,0,0.0,Excel Benchmark
bq_aquaris_x5_7838,281085,285,2655,21,30,20,0,0.0,Excel Benchmark
bq_aquaris_m5_7839,536428,1028,3884,21,40,25,0,0.0,Excel Benchmark
bq__aquaris_m10_7842,620399,799,2197,16,28,50,0,0.0,Excel Benchmark
bq_aquaris_m5_5_7840,536428,1028,3884,21,40,25,0,0.0,Excel Benchmark
bq_aquaris_m4_5_7841,555381,1381,4943,16,28,20,0,0.0,Excel Benchmark
casio_g_zone_ca_201l_5384,12000,50,200,16,28,20,0,0.0,Estimated
casio_g_zone_commando_4550,231241,241,2041,16,23,20,0,0.0,Estimated
casio_g_zone_ravine_2_4551,231241,241,2041,16,23,20,0,0.0,Estimated
casio_g_zone_brigade_4558,231241,241,2041,16,23,20,0,0.0,Estimated
casio_g_zone_ravine_4553,231241,241,2041,16,23,20,0,0.0,Estimated
cat_s22_flip_11141,813148,1748,4044,16,28,20,0,0.0,Excel Benchmark
cat_s53_11766,340000,600,1700,43,30,65,0,0.0,Excel Benchmark
cat_s75_12140,210792,592,3576,43,55,65,0,0.0,Excel Benchmark
cat_s62_11300,170000,350,1300,35,40,55,0,0.0,Excel Benchmark
cat_s42_h__10975,549414,814,2242,21,50,35,0,0.0,Excel Benchmark
cat_b40_10976,440681,681,1843,16,28,20,0,0.0,Excel Benchmark
cat_s42_10029,549414,814,2242,21,50,35,0,0.0,Excel Benchmark
cat_b35_9348,686235,1435,3105,16,23,20,0,0.0,Excel Benchmark
cat_s41_8848,240000,500,1550,23,35,50,0,0.0,Excel Benchmark
cat_s62_pro_10358,170000,350,1300,23,40,35,0,0.0,Excel Benchmark
cat_s61_9076,110000,270,950,25,40,45,0,0.0,Excel Benchmark
cat_s60_7928,692191,2191,5373,21,25,30,0,0.0,Excel Benchmark
cat_s31_8847,20000,80,300,16,25,35,0,0.0,Estimated
cat_s52_9938,340000,600,1850,23,50,25,0,0.0,Excel Benchmark
cat_s30_7730,20000,80,300,16,23,25,0,0.0,Estimated
cat_s40_7456,20000,80,300,16,28,25,0,0.0,Estimated
cat_b30_7312,229013,613,3639,16,23,20,0,0.0,Excel Benchmark
cat_s50_6664,30000,110,420,16,30,40,0,0.0,Estimated
cat_b100_5984,735760,1960,6680,16,23,20,0,0.0,Excel Benchmark
cat_b15_5985,151085,285,655,16,23,20,0,0.0,Excel Benchmark
cat_b25_5983,691410,1610,5630,16,23,20,0,0.0,Excel Benchmark
cat_b15_q_6698,726979,1379,3937,16,23,20,0,0.0,Excel Benchmark
celkon_a403_7618,462081,2081,5043,16,23,20,0,0.0,Excel Benchmark
celkon_millennia_hero_7615,231241,241,2041,16,23,20,0,0.0,Estimated
celkon_millennia_xplore_7461,726979,1379,3937,23,30,20,0,0.0,Excel Benchmark
celkon_campus_prime_7617,462081,2081,5043,16,23,20,0,0.0,Excel Benchmark
celkon_millennia_everest_7616,50000,150,500,16,23,20,0,0.0,Estimated
celkon_2gb_xpress_7459,520704,2104,5112,16,28,20,0,0.0,Excel Benchmark
celkon_q455l_7460,231241,241,2041,16,28,20,0,0.0,Estimated
celkon_a35k_remote_7376,231241,241,2041,16,23,20,0,0.0,Estimated
celkon_q3k_power_7375,357124,524,2372,16,23,25,0,0.0,Excel Benchmark
celkon_q452_7373,520704,2104,5112,16,23,20,0,0.0,Excel Benchmark
celkon_q5k_power_7374,520704,2104,5112,16,23,45,0,0.0,Excel Benchmark
celkon_q54__7287,520704,2104,5112,16,28,20,0,0.0,Excel Benchmark
celkon_a402_7372,487344,744,3032,16,23,20,0,0.0,Excel Benchmark
celkon_q519_7286,520704,2104,5112,16,23,20,0,0.0,Excel Benchmark
celkon_q450_7285,520704,2104,5112,16,28,20,0,0.0,Excel Benchmark
celkon_a518_7283,487344,744,3032,16,23,20,0,0.0,Excel Benchmark
celkon_a407_7282,120000,250,900,16,23,20,0,0.0,Excel Benchmark
celkon_a359_7281,487344,744,3032,16,23,20,0,0.0,Excel Benchmark
celkon_campus_buddy_a404_7138,231241,241,2041,16,23,20,0,0.0,Estimated
celkon_a355_7280,487344,744,3032,16,23,20,0,0.0,Excel Benchmark
celkon_millennia_octa510_6922,541964,1364,4892,16,30,20,0,0.0,Excel Benchmark
celkon_q405_7284,520704,2104,5112,16,23,20,0,0.0,Excel Benchmark
celkon_win_400_6820,200000,350,1300,16,23,20,0,0.0,Excel Benchmark
celkon_campus_whizz_q42_6798,726979,1379,3937,16,23,20,0,0.0,Excel Benchmark
celkon_millennia_epic_q550_6783,412178,778,2134,16,30,25,0,0.0,Excel Benchmark
celkon_campus_colt_a401_6756,462081,2081,5043,16,23,20,0,0.0,Excel Benchmark
celkon_xion_s_ct695_6757,676354,1754,6062,16,23,20,0,0.0,Excel Benchmark
celkon_campus_crown_q40_6724,726979,1379,3937,16,28,20,0,0.0,Excel Benchmark
celkon_campus_one_a354c_6722,645048,1648,4744,16,23,20,0,0.0,Excel Benchmark
celkon_campus_nova_a352e_6721,120000,250,900,16,23,20,0,0.0,Excel Benchmark
celkon_a43_6550,231241,241,2041,16,28,20,0,0.0,Estimated
celkon_glory_q5_6723,726979,1379,3937,16,28,20,0,0.0,Excel Benchmark
celkon_a42_6549,231241,241,2041,16,28,20,0,0.0,Estimated
celkon_q500_millennium_ultra_6591,504145,1345,4835,16,30,20,0,0.0,Excel Benchmark
celkon_a21_6514,412178,778,2134,16,23,20,0,0.0,Excel Benchmark
celkon_q44_6536,231241,241,2041,16,28,20,0,0.0,Estimated
celkon_a500_6535,30000,100,400,16,23,20,0,0.0,Estimated
celkon_a115_6513,412178,778,2134,16,28,20,0,0.0,Excel Benchmark
celkon_q470_6512,412178,778,2134,16,30,20,0,0.0,Excel Benchmark
celkon_q455_6515,231241,241,2041,16,28,20,0,0.0,Estimated
celkon_q3000_6511,726979,1379,3937,16,23,25,0,0.0,Excel Benchmark
celkon_a35k_6451,231241,241,2041,16,23,20,0,0.0,Estimated
celkon_a125_6291,231241,241,2041,16,23,20,0,0.0,Estimated
celkon_c7010_6271,231241,241,2041,16,23,20,0,0.0,Estimated
celkon_c5055_6270,231241,241,2041,16,23,20,0,0.0,Estimated
celkon_c9_jumbo_6269,231241,241,2041,16,23,20,0,0.0,Estimated
celkon_c44_duos_6266,231241,241,2041,16,23,20,0,0.0,Estimated
celkon_c6_star_6267,231241,241,2041,16,23,20,0,0.0,Estimated
celkon_c7_jumbo_6268,231241,241,2041,16,23,20,0,0.0,Estimated
celkon_c366_6265,231241,241,2041,16,23,20,0,0.0,Estimated
celkon_c619_6222,231241,241,2041,16,23,20,0,0.0,Estimated
celkon_c51_6221,231241,241,2041,16,23,20,0,0.0,Estimated
celkon_c349__6176,231241,241,2041,16,23,20,0,0.0,Estimated
celkon_c348__6175,231241,241,2041,16,23,20,0,0.0,Estimated
celkon_c340_6174,231241,241,2041,16,23,20,0,0.0,Estimated
celkon_c779_6177,231241,241,2041,16,23,20,0,0.0,Estimated
celkon_c66__6178,231241,241,2041,16,23,20,0,0.0,Estimated
celkon_c44__6179,231241,241,2041,16,23,20,0,0.0,Estimated
celkon_c4040_6184,231241,241,2041,16,23,20,0,0.0,Estimated
celkon_a64_6180,231241,241,2041,16,23,20,0,0.0,Estimated
celkon_a66_6181,231241,241,2041,16,23,20,0,0.0,Estimated
celkon_a9_dual_6182,231241,241,2041,16,23,20,0,0.0,Estimated
celkon_a_107__6183,231241,241,2041,16,23,20,0,0.0,Estimated
celkon_arr35_6185,231241,241,2041,16,23,20,0,0.0,Estimated
celkon_c820_6189,231241,241,2041,16,23,35,0,0.0,Estimated
celkon_c720_6188,231241,241,2041,16,23,25,0,0.0,Estimated
celkon_s1_6104,231241,241,2041,23,40,20,0,0.0,Estimated
celkon_a40_6000,231241,241,2041,16,23,20,0,0.0,Estimated
celkon_ct_888_6187,231241,241,2041,16,23,25,0,0.0,Estimated
celkon_ar40_5916,231241,241,2041,16,23,20,0,0.0,Estimated
celkon_ar50_5917,231241,241,2041,16,23,20,0,0.0,Estimated
celkon_ct_7_6186,231241,241,2041,16,23,25,0,0.0,Estimated
celkon_a15_5764,231241,241,2041,16,23,20,0,0.0,Estimated
celkon_ar45_5765,30000,100,400,16,23,20,0,0.0,Estimated
celkon_c7045_5734,231241,241,2041,16,23,20,0,0.0,Estimated
celkon_c76_5731,231241,241,2041,16,23,20,0,0.0,Estimated
celkon_c63_5729,231241,241,2041,16,23,20,0,0.0,Estimated
celkon_monalisa_5_5694,12000,50,200,16,23,20,0,0.0,Estimated
celkon_c399_5732,231241,241,2041,16,23,20,0,0.0,Estimated
celkon_c64_5730,231241,241,2041,16,23,20,0,0.0,Estimated
celkon_a112_5630,231241,241,2041,16,23,20,0,0.0,Estimated
celkon_a20_5627,231241,241,2041,16,23,20,0,0.0,Estimated
celkon_a63_5629,231241,241,2041,16,23,20,0,0.0,Estimated
celkon_a10_5626,231241,241,2041,16,23,20,0,0.0,Estimated
celkon_a60_5628,231241,241,2041,16,23,20,0,0.0,Estimated
celkon_c7030_5621,231241,241,2041,16,23,20,0,0.0,Estimated
celkon_c5050_star_5622,231241,241,2041,16,23,20,0,0.0,Estimated
celkon_a105_5619,374948,1548,5444,16,23,20,0,0.0,Excel Benchmark
celkon_c349i_5618,231241,241,2041,16,23,20,0,0.0,Estimated
celkon_c297_5617,231241,241,2041,16,23,20,0,0.0,Estimated
celkon_c69_5616,231241,241,2041,16,23,20,0,0.0,Estimated
celkon_c67__5615,231241,241,2041,16,23,20,0,0.0,Estimated
celkon_c74_5614,231241,241,2041,16,23,20,0,0.0,Estimated
celkon_ct_910__5557,231241,241,2041,16,23,25,0,0.0,Estimated
celkon_a107_5504,374948,1548,5444,16,23,20,0,0.0,Excel Benchmark
celkon_c605_5733,231241,241,2041,16,23,20,0,0.0,Estimated
celkon_a9__5503,180000,330,1200,16,23,20,0,0.0,Excel Benchmark
celkon_a119q_signature_hd_5448,141928,528,1384,16,25,20,0,0.0,Excel Benchmark
celkon_ct_910_5370,215427,227,481,16,23,25,0,0.0,Excel Benchmark
celkon_a119_signature_hd_5387,654878,1478,4234,16,25,20,0,0.0,Excel Benchmark
celkon_a87_5369,180000,330,1200,16,23,20,0,0.0,Excel Benchmark
celkon_a86_5368,362943,543,3429,16,23,20,0,0.0,Excel Benchmark
celkon_a69_5367,180000,330,1200,16,23,20,0,0.0,Excel Benchmark
celkon_a98_5309,231241,241,2041,16,23,20,0,0.0,Estimated
celkon_a67_5366,12000,50,200,16,23,20,0,0.0,Estimated
celkon_a118_5545,141928,528,1384,16,30,20,0,0.0,Excel Benchmark
celkon_a225_5308,151085,285,655,16,23,20,0,0.0,Excel Benchmark
celkon_c44_star_5305,231241,241,2041,16,23,20,0,0.0,Estimated
celkon_c7050_5307,231241,241,2041,16,23,20,0,0.0,Estimated
celkon_c7070_5306,231241,241,2041,16,23,20,0,0.0,Estimated
celkon_c54_5304,231241,241,2041,16,23,20,0,0.0,Estimated
celkon_gc10_5303,231241,241,2041,16,23,20,0,0.0,Estimated
celkon_c356_5289,231241,241,2041,16,23,20,0,0.0,Estimated
celkon_a75_5287,231241,241,2041,16,23,20,0,0.0,Estimated
celkon_c3333_5290,231241,241,2041,16,23,25,0,0.0,Estimated
celkon_c355_5288,231241,241,2041,16,23,20,0,0.0,Estimated
celkon_a59_5286,231241,241,2041,16,23,20,0,0.0,Estimated
celkon_a220_5285,231241,241,2041,16,23,20,0,0.0,Estimated
celkon_a79_5264,231241,241,2041,16,23,20,0,0.0,Estimated
celkon_a83_5259,231241,241,2041,16,23,20,0,0.0,Estimated
celkon_a27_5284,231241,241,2041,16,23,20,0,0.0,Estimated
celkon_a77_5258,231241,241,2041,16,23,20,0,0.0,Estimated
celkon_ct_9_5158,231241,241,2041,16,23,45,0,0.0,Estimated
celkon_a200_5157,231241,241,2041,16,23,20,0,0.0,Estimated
celkon_c19_5156,231241,241,2041,16,23,20,0,0.0,Estimated
celkon_a900_5099,231241,241,2041,16,23,20,0,0.0,Estimated
celkon_a85_5098,231241,241,2041,16,23,20,0,0.0,Estimated
celkon_a22_5097,231241,241,2041,16,23,20,0,0.0,Estimated
celkon_a89_5028,231241,241,2041,16,23,20,0,0.0,Estimated
celkon_c9_star_5029,231241,241,2041,16,23,20,0,0.0,Estimated
celkon_ct_1_4989,231241,241,2041,16,23,25,0,0.0,Estimated
celkon_c52_5030,231241,241,2041,16,23,20,0,0.0,Estimated
celkon_a97i_4986,231241,241,2041,16,23,20,0,0.0,Estimated
celkon_ct_2_5031,231241,241,2041,16,23,25,0,0.0,Estimated
celkon_c3000_4987,231241,241,2041,16,23,25,0,0.0,Estimated
celkon_c607_4906,231241,241,2041,16,23,20,0,0.0,Estimated
celkon_c262_4905,231241,241,2041,16,23,20,0,0.0,Estimated
celkon_a19_4907,231241,241,2041,16,23,20,0,0.0,Estimated
celkon_c360_4879,231241,241,2041,16,23,20,0,0.0,Estimated
celkon_c359_4877,231241,241,2041,16,23,20,0,0.0,Estimated
celkon_c350_4878,231241,241,2041,16,23,20,0,0.0,Estimated
celkon_c24_4988,231241,241,2041,16,23,20,0,0.0,Estimated
celkon_a97_4823,265646,646,2738,16,23,20,0,0.0,Excel Benchmark
celkon_a90_4821,231241,241,2041,16,23,20,0,0.0,Estimated
celkon_c770n_4811,231241,241,2041,16,23,20,0,0.0,Estimated
celkon_a99__4816,231241,241,2041,16,23,20,0,0.0,Estimated
celkon_c606_4809,231241,241,2041,16,23,20,0,0.0,Estimated
celkon_c570_4808,231241,241,2041,16,23,20,0,0.0,Estimated
celkon_c203_4815,231241,241,2041,16,23,20,0,0.0,Estimated
celkon_c504_4812,231241,241,2041,16,23,20,0,0.0,Estimated
celkon_c206_4813,231241,241,2041,16,23,20,0,0.0,Estimated
celkon_a95_4822,265646,646,2738,16,23,20,0,0.0,Excel Benchmark
celkon_c17_4814,231241,241,2041,16,23,20,0,0.0,Estimated
celkon_i4_4806,231241,241,2041,16,23,20,0,0.0,Estimated
celkon_c705_4810,231241,241,2041,16,23,20,0,0.0,Estimated
celkon_c75_4807,231241,241,2041,16,23,20,0,0.0,Estimated
celkon_a7_4703,231241,241,2041,16,23,20,0,0.0,Estimated
celkon_a88_4704,437736,736,2008,16,23,20,0,0.0,Excel Benchmark
celkon_c769_4706,231241,241,2041,16,23,20,0,0.0,Estimated
celkon_c770_dj_4705,231241,241,2041,16,23,20,0,0.0,Estimated
celkon_c349_4707,231241,241,2041,16,23,20,0,0.0,Estimated
celkon_c260_4709,231241,241,2041,16,23,20,0,0.0,Estimated
celkon_c70_4710,231241,241,2041,16,23,20,0,0.0,Estimated
celkon_c55_4627,231241,241,2041,16,23,20,0,0.0,Estimated
celkon_a9_4626,231241,241,2041,16,23,20,0,0.0,Estimated
celkon_a99_4541,231241,241,2041,16,23,20,0,0.0,Estimated
celkon_c3030_4471,231241,241,2041,16,23,25,0,0.0,Estimated
celkon_c90_4472,231241,241,2041,16,23,20,0,0.0,Estimated
celkon_c337_4708,231241,241,2041,16,23,20,0,0.0,Estimated
celkon_c60_4474,231241,241,2041,16,23,20,0,0.0,Estimated
celkon_c909_4473,231241,241,2041,16,23,20,0,0.0,Estimated
celkon_c305_4475,231241,241,2041,16,23,20,0,0.0,Estimated
celkon_c303_4477,231241,241,2041,16,23,20,0,0.0,Estimated
celkon_c404_4480,231241,241,2041,16,23,20,0,0.0,Estimated
celkon_c202_4479,231241,241,2041,16,23,20,0,0.0,Estimated
celkon_c5050_4481,231241,241,2041,16,23,20,0,0.0,Estimated
celkon_c227_4482,231241,241,2041,16,23,20,0,0.0,Estimated
celkon_c201_4478,231241,241,2041,16,23,20,0,0.0,Estimated
celkon_c207_4485,231241,241,2041,16,23,20,0,0.0,Estimated
celkon_i9_4483,231241,241,2041,16,23,20,0,0.0,Estimated
celkon_c609_4487,231241,241,2041,16,23,20,0,0.0,Estimated
celkon_a1_4486,231241,241,2041,16,23,20,0,0.0,Estimated
celkon_c77_4489,231241,241,2041,16,23,20,0,0.0,Estimated
celkon_c102_4488,231241,241,2041,16,23,20,0,0.0,Estimated
celkon_c220_4476,231241,241,2041,16,23,20,0,0.0,Estimated
celkon_c555_4491,231241,241,2041,16,23,20,0,0.0,Estimated
celkon_c2010_4484,231241,241,2041,16,23,20,0,0.0,Estimated
celkon_c44_4493,231241,241,2041,16,23,20,0,0.0,Estimated
celkon_c205_4492,231241,241,2041,16,23,20,0,0.0,Estimated
celkon_c100_4490,231241,241,2041,16,23,20,0,0.0,Estimated
celkon_c33_4495,231241,241,2041,16,23,20,0,0.0,Estimated
celkon_c101_4494,231241,241,2041,16,23,20,0,0.0,Estimated
celkon_c550_4496,231241,241,2041,16,23,20,0,0.0,Estimated
celkon_c66_4497,231241,241,2041,16,23,20,0,0.0,Estimated
celkon_c10_4499,231241,241,2041,16,23,20,0,0.0,Estimated
celkon_c339_4498,231241,241,2041,16,23,20,0,0.0,Estimated
celkon_c369_4502,231241,241,2041,16,23,20,0,0.0,Estimated
celkon_c88_4503,231241,241,2041,16,23,20,0,0.0,Estimated
celkon_c2000_4504,231241,241,2041,16,23,20,0,0.0,Estimated
celkon_c007_4505,231241,241,2041,16,23,20,0,0.0,Estimated
celkon_c999_4507,231241,241,2041,16,23,20,0,0.0,Estimated
celkon_c777_4508,231241,241,2041,16,23,20,0,0.0,Estimated
celkon_c770_4500,231241,241,2041,16,23,20,0,0.0,Estimated
celkon_c20_4501,231241,241,2041,16,23,20,0,0.0,Estimated
celkon_c1_4509,231241,241,2041,16,23,20,0,0.0,Estimated
celkon_c444_4510,231241,241,2041,16,23,20,0,0.0,Estimated
celkon_c2_4511,231241,241,2041,16,23,20,0,0.0,Estimated
celkon_c225_4512,231241,241,2041,16,23,20,0,0.0,Estimated
celkon_c111_4513,231241,241,2041,16,23,20,0,0.0,Estimated
celkon_c99_4514,231241,241,2041,16,23,20,0,0.0,Estimated
celkon_c3_4515,231241,241,2041,16,23,20,0,0.0,Estimated
celkon_c669_4516,231241,241,2041,16,23,20,0,0.0,Estimated
celkon_c6_4520,231241,241,2041,16,23,20,0,0.0,Estimated
celkon_c333_4519,231241,241,2041,16,23,20,0,0.0,Estimated
celkon_c509_4521,231241,241,2041,16,23,20,0,0.0,Estimated
celkon_c9_4517,231241,241,2041,16,23,20,0,0.0,Estimated
celkon_c5_4522,231241,241,2041,16,23,20,0,0.0,Estimated
celkon_c7_4530,231241,241,2041,16,23,20,0,0.0,Estimated
celkon_c22_4531,231241,241,2041,16,23,20,0,0.0,Estimated
celkon_c11_4518,231241,241,2041,16,23,20,0,0.0,Estimated
celkon_c347_4532,231241,241,2041,16,23,20,0,0.0,Estimated
celkon_c357_4533,231241,241,2041,16,23,20,0,0.0,Estimated
celkon_c409_4535,231241,241,2041,16,23,20,0,0.0,Estimated
celkon_c367_4534,231241,241,2041,16,23,20,0,0.0,Estimated
celkon_c449_4536,231241,241,2041,16,23,20,0,0.0,Estimated
celkon_c567_4538,231241,241,2041,16,23,20,0,0.0,Estimated
celkon_c747_4539,231241,241,2041,16,23,20,0,0.0,Estimated
celkon_c867_4540,231241,241,2041,16,23,20,0,0.0,Estimated
celkon_c517_4537,231241,241,2041,16,23,20,0,0.0,Estimated
chea_a90_651,231241,241,2041,16,23,20,0,0.0,Estimated
chea_jms_110_650,231241,241,2041,16,23,20,0,0.0,Estimated
chea_328_505,231241,241,2041,16,23,20,0,0.0,Estimated
chea_318_504,231241,241,2041,16,23,20,0,0.0,Estimated
chea_228_502,231241,241,2041,16,23,20,0,0.0,Estimated
chea_308_503,231241,241,2041,16,23,20,0,0.0,Estimated
chea_218_501,231241,241,2041,16,23,20,0,0.0,Estimated
chea_188_498,231241,241,2041,16,23,20,0,0.0,Estimated
chea_198_499,231241,241,2041,16,23,20,0,0.0,Estimated
chea_208_500,231241,241,2041,16,23,20,0,0.0,Estimated
chea_178_497,231241,241,2041,16,23,20,0,0.0,Estimated
chea_168_496,231241,241,2041,16,23,20,0,0.0,Estimated
coolpad_c35_plus_14427,364852,652,1756,38,50,55,0,0.0,Excel Benchmark
coolpad_c35c_14833,364852,652,1756,26,35,45,0,0.0,Excel Benchmark
coolpad_c35_14426,364852,652,1756,38,45,50,0,0.0,Excel Benchmark
coolpad_cp12_neo_13759,100000,250,850,26,45,45,0,0.0,Excel Benchmark
coolpad_cp12_neo_plus_14425,100000,250,850,26,45,45,0,0.0,Excel Benchmark
coolpad_cool_40i_13575,340000,600,1850,43,35,40,0,0.0,Excel Benchmark
coolpad_x100_13669,400000,700,1900,53,55,60,0,0.0,Excel Benchmark
coolpad_c16s_13535,467813,1413,3039,43,35,45,0,0.0,Excel Benchmark
coolpad_c16_13348,457479,1879,6437,43,35,45,0,0.0,Excel Benchmark
coolpad_cool_30_play_13149,400000,700,1900,43,30,60,0,0.0,Excel Benchmark
coolpad_c15_13136,467813,1413,3039,43,35,50,0,0.0,Excel Benchmark
coolpad_cool_30i_12766,340000,600,1850,48,30,40,0,0.0,Excel Benchmark
coolpad_cp12s_12729,250000,480,1450,38,30,50,0,0.0,Excel Benchmark
coolpad_cp12_12422,100000,250,850,21,30,40,0,0.0,Excel Benchmark
coolpad_cool_20__12421,280000,520,1550,36,30,40,0,0.0,Excel Benchmark
coolpad_cp12p_12423,130000,300,950,23,30,40,0,0.0,Excel Benchmark
coolpad_cool_20s_11615,520000,800,2300,43,45,45,0,0.0,Excel Benchmark
coolpad_cool_20_11620,260000,500,1500,36,30,40,0,0.0,Excel Benchmark
coolpad_cool_s_10685,240000,450,1400,16,40,45,0,0.0,Excel Benchmark
coolpad_cool_10a_10836,100000,250,850,21,30,35,0,0.0,Excel Benchmark
coolpad_cool_6_10513,270000,500,1500,31,40,35,0,0.0,Excel Benchmark
coolpad_cool_12a_10491,526161,2161,6283,23,30,35,0,0.0,Excel Benchmark
coolpad_cool_10_10492,240000,500,1550,33,30,45,0,0.0,Excel Benchmark
coolpad_legacy_5g_10030,350000,620,1900,40,40,40,0,0.0,Excel Benchmark
coolpad_cool_3_plus_9762,502465,1665,4795,23,30,25,0,0.0,Excel Benchmark
coolpad_legacy_9960,75000,200,750,21,40,35,0,0.0,Excel Benchmark
coolpad_mega_5a_9297,532591,591,3573,16,50,20,0,0.0,Excel Benchmark
coolpad_cool_20_pro_11256,550000,800,2600,43,55,55,0,0.0,Excel Benchmark
coolpad_note_6_9189,50000,150,550,21,40,35,0,0.0,Estimated
coolpad_cool_2_9183,240000,500,1550,23,50,25,0,0.0,Excel Benchmark
coolpad_cool_play_8_9488,240000,500,1550,23,40,35,0,0.0,Excel Benchmark
coolpad_cool_play_6_8820,476041,2041,6923,25,40,35,0,0.0,Excel Benchmark
coolpad_cool_5_9902,130000,300,950,28,30,35,0,0.0,Excel Benchmark
coolpad_nx1_8807,928945,2145,7235,16,30,20,0,0.0,Excel Benchmark
coolpad_note_5_lite_8618,571594,994,3782,23,30,20,0,0.0,Excel Benchmark
coolpad_cool_m7_8821,95000,240,850,21,40,25,0,0.0,Excel Benchmark
coolpad_defiant_8754,40000,130,480,16,23,20,0,0.0,Estimated
coolpad_cool_s1_8481,200000,350,1300,23,40,40,0,0.0,Excel Benchmark
coolpad_conjr_8511,571594,994,3782,38,30,20,0,0.0,Excel Benchmark
coolpad_mega_3_8464,70000,180,650,18,30,25,0,0.0,Excel Benchmark
coolpad_note_3s_8473,785247,2047,4941,21,30,20,0,0.0,Excel Benchmark
coolpad_note_5_8364,692191,2191,5373,23,40,35,0,0.0,Excel Benchmark
coolpad_modena_2_8326,928945,2145,7235,18,30,20,0,0.0,Excel Benchmark
coolpad_torino_8273,692191,2191,5373,21,30,20,0,0.0,Excel Benchmark
coolpad_mega_8267,928945,2145,7235,18,30,20,0,0.0,Excel Benchmark
coolpad_note_3_plus_8270,240000,500,1550,21,40,25,0,0.0,Excel Benchmark
coolpad_cool1_dual_8272,130000,300,1100,25,40,40,0,0.0,Excel Benchmark
coolpad_max_8165,692191,2191,5373,21,40,20,0,0.0,Excel Benchmark
coolpad_porto_s_7895,928945,2145,7235,16,30,20,0,0.0,Excel Benchmark
coolpad_torino_s_7898,35000,120,450,16,30,20,0,0.0,Estimated
coolpad_note_3_lite_7877,455515,715,1945,21,30,20,0,0.0,Excel Benchmark
coolpad_roar_7752,55000,150,550,16,28,20,0,0.0,Excel Benchmark
coolpad_note_3_7655,240000,500,1550,21,30,25,0,0.0,Excel Benchmark
coolpad_shine_7654,536428,1028,3884,21,30,20,0,0.0,Excel Benchmark
coolpad_porto_7550,35000,120,450,16,28,20,0,0.0,Estimated
coolpad_3632_8583,40000,130,480,16,23,20,0,0.0,Estimated
coolpad_modena_7551,35000,120,450,16,28,20,0,0.0,Estimated
cubot_x5_14915,231241,241,2041,16,38,20,0,0.0,Estimated
cubot_a50_14893,321226,226,478,38,40,45,0,0.0,Excel Benchmark
cubot_u3_14916,231241,241,2041,16,23,20,0,0.0,Estimated
cubot_kingkong_dura_14854,321226,226,478,43,45,50,0,0.0,Excel Benchmark
cubot_gt5_14461,231241,241,2041,16,38,20,0,0.0,Estimated
cubot_beatbox_14460,231241,241,2041,16,28,20,0,0.0,Estimated
cubot_kingkong_es_pro_14855,250000,480,1450,43,35,45,0,0.0,Excel Benchmark
cubot_kingkong_ace_5_14381,321226,226,478,38,45,65,0,0.0,Excel Benchmark
cubot_note_60_14287,410830,1030,2890,38,45,50,0,0.0,Excel Benchmark
cubot_tab_kingkong_s_14197,250000,480,1450,38,33,65,0,0.0,Excel Benchmark
cubot_tab_kingkong_mini_14196,410830,1030,2890,38,33,65,0,0.0,Excel Benchmark
cubot_kingkong_es5_14732,321226,226,478,43,45,50,0,0.0,Excel Benchmark
cubot_kingkong_mini_4_14099,250000,480,1450,38,35,40,0,0.0,Excel Benchmark
cubot_x100_5g_14098,447999,399,997,43,45,60,0,0.0,Excel Benchmark
cubot_a40_14019,457479,1879,6437,38,45,45,0,0.0,Excel Benchmark
cubot_kingkong_es_3_14062,410830,1030,2890,38,35,65,0,0.0,Excel Benchmark
cubot_p90_13962,374219,619,2657,43,45,50,0,0.0,Excel Benchmark
cubot_u2_14917,231241,241,2041,16,23,20,0,0.0,Estimated
cubot_kingkong_power_5_13876,374219,619,2657,43,55,65,0,0.0,Excel Benchmark
cubot_gt3_13765,231241,241,2041,16,38,20,0,0.0,Estimated
cubot_kingkong_11_5g_14063,447999,399,997,53,55,65,0,0.0,Excel Benchmark
cubot_x3_13732,231241,241,2041,16,28,20,0,0.0,Estimated
cubot_u1_13731,231241,241,2041,16,28,20,0,0.0,Estimated
cubot_tab_65_13880,410830,1030,2890,21,28,50,0,0.0,Excel Benchmark
cubot_tab_70_13630,250000,480,1450,23,28,50,0,0.0,Excel Benchmark
cubot_tab_kingkong_2_13561,400000,700,1900,48,28,65,0,0.0,Excel Benchmark
cubot_a30_13532,250000,480,1450,38,35,45,0,0.0,Excel Benchmark
cubot_kingkong_ace_2_13533,280000,520,1550,38,35,50,0,0.0,Excel Benchmark
cubot_gt1_13534,231241,241,2041,16,28,20,0,0.0,Estimated
cubot_kingkong_x_pro_13485,180000,330,1200,28,60,65,0,0.0,Excel Benchmark
cubot_kingkong_power_3_13370,205474,874,2422,28,55,65,0,0.0,Excel Benchmark
cubot_kingkong_star_2_13369,180000,330,1200,28,70,60,0,0.0,Excel Benchmark
cubot_a20_13368,250000,480,1450,38,35,45,0,0.0,Excel Benchmark
cubot_c29_13282,231241,241,2041,16,28,20,0,0.0,Estimated
cubot_kingkong_es_13271,457479,1879,6437,38,35,45,0,0.0,Excel Benchmark
cubot_c28_13256,231241,241,2041,16,28,20,0,0.0,Estimated
cubot_max_5_13206,180000,330,1200,30,60,60,0,0.0,Excel Benchmark
cubot_kingkong_x_13185,620000,950,2800,30,55,65,0,0.0,Excel Benchmark
cubot_kingkong_ace_3_13184,300000,550,1600,28,45,60,0,0.0,Excel Benchmark
cubot_a10_13139,457479,1879,6437,38,35,45,0,0.0,Excel Benchmark
cubot_x90_12997,400000,700,1900,33,75,60,0,0.0,Excel Benchmark
cubot_x1_12983,231241,241,2041,16,38,20,0,0.0,Estimated
cubot_hafury_v1_12924,358952,752,2056,48,50,40,0,0.0,Excel Benchmark
cubot_hafury_meet_12923,400000,700,1900,33,75,60,0,0.0,Excel Benchmark
cubot_kingkong_ax_12916,400000,700,1900,28,55,60,0,0.0,Excel Benchmark
cubot_a1_12915,100000,250,850,23,30,45,0,0.0,Excel Benchmark
cubot_tab_60_12857,621462,1262,3586,21,28,50,0,0.0,Excel Benchmark
cubot_tab_50_12856,400000,700,1900,21,28,50,0,0.0,Excel Benchmark
cubot_c21_12996,231241,241,2041,16,28,20,0,0.0,Estimated
cubot_c20_pro_12995,231241,241,2041,16,28,20,0,0.0,Estimated
cubot_note_40_12627,457479,1879,6437,38,35,45,0,0.0,Excel Benchmark
cubot_note_21_12544,457479,1879,6437,38,35,45,0,0.0,Excel Benchmark
cubot_kingkong_8_12640,358952,752,2056,38,30,50,0,0.0,Excel Benchmark
cubot_tab_40_12554,250000,480,1450,21,28,50,0,0.0,Excel Benchmark
cubot_note_50_12441,457479,1879,6437,38,35,45,0,0.0,Excel Benchmark
cubot_kingkong_9_12302,400000,700,1900,28,55,65,0,0.0,Excel Benchmark
cubot_kingkong_star_12431,520000,800,2300,28,45,65,0,0.0,Excel Benchmark
cubot_tab_20_12306,100000,250,850,21,28,50,0,0.0,Excel Benchmark
cubot_kingkong_power_12303,358952,752,2056,38,40,65,0,0.0,Excel Benchmark
cubot_x70_12305,400000,700,1900,28,55,45,0,0.0,Excel Benchmark
cubot_p80_12304,358952,752,2056,31,40,45,0,0.0,Excel Benchmark
cubot_pocket_3_12314,280000,520,1550,16,23,25,0,0.0,Excel Benchmark
cubot_tab_kingkong_12434,418068,668,1804,23,28,55,0,0.0,Excel Benchmark
cubot_kingkong_mini_3_12316,280000,520,1550,16,28,25,0,0.0,Excel Benchmark
cubot_p60_12317,340000,600,1850,18,30,45,0,0.0,Excel Benchmark
cubot_kingkong_6_12312,180000,400,1000,23,30,45,0,0.0,Excel Benchmark
cubot_kingkong_mini_2_pro_12318,130000,300,950,21,40,25,0,0.0,Excel Benchmark
cubot_note_30_12315,340000,600,1850,18,30,35,0,0.0,Excel Benchmark
cubot_note_8_12319,80000,200,700,21,28,25,0,0.0,Excel Benchmark
cubot_pocket_12320,180000,400,1000,21,40,25,0,0.0,Excel Benchmark
cubot_tab_30_12325,258712,512,3336,21,28,50,0,0.0,Excel Benchmark
cubot_p50_12324,130000,300,950,23,30,35,0,0.0,Excel Benchmark
cubot_j10_12326,50000,150,500,16,28,20,0,0.0,Estimated
cubot_max_3_12327,130000,300,950,38,30,45,0,0.0,Excel Benchmark
cubot_kingkong_5_12330,130000,300,950,33,30,45,0,0.0,Excel Benchmark
cubot_note_9_12331,100000,250,850,21,28,45,0,0.0,Excel Benchmark
cubot_j20_12313,80000,200,700,16,23,20,0,0.0,Excel Benchmark
cubot_kingkong_5_pro_12334,130000,300,950,31,30,50,0,0.0,Excel Benchmark
cubot_j9_12332,55000,150,550,23,30,35,0,0.0,Excel Benchmark
cubot_kingkong_7_12329,240000,450,1400,48,40,45,0,0.0,Excel Benchmark
cubot_x50_12333,240000,450,1400,28,40,40,0,0.0,Excel Benchmark
cubot_c20_12335,130000,300,950,18,40,35,0,0.0,Excel Benchmark
cubot_j8_12336,55000,150,550,23,28,25,0,0.0,Excel Benchmark
cubot_kingkong_mini_2_12337,502465,1665,4795,23,40,25,0,0.0,Excel Benchmark
cubot_note_20_pro_12339,240000,450,1400,18,30,35,0,0.0,Excel Benchmark
cubot_x30_12342,240000,450,1400,28,40,35,0,0.0,Excel Benchmark
cubot_c30_12340,240000,450,1400,28,40,35,0,0.0,Excel Benchmark
cubot_p40_12343,502465,1665,4795,23,30,35,0,0.0,Excel Benchmark
cubot_note_20_12344,549414,814,2242,18,30,35,0,0.0,Excel Benchmark
cubot_x20_12345,254592,392,976,16,40,35,0,0.0,Excel Benchmark
cubot_x19s_12347,254592,392,976,23,40,35,0,0.0,Excel Benchmark
cubot_x19_12348,390508,1108,5124,23,40,35,0,0.0,Excel Benchmark
cubot_kingkong_cs_12346,55000,150,550,23,30,35,0,0.0,Excel Benchmark
cubot_x20_pro_12349,240000,450,1400,16,40,35,0,0.0,Excel Benchmark
cubot_p30_12350,254592,392,976,16,40,35,0,0.0,Excel Benchmark
cubot_tab_10_12353,100000,250,850,21,28,50,0,0.0,Excel Benchmark
cubot_note_7_12338,70000,180,650,23,28,25,0,0.0,Excel Benchmark
cubot_quest_12351,130000,300,950,23,50,35,0,0.0,Excel Benchmark
cubot_c7_12355,231241,241,2041,16,28,20,0,0.0,Estimated
cubot_quest_lite_12352,502465,1665,4795,23,30,25,0,0.0,Excel Benchmark
cubot_c9_12354,231241,241,2041,16,28,20,0,0.0,Estimated
cubot_n1_12358,231241,241,2041,16,28,20,0,0.0,Estimated
cubot_w03_12359,231241,241,2041,16,28,20,0,0.0,Estimated
cubot_c5_12356,231241,241,2041,16,28,20,0,0.0,Estimated
cubot_id206_12363,231241,241,2041,16,28,20,0,0.0,Estimated
cubot_smart_watch_12362,231241,241,2041,16,28,20,0,0.0,Estimated
cubot_c3_12357,231241,241,2041,16,28,20,0,0.0,Estimated
dell_venue_10_7000_7188,659460,1660,4780,16,38,50,0,0.0,Excel Benchmark
dell_venue_8_5752,570391,391,1973,16,28,35,0,0.0,Excel Benchmark
dell_venue_8_7000_6714,659460,1660,4780,16,38,50,0,0.0,Excel Benchmark
dell_venue_7_5751,50000,150,500,16,28,35,0,0.0,Estimated
dell_streak_10_pro_4398,248158,758,3074,16,23,20,0,0.0,Excel Benchmark
dell_venue_7_8_gb_6053,50000,150,500,16,28,35,0,0.0,Estimated
dell_streak_pro_d43_4384,50000,150,500,16,38,20,0,0.0,Estimated
dell_streak_7_3881,248158,758,3074,16,23,20,0,0.0,Excel Benchmark
dell_streak_7_wi_fi_3882,248158,758,3074,16,23,20,0,0.0,Excel Benchmark
dell_venue_3281,508938,1538,5414,16,38,20,0,0.0,Excel Benchmark
dell_xcd35_3623,231241,241,2041,16,23,20,0,0.0,Estimated
dell_xcd28_3622,374909,1309,2727,16,23,20,0,0.0,Excel Benchmark
dell_flash_3283,504066,1066,4998,16,23,20,0,0.0,Excel Benchmark
dell_smoke_3282,504066,1066,4998,16,23,20,0,0.0,Excel Benchmark
dell_venue_pro_3280,508938,1538,5414,16,38,20,0,0.0,Excel Benchmark
dell_streak_3353,508938,1538,5414,16,23,20,0,0.0,Excel Benchmark
dell_xps_10_5160,231241,241,2041,16,23,25,0,0.0,Estimated
dell_aero_3248,231241,241,2041,16,23,20,0,0.0,Estimated
dell_mini_3i_3033,231241,241,2041,16,23,20,0,0.0,Estimated
dell_mini_3ix_3010,231241,241,2041,16,23,20,0,0.0,Estimated
doogee_s300_plus_thermal_5g_14743,1460000,1432,4663,30,55,75,0,0.0,Excel Benchmark
doogee_s300_pro_5g_14741,1460000,1432,4663,60,55,75,0,0.0,Excel Benchmark
doogee_s300_plus_5g_14742,1460000,1432,4663,30,55,80,0,0.0,Excel Benchmark
doogee_v_max_2_pro_5g_14736,1460000,1432,4663,60,55,80,0,0.0,Excel Benchmark
doogee_blade_10_pro_energy_14493,490939,1339,2817,43,35,55,0,0.0,Excel Benchmark
doogee_blade_20_pro_14495,15000,60,250,43,35,55,0,0.0,Estimated
doogee_v_max_2_5g_14735,1460000,1432,4663,60,55,80,0,0.0,Excel Benchmark
doogee_blade_10_ultra_energy_14494,490939,1339,2817,43,35,55,0,0.0,Excel Benchmark
doogee_anywise_w1_pro_14472,231241,241,2041,16,38,20,0,0.0,Estimated
doogee_anywise_w1_14473,231241,241,2041,16,38,20,0,0.0,Estimated
doogee_blade_20_max_14496,374219,619,2657,48,45,65,0,0.0,Excel Benchmark
doogee_fire_5_pro_14467,364852,652,1756,23,35,55,0,0.0,Excel Benchmark
doogee_fire_5_ultra_14468,364852,652,1756,38,35,55,0,0.0,Excel Benchmark
doogee_fire_7_pro_5g_14469,110000,270,950,48,35,65,0,0.0,Excel Benchmark
doogee_blade_10_energy_14492,490939,1339,2817,23,35,50,0,0.0,Excel Benchmark
doogee_tab_g6_max_14471,695067,1867,6401,23,33,55,0,0.0,Excel Benchmark
doogee_fire_7_ultra_5g_14470,110000,270,950,48,35,65,0,0.0,Excel Benchmark
doogee_note_58_14199,490939,1339,2817,23,35,50,0,0.0,Excel Benchmark
doogee_s200_ultra_5g_14204,30000,110,420,35,55,75,0,0.0,Estimated
doogee_fire_5_14201,100000,250,850,23,35,50,0,0.0,Excel Benchmark
doogee_note_58_pro_14200,490939,1339,2817,23,35,50,0,0.0,Excel Benchmark
doogee_v_max_play_5g_14202,270000,540,1650,60,55,70,0,0.0,Excel Benchmark
doogee_v_max_lr_5g_14203,270000,540,1650,60,60,70,0,0.0,Excel Benchmark
doogee_s200_max_5g_14076,620000,950,2800,35,55,75,0,0.0,Excel Benchmark
doogee_fire_7_5g_14079,110000,270,950,48,35,55,0,0.0,Excel Benchmark
doogee_fire_3_ultra_14077,15000,60,250,28,50,55,0,0.0,Estimated
doogee_fire_3_pro_14078,15000,60,250,28,50,55,0,0.0,Estimated
doogee_blade_gt_pro_5g_13973,447999,399,997,33,55,50,0,0.0,Excel Benchmark
doogee_blade_gt_play_5g_13972,447999,399,997,48,55,50,0,0.0,Excel Benchmark
doogee_v_pad_5g_13971,570577,1377,4931,23,28,50,0,0.0,Excel Benchmark
doogee_tab_e3_max_13926,400000,700,1900,23,50,55,0,0.0,Excel Benchmark
doogee_tab_e3_13923,374219,619,2657,21,33,55,0,0.0,Excel Benchmark
doogee_tab_e3__13924,374219,619,2657,21,33,55,0,0.0,Excel Benchmark
doogee_tab_g6_13913,490939,1339,2817,16,33,50,0,0.0,Excel Benchmark
doogee_tab_g6__13914,695067,1867,6401,21,33,55,0,0.0,Excel Benchmark
doogee_tab_a9_pro_13911,359494,894,4482,16,28,50,0,0.0,Excel Benchmark
doogee_tab_e3_pro_13925,374219,619,2657,23,33,55,0,0.0,Excel Benchmark
doogee_tab_a9__13910,15000,60,250,21,33,50,0,0.0,Estimated
doogee_tab_a9_pro__13912,15000,60,250,21,33,50,0,0.0,Estimated
doogee_blade20_play_5g_13902,620000,950,2800,50,35,65,0,0.0,Excel Benchmark
doogee_tab_a9_13909,359494,894,4482,16,28,50,0,0.0,Excel Benchmark
doogee_blade20_ultra_13900,490939,1339,2817,43,35,55,0,0.0,Excel Benchmark
doogee_blade20_13899,15000,60,250,23,35,55,0,0.0,Estimated
doogee_note59_pro__13836,180000,330,1200,45,45,55,0,0.0,Excel Benchmark
doogee_note59_pro_13835,180000,330,1200,45,45,55,0,0.0,Excel Benchmark
doogee_note_59_13834,180000,330,1200,30,45,50,0,0.0,Excel Benchmark
doogee_u11_pro_13832,15000,60,250,21,33,50,0,0.0,Estimated
doogee_blade_gt_ultra_13739,270000,540,1650,35,55,60,0,0.0,Excel Benchmark
doogee_fire_6_max_13740,620000,950,2800,25,55,65,0,0.0,Excel Benchmark
doogee_s200_plus_13741,270000,540,1650,35,55,65,0,0.0,Excel Benchmark
doogee_v_max_s_13833,620000,950,2800,55,55,65,0,0.0,Excel Benchmark
doogee_s119_13632,418068,668,1804,28,55,65,0,0.0,Excel Benchmark
doogee_s118_pro_13631,620000,950,2800,60,55,65,0,0.0,Excel Benchmark
doogee_blade20_turbo_5g_13901,620000,950,2800,50,35,65,0,0.0,Excel Benchmark
doogee_blade_gt_13596,620000,950,2800,60,55,50,0,0.0,Excel Benchmark
doogee_fire_6_power_13580,457479,1879,6437,43,35,65,0,0.0,Excel Benchmark
doogee_fire_6_13579,457479,1879,6437,43,35,55,0,0.0,Excel Benchmark
doogee_s200x_13578,620000,950,2800,30,55,65,0,0.0,Excel Benchmark
doogee_v40_pro_13411,270000,540,1650,30,55,65,0,0.0,Excel Benchmark
doogee_t40_pro_13420,400000,700,1900,23,28,55,0,0.0,Excel Benchmark
doogee_t40_13421,400000,700,1900,23,28,55,0,0.0,Excel Benchmark
doogee_v_max_pro_13422,620000,950,2800,55,55,65,0,0.0,Excel Benchmark
doogee_v40_13577,270000,540,1650,53,55,65,0,0.0,Excel Benchmark
doogee_n55_plus_13399,457479,1879,6437,23,35,45,0,0.0,Excel Benchmark
doogee_n55_pro_13398,457479,1879,6437,23,35,45,0,0.0,Excel Benchmark
doogee_n55_13397,457479,1879,6437,23,35,45,0,0.0,Excel Benchmark
doogee_s200_13394,620000,950,2800,30,55,65,0,0.0,Excel Benchmark
doogee_blade10_ultra_13391,457479,1879,6437,38,35,45,0,0.0,Excel Benchmark
doogee_blade10_max_13392,457479,1879,6437,38,35,50,0,0.0,Excel Benchmark
doogee_blade10_pro_13390,457479,1879,6437,38,35,45,0,0.0,Excel Benchmark
doogee_blade10_13389,457479,1879,6437,23,35,45,0,0.0,Excel Benchmark
doogee_s_cyber_13388,457479,1879,6437,48,40,55,0,0.0,Excel Benchmark
doogee_s_punk_13387,457479,1879,6437,48,40,65,0,0.0,Excel Benchmark
doogee_v_max_plus_13382,620000,950,2800,60,55,65,0,0.0,Excel Benchmark
doogee_s41_max_13381,457479,1879,6437,23,50,50,0,0.0,Excel Benchmark
doogee_s41_plus_13380,457479,1879,6437,23,50,50,0,0.0,Excel Benchmark
doogee_s41t_13379,457479,1879,6437,23,50,50,0,0.0,Excel Benchmark
doogee_v20s_13159,380000,600,1700,48,55,65,0,0.0,Excel Benchmark
doogee_t10w_13425,180000,400,1000,16,28,50,0,0.0,Excel Benchmark
doogee_t30_max_12869,400000,700,1900,43,28,65,0,0.0,Excel Benchmark
doogee_s118_13386,400000,700,1900,53,55,65,0,0.0,Excel Benchmark
doogee_r20_13424,400000,700,1900,48,28,65,0,0.0,Excel Benchmark
doogee_t30se_13418,457479,1879,6437,21,28,50,0,0.0,Excel Benchmark
doogee_t30e_13419,457479,1879,6437,21,28,50,0,0.0,Excel Benchmark
doogee_t30s_13413,457479,1879,6437,23,28,50,0,0.0,Excel Benchmark
doogee_dk10_12858,374374,1774,5122,30,65,95,0,0.0,Excel Benchmark
doogee_v30_pro_12634,620000,950,2800,60,55,65,0,0.0,Excel Benchmark
doogee_smini_12647,400000,700,1900,38,28,30,0,0.0,Excel Benchmark
doogee_s41_pro_12574,322750,950,3650,23,50,50,0,0.0,Excel Benchmark
doogee_t20_ultra_13405,400000,700,1900,23,28,55,0,0.0,Excel Benchmark
doogee_r08_13423,418068,668,1804,21,28,50,0,0.0,Excel Benchmark
doogee_v31gt_12573,326938,1538,3414,30,55,75,0,0.0,Excel Benchmark
doogee_t30_ultra_13406,400000,700,1900,23,28,55,0,0.0,Excel Benchmark
doogee_t10plus_12576,457479,1879,6437,23,28,55,0,0.0,Excel Benchmark
doogee_t10pro_12575,457479,1879,6437,23,28,55,0,0.0,Excel Benchmark
doogee_u10_12577,405205,405,1015,16,28,45,0,0.0,Excel Benchmark
doogee_u9_13403,405205,405,1015,16,28,45,0,0.0,Excel Benchmark
doogee_t20mini_kid_12578,457479,1879,6437,21,28,45,0,0.0,Excel Benchmark
doogee_s110_12509,400000,700,1900,53,55,75,0,0.0,Excel Benchmark
doogee_u10_pro_13402,405205,405,1015,16,28,45,0,0.0,Excel Benchmark
doogee_t10e_12511,457479,1879,6437,16,28,50,0,0.0,Excel Benchmark
doogee_t20mini_12512,457479,1879,6437,21,28,45,0,0.0,Excel Benchmark
doogee_t20mini_pro_13404,457479,1879,6437,21,28,45,0,0.0,Excel Benchmark
doogee_t10s_12411,457479,1879,6437,16,28,50,0,0.0,Excel Benchmark
doogee_n50_pro_13400,457479,1879,6437,43,30,40,0,0.0,Excel Benchmark
doogee_n50s_13401,457479,1879,6437,18,30,35,0,0.0,Excel Benchmark
doogee_n50_12369,457479,1879,6437,43,30,40,0,0.0,Excel Benchmark
doogee_v30t_12368,326938,1538,3414,75,55,95,0,0.0,Excel Benchmark
doogee_s100_pro_12367,400000,700,1900,58,40,65,0,0.0,Excel Benchmark
doogee_t20s_12412,250000,480,1450,21,28,50,0,0.0,Excel Benchmark
doogee_v20_pro_12366,520000,800,2300,63,55,65,0,0.0,Excel Benchmark
doogee_t30_pro_12370,400000,700,1900,18,28,55,0,0.0,Excel Benchmark
doogee_x98_pro_12129,100000,250,800,23,30,35,0,0.0,Excel Benchmark
doogee_r10_12510,400000,700,1900,23,28,55,0,0.0,Excel Benchmark
doogee_s99_12128,380000,650,1850,58,40,85,0,0.0,Excel Benchmark
doogee_x98_12130,502465,1665,4795,21,30,35,0,0.0,Excel Benchmark
doogee_s100_12111,400000,700,1900,58,40,95,0,0.0,Excel Benchmark
doogee_v_max_12122,326938,1538,3414,60,55,65,0,0.0,Excel Benchmark
doogee_v30_12123,550000,800,2600,60,55,95,0,0.0,Excel Benchmark
doogee_t20_12132,250000,480,1450,23,28,55,0,0.0,Excel Benchmark
doogee_t10_11969,457479,1879,6437,23,28,55,0,0.0,Excel Benchmark
doogee_s96_gt_11934,360000,630,1800,30,30,75,0,0.0,Excel Benchmark
doogee_s89_11775,290000,530,1550,43,40,85,0,0.0,Excel Benchmark
doogee_s89_pro_11774,290000,530,1550,48,40,75,0,0.0,Excel Benchmark
doogee_x97_11814,502465,1665,4795,21,50,35,0,0.0,Excel Benchmark
doogee_d11_11799,343134,534,3402,16,28,20,0,0.0,Excel Benchmark
doogee_cs3_11798,250612,412,2036,16,28,20,0,0.0,Excel Benchmark
doogee_v11_11806,520000,800,2300,43,30,95,0,0.0,Excel Benchmark
doogee_s61_pro_11784,350000,620,1900,43,50,45,0,0.0,Excel Benchmark
doogee_s61_11785,350000,620,1900,23,50,45,0,0.0,Excel Benchmark
doogee_s51_13393,100000,250,800,23,50,45,0,0.0,Excel Benchmark
doogee_s98_pro_11802,380000,650,1850,43,45,85,0,0.0,Excel Benchmark
doogee_s35t_11790,480690,890,3470,21,30,35,0,0.0,Excel Benchmark
doogee_x96_11812,100000,250,850,16,30,45,0,0.0,Excel Benchmark
doogee_cr1_pro_11797,581563,1163,4289,16,28,20,0,0.0,Excel Benchmark
doogee_dg_ares_11796,463929,329,787,16,28,20,0,0.0,Excel Benchmark
doogee_x93_11808,55000,150,550,16,28,35,0,0.0,Excel Benchmark
doogee_x97_pro_11815,100000,250,800,21,50,35,0,0.0,Excel Benchmark
doogee_v10_11805,520000,800,2300,43,30,85,0,0.0,Excel Benchmark
doogee_n40_pro_11821,240000,450,1400,23,30,55,0,0.0,Excel Benchmark
doogee_s86_pro_11778,240000,450,1400,23,30,55,0,0.0,Excel Benchmark
doogee_v20_11807,520000,800,2300,48,55,85,0,0.0,Excel Benchmark
doogee_u7_13412,55000,150,550,16,28,25,0,0.0,Excel Benchmark
doogee_x96_pro_11813,100000,250,850,18,30,45,0,0.0,Excel Benchmark
doogee_s97_pro_11801,360000,630,1800,43,30,85,0,0.0,Excel Benchmark
doogee_cs2_11795,463929,329,787,16,28,20,0,0.0,Excel Benchmark
doogee_cr1_11793,463929,329,787,16,28,20,0,0.0,Excel Benchmark
doogee_s59_pro_11786,130000,300,950,23,30,55,0,0.0,Excel Benchmark
doogee_s86_11779,240000,450,1400,18,30,55,0,0.0,Excel Benchmark
doogee_s98_11804,380000,650,1850,48,45,85,0,0.0,Excel Benchmark
doogee_cs1_11794,369081,1081,4043,16,28,20,0,0.0,Excel Benchmark
doogee_s88_plus_11776,270000,500,1500,43,40,75,0,0.0,Excel Benchmark
doogee_s96_pro_11792,340000,600,1750,23,30,75,0,0.0,Excel Benchmark
doogee_s35_11791,549414,814,2242,21,30,35,0,0.0,Excel Benchmark
doogee_s58_pro_11788,130000,300,950,28,30,50,0,0.0,Excel Benchmark
doogee_n30_11820,215966,966,3698,18,30,40,0,0.0,Excel Benchmark
doogee_n20_pro_11816,240000,450,1400,23,40,35,0,0.0,Excel Benchmark
doogee_s40_pro_11789,332767,1567,3501,21,50,40,0,0.0,Excel Benchmark
doogee_x95_pro_11811,423621,1621,4663,21,33,35,0,0.0,Excel Benchmark
doogee_s88_pro_10754,168125,1447,1500,23,40,75,0,0.0,GSMArena Lab
doogee_s59_11787,332767,1567,3501,23,30,55,0,0.0,Excel Benchmark
doogee_x95_11810,223173,773,2119,21,28,35,0,0.0,Excel Benchmark
emporia_glam_6264,100000,250,900,16,23,20,0,0.0,Excel Benchmark
emporia_click_plus_6261,196521,521,2363,16,23,20,0,0.0,Excel Benchmark
emporia_essence_plus_6260,236388,988,3764,16,23,20,0,0.0,Excel Benchmark
emporia_solid_plus_6231,694617,1417,4051,16,23,20,0,0.0,Excel Benchmark
emporia_flip_basic_6263,100000,250,900,16,23,20,0,0.0,Excel Benchmark
emporia_elegance_plus_6229,236388,988,3764,16,23,20,0,0.0,Excel Benchmark
emporia_elegance_6259,236388,988,3764,16,23,20,0,0.0,Excel Benchmark
emporia_care_plus_6230,694617,1417,4051,16,23,20,0,0.0,Excel Benchmark
emporia_talk_comfort_plus_6258,640815,2015,5845,16,23,20,0,0.0,Excel Benchmark
emporia_rl1_6224,231241,241,2041,16,38,20,0,0.0,Estimated
emporia_connect_6228,593007,1807,4221,16,23,20,0,0.0,Excel Benchmark
emporia_click_6226,694617,1417,4051,16,23,20,0,0.0,Excel Benchmark
emporia_eco_6262,100000,250,900,16,23,20,0,0.0,Excel Benchmark
emporia_talk_premium_6223,231241,241,2041,16,23,20,0,0.0,Estimated
emporia_talk_comfort_6225,231241,241,2041,16,23,20,0,0.0,Estimated
energizer_ultimate_u6g_13547,420000,700,2000,38,30,60,0,0.0,Excel Benchmark
energizer_ultimate_u652s_12966,80000,200,700,16,30,35,0,0.0,Excel Benchmark
energizer_e246sc_13117,240288,888,4464,16,23,20,0,0.0,Excel Benchmark
energizer_e130s_12934,240288,888,4464,16,28,20,0,0.0,Excel Benchmark
energizer_hard_case_p28k_12825,400000,700,1900,45,40,65,0,0.0,Excel Benchmark
energizer_e288s_13137,80000,200,700,16,23,20,0,0.0,Excel Benchmark
energizer_u683s_12814,143154,554,1462,16,30,40,0,0.0,Excel Benchmark
energizer_e242s__12774,80000,200,700,16,28,20,0,0.0,Excel Benchmark
energizer_e13_12758,100000,250,900,16,28,20,0,0.0,Excel Benchmark
energizer_ultimate_65g_12906,520000,800,2300,28,30,40,0,0.0,Excel Benchmark
energizer_e244s_12767,240288,888,4464,16,23,20,0,0.0,Excel Benchmark
energizer_e4_11646,597615,815,2245,16,23,20,0,0.0,Excel Benchmark
energizer_e20__12740,100000,250,900,16,23,20,0,0.0,Excel Benchmark
energizer_e29_12734,312026,1026,3878,16,28,20,0,0.0,Excel Benchmark
energizer_u506s_12918,231241,241,2041,16,28,25,0,0.0,Estimated
energizer_ultimate_u608s_11634,502465,1665,4795,16,30,25,0,0.0,Excel Benchmark
energizer_e242s_11535,80000,200,700,16,28,20,0,0.0,Excel Benchmark
energizer_e284s_10068,440681,681,1843,16,28,20,0,0.0,Excel Benchmark
energizer_ultimate_u505s_10061,80000,200,700,16,28,25,0,0.0,Excel Benchmark
energizer_e282sc_11370,625703,1303,3709,16,28,20,0,0.0,Excel Benchmark
energizer_hard_case_g5_10998,85000,200,700,38,40,45,0,0.0,Excel Benchmark
energizer_e24_10952,387938,538,3414,16,28,20,0,0.0,Excel Benchmark
energizer_e28_10953,387938,538,3414,16,28,25,0,0.0,Excel Benchmark
energizer_e3_10951,387938,538,3414,16,28,20,0,0.0,Excel Benchmark
energizer_e2_10950,387938,538,3414,16,28,20,0,0.0,Excel Benchmark
energizer_hardcase_h621s_13116,130000,300,950,33,30,45,0,0.0,Excel Benchmark
energizer_u680s_10060,100000,250,850,21,30,50,0,0.0,Excel Benchmark
energizer_ultimate_u710s_10059,254592,392,976,21,40,50,0,0.0,Excel Benchmark
energizer_energy_e12_9684,387938,538,3414,16,28,20,0,0.0,Excel Benchmark
energizer_hardcase_h620s_10726,130000,300,950,33,50,45,0,0.0,Excel Benchmark
energizer_h67g_12801,370000,580,1750,31,45,45,0,0.0,Excel Benchmark
energizer_e280s_10066,180000,330,1200,16,28,25,0,0.0,Excel Benchmark
energizer_power_max_p8100s_9590,580000,750,2600,38,40,55,0,0.0,Excel Benchmark
energizer_hardcase_h10_9683,100000,250,900,16,28,20,0,0.0,Excel Benchmark
energizer_hardcase_h570s_9557,80000,200,700,23,50,50,0,0.0,Excel Benchmark
energizer_hardcase_h280s_9560,180000,330,1200,16,28,20,0,0.0,Excel Benchmark
energizer_hardcase_h501s_9559,80000,200,700,21,28,20,0,0.0,Excel Benchmark
energizer_hardcase_h241_9561,520373,1973,4719,16,28,20,0,0.0,Excel Benchmark
energizer_ultimate_u620s_pop_9548,270000,500,1500,16,40,30,0,0.0,Excel Benchmark
energizer_hardcase_h242_9562,50000,150,500,16,28,20,0,0.0,Estimated
energizer_energy_e241s_9569,180000,330,1200,16,28,20,0,0.0,Excel Benchmark
energizer_energy_e220s_9571,180000,330,1200,16,28,20,0,0.0,Excel Benchmark
energizer_power_max_p490_9243,55000,150,550,16,23,35,0,0.0,Excel Benchmark
energizer_energy_e241_9570,50000,150,500,16,28,20,0,0.0,Estimated
energizer_energy_e220_9572,30000,100,400,16,28,20,0,0.0,Estimated
energizer_energy_e500s_9241,70000,180,650,16,23,20,0,0.0,Excel Benchmark
energizer_power_max_p18k_pop_9573,270000,500,1500,16,40,55,0,0.0,Excel Benchmark
energizer_hardcase_h500s_9242,70000,180,650,21,25,25,0,0.0,Excel Benchmark
energizer_energy_e500_9240,55000,150,550,16,23,20,0,0.0,Excel Benchmark
energizer_energy_e11_9239,100000,250,900,16,23,20,0,0.0,Excel Benchmark
energizer_energy_e10__9238,100000,250,900,16,23,20,0,0.0,Excel Benchmark
energizer_power_max_p490s_9244,80000,200,700,16,23,35,0,0.0,Excel Benchmark
energizer_hardcase_h240s_8981,70000,180,650,16,23,20,0,0.0,Excel Benchmark
energizer_hardcase_h550s_8979,240000,500,1550,23,40,35,0,0.0,Excel Benchmark
energizer_power_max_p20_9195,387938,538,3414,16,23,35,0,0.0,Excel Benchmark
energizer_power_max_p16k_pro_9079,390508,1108,5124,23,40,25,0,0.0,Excel Benchmark
energizer_power_max_p600s_8974,240000,500,1550,25,40,40,0,0.0,Excel Benchmark
energizer_power_max_p550s_8975,70000,180,650,21,30,45,0,0.0,Excel Benchmark
energizer_energy_s550_8976,70000,180,650,21,30,25,0,0.0,Excel Benchmark
energizer_energy_100__2017__8982,231241,241,2041,16,23,20,0,0.0,Estimated
energizer_energy_e520_lte_8978,70000,180,650,21,30,35,0,0.0,Excel Benchmark
energizer_energy_s500e_8977,55000,150,550,16,23,20,0,0.0,Excel Benchmark
energizer_energy_e10_8983,231241,241,2041,16,23,20,0,0.0,Estimated
energizer_energy_e20_8984,231241,241,2041,16,23,20,0,0.0,Estimated
energizer_energy_400_lte_8980,70000,180,650,16,23,20,0,0.0,Excel Benchmark
energizer_energy_500_7721,412178,778,2134,21,30,25,0,0.0,Excel Benchmark
energizer_energy_400_7722,30000,100,400,16,28,20,0,0.0,Estimated
energizer_energy_240_7723,231241,241,2041,16,23,20,0,0.0,Estimated
energizer_energy_200_7724,231241,241,2041,16,23,20,0,0.0,Estimated
energizer_energy_100_7920,231241,241,2041,16,23,20,0,0.0,Estimated
energizer_energy_e401_9568,55000,150,550,16,28,20,0,0.0,Excel Benchmark
energizer_hardcase_h242s_9563,50000,150,500,16,28,20,0,0.0,Estimated
energizer_energy_e551s_9567,70000,180,650,16,28,20,0,0.0,Excel Benchmark
energizer_hardcase_h591s_9556,254592,392,976,21,40,45,0,0.0,Excel Benchmark
energizer_ultimate_u620s_9549,340000,600,1850,28,30,35,0,0.0,Excel Benchmark
energizer_ultimate_u630s_pop_9547,130000,300,950,21,30,25,0,0.0,Excel Benchmark
energizer_ultimate_u570s_9550,502465,1665,4795,28,30,25,0,0.0,Excel Benchmark
energizer_ultimate_u650s_9546,130000,300,950,28,30,25,0,0.0,Excel Benchmark
ericsson_t66_282,231241,241,2041,16,23,20,0,0.0,Estimated
ericsson_r600_283,231241,241,2041,16,28,20,0,0.0,Estimated
ericsson_t68_253,231241,241,2041,16,23,20,0,0.0,Estimated
ericsson_t65_266,231241,241,2041,16,23,20,0,0.0,Estimated
ericsson_t39_252,231241,241,2041,16,23,20,0,0.0,Estimated
ericsson_a3618_262,231241,241,2041,16,23,20,0,0.0,Estimated
ericsson_r520m_199,231241,241,2041,16,23,20,0,0.0,Estimated
ericsson_t29s_225,231241,241,2041,16,23,20,0,0.0,Estimated
ericsson_t20e_251,231241,241,2041,16,23,20,0,0.0,Estimated
ericsson_t20s_211,231241,241,2041,16,23,20,0,0.0,Estimated
ericsson_t36_190,231241,241,2041,16,23,20,0,0.0,Estimated
ericsson_a2628_226,231241,241,2041,16,23,20,0,0.0,Estimated
ericsson_r320_194,231241,241,2041,16,23,20,0,0.0,Estimated
ericsson_r310s_200,231241,241,2041,16,23,20,0,0.0,Estimated
ericsson_t28_world_118,231241,241,2041,16,23,20,0,0.0,Estimated
ericsson_r380_195,231241,241,2041,16,23,20,0,0.0,Estimated
ericsson_t10s_115,231241,241,2041,16,23,20,0,0.0,Estimated
ericsson_t18s_116,231241,241,2041,16,23,20,0,0.0,Estimated
ericsson_t28s_117,231241,241,2041,16,23,20,0,0.0,Estimated
ericsson_a1018s_114,231241,241,2041,16,23,20,0,0.0,Estimated
ericsson_r250s_pro_119,231241,241,2041,16,23,20,0,0.0,Estimated
ericsson_i_888_113,231241,241,2041,16,23,20,0,0.0,Estimated
ericsson_sh_888_112,231241,241,2041,16,23,20,0,0.0,Estimated
ericsson_a2618_193,231241,241,2041,16,23,20,0,0.0,Estimated
ericsson_s_868_111,231241,241,2041,16,23,20,0,0.0,Estimated
ericsson_gf_788e_110,231241,241,2041,16,23,20,0,0.0,Estimated
ericsson_gf_768_107,231241,241,2041,16,23,20,0,0.0,Estimated
ericsson_gf_788_109,231241,241,2041,16,23,20,0,0.0,Estimated
ericsson_pf_768_108,231241,241,2041,16,23,20,0,0.0,Estimated
ericsson_gh_688_106,231241,241,2041,16,23,20,0,0.0,Estimated
ericsson_ga_628_105,231241,241,2041,16,23,20,0,0.0,Estimated
ericsson_gh_388_103,231241,241,2041,16,23,20,0,0.0,Estimated
ericsson_gf_388_104,231241,241,2041,16,23,20,0,0.0,Estimated
ericsson_gs_337_102,231241,241,2041,16,23,20,0,0.0,Estimated
ericsson_gs_18_98,231241,241,2041,16,23,20,0,0.0,Estimated
ericsson_ga_318_99,231241,241,2041,16,23,20,0,0.0,Estimated
ericsson_gh_337_100,231241,241,2041,16,23,20,0,0.0,Estimated
ericsson_gf_337_101,231241,241,2041,16,23,20,0,0.0,Estimated
ericsson_gh_218_96,231241,241,2041,16,23,20,0,0.0,Estimated
ericsson_go_118_97,231241,241,2041,16,23,20,0,0.0,Estimated
eten_glofiish_v900_2418,231241,241,2041,16,23,20,0,0.0,Estimated
eten_glofiish_x610_2419,231241,241,2041,16,23,20,0,0.0,Estimated
eten_glofiish_x900_2417,231241,241,2041,16,23,20,0,0.0,Estimated
eten_glofiish_dx900_2416,231241,241,2041,16,23,20,0,0.0,Estimated
eten_glofiish_m750_2344,231241,241,2041,16,23,20,0,0.0,Estimated
eten_glofiish_m810_2343,231241,241,2041,16,23,20,0,0.0,Estimated
eten_glofiish_x650_2204,231241,241,2041,16,23,20,0,0.0,Estimated
eten_glofiish_m800_2163,231241,241,2041,16,23,20,0,0.0,Estimated
eten_glofiish_x600_2162,231241,241,2041,16,23,20,0,0.0,Estimated
eten_glofiish_x500__1986,231241,241,2041,16,23,20,0,0.0,Estimated
eten_glofiish_x800_1926,231241,241,2041,16,23,20,0,0.0,Estimated
eten_glofiish_m700_1788,231241,241,2041,16,23,20,0,0.0,Estimated
eten_glofiish_x500_1764,231241,241,2041,16,23,20,0,0.0,Estimated
eten_m550_1848,231241,241,2041,16,23,20,0,0.0,Estimated
eten_g500__1655,231241,241,2041,16,23,20,0,0.0,Estimated
eten_m500_1223,231241,241,2041,16,23,20,0,0.0,Estimated
eten_m600_1337,231241,241,2041,16,23,20,0,0.0,Estimated
eten_g500_1418,231241,241,2041,16,23,20,0,0.0,Estimated
eten_p300b_1224,231241,241,2041,16,23,20,0,0.0,Estimated
eten_p700_1226,231241,241,2041,16,23,20,0,0.0,Estimated
eten_m600__1582,231241,241,2041,16,23,20,0,0.0,Estimated
eten_p300_1225,231241,241,2041,16,23,20,0,0.0,Estimated
fairphone_6__5g_14883,171736,736,2008,65,58,40,0,0.0,Excel Benchmark
fairphone_5_12540,659615,2886,2625,65,48,40,772,0.0,GSMArena Lab
fairphone_6_13955,144561,561,1483,75,58,40,0,0.0,Excel Benchmark
fairphone_3__10069,120000,280,1000,45,40,25,0,0.0,Excel Benchmark
fairphone_3_10397,120000,280,1000,25,40,25,0,0.0,Excel Benchmark
fairphone_4_11136,380000,650,2000,58,40,30,0,0.0,Excel Benchmark
fujitsu_siemens_t830_1954,231241,241,2041,16,23,20,0,0.0,Estimated
fujitsu_siemens_t810_1953,231241,241,2041,16,23,20,0,0.0,Estimated
garmin_asus_a10_3295,231241,241,2041,16,23,20,0,0.0,Estimated
garmin_asus_nuvifone_a50_3139,374909,1309,2727,16,23,20,0,0.0,Excel Benchmark
garmin_asus_nuvifone_g60_2725,231241,241,2041,16,23,20,0,0.0,Estimated
garmin_asus_nuvifone_m10_3097,374909,1309,2727,16,23,20,0,0.0,Excel Benchmark
garmin_asus_nuvifone_m20_2724,15000,60,250,16,23,20,0,0.0,Estimated
gigabyte_gsmart_essence_4_7703,30000,100,400,16,23,20,0,0.0,Estimated
gigabyte_gsmart_essence_7701,50000,150,500,16,28,20,0,0.0,Estimated
gigabyte_gsmart_classic_lite_7702,50000,150,500,16,28,20,0,0.0,Estimated
gigabyte_gsmart_akta_a4_6832,664363,1963,4689,21,28,20,0,0.0,Excel Benchmark
gigabyte_gsmart_mika_mx_6988,35000,120,450,16,28,25,0,0.0,Estimated
gigabyte_gsmart_mika_m3_6797,412178,778,2134,23,30,20,0,0.0,Excel Benchmark
gigabyte_gsmart_roma_rx_6989,412178,778,2134,16,28,20,0,0.0,Excel Benchmark
gigabyte_gsmart_gx2_6587,30000,110,420,21,40,20,0,0.0,Estimated
gigabyte_gsmart_guru__white_edition__6586,553760,1960,4680,21,40,25,0,0.0,Excel Benchmark
gigabyte_gsmart_classic_7700,50000,150,500,16,30,20,0,0.0,Estimated
gigabyte_gsmart_guru_gx_6985,536428,1028,3884,21,40,20,0,0.0,Excel Benchmark
gigabyte_gsmart_t4__lite_edition__6585,30000,100,400,16,23,20,0,0.0,Estimated
gigabyte_gsmart_t4_6335,30000,100,400,16,28,20,0,0.0,Estimated
gigabyte_gsmart_saga_s3_6334,412178,778,2134,16,30,25,0,0.0,Excel Benchmark
gigabyte_gsmart_guru_5807,553760,1960,4680,21,40,20,0,0.0,Excel Benchmark
gigabyte_gsmart_alto_a2_5809,30000,100,400,16,23,20,0,0.0,Estimated
gigabyte_gsmart_rey_r3_6211,30000,100,400,16,28,20,0,0.0,Estimated
gigabyte_gsmart_roma_r2_5808,30000,100,400,16,28,20,0,0.0,Estimated
gigabyte_gsmart_aku_a1_5610,141928,528,1384,16,23,20,0,0.0,Excel Benchmark
gigabyte_gsmart_sierra_s1_5516,141928,528,1384,21,30,20,0,0.0,Excel Benchmark
gigabyte_gsmart_arty_a3_6584,412178,778,2134,16,28,20,0,0.0,Excel Benchmark
gigabyte_gsmart_mika_m2_6583,412178,778,2134,21,30,20,0,0.0,Excel Benchmark
gigabyte_gsmart_tuku_t2_5611,12000,50,200,16,23,20,0,0.0,Estimated
gigabyte_gsmart_simba_sx1_5515,30000,110,420,21,30,20,0,0.0,Estimated
gigabyte_gsmart_maya_m1_5401,151085,285,655,16,28,20,0,0.0,Excel Benchmark
gigabyte_gsmart_maya_m1_v2_5551,141928,528,1384,16,28,20,0,0.0,Excel Benchmark
gigabyte_gsmart_gs202_5174,151085,285,655,16,28,20,0,0.0,Excel Benchmark
gigabyte_gsmart_rio_r1_5400,12000,50,200,16,28,20,0,0.0,Estimated
gigabyte_gsmart_g1362_4935,12000,50,200,16,23,20,0,0.0,Estimated
gigabyte_gsmart_g1355_4547,578836,1836,5308,16,23,20,0,0.0,Excel Benchmark
gigabyte_gsmart_g1345_4190,578836,1836,5308,16,23,20,0,0.0,Excel Benchmark
gigabyte_gsmart_g1342_houston_4637,527403,1003,2809,16,23,20,0,0.0,Excel Benchmark
gigabyte_gsmart_g1317_rola_3694,320486,1486,3258,16,23,20,0,0.0,Excel Benchmark
gigabyte_gsmart_g1310_3720,478307,1107,4121,16,23,20,0,0.0,Excel Benchmark
gigabyte_gsmart_g1315_skate_3897,478307,1107,4121,16,23,20,0,0.0,Excel Benchmark
gigabyte_gsmart_s1205_3202,231241,241,2041,16,23,20,0,0.0,Estimated
gigabyte_gsmart_mw702_2880,231241,241,2041,16,23,20,0,0.0,Estimated
gigabyte_gsmart_ms820_2415,231241,241,2041,16,23,20,0,0.0,Estimated
gigabyte_gsmart_ms800_2414,231241,241,2041,16,23,20,0,0.0,Estimated
gigabyte_gsmart_s1200_2720,15000,60,250,16,23,20,0,0.0,Estimated
gigabyte_gsmart_m3447_3763,231241,241,2041,16,23,20,0,0.0,Estimated
gigabyte_gsmart_mw700_2326,231241,241,2041,16,23,20,0,0.0,Estimated
gigabyte_gsmart_3094,320486,1486,3258,16,23,20,0,0.0,Excel Benchmark
gigabyte_gsmart_i350_2072,231241,241,2041,16,23,20,0,0.0,Estimated
gigabyte_gsmart_g1305_boston_3201,374909,1309,2727,16,23,20,0,0.0,Excel Benchmark
gigabyte_gsmart_t600_1917,231241,241,2041,16,23,20,0,0.0,Estimated
gigabyte_gsmart_i300_1817,231241,241,2041,16,23,20,0,0.0,Estimated
gigabyte_gsmart_mw998_2327,231241,241,2041,16,23,20,0,0.0,Estimated
gigabyte_gsmart_2005_1760,231241,241,2041,16,23,20,0,0.0,Estimated
gigabyte_gsmart_q60_1918,231241,241,2041,16,23,20,0,0.0,Estimated
gigabyte_gsmart_i_1759,231241,241,2041,16,23,20,0,0.0,Estimated
gigabyte_gsmart_i120_1795,231241,241,2041,16,23,20,0,0.0,Estimated
gigabyte_gsmart_ms802_2879,231241,241,2041,16,23,20,0,0.0,Estimated
gigabyte_gsmart_i__128__1758,231241,241,2041,16,23,20,0,0.0,Estimated
gigabyte_g_yoyo_1755,231241,241,2041,16,23,20,0,0.0,Estimated
gigabyte_g_cam_1753,231241,241,2041,16,23,20,0,0.0,Estimated
gigabyte_g_re__b__1751,231241,241,2041,16,23,20,0,0.0,Estimated
gigabyte_barbie_1752,231241,241,2041,16,23,20,0,0.0,Estimated
gigabyte_g_re__o__1750,231241,241,2041,16,23,20,0,0.0,Estimated
gigabyte_keroro_1754,231241,241,2041,16,23,20,0,0.0,Estimated
gigabyte_doraemon_1748,231241,241,2041,16,23,20,0,0.0,Estimated
gigabyte_g_x5_1747,231241,241,2041,16,23,20,0,0.0,Estimated
gigabyte_snoopy_1749,231241,241,2041,16,23,20,0,0.0,Estimated
gionee_smartwatch_7_10957,231241,241,2041,16,28,20,0,0.0,Estimated
gionee_p15_11027,100000,250,850,23,30,45,0,0.0,Excel Benchmark
gionee_m15_10931,340000,600,1750,23,40,50,0,0.0,Excel Benchmark
gionee_g13_pro_11339,180000,400,1000,21,30,25,0,0.0,Excel Benchmark
gionee_m3_10835,240000,450,1400,18,30,50,0,0.0,Excel Benchmark
gionee_max_pro_10757,100000,250,850,23,30,50,0,0.0,Excel Benchmark
gionee_p12_10638,110060,260,580,21,30,25,0,0.0,Excel Benchmark
gionee_m12_10600,673292,1092,5076,23,30,45,0,0.0,Excel Benchmark
gionee_p15_pro_10814,350000,620,1900,23,30,50,0,0.0,Excel Benchmark
gionee_k30_pro_10628,390305,1505,5315,28,30,40,0,0.0,Excel Benchmark
gionee_s12_lite_10477,673292,1092,5076,23,30,35,0,0.0,Excel Benchmark
gionee_s12_10534,673292,1092,5076,21,30,35,0,0.0,Excel Benchmark
gionee_max_10391,100000,250,850,21,30,45,0,0.0,Excel Benchmark
gionee_f205_9182,80000,200,700,16,50,20,0,0.0,Excel Benchmark
gionee_k6_10270,240000,450,1400,21,30,35,0,0.0,Excel Benchmark
gionee_m30_10392,240000,450,1400,23,50,55,0,0.0,Excel Benchmark
gionee_s11s_8948,240000,500,1550,21,50,25,0,0.0,Excel Benchmark
gionee_k3_pro_10389,240000,450,1400,21,30,35,0,0.0,Excel Benchmark
gionee_s11_8949,390508,1108,5124,21,40,25,0,0.0,Excel Benchmark
gionee_s11_lite_8951,45000,140,500,28,50,25,0,0.0,Estimated
gionee_m7_plus_8950,170000,350,1300,23,50,45,0,0.0,Excel Benchmark
gionee_m7_power_8879,50000,150,550,23,50,45,0,0.0,Estimated
gionee_m7_8874,240000,500,1550,23,50,35,0,0.0,Excel Benchmark
gionee_x1_8815,70000,180,650,18,30,25,0,0.0,Excel Benchmark
gionee_x1s_8871,70000,180,650,28,30,35,0,0.0,Excel Benchmark
gionee_a1_lite_8724,240000,500,1550,28,30,35,0,0.0,Excel Benchmark
gionee_s10_8648,240000,500,1550,21,40,25,0,0.0,Excel Benchmark
gionee_s10b_8701,240000,500,1550,28,40,25,0,0.0,Excel Benchmark
gionee_s10c_8702,411929,329,2787,28,30,25,0,0.0,Excel Benchmark
gionee_a1_plus_8606,240000,500,1550,28,40,40,0,0.0,Excel Benchmark
gionee_a1_8581,240000,500,1550,28,40,35,0,0.0,Excel Benchmark
gionee_f5_8565,240000,500,1550,23,30,35,0,0.0,Excel Benchmark
gionee_m2017_8495,476041,2041,6923,40,60,55,0,0.0,Excel Benchmark
gionee_steel_2_8521,70000,180,650,16,30,35,0,0.0,Excel Benchmark
gionee_p8_max_8499,70000,180,650,23,30,25,0,0.0,Excel Benchmark
gionee_s9_8432,240000,500,1550,21,40,25,0,0.0,Excel Benchmark
gionee_m6s_plus_8673,476041,2041,6923,18,50,55,0,0.0,Excel Benchmark
gionee_p7_8241,231241,241,2041,16,30,20,0,0.0,Estimated
gionee_f103_pro_8369,231241,241,2041,21,30,20,0,0.0,Estimated
gionee_p7_max_8366,359621,1621,4663,21,30,25,0,0.0,Excel Benchmark
gionee_s6s_8289,240000,500,1550,23,40,25,0,0.0,Excel Benchmark
gionee_m6_8234,240000,500,1550,23,50,45,0,0.0,Excel Benchmark
gionee_w909_8006,240000,500,1550,21,30,20,0,0.0,Excel Benchmark
gionee_s6_pro_8139,240000,500,1550,23,40,25,0,0.0,Excel Benchmark
gionee_p5_mini_8013,55000,150,550,16,28,20,0,0.0,Excel Benchmark
gionee_s8_7919,240000,500,1550,28,50,25,0,0.0,Excel Benchmark
gionee_m6_plus_8235,240000,500,1550,28,50,50,0,0.0,Excel Benchmark
gionee_marathon_m5_enjoy_7831,455515,715,1945,16,25,45,0,0.0,Excel Benchmark
gionee_marathon_m5_mini_7881,55000,150,550,16,30,35,0,0.0,Excel Benchmark
gionee_marathon_m5_plus_7830,240000,500,1550,21,50,45,0,0.0,Excel Benchmark
gionee_marathon_m5_lite_7803,455515,715,1945,16,30,35,0,0.0,Excel Benchmark
gionee_s6_7754,240000,500,1550,21,40,25,0,0.0,Excel Benchmark
gionee_elife_s_plus_7732,240000,500,1550,21,40,25,0,0.0,Excel Benchmark
gionee_pioneer_p5w_7800,455515,715,1945,16,30,20,0,0.0,Excel Benchmark
gionee_f103_7653,455515,715,1945,16,30,20,0,0.0,Excel Benchmark
gionee_elife_e8_7254,471272,1072,3016,35,60,25,0,0.0,Excel Benchmark
gionee_marathon_m4_7471,231241,241,2041,16,40,45,0,0.0,Estimated
gionee_marathon_m5_7259,455515,715,1945,21,40,50,0,0.0,Excel Benchmark
gionee_s5_1_pro_7541,240000,500,1550,23,40,20,0,0.0,Excel Benchmark
gionee_pioneer_p4s_7215,412178,778,2134,16,23,20,0,0.0,Excel Benchmark
gionee_pioneer_p2m_7806,55000,150,550,16,28,25,0,0.0,Excel Benchmark
gionee_elife_s7_7032,240000,500,1550,23,50,20,0,0.0,Excel Benchmark
gionee_pioneer_p2s_7804,30000,100,400,16,23,20,0,0.0,Estimated
gionee_pioneer_p3s_7805,55000,150,550,16,28,20,0,0.0,Excel Benchmark
gionee_s96_7809,100000,250,900,16,23,20,0,0.0,Excel Benchmark
gionee_l700_7807,95000,240,850,16,23,20,0,0.0,Excel Benchmark
gionee_marathon_m3_6781,231241,241,2041,16,30,45,0,0.0,Estimated
gionee_elife_s5_1_6540,664363,1963,4689,16,40,20,0,0.0,Excel Benchmark
gionee_pioneer_p5l_7199,412178,778,2134,16,30,20,0,0.0,Excel Benchmark
gionee_pioneer_p4_6711,534665,1865,4395,16,23,20,0,0.0,Excel Benchmark
gionee_ctrl_v6l_7198,30000,110,420,16,30,20,0,0.0,Estimated
gionee_pioneer_p6_7037,231241,241,2041,16,23,20,0,0.0,Estimated
gionee_l800_7808,95000,240,850,16,23,25,0,0.0,Excel Benchmark
gionee_ctrl_v5_6340,534665,1865,4395,16,28,20,0,0.0,Excel Benchmark
gionee_elife_e6_6083,231241,241,2041,21,40,20,0,0.0,Estimated
gionee_elife_s5_5_6109,664363,1963,4689,21,50,20,0,0.0,Excel Benchmark
gionee_elife_e7_mini_6119,664363,1963,4689,21,30,20,0,0.0,Excel Benchmark
gionee_elife_e7_6082,85000,200,700,23,40,20,0,0.0,Excel Benchmark
gionee_elife_e5_6084,231241,241,2041,16,40,20,0,0.0,Estimated
gionee_gpad_g5_6892,681353,953,3659,16,30,20,0,0.0,Excel Benchmark
gionee_m2_6086,231241,241,2041,16,23,35,0,0.0,Estimated
gionee_gpad_g4_6087,231241,241,2041,21,30,25,0,0.0,Estimated
gionee_gpad_g2_6351,231241,241,2041,16,28,25,0,0.0,Estimated
gionee_gpad_g3_6088,141928,528,1384,16,23,20,0,0.0,Excel Benchmark
gionee_gpad_g1_6089,231241,241,2041,16,23,20,0,0.0,Estimated
gionee_pioneer_p2_6091,231241,241,2041,16,23,20,0,0.0,Estimated
gionee_pioneer_p3_6090,231241,241,2041,16,23,20,0,0.0,Estimated
gionee_elife_e3_6085,231241,241,2041,16,30,20,0,0.0,Estimated
gionee_pioneer_p1_6092,231241,241,2041,16,23,20,0,0.0,Estimated
gionee_ctrl_v2_6094,231241,241,2041,16,28,20,0,0.0,Estimated
gionee_ctrl_v4s_6822,231241,241,2041,16,28,20,0,0.0,Estimated
gionee_ctrl_v3_6095,231241,241,2041,16,28,20,0,0.0,Estimated
gionee_dream_d1_6097,231241,241,2041,16,40,20,0,0.0,Estimated
gionee_ctrl_v4_6096,231241,241,2041,16,23,20,0,0.0,Estimated
gionee_ctrl_v1_6093,231241,241,2041,16,23,20,0,0.0,Estimated
google_pixel_11_pro_fold_14874,700000,1050,3200,68,75,65,0,0.0,Excel Benchmark
google_pixel_11_pro_5g_14801,700000,1050,3200,78,75,65,0,0.0,Excel Benchmark
google_pixel_watch_5_14860,406363,1963,6689,16,58,20,0,0.0,Excel Benchmark
google_pixel_10a_5g_14474,1523637,4545,3200,53,85,70,2169,15.22,GSMArena Lab
google_pixel_11_pro_xl_5g_14800,1994033,7535,3200,78,75,85,2333,16.75,GSMArena Lab
google_pixel_11_5g_14799,700000,1050,3200,68,85,65,0,0.0,Excel Benchmark
google_pixel_10_pro_fold_14014,700000,1050,3200,68,65,70,0,0.0,Excel Benchmark
google_pixel_10_pro_xl_5g_13988,1548670,6497,3200,78,75,85,2340,12.48,GSMArena Lab
google_pixel_10_pro_5g_13987,1470445,6195,3200,78,75,65,0,12.1,GSMArena Lab
google_pixel_watch_4_14088,406363,1963,6689,16,58,20,0,0.0,Excel Benchmark
google_pixel_9a_13478,1254417,4527,3200,53,75,70,1930,12.7,GSMArena Lab
google_pixel_9_pro_xl_13217,1380138,4854,3200,78,75,80,2365,12.53,GSMArena Lab
google_pixel_9_pro_13218,1088917,3850,3200,78,75,65,2331,13.18,GSMArena Lab
google_pixel_9_13219,1224020,4489,3200,58,75,65,2232,13.08,GSMArena Lab
google_pixel_8a_12937,1193520,4384,5068,53,85,60,1508,11.42,GSMArena Lab
google_pixel_watch_3_13253,154180,380,940,16,58,20,0,0.0,Excel Benchmark
google_pixel_10_5g_13979,1411380,5857,3200,68,85,65,2030,12.13,GSMArena Lab
google_pixel_8_pro_12545,1151243,3613,5068,73,65,70,1600,11.23,GSMArena Lab
google_pixel_8_12546,1158631,3526,5068,58,75,65,1446,11.28,GSMArena Lab
google_pixel_watch_2_12547,376883,483,2249,16,48,20,0,0.0,Excel Benchmark
google_pixel_tablet_11905,950000,1452,4765,18,28,55,0,0.0,Excel Benchmark
google_pixel_9_pro_fold_13220,1222228,4783,3200,68,75,65,2199,11.9,GSMArena Lab
google_pixel_7a_12170,765281,3191,4765,53,55,60,1070,0.0,GSMArena Lab
google_pixel_7_pro_11908,796369,3187,4765,70,85,70,1090,0.0,GSMArena Lab
google_pixel_7_11903,813114,3288,4765,55,65,60,974,0.0,GSMArena Lab
google_pixel_watch_11546,273383,983,2749,16,48,40,0,0.0,Excel Benchmark
google_pixel_fold_12265,950000,1452,4765,70,75,60,0,0.0,Excel Benchmark
google_pixel_6a_11229,700000,1050,3200,40,50,40,876,0.0,Excel Benchmark
google_pixel_6_11037,676831,2899,3200,55,55,65,0,0.0,GSMArena Lab
google_pixel_6_pro_10918,719815,2831,3200,68,75,70,846,0.0,GSMArena Lab
google_pixel_5a_5g_11059,291303,1337,1900,45,50,45,861,0.0,GSMArena Lab
google_pixel_5_10386,350000,620,1900,45,55,60,699,0.0,Excel Benchmark
google_pixel_4a_5g_10385,350000,620,1900,45,50,30,0,0.0,Excel Benchmark
google_pixel_4a_10123,268714,6426,1700,40,50,30,803,0.0,GSMArena Lab
google_pixel_4_9896,395351,2542,2600,60,55,45,423,0.0,GSMArena Lab
google_pixel_3a_xl_9690,176612,5176,1500,40,50,30,451,0.0,GSMArena Lab
google_pixel_3_9256,285044,8337,2200,38,50,45,0,0.0,GSMArena Lab
google_pixel_2_8733,300000,6437,1800,40,50,20,0,0.0,Excel Benchmark
google_pixel_2_xl_8720,206711,6055,1800,40,60,25,0,0.0,GSMArena Lab
google_pixel_3_xl_9257,341814,8088,2200,38,60,50,0,0.0,GSMArena Lab
google_pixel_8346,200000,350,1300,20,50,25,0,0.0,Excel Benchmark
google_pixel_3a_9408,230000,480,1500,40,50,30,0,0.0,Excel Benchmark
google_pixel_xl_8345,200000,350,1300,20,60,30,0,0.0,Excel Benchmark
google_pixel_c_7826,529708,308,2724,16,28,50,0,0.0,Excel Benchmark
google_pixel_4_xl_9895,403267,10171,2600,60,65,50,0,0.0,GSMArena Lab
haier_c300_9170,100000,250,900,16,23,20,0,0.0,Excel Benchmark
haier_g8_9057,70000,180,650,18,30,20,0,0.0,Excel Benchmark
haier_l8_9055,75000,200,750,18,40,35,0,0.0,Excel Benchmark
haier_hurricane_9169,240000,500,1550,23,50,25,0,0.0,Excel Benchmark
haier_i6_9056,240000,500,1550,23,50,25,0,0.0,Excel Benchmark
haier_l7_9048,45000,140,500,21,40,30,0,0.0,Estimated
haier_g51_9050,70000,180,650,16,28,20,0,0.0,Excel Benchmark
haier_u60_3388,231241,241,2041,16,23,20,0,0.0,Estimated
haier_u69_3389,231241,241,2041,16,23,20,0,0.0,Estimated
haier_u56_3387,231241,241,2041,16,23,20,0,0.0,Estimated
haier_u53_3386,231241,241,2041,16,23,20,0,0.0,Estimated
haier_k3_3385,231241,241,2041,16,23,20,0,0.0,Estimated
haier_a66_3384,231241,241,2041,16,23,20,0,0.0,Estimated
haier_v700_3382,231241,241,2041,16,23,20,0,0.0,Estimated
haier_m320__3381,231241,241,2041,16,23,20,0,0.0,Estimated
haier_m300_3379,231241,241,2041,16,23,20,0,0.0,Estimated
haier_m306_3380,231241,241,2041,16,23,20,0,0.0,Estimated
haier_m180_3376,231241,241,2041,16,23,20,0,0.0,Estimated
haier_m160_3378,231241,241,2041,16,23,20,0,0.0,Estimated
haier_m150_3377,231241,241,2041,16,23,20,0,0.0,Estimated
haier_a7_1767,231241,241,2041,16,23,20,0,0.0,Estimated
haier_v730_3383,231241,241,2041,16,23,20,0,0.0,Estimated
haier_p8_1689,231241,241,2041,16,23,20,0,0.0,Estimated
haier_a600_1688,231241,241,2041,16,28,20,0,0.0,Estimated
haier_m2000_1687,231241,241,2041,16,23,20,0,0.0,Estimated
haier_m1100_1685,231241,241,2041,16,23,20,0,0.0,Estimated
haier_m1200_1686,231241,241,2041,16,23,20,0,0.0,Estimated
haier_m1000_1684,231241,241,2041,16,23,20,0,0.0,Estimated
haier_m260_1679,231241,241,2041,16,23,20,0,0.0,Estimated
haier_m80_1680,231241,241,2041,16,23,20,0,0.0,Estimated
haier_n90_1678,231241,241,2041,16,23,20,0,0.0,Estimated
haier_n60_1192,231241,241,2041,16,23,20,0,0.0,Estimated
haier_n70_1674,231241,241,2041,16,23,20,0,0.0,Estimated
haier_t3000_1176,231241,241,2041,16,23,20,0,0.0,Estimated
haier_v280_1175,231241,241,2041,16,23,20,0,0.0,Estimated
haier_f1100_1016,231241,241,2041,16,23,20,0,0.0,Estimated
haier_l1000_1015,231241,241,2041,16,38,20,0,0.0,Estimated
haier_g7_9049,70000,180,650,16,30,20,0,0.0,Excel Benchmark
haier_p7_939,231241,241,2041,16,23,20,0,0.0,Estimated
haier_v6200_976,231241,241,2041,16,23,20,0,0.0,Estimated
haier_v6000_842,231241,241,2041,16,23,20,0,0.0,Estimated
haier_p6_837,231241,241,2041,16,23,20,0,0.0,Estimated
haier_v2000_841,231241,241,2041,16,23,20,0,0.0,Estimated
haier_v200_974,231241,241,2041,16,23,20,0,0.0,Estimated
haier_v7000_977,231241,241,2041,16,23,20,0,0.0,Estimated
haier_v160_972,231241,241,2041,16,23,20,0,0.0,Estimated
haier_z300_971,231241,241,2041,16,23,20,0,0.0,Estimated
haier_v190_973,231241,241,2041,16,23,20,0,0.0,Estimated
haier_m600_black_pearl_1742,231241,241,2041,16,38,20,0,0.0,Estimated
haier_v6100_975,231241,241,2041,16,23,20,0,0.0,Estimated
haier_z100_970,231241,241,2041,16,23,20,0,0.0,Estimated
haier_v1000_840,231241,241,2041,16,23,20,0,0.0,Estimated
haier_v100_839,231241,241,2041,16,23,20,0,0.0,Estimated
haier_z7000_969,231241,241,2041,16,23,20,0,0.0,Estimated
haier_z7100_968,231241,241,2041,16,23,20,0,0.0,Estimated
haier_z3000_966,231241,241,2041,16,23,20,0,0.0,Estimated
haier_d6000_835,231241,241,2041,16,23,20,0,0.0,Estimated
haier_p5_836,231241,241,2041,16,23,20,0,0.0,Estimated
haier_z8000_838,231241,241,2041,16,23,20,0,0.0,Estimated
hmd_vibe_2_5g_14668,180000,330,1200,38,45,55,0,0.0,Excel Benchmark
hmd_102_14914,438185,1385,4955,16,23,45,0,0.0,Excel Benchmark
hmd_asha_305_lite_14832,80000,200,700,16,23,20,0,0.0,Excel Benchmark
hmd_terra_m_14480,200542,342,826,16,33,20,0,0.0,Excel Benchmark
hmd_luma_14517,410830,1030,2890,38,50,50,0,0.0,Excel Benchmark
hmd_arc_2_14788,100000,250,850,21,28,45,0,0.0,Excel Benchmark
hmd_101_14349,461409,1809,6227,16,23,20,0,0.0,Excel Benchmark
hmd_watch_p1_14448,231241,241,2041,16,33,20,0,0.0,Estimated
hmd_touch_4g_14208,895197,1997,5791,16,28,20,0,0.0,Excel Benchmark
hmd_vibe_5g_14145,260880,1080,4040,38,35,50,0,0.0,Excel Benchmark
hmd_102_4g_14147,654214,1614,5642,16,23,20,0,0.0,Excel Benchmark
hmd_101_4g_14146,654214,1614,5642,16,23,20,0,0.0,Excel Benchmark
hmd_3210_13714,240288,888,4464,16,23,20,0,0.0,Excel Benchmark
hmd_watch_x1_14447,231241,241,2041,16,38,20,0,0.0,Estimated
hmd_100_14348,461409,1809,6227,16,23,20,0,0.0,Excel Benchmark
hmd_2660_flip_13690,240288,888,4464,16,23,20,0,0.0,Excel Benchmark
hmd_ivalo_xe_5g_14207,320000,600,1800,50,65,40,0,0.0,Excel Benchmark
hmd_150_music_13689,313712,1512,3336,16,23,20,0,0.0,Excel Benchmark
hmd_aura_2_13661,100000,250,850,21,28,45,0,0.0,Excel Benchmark
hmd_arc_13576,100000,250,850,21,28,45,0,0.0,Excel Benchmark
hmd_130_music_13687,313712,1512,3336,16,23,20,0,0.0,Excel Benchmark
hmd_key_13605,80000,200,700,16,28,35,0,0.0,Excel Benchmark
hmd_105_4g_13337,895197,1997,5791,16,28,20,0,0.0,Excel Benchmark
hmd_crest_max_13235,260880,1080,4040,48,50,60,0,0.0,Excel Benchmark
hmd_fusion_13304,400000,700,2000,53,35,60,0,0.0,Excel Benchmark
hmd_barbie_13254,240288,888,4464,16,28,20,0,0.0,Excel Benchmark
hmd_110_4g_13336,895197,1997,5791,16,28,20,0,0.0,Excel Benchmark
hmd_crest_13234,260880,1080,4040,48,50,60,0,0.0,Excel Benchmark
hmd_aura_13048,100000,250,850,21,30,45,0,0.0,Excel Benchmark
hmd_t21_13005,160000,350,1100,18,28,55,0,0.0,Excel Benchmark
hmd_110_13168,231241,241,2041,16,28,20,0,0.0,Estimated
hmd_vibe_12957,200000,380,1350,21,35,35,0,0.0,Excel Benchmark
hmd_xr21_13004,420000,750,2200,48,55,55,0,0.0,Excel Benchmark
hmd_pulse__12956,457479,1879,6437,38,35,45,0,0.0,Excel Benchmark
hmd_pulse_2_pro_14106,410830,1030,2890,63,55,50,0,0.0,Excel Benchmark
hmd_105_13169,231241,241,2041,16,28,20,0,0.0,Estimated
hmd_bold_13996,15000,60,250,38,35,50,0,0.0,Estimated
hmd_skyline_13153,581311,2899,550,90,80,75,1060,10.78,GSMArena Lab
hmd_pulse_12939,457479,1879,6437,23,35,45,0,0.0,Excel Benchmark
hmd_pulse_pro_12952,457479,1879,6437,48,35,50,0,0.0,Excel Benchmark
honor_play20a_14897,364852,652,1756,21,35,50,0,0.0,Excel Benchmark
honor_robot_phone_5g_14827,561383,983,4749,95,75,100,0,0.0,Excel Benchmark
honor_x7e_plus_14896,220000,400,1400,46,55,70,0,0.0,Excel Benchmark
honor_x7e_plus_5g_14834,75000,200,750,41,55,70,0,0.0,Excel Benchmark
honor_pad_20_pro_14889,351226,226,2478,23,55,75,0,0.0,Excel Benchmark
honor_watch_6_plus_14817,231241,241,2041,16,58,20,0,0.0,Estimated
honor_turbo_5g_14881,463623,1223,2469,65,60,75,0,0.0,Excel Benchmark
honor_600_smart_5g_14738,75000,200,750,41,55,70,0,0.0,Excel Benchmark
honor_x6e_14843,191778,378,934,41,55,70,0,0.0,Excel Benchmark
honor_x70_pro_max_5g_14729,463623,1223,2469,45,60,75,0,0.0,Excel Benchmark
honor_watch_6_14737,231241,241,2041,16,58,20,0,0.0,Estimated
honor_x80_pro_max_5g_14718,220000,400,1400,55,75,75,0,0.0,Excel Benchmark
honor_play10_5g_14713,677011,1011,4833,41,55,70,0,0.0,Excel Benchmark
honor_win_turbo_5g_14684,358491,491,1273,60,65,75,0,0.0,Excel Benchmark
honor_600_pro_5g__china__14680,580000,750,2600,85,60,95,0,0.0,Excel Benchmark
honor_600_5g__china__14681,422866,1866,4398,70,60,75,0,0.0,Excel Benchmark
honor_600e_5g_14688,230000,480,1500,53,58,70,0,0.0,Excel Benchmark
honor_500_smart_5g_14689,110000,270,950,41,35,45,0,0.0,Excel Benchmark
honor_x7e_14677,191778,378,934,41,55,70,0,0.0,Excel Benchmark
honor_600_5g_14605,1344703,4090,4398,70,75,75,1749,0.0,GSMArena Lab
honor_magicpad_3_pro_12_3_14629,400000,500,2200,23,80,75,0,0.0,Excel Benchmark
honor_play11_plus_5g_14662,120000,280,1000,43,58,70,0,0.0,Excel Benchmark
honor_pad_20_14663,820000,1162,3228,18,50,70,0,0.0,Excel Benchmark
honor_600_pro_5g_14604,2726043,7970,6281,85,75,95,1766,0.0,GSMArena Lab
honor_x70_refresh_edition_5g_14589,463623,1223,2469,55,60,95,0,0.0,Excel Benchmark
honor_x5d_plus_14584,364852,652,1756,41,35,45,0,0.0,Excel Benchmark
honor_x5d_14583,364852,652,1756,21,35,45,0,0.0,Excel Benchmark
honor_x80i_5g_14579,120000,280,1000,43,58,70,0,0.0,Excel Benchmark
honor_play_80_pro_5g_14577,677011,1011,4833,41,50,70,0,0.0,Excel Benchmark
honor_play_70c_14653,191778,378,934,21,35,45,0,0.0,Excel Benchmark
honor_watch_x5i_14580,231241,241,2041,16,38,20,0,0.0,Estimated
honor_600_lite_5g_14522,230000,480,1500,53,58,70,0,0.0,Excel Benchmark
honor_magic_v6_5g_14518,3080707,9871,4749,85,73,95,1222,15.35,GSMArena Lab
honor_pad_x8b_14489,200000,380,1350,16,38,50,0,0.0,Excel Benchmark
honor_magicpad4_14511,400000,500,2200,23,78,75,0,0.0,Excel Benchmark
honor_magic8_rsr_porsche_design_5g_14429,561383,983,4749,95,65,100,0,0.0,Excel Benchmark
honor_play_80_5g_14578,110000,270,950,21,35,45,0,0.0,Excel Benchmark
honor_play_80_plus_5g_14650,75000,200,750,26,55,70,0,0.0,Excel Benchmark
honor_magic8_pro_air_5g_14405,564243,1843,5329,90,65,90,0,0.0,Excel Benchmark
honor_pad_10_pro_14590,300000,420,1800,23,55,75,0,0.0,Excel Benchmark
honor_watch_gs_5_14431,231241,241,2041,16,48,20,0,0.0,Estimated
honor_power_2_5g_14364,358491,491,1273,60,65,75,0,0.0,Excel Benchmark
honor_win_5g_14377,561383,983,4749,80,60,95,0,0.0,Excel Benchmark
honor_win_rt_5g_14376,613027,1827,6281,65,60,75,0,0.0,Excel Benchmark
honor_magic8_lite_5g_14341,754210,3089,2469,70,60,75,1771,17.97,GSMArena Lab
honor_watch_x5_14317,231241,241,2041,16,38,20,0,0.0,Estimated
honor_500_pro_5g__china__14294,613027,1827,6281,85,75,95,0,0.0,Excel Benchmark
honor_magic8_pro_5g_14231,3647824,10794,4749,95,65,95,1837,0.0,GSMArena Lab
honor_x8d_14351,762726,1726,4978,68,70,70,0,0.0,Excel Benchmark
honor_magic8_5g_14232,561383,983,4749,80,65,95,0,0.0,Excel Benchmark
honor_x6d_5g_14484,110000,270,950,41,35,45,0,0.0,Excel Benchmark
honor_magicpad_3_pro_14243,561383,983,4749,23,80,75,0,0.0,Excel Benchmark
honor_500_5g_14296,351226,226,2478,70,75,75,0,0.0,Excel Benchmark
honor_play_60a_5g_14357,110000,270,950,21,35,45,0,0.0,Excel Benchmark
honor_x5c_14251,364852,652,1756,41,35,45,0,0.0,Excel Benchmark
honor_x5c_plus_14156,364852,652,1756,41,35,45,0,0.0,Excel Benchmark
honor_watch_5_pro_14242,231241,241,2041,16,38,40,0,0.0,Estimated
honor_x6b_5g_14195,400000,700,2000,41,50,60,0,0.0,Excel Benchmark
honor_x9d_5g_14176,463623,1223,2469,70,60,75,0,0.0,Excel Benchmark
honor_play10a_14253,364852,652,1756,41,35,45,0,0.0,Excel Benchmark
honor_x7d_5g_14175,677011,1011,4833,41,50,65,0,0.0,Excel Benchmark
honor_400_smart_14142,220000,400,1400,48,50,65,0,0.0,Excel Benchmark
honor_play10_14126,364852,652,1756,21,30,45,0,0.0,Excel Benchmark
honor_x7d_14093,220000,400,1400,48,45,65,0,0.0,Excel Benchmark
honor_magic_v_flip_2_5g_14080,2270288,4650,6608,70,75,90,1786,12.72,GSMArena Lab
honor_x7c_5g_14065,400000,700,2000,41,60,60,0,0.0,Excel Benchmark
honor_pad_x7_14026,200000,380,1350,16,38,50,0,0.0,Excel Benchmark
honor_play10c_5g_14060,110000,270,950,26,55,50,0,0.0,Excel Benchmark
honor_pad_gt2_pro_14015,1903140,2115,6608,23,50,75,0,0.0,Excel Benchmark
honor_magic_v5_13982,2202004,8700,6281,85,73,90,1296,12.33,GSMArena Lab
honor_magicpad_3_14016,1903140,2115,6608,23,80,75,0,0.0,Excel Benchmark
honor_x6c_13938,191778,378,934,41,55,60,0,0.0,Excel Benchmark
honor_400_5g__china__13930,422866,1866,4398,70,75,75,0,0.0,Excel Benchmark
honor_400_pro_5g_13798,1902675,6552,6608,73,75,90,1481,13.9,GSMArena Lab
honor_400_pro_5g__china__13929,1903140,2115,6608,85,75,95,0,0.0,Excel Benchmark
honor_400_smart_5g_14054,677011,1011,4833,41,50,65,0,0.0,Excel Benchmark
honor_pad_10_13897,820000,1162,3228,18,45,65,0,0.0,Excel Benchmark
honor_x70i_5g_13816,320918,1518,4354,48,85,65,0,0.0,Excel Benchmark
honor_gt_pro_5g_13810,613027,1827,6281,80,70,75,0,0.0,Excel Benchmark
honor_tablet_gt_13814,300000,420,1800,25,55,75,0,0.0,Excel Benchmark
honor_x60_gt_5g_13807,336254,1654,5762,60,75,75,0,0.0,Excel Benchmark
honor_play_60_5g_13803,110000,270,950,26,55,50,0,0.0,Excel Benchmark
honor_x70_5g_13994,463623,1223,2469,55,60,95,0,0.0,Excel Benchmark
honor_play9a_13743,467813,1413,3039,26,30,45,0,0.0,Excel Benchmark
honor_watch_5_ultra_13685,231241,241,2041,16,38,20,0,0.0,Estimated
honor_400_lite_13742,320918,1518,4354,53,85,60,0,0.0,Excel Benchmark
honor_x8c_13621,220000,400,1400,73,75,60,0,0.0,Excel Benchmark
honor_power_5g_13794,820000,1162,3228,60,75,75,0,0.0,Excel Benchmark
honor_magic7_lite_13581,594450,2705,2804,70,73,75,0,15.03,GSMArena Lab
honor_pad_x9a_13751,220000,400,1400,16,43,65,0,0.0,Excel Benchmark
honor_gt_13569,1903140,2115,6608,60,65,70,0,0.0,Excel Benchmark
honor_300_ultra_13537,1903140,2115,6608,68,65,90,0,0.0,Excel Benchmark
honor_pad_v9_13568,300000,420,1800,25,55,65,0,0.0,Excel Benchmark
honor_magic7_rsr_porsche_design_13588,2476857,9559,6281,95,65,90,1510,15.18,GSMArena Lab
honor_300_13539,820000,1162,3228,65,63,70,0,0.0,Excel Benchmark
honor_400_5g_13799,864286,3198,3228,70,75,70,1550,12.48,GSMArena Lab
honor_300_pro_13538,1903140,2115,6608,68,65,90,0,0.0,Excel Benchmark
honor_play9c_13493,420000,700,2000,26,40,45,0,0.0,Excel Benchmark
honor_magic7_pro_13480,2767943,9291,6281,95,65,90,1521,13.88,GSMArena Lab
honor_x9c_13490,560000,943,2804,70,73,75,0,0.0,Excel Benchmark
honor_x9c_smart_13536,320918,1518,4354,53,55,60,0,0.0,Excel Benchmark
honor_magic7_13481,613027,1827,6281,80,65,90,0,0.0,Excel Benchmark
honor_play9t_13494,400000,700,2000,41,45,65,0,0.0,Excel Benchmark
honor_x5b_plus_13464,467813,1413,3039,41,40,45,0,0.0,Excel Benchmark
honor_x5b_13463,467813,1413,3039,26,40,45,0,0.0,Excel Benchmark
honor_x7c_13416,220000,400,1400,48,45,65,0,0.0,Excel Benchmark
honor_x60_pro_13443,560000,943,2804,50,53,75,0,0.0,Excel Benchmark
honor_x60_13415,320918,1518,4354,48,55,60,0,0.0,Excel Benchmark
honor_pad_gt_pro_13417,575540,1740,5020,23,68,75,0,0.0,Excel Benchmark
honor_200_smart_13281,400000,700,2000,41,60,60,0,0.0,Excel Benchmark
honor_watch_5_13307,231241,241,2041,16,48,20,0,0.0,Estimated
honor_pad_x8a_13259,200000,380,1350,16,33,50,0,0.0,Excel Benchmark
honor_x60i_13208,400000,650,1850,43,75,60,0,0.0,Excel Benchmark
honor_magicpad_2_12_3_13205,1435490,5049,5020,23,70,75,684,9.7,GSMArena Lab
honor_pad_9_pro_13204,120000,250,900,23,48,65,0,0.0,Excel Benchmark
honor_magic_vs3_13203,1539080,1926,5226,75,53,90,0,0.0,Excel Benchmark
honor_play_60_plus_13161,400000,700,2000,41,45,65,0,0.0,Excel Benchmark
honor_magic_v3_13202,1589991,6461,6608,85,65,90,1076,10.08,GSMArena Lab
honor_magic_v_flip_13142,336254,1654,5762,65,85,65,0,0.0,Excel Benchmark
honor_x7b_5g__50_mp__13154,380000,600,1700,43,50,65,0,0.0,Excel Benchmark
honor_200_pro_13049,1281655,4759,5020,68,75,90,1110,11.13,GSMArena Lab
honor_200_13050,820000,1162,3228,80,75,70,0,0.0,Excel Benchmark
honor_x7b_5g_12913,380000,600,1700,48,50,65,0,0.0,Excel Benchmark
honor_200_lite_12948,400000,650,1850,58,55,55,0,0.0,Excel Benchmark
honor_90_smart_12931,380000,600,1700,48,50,60,0,0.0,Excel Benchmark
honor_x6b_13143,280000,520,1550,41,40,60,0,0.0,Excel Benchmark
honor_magic6_rsr_porsche_design_12873,1903140,2115,6608,90,65,90,1731,14.23,Excel Benchmark
honor_watch_gs_4_12879,231241,241,2041,16,38,20,0,0.0,Estimated
honor_choice_watch_12832,231241,241,2041,16,43,20,0,0.0,Estimated
honor_magic_v2_rsr_porsche_design_12789,1539080,1926,5226,75,65,70,0,0.0,Excel Benchmark
honor_magic6_12788,1903140,2115,6608,80,65,90,0,0.0,Excel Benchmark
honor_magic6_pro_12786,2017400,6787,6608,90,65,90,1578,14.1,GSMArena Lab
honor_x50_gt_12777,336254,1654,5762,50,53,60,0,0.0,Excel Benchmark
honor_90_gt_12755,1539080,1926,5226,60,75,70,0,0.0,Excel Benchmark
honor_x50_pro_12763,336254,1654,5762,50,53,60,0,0.0,Excel Benchmark
honor_pad_9_12756,495329,2724,2804,25,48,65,530,9.3,GSMArena Lab
honor_magic6_lite_12730,560000,943,2804,55,63,60,0,13.13,Excel Benchmark
honor_100_12700,820000,1162,3228,65,75,70,0,0.0,Excel Benchmark
honor_100_pro_12699,1539080,1926,5226,68,75,90,0,0.0,Excel Benchmark
honor_x7b_12721,200000,380,1350,48,50,60,0,0.0,Excel Benchmark
honor_x8b_12748,200000,380,1350,58,65,55,0,0.0,Excel Benchmark
honor_play_8t_12628,400000,650,1850,43,50,65,0,0.0,Excel Benchmark
honor_x50i__12693,400000,650,1850,48,65,55,0,0.0,Excel Benchmark
honor_x5_plus_12645,467813,1413,3039,41,35,45,0,0.0,Excel Benchmark
honor_watch_4_pro_12623,231241,241,2041,16,38,40,0,0.0,Estimated
honor_x9b_12629,560000,943,2804,55,63,60,0,0.0,Excel Benchmark
honor_play_50_plus_12618,380000,600,1700,43,50,65,0,0.0,Excel Benchmark
honor_v_purse_12570,630000,1080,3000,40,53,55,0,0.0,Excel Benchmark
honor_magic6_ultimate_12864,1903140,2115,6608,90,65,90,0,0.0,Excel Benchmark
honor_magic_vs2_12622,336254,1654,5762,75,75,70,0,0.0,Excel Benchmark
honor_magic_v2_12383,1551239,4959,5226,75,65,70,933,10.58,GSMArena Lab
honor_x40_gt_racing_12569,231241,241,2041,50,60,65,0,0.0,Estimated
honor_watch_4_12416,231241,241,2041,16,38,20,0,0.0,Estimated
honor_pad_x9_12404,220000,400,1400,16,43,50,452,13.28,Excel Benchmark
honor_pad_x8_pro_12403,220000,400,1400,16,43,50,0,0.0,Excel Benchmark
honor_play_40_12401,350000,620,1750,26,35,45,0,0.0,Excel Benchmark
honor_magicpad_13_12417,820000,1130,3500,23,55,75,0,0.0,Excel Benchmark
honor_90_lite_12377,380000,600,1700,23,45,55,0,0.0,Excel Benchmark
honor_x6a_12442,467813,1413,3039,41,35,45,0,0.0,Excel Benchmark
honor_x50_12384,560000,943,2804,50,63,60,0,0.0,Excel Benchmark
honor_x50i_12400,380000,600,1700,18,45,55,0,0.0,Excel Benchmark
honor_90_12297,694546,3011,3200,55,65,70,1176,10.47,GSMArena Lab
honor_play7t_pro_12200,380000,600,1700,43,45,50,0,0.0,Excel Benchmark
honor_play7t_12201,380000,600,1700,41,35,50,0,0.0,Excel Benchmark
honor_70_lite_12180,350000,620,1750,43,35,45,0,0.0,Excel Benchmark
honor_magic5_pro_12148,1539080,4378,5226,78,65,90,1227,12.1,Excel Benchmark
honor_magic5_12149,1539080,1926,5226,68,65,70,0,0.0,Excel Benchmark
honor_pad_v8_12248,374374,1774,5122,28,43,50,0,0.0,Excel Benchmark
honor_magic5_lite_12107,387250,1912,2200,48,70,60,864,0.0,GSMArena Lab
honor_x8a_12113,300000,550,1600,23,45,40,0,0.0,Excel Benchmark
honor_x5_12093,100000,250,800,16,30,45,0,0.0,Excel Benchmark
honor_80_pro_flat_12065,336254,1654,5762,35,75,65,0,0.0,Excel Benchmark
honor_80_gt_12043,336254,1654,5762,25,75,65,0,0.0,Excel Benchmark
honor_x7a_12076,340000,600,1850,18,30,50,0,0.0,Excel Benchmark
honor_x9a_12075,420000,750,2200,48,70,60,0,0.0,Excel Benchmark
honor_magic5_ultimate_12155,1539080,1926,5226,78,65,90,0,0.0,Excel Benchmark
honor_pad_v8_pro_12044,120000,250,900,23,53,65,0,0.0,Excel Benchmark
honor_90_pro_12296,336254,1654,5762,73,65,70,0,0.0,Excel Benchmark
honor_80_pro_11992,336254,1654,5762,43,65,65,0,0.0,Excel Benchmark
honor_80_11993,777541,1541,3423,35,75,65,0,0.0,Excel Benchmark
honor_magic_vs_ultimate_11994,336254,1654,5762,75,70,70,0,0.0,Excel Benchmark
honor_80_se_11995,550000,800,2600,55,65,65,0,0.0,Excel Benchmark
honor_play_40_plus_11943,520000,800,2300,41,35,50,0,0.0,Excel Benchmark
honor_x40_gt_11933,820000,1130,3500,50,60,65,0,0.0,Excel Benchmark
honor_play6c_11932,350000,620,1750,26,30,45,0,0.0,Excel Benchmark
honor_x6_11894,100000,250,800,41,30,45,0,0.0,Excel Benchmark
honor_pad_x8_lite_11890,312060,260,2580,16,28,45,0,0.0,Excel Benchmark
honor_x40_11875,420000,750,2200,43,70,60,0,0.0,Excel Benchmark
honor_magic_vs_11991,831175,3971,5762,75,70,70,876,0.0,GSMArena Lab
honor_pad_8_11712,279242,1545,1350,16,28,50,392,0.0,GSMArena Lab
honor_x40i_11671,520000,800,2300,43,40,55,0,0.0,Excel Benchmark
honor_70_pro__11577,1350000,1650,4500,80,53,65,0,0.0,Excel Benchmark
honor_70_pro_11576,85000,200,700,80,53,65,0,0.0,Excel Benchmark
honor_play_30_11520,350000,620,1750,26,35,45,0,0.0,Excel Benchmark
honor_70_11575,650000,1100,3100,50,65,65,790,0.0,Excel Benchmark
honor_pad_x8_11889,312060,260,2580,16,28,45,0,0.0,Excel Benchmark
honor_play6t_pro_11463,120000,250,900,38,45,55,0,0.0,Excel Benchmark
honor_play6t_11464,520000,800,2300,26,35,45,0,0.0,Excel Benchmark
honor_x8_5g_11718,350000,620,1750,38,30,45,0,0.0,Excel Benchmark
honor_x7_11452,200000,380,1350,38,35,45,0,0.0,Excel Benchmark
honor_x9_5g_11447,420000,750,2200,43,55,65,0,0.0,Excel Benchmark
honor_magic4_pro_11390,980755,3512,3860,73,65,85,957,0.0,GSMArena Lab
honor_magic4_ultimate_11432,1120000,1610,3860,18,55,85,0,0.0,Excel Benchmark
honor_x8_11417,200000,380,1350,48,45,35,0,0.0,Excel Benchmark
honor_magic4_lite_11423,387218,1906,2200,43,55,65,535,0.0,GSMArena Lab
honor_x9_11456,200000,380,1350,23,45,65,0,0.0,Excel Benchmark
honor_60_se_11354,550000,800,2600,48,65,60,0,0.0,Excel Benchmark
honor_watch_gs_3_11312,231241,241,2041,16,38,20,0,0.0,Estimated
honor_x30_11270,420000,750,2200,43,55,65,0,0.0,Excel Benchmark
honor_magic4_11389,1120000,1610,3860,73,65,65,0,0.0,Excel Benchmark
honor_play_30_plus_11271,520000,800,2300,26,35,45,0,0.0,Excel Benchmark
honor_magic_v_11311,1120000,1610,3860,38,65,65,0,0.0,Excel Benchmark
honor_60_pro_11248,650000,1100,3100,55,55,65,0,0.0,Excel Benchmark
honor_x30_max_11178,550000,800,2600,45,40,45,0,0.0,Excel Benchmark
honor_60_11255,630000,1080,3000,55,65,65,0,0.0,Excel Benchmark
honor_50_lite_11175,231241,241,2041,23,40,60,0,0.0,Estimated
honor_x30i_11179,120000,250,900,38,45,35,0,0.0,Excel Benchmark
honor_play5_youth_11173,550000,800,2600,45,55,60,0,0.0,Excel Benchmark
honor_tablet_v7_11125,716966,1966,4698,28,35,50,0,0.0,Excel Benchmark
honor_tablet_v7_pro_11055,397587,387,1961,23,43,50,0,0.0,Excel Benchmark
honor_magic3_pro__11051,850000,1180,3600,18,55,85,0,0.0,Excel Benchmark
honor_magic3_11049,820000,1130,3500,43,55,65,0,0.0,Excel Benchmark
honor_magic3_pro_11050,850000,1180,3600,18,55,85,0,0.0,Excel Benchmark
honor_x20_11052,550000,800,2600,45,40,60,0,0.0,Excel Benchmark
honor_x20_se_10995,520000,800,2300,43,40,35,0,0.0,Excel Benchmark
honor_50_pro_10958,630000,1080,3000,18,53,60,0,0.0,Excel Benchmark
honor_50_10962,470348,2971,3000,30,65,60,748,0.0,GSMArena Lab
honor_50_se_10963,550000,800,2600,50,55,60,0,0.0,Excel Benchmark
honor_play_5t_pro_11038,260000,500,1500,43,40,35,0,0.0,Excel Benchmark
honor_tablet_x7_10912,130000,300,950,16,28,45,0,0.0,Excel Benchmark
honor_play5_5g_10899,85000,200,700,25,50,50,0,0.0,Excel Benchmark
honor_play_20_10876,560143,1743,4029,26,30,45,0,0.0,Excel Benchmark
honor_play_5t_youth_10863,340000,600,1850,18,30,45,0,0.0,Excel Benchmark
honor_tab_7_10813,312060,260,2580,16,28,45,0,0.0,Excel Benchmark
honor_v40_lite_10804,85000,200,700,30,55,50,0,0.0,Excel Benchmark
honor_view40_10701,650000,900,3000,38,60,80,0,0.0,Excel Benchmark
honor_v40_5g_10687,650000,900,3000,38,60,80,0,0.0,Excel Benchmark
honor_30i_10438,230000,480,1500,43,55,35,0,0.0,Excel Benchmark
honor_watch_gs_pro_10422,231241,241,2041,16,38,20,0,0.0,Estimated
honor_10x_lite_10565,172910,1346,1500,18,40,45,426,0.0,GSMArena Lab
honor_watch_es_10423,231241,241,2041,16,38,20,0,0.0,Estimated
honor_pad_6_10424,230000,480,1500,16,28,45,0,0.0,Excel Benchmark
honor_pad_x6_10425,230000,480,1500,16,28,45,0,0.0,Excel Benchmark
honor_x10_max_5g_10306,85000,200,700,40,40,45,0,0.0,Excel Benchmark
honor_30_youth_10304,85000,200,700,45,45,35,0,0.0,Excel Benchmark
honor_8s_2020_10218,502465,1665,4795,26,30,25,0,0.0,Excel Benchmark
honor_play4_10283,85000,200,700,25,40,35,0,0.0,Excel Benchmark
honor_play4_pro_10258,700000,950,3300,53,40,50,0,0.0,Excel Benchmark
honor_v6_10253,650000,900,3100,28,28,50,0,0.0,Excel Benchmark
honor_x10_5g_10228,180000,330,1200,30,45,35,0,0.0,Excel Benchmark
honor_9a_10215,130000,300,950,28,30,45,546,0.0,Excel Benchmark
honor_9c_10214,230000,480,1500,38,30,35,0,0.0,Excel Benchmark
honor_9x_lite_10085,230000,480,1500,38,40,25,0,0.0,Excel Benchmark
honor_30_pro_10181,700000,950,3300,18,50,50,0,0.0,Excel Benchmark
honor_30_10188,650000,900,3100,30,50,50,0,0.0,Excel Benchmark
honor_20e_10191,230000,480,1500,23,40,25,0,0.0,Excel Benchmark
honor_play_4t_pro_10168,120000,250,900,45,50,35,0,0.0,Excel Benchmark
honor_9s_10213,130000,300,950,16,50,25,0,0.0,Excel Benchmark
honor_8a_2020_10182,340000,600,1850,28,30,25,0,0.0,Excel Benchmark
honor_play_4t_10167,230000,480,1500,38,30,35,0,0.0,Excel Benchmark
honor_8a_prime_10163,340000,600,1850,28,30,25,0,0.0,Excel Benchmark
honor_30s_10162,180000,330,1200,25,40,50,0,0.0,Excel Benchmark
honor_view30_pro_10099,700000,950,3300,58,40,70,0,0.0,Excel Benchmark
honor_30_pro__10187,510031,3191,3300,18,55,70,586,0.0,GSMArena Lab
honor_play_9a_10155,340000,600,1850,28,30,45,0,0.0,Excel Benchmark
honor_v30_9977,700000,950,3300,53,40,50,0,0.0,Excel Benchmark
honor_magicwatch_2_9974,231241,241,2041,16,38,20,0,0.0,Estimated
honor_20_lite__china__9914,230000,480,1500,43,55,40,0,0.0,Excel Benchmark
honor_9x_9931,187528,5345,1500,43,40,35,0,0.0,GSMArena Lab
honor_view30_10101,700000,950,3300,53,40,50,0,0.0,Excel Benchmark
honor_v30_pro_9976,500571,12824,3300,58,40,70,534,0.0,GSMArena Lab
honor_play_3e_9878,130000,300,950,26,30,25,0,0.0,Excel Benchmark
honor_8s_9664,502465,1665,4795,26,30,25,0,0.0,Excel Benchmark
honor_9x__china__9771,120000,250,900,43,40,35,0,0.0,Excel Benchmark
honor_play_3_9829,230000,480,1500,38,30,35,0,0.0,Excel Benchmark
honor_20s_9832,120000,250,900,48,40,30,0,0.0,Excel Benchmark
honor_9x_pro_9772,312668,7836,900,43,40,35,517,0.0,GSMArena Lab
honor_pad_5_10_1_9740,200000,400,1300,16,28,45,0,0.0,Excel Benchmark
honor_20_pro_9710,600000,850,2900,30,40,35,507,0.0,Excel Benchmark
honor_pad_5_8_9741,230000,480,1500,18,28,45,0,0.0,Excel Benchmark
honor_20_lite_9641,230000,480,1500,33,40,25,0,0.0,Excel Benchmark
honor_20i_9663,230000,480,1500,33,40,25,0,0.0,Excel Benchmark
honor_8a_pro_9662,340000,600,1850,28,30,25,0,0.0,Excel Benchmark
honor_tab_5_9619,230000,480,1500,18,28,45,0,0.0,Excel Benchmark
honor_20_9615,600000,850,2900,30,40,25,0,0.0,Excel Benchmark
honor_magic_2_9381,391467,9887,2900,28,50,40,0,0.0,GSMArena Lab
honor_view_20_9468,275413,9530,2900,38,40,35,0,0.0,GSMArena Lab
honor_play_8a_9509,340000,600,1850,28,30,25,0,0.0,Excel Benchmark
honor_magic_2_3d_9628,600000,850,2900,28,50,40,0,0.0,Excel Benchmark
honor_10_lite_9403,230000,480,1500,26,40,25,0,0.0,Excel Benchmark
honor_8x_max_9306,170000,350,1300,23,40,50,0,0.0,Excel Benchmark
honor_note_10_8799,450000,700,2400,28,50,45,0,0.0,Excel Benchmark
honor_9n__9i__9229,200000,400,1300,28,40,25,0,0.0,Excel Benchmark
honor_8x_9313,137276,5651,1500,28,40,25,0,0.0,GSMArena Lab
honor_7s_9211,80000,200,700,21,50,25,0,0.0,Excel Benchmark
honor_8c_9366,120000,280,1000,28,30,35,0,0.0,Excel Benchmark
honor_10_9157,200440,6591,2400,28,40,25,0,0.0,GSMArena Lab
honor_7a_9075,45000,140,500,23,50,25,0,0.0,Estimated
honor_play_9230,238754,6696,2400,30,40,30,0,0.0,GSMArena Lab
honor_7c_9111,75000,200,750,23,50,25,0,0.0,Excel Benchmark
honor_9_lite_8962,200000,400,1300,21,40,25,0,0.0,Excel Benchmark
honor_view_10_8938,212708,6738,2400,28,40,25,0,0.0,GSMArena Lab
honor_6c_pro_8856,240000,500,1550,23,30,25,0,0.0,Excel Benchmark
honor_9_8704,156984,6457,2000,20,40,30,0,0.0,GSMArena Lab
honor_7x_8880,67636,3535,1300,23,40,25,0,0.0,GSMArena Lab
honor_6a__pro__8700,45000,140,500,21,30,25,0,0.0,Estimated
honor_8_pro_8568,380000,600,2000,20,50,40,0,0.0,Excel Benchmark
honor_pad_2_8390,536428,1028,3884,16,28,40,0,0.0,Excel Benchmark
honor_v8_8061,300000,500,1700,18,50,25,0,0.0,Excel Benchmark
honor_magic_8482,300000,500,1700,18,60,35,0,0.0,Excel Benchmark
honor_6x_8388,180000,380,1200,18,40,25,0,0.0,Excel Benchmark
honor_holly_3_8383,100000,250,850,23,30,25,0,0.0,Excel Benchmark
honor_note_8_8231,810003,1603,3609,38,60,40,0,0.0,Excel Benchmark
honor_5a_8149,928945,2145,7235,21,30,20,0,0.0,Excel Benchmark
honor_8_8195,300000,500,1700,18,40,30,0,0.0,Excel Benchmark
honor_5c_8074,120000,280,1000,23,40,25,0,0.0,Excel Benchmark
honor_holly_2_plus_7882,928945,2145,7235,21,30,40,0,0.0,Excel Benchmark
honor_7_7269,344250,450,1150,18,40,30,0,0.0,Excel Benchmark
honor_4c_7203,100000,250,850,21,30,20,0,0.0,Excel Benchmark
honor_bee_7235,50000,150,500,16,23,20,0,0.0,Estimated
honor_7i_7510,487940,2140,7220,21,40,25,0,0.0,Excel Benchmark
honor_6_plus_6777,208241,241,1523,18,40,25,0,0.0,Excel Benchmark
honor_4x_6754,100000,250,850,21,30,25,0,0.0,Excel Benchmark
honor_holly_6738,412178,778,2134,16,30,20,0,0.0,Excel Benchmark
honor_4_play_6692,35000,120,450,16,30,20,0,0.0,Estimated
honor_6_6461,609927,727,2981,21,40,25,0,0.0,Excel Benchmark
honor_3x_pro_6398,664363,1963,4689,21,40,25,0,0.0,Excel Benchmark
honor_3c_4g_6395,457006,2006,6818,16,30,20,0,0.0,Excel Benchmark
honor_3x_g750_5902,664363,1963,4689,21,30,25,0,0.0,Excel Benchmark
honor_3c_play_6603,412178,778,2134,16,30,20,0,0.0,Excel Benchmark
honor_3c_5903,412178,778,2134,16,30,20,0,0.0,Excel Benchmark
honor_u8860_4197,30000,100,350,16,23,20,0,0.0,Estimated
honor_3_5664,558667,1467,4201,21,30,20,0,0.0,Excel Benchmark
honor_2_5092,294149,549,2447,16,30,20,0,0.0,Excel Benchmark
honor_view_9970,700000,950,3300,18,40,35,0,0.0,Excel Benchmark
honor_gt_2_pro_5g_14302,561383,983,4749,80,70,75,0,0.0,Excel Benchmark
honor_5x_7590,487940,2140,7220,21,40,25,0,0.0,Excel Benchmark
hp_elite_x3_7954,180000,330,1200,25,60,55,0,0.0,Excel Benchmark
hp_slate_17_7030,697060,1260,4580,16,40,35,0,0.0,Excel Benchmark
hp_pro_slate_12_6963,85000,200,700,16,28,25,0,0.0,Excel Benchmark
hp_pro_slate_10_ee_g1_6964,70000,200,700,16,28,50,0,0.0,Excel Benchmark
hp_slate6_voicetab_ii_6831,180000,750,1400,16,30,25,0,0.0,Excel Benchmark
hp_pro_slate_8_6962,85000,200,700,16,28,50,0,0.0,Excel Benchmark
hp_10_plus_6811,231241,241,2041,16,28,55,0,0.0,Estimated
hp_7_voicetab_6784,228791,791,3173,16,23,25,0,0.0,Excel Benchmark
hp_slate7_voicetab_ultra_7013,521443,1043,4929,21,28,50,0,0.0,Excel Benchmark
hp_8_6199,365476,476,3228,16,28,25,0,0.0,Excel Benchmark
hp_7_plus_6377,365476,476,3228,16,28,20,0,0.0,Excel Benchmark
hp_slate7_voicetab_5971,180000,750,1400,16,28,35,0,0.0,Excel Benchmark
hp_slate6_voicetab_5970,180000,750,1400,16,30,25,0,0.0,Excel Benchmark
hp_slate8_pro_5885,291776,776,4128,16,28,45,0,0.0,Excel Benchmark
hp_slate10_hd_5884,130000,550,1000,16,28,50,0,0.0,Excel Benchmark
hp_slate7_extreme_5883,450737,1537,4411,16,28,35,0,0.0,Excel Benchmark
hp_slate7_plus_5882,297946,946,3638,16,28,35,0,0.0,Excel Benchmark
hp_slate_7_5317,231241,241,2041,16,28,20,0,0.0,Estimated
hp_touchpad_4g_4044,427076,2076,6028,16,28,50,0,0.0,Excel Benchmark
hp_veer_3771,504066,1066,4998,16,23,20,0,0.0,Excel Benchmark
hp_pre_3_cdma_4105,700000,900,3100,16,23,20,0,0.0,Excel Benchmark
hp_veer_4g_3943,504066,1066,4998,16,23,20,0,0.0,Excel Benchmark
hp_pre_3_3770,30000,100,350,16,23,20,0,0.0,Estimated
hp_touchpad_3839,427076,2076,6028,16,28,50,0,0.0,Excel Benchmark
hp_ipaq_glisten_3036,15000,60,250,16,38,20,0,0.0,Estimated
hp_ipaq_voice_messenger_2561,411432,1232,2496,16,23,20,0,0.0,Excel Benchmark
hp_ipaq_data_messenger_2560,411432,1232,2496,16,23,20,0,0.0,Excel Benchmark
hp_ipaq_910c_2095,231241,241,2041,16,23,20,0,0.0,Estimated
hp_ipaq_610c_2094,231241,241,2041,16,23,20,0,0.0,Estimated
hp_ipaq_rw6815_1803,231241,241,2041,16,23,20,0,0.0,Estimated
hp_ipaq_rw6828_1606,231241,241,2041,16,23,20,0,0.0,Estimated
hp_ipaq_rw6818_1607,231241,241,2041,16,23,20,0,0.0,Estimated
hp_ipaq_514_1900,259101,1101,3103,16,23,20,0,0.0,Excel Benchmark
hp_ipaq_hw6915_1459,231241,241,2041,16,23,20,0,0.0,Estimated
hp_ipaq_hw6515_1312,231241,241,2041,16,23,20,0,0.0,Estimated
hp_ipaq_hw6910_1720,231241,241,2041,16,23,20,0,0.0,Estimated
hp_ipaq_hw6510_1313,231241,241,2041,16,23,20,0,0.0,Estimated
hp_ipaq_h6325_1310,524522,322,2766,16,23,20,0,0.0,Excel Benchmark
hp_ipaq_h6310_1308,524522,322,2766,16,23,20,0,0.0,Excel Benchmark
hp_ipaq_h6315_1309,524522,322,2766,16,23,20,0,0.0,Excel Benchmark
hp_ipaq_h6320_1311,524522,322,2766,16,23,20,0,0.0,Excel Benchmark
htc_wildfire_e7_plus_14717,400000,700,1900,48,45,50,0,0.0,Excel Benchmark
htc_wildfire_e6_14070,231241,241,2041,16,30,25,0,0.0,Estimated
htc_wildfire_e5_life_14222,80000,200,700,16,28,25,0,0.0,Excel Benchmark
htc_wildfire_e4_plus_14068,457479,1879,6437,38,35,45,0,0.0,Excel Benchmark
htc_wildfire_e6_star_14069,231241,241,2041,16,30,25,0,0.0,Estimated
htc_wildfire_e5_14067,100000,250,850,21,35,45,0,0.0,Excel Benchmark
htc_wildfire_e5_plus_13719,457479,1879,6437,48,35,45,0,0.0,Excel Benchmark
htc_u24_pro_13138,820000,1162,3228,80,65,80,0,0.0,Excel Benchmark
htc_a104_12976,457479,1879,6437,16,28,50,0,0.0,Excel Benchmark
htc_u23_12427,700000,1050,3200,30,65,65,0,0.0,Excel Benchmark
htc_wildfire_e_star_12454,80000,200,700,16,30,25,0,0.0,Excel Benchmark
htc_a103_12523,253796,796,2188,16,28,50,0,0.0,Excel Benchmark
htc_u23_pro_12269,688082,2947,3200,30,65,65,727,0.0,GSMArena Lab
htc_a103_plus_12522,565866,866,2398,16,28,50,0,0.0,Excel Benchmark
htc_a102_12524,280000,520,1550,18,28,55,0,0.0,Excel Benchmark
htc_a101_12525,260000,500,1500,21,28,50,0,0.0,Excel Benchmark
htc_wildfire_e3_lite_12221,100000,250,850,21,30,45,0,0.0,Excel Benchmark
htc_wildfire_e_plus_11948,80000,200,700,21,30,45,0,0.0,Excel Benchmark
htc_wildfire_e2_play_12232,457479,1879,6437,18,30,40,0,0.0,Excel Benchmark
htc_wildfire_e2_plus_11266,560143,1743,4029,18,30,40,0,0.0,Excel Benchmark
htc_desire_21_pro_5g_10681,320000,600,1800,25,45,50,0,0.0,Excel Benchmark
htc_desire_20__10529,260000,510,1600,25,30,45,0,0.0,Excel Benchmark
htc_wildfire_e1_lite_10594,549414,814,2242,16,50,25,0,0.0,Excel Benchmark
htc_wildfire_e3_10790,130000,300,950,16,30,35,0,0.0,Excel Benchmark
htc_a101_plus_12975,457479,1879,6437,23,28,50,0,0.0,Excel Benchmark
htc_wildfire_e2_10357,130000,300,950,23,30,35,0,0.0,Excel Benchmark
htc_wildfire_e1_plus_10593,254592,392,976,21,30,25,0,0.0,Excel Benchmark
htc_wildfire_e1_10592,254592,392,976,21,30,25,0,0.0,Excel Benchmark
htc_u20_5g_10298,350000,620,1900,30,40,50,0,0.0,Excel Benchmark
htc_wildfire_e_10595,100000,250,850,21,50,25,0,0.0,Excel Benchmark
htc_desire_22_pro_11642,420000,750,2200,53,55,65,0,0.0,Excel Benchmark
htc_desire_20_pro_10297,170000,350,1300,18,40,45,0,0.0,Excel Benchmark
htc_desire_19s_9965,130000,300,950,28,30,25,0,0.0,Excel Benchmark
htc_exodus_1s_9924,50000,150,550,23,50,25,0,0.0,Estimated
htc_wildfire_x_9797,130000,300,950,33,30,25,0,0.0,Excel Benchmark
htc_desire_19__9734,340000,600,1850,28,30,25,0,0.0,Excel Benchmark
htc_desire_12s_9487,50000,150,550,21,50,25,0,0.0,Estimated
htc_exodus_1_9385,400000,500,2200,58,50,30,0,0.0,Excel Benchmark
htc_u12_life_9179,140000,320,1150,23,40,25,0,0.0,Excel Benchmark
htc_u12__9119,263696,9001,2200,58,50,30,0,0.0,GSMArena Lab
htc_desire_12__9102,75000,200,750,23,50,20,0,0.0,Excel Benchmark
htc_desire_12_9071,80000,200,700,21,50,20,0,0.0,Excel Benchmark
htc_u11_eyes_8990,130000,300,1100,38,40,30,0,0.0,Excel Benchmark
htc_u11__8908,300000,6654,1800,40,50,30,0,0.0,Excel Benchmark
htc_u19e_9735,230000,480,1500,38,50,30,0,0.0,Excel Benchmark
htc_u11_life_8885,110000,4140,950,30,40,20,0,0.0,Excel Benchmark
htc_u11_8630,300000,6393,1800,45,50,30,0,0.0,Excel Benchmark
htc_u_ultra_8519,200000,350,1300,45,50,30,0,0.0,Excel Benchmark
htc_u_play_8518,240000,500,1550,43,40,20,0,0.0,Excel Benchmark
htc_desire_10_pro_8277,240000,500,1550,16,40,25,0,0.0,Excel Benchmark
htc_desire_650_8444,30000,110,420,21,30,20,0,0.0,Estimated
htc_10_evo_8404,120000,250,900,40,50,30,0,0.0,Excel Benchmark
htc_one_x10_8487,240000,500,1550,23,40,35,0,0.0,Excel Benchmark
htc_desire_10_compact_8884,70000,180,650,21,30,25,0,0.0,Excel Benchmark
htc_one_a9s_8297,240000,500,1550,21,30,20,0,0.0,Excel Benchmark
htc_desire_628_8128,240000,500,1550,21,30,20,0,0.0,Excel Benchmark
htc_desire_10_lifestyle_8276,30000,110,420,21,30,20,0,0.0,Estimated
htc_one_m9_prime_camera_8086,148893,493,3279,36,40,20,0,0.0,Excel Benchmark
htc_desire_728_ultra_8633,240000,500,1550,21,30,20,0,0.0,Excel Benchmark
htc_desire_830_8066,471272,1072,3016,36,40,20,0,0.0,Excel Benchmark
htc_10_lifestyle_8031,130000,300,1100,38,50,30,0,0.0,Excel Benchmark
htc_one_s9_8072,471272,1072,3016,36,40,20,0,0.0,Excel Benchmark
htc_10_7884,180000,330,1200,38,50,30,0,0.0,Excel Benchmark
htc_desire_630_7941,30000,110,420,21,30,20,0,0.0,Estimated
htc_desire_825_7942,30000,110,420,21,30,20,0,0.0,Estimated
htc_desire_530_7940,20000,80,300,16,30,20,0,0.0,Estimated
htc_desire_625_8348,20000,80,300,16,30,20,0,0.0,Estimated
htc_one_m9s_7758,471272,1072,3016,36,40,20,0,0.0,Excel Benchmark
htc_one_x9_7836,471272,1072,3016,38,40,30,0,0.0,Excel Benchmark
htc_desire_728_dual_sim_7753,240000,500,1550,21,30,20,0,0.0,Excel Benchmark
htc_one_e9s_dual_sim_7627,240000,500,1550,21,30,20,0,0.0,Excel Benchmark
htc_butterfly_3_7592,120000,250,900,18,50,25,0,0.0,Excel Benchmark
htc_one_m9__supreme_camera_7591,148893,493,3279,33,50,20,0,0.0,Excel Benchmark
htc_desire_626__usa__7421,20000,80,300,16,30,20,0,0.0,Estimated
htc_desire_828_dual_sim_7731,240000,500,1550,36,40,20,0,0.0,Excel Benchmark
htc_desire_626s_7418,20000,80,300,16,30,20,0,0.0,Estimated
htc_desire_526_7419,20000,80,300,16,28,20,0,0.0,Estimated
htc_desire_520_7420,20000,80,300,16,28,20,0,0.0,Estimated
htc_one_me_7275,471272,1072,3016,18,50,20,0,0.0,Excel Benchmark
htc_desire_326g_dual_sim_7194,50000,150,500,16,23,20,0,0.0,Estimated
htc_one_m8s_7165,536428,1028,3884,21,40,20,0,0.0,Excel Benchmark
htc_one_a9_7576,692191,2191,5373,36,50,25,0,0.0,Excel Benchmark
htc_one_e9__7111,677207,2007,5821,18,50,20,0,0.0,Excel Benchmark
htc_one_m9__6977,148893,493,3279,18,50,20,0,0.0,Excel Benchmark
htc_one_m9_6891,120000,250,900,18,40,25,0,0.0,Excel Benchmark
htc_desire_820s_dual_sim_7115,240000,500,1550,23,30,20,0,0.0,Excel Benchmark
htc_desire_626g__7183,664363,1963,4689,21,30,20,0,0.0,Excel Benchmark
htc_desire_626_6968,240000,500,1550,21,30,20,0,0.0,Excel Benchmark
htc_desire_820g__dual_sim_7267,664363,1963,4689,23,30,20,0,0.0,Excel Benchmark
htc_one_e9_7310,677207,2007,5821,21,40,20,0,0.0,Excel Benchmark
htc_desire_526g__dual_sim__6947,231241,241,2041,16,28,20,0,0.0,Estimated
htc_desire_826_dual_sim_6921,536428,1028,3884,21,40,20,0,0.0,Excel Benchmark
htc_desire_620g_dual_sim_6841,664363,1963,4689,16,30,20,0,0.0,Excel Benchmark
htc_nexus_9_5823,582941,941,3623,16,28,50,0,0.0,Excel Benchmark
htc_desire_620_6830,35000,120,450,16,30,20,0,0.0,Estimated
htc_desire_816g_dual_sim_6736,397966,966,3698,21,30,20,0,0.0,Excel Benchmark
htc_one__m8_eye__6713,90000,220,750,21,40,20,0,0.0,Excel Benchmark
htc_desire_612_6719,30000,110,420,16,28,20,0,0.0,Estimated
htc_desire_820q_dual_sim_6854,35000,120,450,23,25,20,0,0.0,Estimated
htc_desire_320_6913,231241,241,2041,16,23,20,0,0.0,Estimated
htc_desire_eye_6715,90000,220,750,21,40,25,0,0.0,Excel Benchmark
htc_desire_820_6636,536428,1028,3884,23,30,20,0,0.0,Excel Benchmark
htc_one__m8__for_windows_6589,90000,220,750,16,40,20,0,0.0,Excel Benchmark
htc_one__e8__cdma_6621,90000,220,750,21,40,20,0,0.0,Excel Benchmark
htc_one__m8__for_windows__cdma__6588,90000,220,750,16,40,20,0,0.0,Excel Benchmark
htc_desire_510_6608,35000,120,450,16,28,20,0,0.0,Estimated
htc_desire_820_dual_sim_6637,536428,1028,3884,23,30,20,0,0.0,Excel Benchmark
htc_butterfly_2_6581,90000,220,750,21,40,25,0,0.0,Excel Benchmark
htc_one__m8__dual_sim_6483,90000,220,750,16,40,20,0,0.0,Excel Benchmark
htc_one__e8__6397,90000,220,750,21,40,25,0,0.0,Excel Benchmark
htc_one_mini_2_6345,30000,110,420,21,30,20,0,0.0,Estimated
htc_desire_210_dual_sim_6316,30000,100,400,16,23,20,0,0.0,Estimated
htc_desire_616_dual_sim_6234,664363,1963,4689,16,30,20,0,0.0,Excel Benchmark
htc_one__m8__cdma_6233,90000,220,750,16,40,25,0,0.0,Excel Benchmark
htc_desire_516_dual_sim_6463,95000,240,850,16,28,20,0,0.0,Excel Benchmark
htc_one__m8__6074,90000,220,750,16,40,25,0,0.0,Excel Benchmark
htc_desire_310_dual_sim_6348,726979,1379,3937,16,23,20,0,0.0,Excel Benchmark
htc_desire_310_6009,726979,1379,3937,16,23,20,0,0.0,Excel Benchmark
htc_desire_816_dual_sim_6487,30000,110,420,21,30,20,0,0.0,Estimated
htc_desire_610_6160,30000,110,420,16,28,20,0,0.0,Estimated
htc_one_remix_6528,30000,110,420,21,30,25,0,0.0,Estimated
htc_desire_501_dual_sim_5907,603620,1820,4260,16,28,20,0,0.0,Excel Benchmark
htc_desire_700_6552,459744,1144,5232,16,28,20,0,0.0,Excel Benchmark
htc_desire_816_6073,30000,110,420,21,30,20,0,0.0,Estimated
htc_desire_700_dual_sim_5870,459744,1144,5232,16,28,20,0,0.0,Excel Benchmark
htc_desire_601_dual_sim_5871,231241,241,2041,16,23,20,0,0.0,Estimated
htc_one_max_5704,473026,2026,6878,16,40,25,0,0.0,Excel Benchmark
htc_desire_501_5872,231241,241,2041,16,23,20,0,0.0,Estimated
htc_desire_l_6121,12000,50,200,16,28,20,0,0.0,Estimated
htc_one_mini_5505,30000,110,420,16,30,20,0,0.0,Estimated
htc_desire_601_5667,30000,110,420,16,23,20,0,0.0,Estimated
htc_desire_500_5623,12000,50,200,16,23,20,0,0.0,Estimated
htc_desire_300_5666,12000,50,200,16,23,20,0,0.0,Estimated
htc_desire_p_6123,231241,241,2041,16,28,20,0,0.0,Estimated
htc_desire_q_6122,215427,227,481,16,28,20,0,0.0,Excel Benchmark
htc_8xt_5547,30000,110,420,16,28,20,0,0.0,Estimated
htc_desire_200_5536,231241,241,2041,16,23,20,0,0.0,Estimated
htc_one_dual_sim_5498,679242,1042,2926,31,40,20,0,0.0,Excel Benchmark
htc_desire_600_dual_sim_5465,95000,240,850,16,28,20,0,0.0,Excel Benchmark
htc_first_5395,30000,110,420,16,30,20,0,0.0,Estimated
htc_butterfly_s_5537,679242,1042,2926,16,40,25,0,0.0,Excel Benchmark
htc_one_5313,679242,1042,2926,31,40,20,0,0.0,Excel Benchmark
htc_desire_u_5261,231241,241,2041,16,28,20,0,0.0,Estimated
htc_desire_400_dual_sim_4978,231241,241,2041,16,28,20,0,0.0,Estimated
htc_butterfly_5118,473026,2026,6878,16,40,20,0,0.0,Excel Benchmark
htc_droid_dna_5113,12000,50,200,16,40,20,0,0.0,Estimated
htc_one_sv_5105,12000,50,200,16,28,20,0,0.0,Estimated
htc_one_sv_cdma_5106,231241,241,2041,16,28,20,0,0.0,Estimated
htc_one_x__4976,480211,211,1433,16,30,20,0,0.0,Excel Benchmark
htc_one_vx_5016,30000,110,420,16,28,20,0,0.0,Estimated
htc_windows_phone_8s_5000,12000,50,200,16,28,20,0,0.0,Estimated
htc_windows_phone_8x_cdma_5104,231241,241,2041,16,30,20,0,0.0,Estimated
htc_one_sc_4979,231241,241,2041,16,28,20,0,0.0,Estimated
htc_windows_phone_8x_4975,12000,50,200,16,30,20,0,0.0,Estimated
htc_desire_xc_5861,231241,241,2041,16,23,20,0,0.0,Estimated
htc_desire_x_4951,12000,50,200,16,28,20,0,0.0,Estimated
htc_desire_vc_4829,215427,227,481,16,28,20,0,0.0,Excel Benchmark
htc_desire_v_4805,215427,227,481,16,23,20,0,0.0,Excel Benchmark
htc_desire_vt_4830,215427,227,481,16,28,20,0,0.0,Excel Benchmark
htc_desire_c_4759,402467,1267,3601,16,28,20,0,0.0,Excel Benchmark
htc_droid_incredible_4g_lte_4744,12000,50,200,16,28,20,0,0.0,Estimated
htc_evo_4g_lte_4665,12000,50,200,16,30,20,0,0.0,Estimated
htc_one_xc_4977,231241,241,2041,16,30,20,0,0.0,Estimated
htc_one_st_4980,231241,241,2041,16,28,20,0,0.0,Estimated
htc_one_x_at_t_4614,12000,50,200,16,30,20,0,0.0,Estimated
htc_one_xl_4572,12000,50,200,16,30,20,0,0.0,Estimated
htc_one_s_c2_4836,50000,150,500,16,38,20,0,0.0,Estimated
htc_one_s_4574,628479,879,2437,16,38,20,0,0.0,Excel Benchmark
htc_one_x_4320,297946,946,3638,16,30,20,0,0.0,Excel Benchmark
htc_desire_sv_5100,12000,50,200,16,28,20,0,0.0,Estimated
htc_one_v_4575,30000,100,350,16,28,20,0,0.0,Estimated
htc_j_4997,231241,241,2041,16,38,20,0,0.0,Estimated
htc_velocity_4g_vodafone_4525,50000,150,500,16,28,20,0,0.0,Estimated
htc_titan_ii_4411,260710,910,2530,21,28,20,0,0.0,Excel Benchmark
htc_vivid_4302,427076,2076,6028,16,28,20,0,0.0,Excel Benchmark
htc_velocity_4g_4435,50000,150,500,16,28,20,0,0.0,Estimated
htc_evo_design_4g_4202,700000,900,3100,16,28,20,0,0.0,Excel Benchmark
htc_rezound_4099,170000,350,1300,16,30,20,0,0.0,Excel Benchmark
htc_sensation_xl_4161,30000,100,350,16,28,20,0,0.0,Estimated
htc_explorer_4102,402467,1267,3601,16,23,20,0,0.0,Excel Benchmark
htc_raider_4g_3958,231241,241,2041,16,23,20,0,0.0,Estimated
htc_rhyme_4132,30000,100,350,16,28,20,0,0.0,Estimated
htc_amaze_4g_4097,231241,241,2041,16,28,20,0,0.0,Estimated
htc_rhyme_cdma_4196,30000,100,350,16,28,20,0,0.0,Estimated
htc_sensation_xe_4164,50000,150,500,16,28,20,0,0.0,Estimated
htc_hero_s_4285,700000,900,3100,16,28,20,0,0.0,Excel Benchmark
htc_jetstream_4141,50000,150,500,16,28,50,0,0.0,Estimated
htc_titan_4027,30000,100,350,16,28,20,0,0.0,Estimated
htc_panache_4070,30000,100,350,16,23,20,0,0.0,Estimated
htc_glacier_3949,30000,100,350,16,23,20,0,0.0,Estimated
htc_radar_4131,30000,100,350,16,28,20,0,0.0,Estimated
htc_lead_3957,471871,1871,4413,16,28,20,0,0.0,Excel Benchmark
htc_droid_incredible_2_3938,700000,900,3100,16,28,20,0,0.0,Excel Benchmark
htc_status_4022,374909,1309,2727,16,23,20,0,0.0,Excel Benchmark
htc_sensation_4g_3922,50000,150,500,16,28,20,0,0.0,Estimated
htc_sensation_3875,50000,150,500,16,28,20,0,0.0,Estimated
htc_trophy_3964,700000,900,3100,16,23,20,0,0.0,Excel Benchmark
htc_evo_3d_cdma_3895,170000,350,1300,16,28,20,0,0.0,Excel Benchmark
htc_hd7s_3887,508938,1538,5414,16,28,20,0,0.0,Excel Benchmark
htc_merge_3739,110000,270,950,16,28,20,0,0.0,Excel Benchmark
htc_desire_s_3776,30000,100,350,16,28,20,0,0.0,Estimated
htc_prime_3877,231241,241,2041,16,28,20,0,0.0,Estimated
htc_evo_3d_3901,170000,350,1300,16,28,20,0,0.0,Excel Benchmark
htc_flyer_3829,30000,100,350,16,28,35,0,0.0,Estimated
htc_salsa_3786,374909,1309,2727,16,23,20,0,0.0,Excel Benchmark
htc_chacha_3787,231241,241,2041,16,23,20,0,0.0,Estimated
htc_inspire_4g_3706,30000,100,350,16,28,20,0,0.0,Estimated
htc_wildfire_s_3777,374909,1309,2727,16,23,20,0,0.0,Excel Benchmark
htc_flyer_wi_fi_3953,30000,100,350,16,28,35,0,0.0,Estimated
htc_freestyle_3707,320486,1486,3258,16,23,20,0,0.0,Excel Benchmark
htc_thunderbolt_4g_3703,700000,900,3100,16,23,20,0,0.0,Excel Benchmark
htc_gratia_3585,374909,1309,2727,16,23,20,0,0.0,Excel Benchmark
htc_hd7_3338,508938,1538,5414,16,28,20,0,0.0,Excel Benchmark
htc_7_surround_3557,508938,1538,5414,16,28,20,0,0.0,Excel Benchmark
htc_7_pro_3576,508938,1538,5414,16,23,20,0,0.0,Excel Benchmark
htc_evo_shift_4g_3702,110000,270,950,16,23,20,0,0.0,Excel Benchmark
htc_7_mozart_3530,508938,1538,5414,16,28,20,0,0.0,Excel Benchmark
htc_arrive_3556,508938,1538,5414,16,23,20,0,0.0,Excel Benchmark
htc_desire_hd_3468,30000,100,350,16,28,20,0,0.0,Estimated
htc_7_trophy_3118,508938,1538,5414,16,28,20,0,0.0,Excel Benchmark
htc_paradise_3462,231241,241,2041,16,23,20,0,0.0,Estimated
htc_desire_z_3421,504066,1066,4998,16,28,20,0,0.0,Excel Benchmark
htc_evo_4g__5058,50000,150,500,16,28,20,0,0.0,Estimated
htc_aria_3392,374909,1309,2727,16,23,20,0,0.0,Excel Benchmark
htc_wildfire_cdma_3577,231241,241,2041,16,23,20,0,0.0,Estimated
htc_hd_mini_3163,374909,1309,2727,16,23,20,0,0.0,Excel Benchmark
htc_wildfire_3337,320486,1486,3258,16,23,20,0,0.0,Excel Benchmark
htc_legend_3141,374909,1309,2727,16,38,20,0,0.0,Excel Benchmark
htc_evo_view_4g_3896,231241,241,2041,16,28,35,0,0.0,Estimated
htc_rider_3945,170000,350,1300,16,28,20,0,0.0,Excel Benchmark
htc_smart_3080,231241,241,2041,16,23,20,0,0.0,Estimated
htc_desire_3077,508938,1538,5414,16,38,20,0,0.0,Excel Benchmark
htc_evo_4g_3427,700000,900,3100,16,23,20,0,0.0,Excel Benchmark
htc_droid_eris_3428,590526,1526,4378,16,23,20,0,0.0,Excel Benchmark
htc_droid_incredible_3230,700000,900,3100,16,38,20,0,0.0,Excel Benchmark
htc_google_nexus_one_3069,508938,1538,5414,16,38,20,0,0.0,Excel Benchmark
htc_pure_2956,411432,1232,2496,16,23,20,0,0.0,Excel Benchmark
htc_incredible_s_3788,30000,100,350,16,28,20,0,0.0,Estimated
htc_touch2_2924,320486,1486,3258,16,23,20,0,0.0,Excel Benchmark
htc_hero_2861,15000,60,250,16,23,20,0,0.0,Estimated
htc_hero_cdma_3481,15000,60,250,16,23,20,0,0.0,Estimated
htc_schubert_3469,508938,1538,5414,16,23,20,0,0.0,Excel Benchmark
htc_snap_2770,231241,241,2041,16,23,20,0,0.0,Estimated
htc_ozone_2886,231241,241,2041,16,23,20,0,0.0,Estimated
htc_tattoo_2932,320486,1486,3258,16,23,20,0,0.0,Excel Benchmark
htc_tilt2_2969,15000,60,250,16,23,20,0,0.0,Estimated
htc_touch_pro2_cdma_3480,15000,60,250,16,23,20,0,0.0,Estimated
htc_touch_pro2_2690,15000,60,250,16,23,20,0,0.0,Estimated
htc_magic_2714,15000,60,250,16,23,20,0,0.0,Estimated
htc_touch_diamond2_2689,15000,60,250,16,23,20,0,0.0,Estimated
htc_touch_cruise_09_2654,320486,1486,3258,16,23,20,0,0.0,Excel Benchmark
htc_touch_diamond2_cdma_3087,15000,60,250,16,23,20,0,0.0,Estimated
htc_max_4g_2605,565712,1512,5336,16,23,20,0,0.0,Excel Benchmark
htc_touch_hd_t8285_3208,411432,1232,2496,16,23,20,0,0.0,Excel Benchmark
htc_touch_hd_2525,411432,1232,2496,16,23,20,0,0.0,Excel Benchmark
htc_dream_2665,411432,1232,2496,16,23,20,0,0.0,Excel Benchmark
htc_touch_3g_2526,320486,1486,3258,16,23,20,0,0.0,Excel Benchmark
htc_touch_viva_2527,259101,1101,3103,16,23,20,0,0.0,Excel Benchmark
htc_touch_pro_2413,411432,1232,2496,16,23,20,0,0.0,Excel Benchmark
htc_touch_diamond_cdma_3484,291473,1073,3019,16,23,20,0,0.0,Excel Benchmark
htc_touch_diamond_2368,411432,1232,2496,16,23,20,0,0.0,Excel Benchmark
htc_advantage_x7510_2267,231241,241,2041,16,23,20,0,0.0,Estimated
htc_touch_pro_cdma_3483,291473,1073,3019,16,23,20,0,0.0,Excel Benchmark
htc_s740_2498,320486,1486,3258,16,23,20,0,0.0,Excel Benchmark
htc_touch_cruise_2174,15000,60,250,16,23,20,0,0.0,Estimated
htc_p3470_2266,259101,1101,3103,16,23,20,0,0.0,Excel Benchmark
htc_hd2_2957,508938,1538,5414,16,23,20,0,0.0,Excel Benchmark
htc_s730_2128,15000,60,250,16,23,20,0,0.0,Estimated
htc_p6500_2129,15000,60,250,16,23,20,0,0.0,Estimated
htc_tytn_ii_2024,15000,60,250,16,23,20,0,0.0,Estimated
htc_s630_2040,231241,241,2041,16,23,20,0,0.0,Estimated
htc_p6300_1993,231241,241,2041,16,23,20,0,0.0,Estimated
htc_shift_1934,231241,241,2041,16,23,20,0,0.0,Estimated
htc_touch_1999,259101,1101,3103,16,23,20,0,0.0,Excel Benchmark
htc_advantage_x7500_1887,630872,672,3816,16,23,20,0,0.0,Excel Benchmark
htc_s710_1891,259101,1101,3103,16,23,20,0,0.0,Excel Benchmark
htc_p3350_1886,259101,1101,3103,16,23,20,0,0.0,Excel Benchmark
htc_p3400_1885,259101,1101,3103,16,23,20,0,0.0,Excel Benchmark
htc_p4350_1781,259101,1101,3103,16,23,20,0,0.0,Excel Benchmark
htc_p3300_1693,259101,1101,3103,16,23,20,0,0.0,Excel Benchmark
htc_p3600i_2126,231241,241,2041,16,23,20,0,0.0,Estimated
htc_s620_1696,259101,1101,3103,16,23,20,0,0.0,Excel Benchmark
htc_s310_1695,259101,1101,3103,16,23,20,0,0.0,Excel Benchmark
htc_tytn_1659,231241,241,2041,16,23,20,0,0.0,Estimated
htc_mteor_1658,231241,241,2041,16,23,20,0,0.0,Estimated
htc_touch_dual_2127,15000,60,250,16,23,20,0,0.0,Estimated
htc_wildfire_r70_10104,254592,392,976,28,30,35,0,0.0,Excel Benchmark
htc_one_m8_prime_6371,231241,241,2041,16,50,20,0,0.0,Estimated
htc_one__m8i__7033,536428,1028,3884,21,40,20,0,0.0,Excel Benchmark
htc_zeta_4333,231241,241,2041,16,30,20,0,0.0,Estimated
htc_primo_4457,231241,241,2041,16,38,20,0,0.0,Estimated
htc_ignite_3876,231241,241,2041,16,28,20,0,0.0,Estimated
htc_desire_hd2_3775,231241,241,2041,16,28,20,0,0.0,Estimated
htc_a12_6889,35000,120,450,16,30,20,0,0.0,Estimated
htc_p3600_1694,231241,241,2041,16,23,20,0,0.0,Estimated
htc_tiara_5510,231241,241,2041,16,28,20,0,0.0,Estimated
htc_ville_4325,231241,241,2041,16,38,20,0,0.0,Estimated
huawei_watch_6_14924,231241,241,2041,16,58,40,0,0.0,Estimated
huawei_watch_d3_14926,231241,241,2041,16,58,40,0,0.0,Estimated
huawei_nova_16s_pro_5g_14922,688658,1258,2574,90,75,75,0,0.0,Excel Benchmark
huawei_nova_16s_5g_14923,847387,2187,7361,80,55,75,0,0.0,Excel Benchmark
huawei_watch_gt_7_pro_14872,231241,241,2041,16,58,40,0,0.0,Estimated
huawei_watch_gt_7_14873,231241,241,2041,16,58,40,0,0.0,Estimated
huawei_matepad_pro_12__2026__14864,590334,1734,6002,41,70,75,0,0.0,Excel Benchmark
huawei_nova_16_se_14861,847387,2187,7361,50,73,75,0,0.0,Excel Benchmark
huawei_pura_90s_pro_max_5g_14794,1293328,4522,4003,83,55,95,1192,13.05,GSMArena Lab
huawei_pura_90s_pro_5g_14795,473401,1401,4003,78,55,95,0,0.0,Excel Benchmark
huawei_matepad_air__2026__14796,75065,265,1595,43,70,75,0,0.0,Excel Benchmark
huawei_nova_16_ultra_5g_14698,688658,1258,2574,90,75,95,0,0.0,Excel Benchmark
huawei_nova_16_pro_5g_14699,688658,1258,2574,90,75,75,0,0.0,Excel Benchmark
huawei_nova_16_5g_14700,688658,1258,2574,80,55,75,0,0.0,Excel Benchmark
huawei_nova_16z_5g_14701,847387,2187,7361,80,55,75,0,0.0,Excel Benchmark
huawei_nova_y74_14703,231241,241,2041,43,40,65,0,0.0,Estimated
huawei_watch_ultimate_design_spring_14657,642342,2142,6226,16,58,40,0,0.0,Excel Benchmark
huawei_watch_buds_2_14664,231241,241,2041,16,58,40,0,0.0,Estimated
huawei_matepad_pro_max_14658,310814,214,2442,43,70,75,0,0.0,Excel Benchmark
huawei_pura_x_max_5g_14607,494851,851,3353,80,75,90,0,0.0,Excel Benchmark
huawei_watch_6_pro_14925,231241,241,2041,16,58,40,0,0.0,Estimated
huawei_nova_15_max_14656,231241,241,2041,40,73,65,0,0.0,Estimated
huawei_pura_90_pro_5g_14610,473401,1401,4003,78,55,95,0,0.0,Excel Benchmark
huawei_watch_fit_5_14613,231241,241,2041,16,58,20,0,0.0,Estimated
huawei_pura_90_pro_max_5g_14609,473401,1401,4003,83,55,95,0,0.0,Excel Benchmark
huawei_pura_90_5g_14612,688658,1258,2574,85,55,95,0,0.0,Excel Benchmark
huawei_watch_fit_5_pro_14614,231241,241,2041,16,58,20,0,0.0,Estimated
huawei_enjoy_90_pro_max_14553,85000,200,700,40,73,65,0,0.0,Excel Benchmark
huawei_enjoy_90_plus_14554,85000,200,700,45,50,65,0,0.0,Excel Benchmark
huawei_mate_80_pro_max_wind_5g_14555,494851,851,3353,78,95,95,0,0.0,Excel Benchmark
huawei_enjoy_90m_plus_14587,85000,200,700,45,50,65,0,0.0,Excel Benchmark
huawei_enjoy_90_14556,85000,200,700,45,50,65,0,0.0,Excel Benchmark
huawei_matepad_11_5__2026__14375,639886,886,2458,28,48,65,0,0.0,Excel Benchmark
huawei_watch_gt_runner_2_14514,231241,241,2041,16,58,40,0,0.0,Estimated
huawei_nova_15_pro_5g_14371,688658,1258,2574,85,75,75,0,0.0,Excel Benchmark
huawei_mate_x7_5g_14314,494851,851,3353,80,95,90,0,11.85,Excel Benchmark
huawei_nova_15_5g_14372,847387,2187,7361,80,55,75,0,0.0,Excel Benchmark
huawei_mate_80_pro_max_5g_14310,494851,851,3353,33,95,95,0,0.0,Excel Benchmark
huawei_mate_80_rs_ultimate_5g_14313,494851,851,3353,33,95,95,0,0.0,Excel Benchmark
huawei_mate_80_5g_14312,303654,1054,4962,78,75,90,0,0.0,Excel Benchmark
huawei_mate_80_pro_5g_14311,494851,851,3353,78,75,90,0,14.02,Excel Benchmark
huawei_matepad_edge_14316,448160,360,880,55,65,80,0,0.0,Excel Benchmark
huawei_mate_70_air_5g_14283,694005,1205,4415,73,75,75,0,0.0,Excel Benchmark
huawei_nova_15_ultra_5g_14370,688658,1258,2574,90,75,95,0,0.0,Excel Benchmark
huawei_nova_14_lite_5g_14241,231241,241,2041,50,55,70,0,0.0,Estimated
huawei_nova_flip_s_5g_14240,827480,1680,5840,65,75,60,0,0.0,Excel Benchmark
huawei_nova_14i_14193,200000,380,1350,43,45,50,0,0.0,Excel Benchmark
huawei_watch_ultimate_2_14166,231241,241,2041,16,58,40,0,0.0,Estimated
huawei_watch_gt_6_pro_14167,231241,241,2041,16,58,40,0,0.0,Estimated
huawei_watch_gt_6_14168,231241,241,2041,16,58,40,0,0.0,Estimated
huawei_matepad_12_x__2025__14169,510337,1137,3211,45,60,75,0,0.0,Excel Benchmark
huawei_mate_xts_ultimate_5g_14121,303654,1054,4962,80,65,90,0,0.0,Excel Benchmark
huawei_matepad_air__2025__14084,231241,241,2041,45,60,75,0,0.0,Estimated
huawei_matepad_11_5_s__2025__14083,231241,241,2041,28,50,65,0,0.0,Estimated
huawei_matepad_11_5__2025__14008,639886,886,2458,28,48,65,0,0.0,Excel Benchmark
huawei_pura_80_ultra_5g_13944,1160268,4368,4962,33,95,90,1029,11.85,GSMArena Lab
huawei_pura_80_pro__5g_13945,303654,1054,4962,78,95,90,0,0.0,Excel Benchmark
huawei_pura_80_5g_13947,688658,1258,2574,78,95,90,0,0.0,Excel Benchmark
huawei_matepad_mini_5g_14122,231241,241,2041,55,65,75,0,0.0,Estimated
huawei_nova_y73_4g_13827,230000,480,1500,43,45,65,0,0.0,Excel Benchmark
huawei_nova_14_ultra_5g_13877,847387,2187,7361,78,75,70,0,0.0,Excel Benchmark
huawei_nova_14_pro_5g_13878,847387,2187,7361,78,65,70,0,0.0,Excel Benchmark
huawei_nova_14_5g_13879,85000,200,700,80,65,70,0,0.0,Excel Benchmark
huawei_watch_5_13868,231241,241,2041,16,58,40,0,0.0,Estimated
huawei_pura_80_pro_5g_13946,231241,241,2041,78,95,90,0,0.0,Estimated
huawei_watch_fit_4_pro_14114,231241,241,2041,16,58,40,0,0.0,Estimated
huawei_watch_fit_4_14113,231241,241,2041,16,58,40,0,0.0,Estimated
huawei_nova_y72s_4g_13846,200000,380,1350,43,35,50,0,0.0,Excel Benchmark
huawei_matepad_pro_12_2__2025__13870,1062643,4157,4782,45,80,75,1045,11.4,GSMArena Lab
huawei_nova_y63_4g_13845,200000,380,1350,43,35,50,0,0.0,Excel Benchmark
huawei_enjoy_80_4g_13809,231241,241,2041,43,45,65,0,0.0,Estimated
huawei_pura_x_13744,303654,1054,4962,78,75,85,0,0.0,Excel Benchmark
huawei_mate_xt_ultimate_13320,320863,463,2189,80,43,90,0,7.8,Excel Benchmark
huawei_nova_13i_13606,200000,380,1350,43,45,60,0,0.0,Excel Benchmark
huawei_enjoy_70x_energy_4g_13811,231241,241,2041,43,53,65,0,0.0,Estimated
huawei_enjoy_70x_13600,85000,200,700,40,55,65,0,0.0,Excel Benchmark
huawei_mate_70_rs_ultimate_13520,303654,1054,4962,78,73,90,0,0.0,Excel Benchmark
huawei_mate_70_pro__13517,303654,1054,4962,78,73,90,0,0.0,Excel Benchmark
huawei_mate_70_pro_13518,303654,1054,4962,78,73,90,0,0.0,Excel Benchmark
huawei_mate_70_13519,303654,1054,4962,78,73,90,0,0.0,Excel Benchmark
huawei_mate_x6_13521,1360975,3821,4962,80,75,90,1173,10.87,GSMArena Lab
huawei_matepad_pro_13_2__2024__13523,307634,1034,3902,50,70,75,0,0.0,Excel Benchmark
huawei_nova_13_pro_13465,231241,241,2041,63,55,70,0,0.0,Estimated
huawei_nova_13_13466,231241,241,2041,38,55,70,0,0.0,Estimated
huawei_watch_gt_5_pro_13349,231241,241,2041,16,48,40,0,0.0,Estimated
huawei_watch_gt_5_13350,231241,241,2041,16,38,40,0,0.0,Estimated
huawei_watch_d2_13351,231241,241,2041,16,38,40,0,0.0,Estimated
huawei_matepad_air__2024__13251,231241,241,2041,30,58,75,0,0.0,Estimated
huawei_matepad_12_x_13352,667930,3954,4920,30,58,75,686,0.0,GSMArena Lab
huawei_matepad_pro_12_2__2024__13250,726657,4550,3600,35,78,75,1047,0.0,GSMArena Lab
huawei_matepad_11_5_s_12993,231241,241,2041,28,48,50,0,0.0,Estimated
huawei_pura_70_pro__12941,320863,463,2189,78,95,90,0,0.0,Excel Benchmark
huawei_nova_flip_13248,85000,200,700,65,53,60,0,0.0,Excel Benchmark
huawei_pura_70_pro_12942,320863,463,2189,78,95,90,0,0.0,Excel Benchmark
huawei_pura_70_ultra_12940,987197,4482,2189,78,95,90,1231,12.48,GSMArena Lab
huawei_pura_70_12943,780000,1000,3600,78,95,85,0,0.0,Excel Benchmark
huawei_nova_12i_12882,200000,380,1350,43,45,60,0,0.0,Excel Benchmark
huawei_nova_12_se_12881,200000,380,1350,53,55,65,0,0.0,Excel Benchmark
huawei_nova_12s_12880,630000,1080,3000,38,55,65,0,0.0,Excel Benchmark
huawei_matepad_se_11_13135,231241,241,2041,16,28,50,0,0.0,Estimated
huawei_pocket_2_12837,231241,241,2041,78,73,85,0,0.0,Estimated
huawei_enjoy_70z_12835,230000,480,1500,28,30,50,0,0.0,Excel Benchmark
huawei_nova_y72_12807,230000,480,1500,43,30,50,0,0.0,Excel Benchmark
huawei_nova_12_ultra_12761,780000,1000,3600,48,55,65,0,0.0,Excel Benchmark
huawei_nova_12_pro_12588,780000,1000,3600,48,55,65,0,0.0,Excel Benchmark
huawei_nova_12_12589,393815,1015,4845,38,55,65,0,0.0,Excel Benchmark
huawei_enjoy_70_12720,230000,480,1500,43,30,50,0,0.0,Excel Benchmark
huawei_matepad_pro_11__2024__12713,780000,1000,3600,35,58,75,0,0.0,Excel Benchmark
huawei_watch_ultimate_design_12607,231241,241,2041,16,38,40,0,0.0,Estimated
huawei_nova_12_lite_12762,630000,1080,3000,38,55,65,0,0.0,Excel Benchmark
huawei_nova_11_se_12648,200000,380,1350,53,55,65,0,0.0,Excel Benchmark
huawei_mate_60_rs_ultimate_12585,780000,1000,3600,73,55,90,0,0.0,Excel Benchmark
huawei_matepad_pro_13_2_12586,666062,3955,3600,35,70,75,770,8.25,GSMArena Lab
huawei_watch_gt_4_12563,231241,241,2041,16,38,40,0,0.0,Estimated
huawei_mate_x5_12550,780000,1000,3600,75,53,90,0,0.0,Excel Benchmark
huawei_matepad_11_5_12420,700000,1050,3200,23,65,50,0,0.0,Excel Benchmark
huawei_mate_60_pro_12530,780000,1000,3600,78,55,90,0,0.0,Excel Benchmark
huawei_mate_60_12539,780000,1000,3600,78,53,85,0,0.0,Excel Benchmark
huawei_matepad_air_12415,820000,1130,3500,30,48,65,0,0.0,Excel Benchmark
huawei_nova_y91_12290,200000,380,1350,43,45,50,0,0.0,Excel Benchmark
huawei_watch_4_pro_12278,231241,241,2041,16,38,40,0,0.0,Estimated
huawei_nova_y71_12259,230000,480,1500,38,30,50,0,0.0,Excel Benchmark
huawei_mate_60_pro__12549,780000,1000,3600,73,55,90,0,0.0,Excel Benchmark
huawei_enjoy_60x_12235,200000,380,1350,38,45,50,0,0.0,Excel Benchmark
huawei_watch_4_12279,307577,377,2931,16,38,40,0,0.0,Excel Benchmark
huawei_nova_11i_12268,200000,380,1350,43,45,60,0,0.0,Excel Benchmark
huawei_nova_11_ultra_12230,630000,1080,3000,48,55,65,0,0.0,Excel Benchmark
huawei_nova_11_pro_12233,596434,3008,3000,38,55,65,702,0.0,GSMArena Lab
huawei_nova_11_12234,630000,1080,3000,38,55,65,0,0.0,Excel Benchmark
huawei_p60_12191,517923,1523,4369,73,53,85,0,0.0,Excel Benchmark
huawei_mate_x3_12186,993592,4283,4369,75,53,85,926,0.0,GSMArena Lab
huawei_p60_art_12192,517923,1523,4369,73,53,90,0,0.0,Excel Benchmark
huawei_enjoy_60_pro_13647,200000,380,1350,43,45,60,0,0.0,Excel Benchmark
huawei_enjoy_60_12193,231241,241,2041,38,30,50,0,0.0,Estimated
huawei_p60_pro_12172,1030473,4422,4369,73,53,85,1135,0.0,GSMArena Lab
huawei_matepad_11__2023__12185,750000,1000,3300,30,43,50,0,0.0,Excel Benchmark
huawei_watch_ultimate_12190,231241,241,2041,16,38,40,0,0.0,Estimated
huawei_nova_10_youth_12154,200000,380,1350,23,45,60,0,0.0,Excel Benchmark
huawei_watch_buds_12021,231241,241,2041,16,38,40,0,0.0,Estimated
huawei_enjoy_50z_12020,231241,241,2041,41,30,45,0,0.0,Estimated
huawei_watch_gt_cyber_11972,231241,241,2041,16,38,40,0,0.0,Estimated
huawei_matepad_c5e_11942,230000,480,1500,16,28,45,0,0.0,Excel Benchmark
huawei_watch_gt_3_se_11980,231241,241,2041,16,38,40,0,0.0,Estimated
huawei_nova_10_se_11918,200000,380,1350,48,55,65,0,0.0,Excel Benchmark
huawei_mate_50_rs_porsche_design_11858,517923,1523,4369,78,53,85,0,0.0,Excel Benchmark
huawei_mate_50_pro_11856,979921,3839,4369,78,53,85,946,10.6,GSMArena Lab
huawei_mate_50e_11859,630000,1080,3000,63,43,60,0,0.0,Excel Benchmark
huawei_mate_50_11857,517923,1523,4369,78,43,80,0,0.0,Excel Benchmark
huawei_matepad_pro_11__2022__11720,780161,3685,3300,35,58,75,591,0.0,GSMArena Lab
huawei_nova_10_pro_11640,528847,2794,3000,43,55,65,784,0.0,GSMArena Lab
huawei_nova_y61_11968,231241,241,2041,41,30,45,0,0.0,Estimated
huawei_pocket_s_11970,630000,1080,3000,28,53,50,0,0.0,Excel Benchmark
huawei_nova_10_11641,630000,1080,3000,38,65,60,0,0.0,Excel Benchmark
huawei_matepad_10_4__2022__11525,180000,330,1200,18,28,50,0,0.0,Excel Benchmark
huawei_mate_xs_2_11503,641608,3131,3500,73,53,65,725,0.0,GSMArena Lab
huawei_watch_gt_3_pro_11504,231241,241,2041,16,38,40,0,0.0,Estimated
huawei_matepad_se_11506,230000,480,1500,16,28,45,0,0.0,Excel Benchmark
huawei_nova_10z_11853,231241,241,2041,43,40,50,0,0.0,Estimated
huawei_watch_d_12030,231241,241,2041,16,38,40,0,0.0,Estimated
huawei_nova_y70_plus_11489,230000,480,1500,38,30,50,0,0.0,Excel Benchmark
huawei_nova_9_se_5g_11490,420000,750,2200,23,55,60,0,0.0,Excel Benchmark
huawei_watch_gt_3_porsche_design_11505,231241,241,2041,16,38,40,0,0.0,Estimated
huawei_nova_9_se_11399,200000,380,1350,23,45,60,0,0.0,Excel Benchmark
huawei_p50e_11428,630000,1080,3000,73,43,60,0,0.0,Excel Benchmark
huawei_nova_8_se_4g_11247,230000,480,1500,23,50,50,0,0.0,Excel Benchmark
huawei_nova_y60_11328,340000,600,1850,28,30,45,0,0.0,Excel Benchmark
huawei_nova_y90_11639,200000,380,1350,43,45,60,0,0.0,Excel Benchmark
huawei_enjoy_20e_11177,340000,600,1850,28,30,45,0,0.0,Excel Benchmark
huawei_watch_gt_runner_11227,231241,241,2041,16,38,40,0,0.0,Estimated
huawei_watch_fit_mini_11176,231241,241,2041,16,38,20,0,0.0,Estimated
huawei_watch_gt_3_11171,231241,241,2041,16,38,40,0,0.0,Estimated
huawei_nova_8_11048,180000,330,1200,30,55,50,0,0.0,Excel Benchmark
huawei_nova_9_11121,469798,2973,3000,30,65,60,608,0.0,GSMArena Lab
huawei_p50_pocket_11280,768513,3077,3500,38,53,50,803,0.0,GSMArena Lab
huawei_p50_10788,820000,1130,3500,73,43,60,0,0.0,Excel Benchmark
huawei_nova_9_pro_11120,630000,1080,3000,18,55,60,0,0.0,Excel Benchmark
huawei_nova_8_se_youth_11030,230000,480,1500,43,40,50,0,0.0,Excel Benchmark
huawei_nova_8i_11002,160000,330,1200,23,40,60,0,0.0,Excel Benchmark
huawei_mate_40e_4g_10986,700000,950,3300,68,55,70,0,0.0,Excel Benchmark
huawei_mate_40_pro_4g_10985,780000,1000,3600,73,45,80,0,0.0,Excel Benchmark
huawei_p50_pro_11029,793876,3145,3600,18,53,80,754,0.0,GSMArena Lab
huawei_matepad_pro_12_6__2021__10942,780000,1000,3600,30,38,55,382,0.0,Excel Benchmark
huawei_matepad_11__2021__10943,700000,900,3100,30,43,50,497,0.0,Excel Benchmark
huawei_matepad_pro_10_8__2021__10938,750000,1000,3300,30,33,85,0,0.0,Excel Benchmark
huawei_watch_3_10940,231241,241,2041,16,38,40,0,0.0,Estimated
huawei_matepad_t_10_11768,230000,480,1500,16,28,45,0,0.0,Excel Benchmark
huawei_nova_8_pro_4g_10875,650000,900,3100,18,55,60,0,0.0,Excel Benchmark
huawei_watch_3_pro_10941,231241,241,2041,16,38,40,0,0.0,Estimated
huawei_watch_fit_elegant_10794,231241,241,2041,16,38,20,0,0.0,Estimated
huawei_mate_40e_10783,700000,950,3300,68,55,70,0,0.0,Excel Benchmark
huawei_p40_4g_10755,700000,950,3300,80,50,25,0,0.0,Excel Benchmark
huawei_nova_8_pro_5g_10642,650000,900,3100,18,55,60,0,0.0,Excel Benchmark
huawei_nova_8_5g_10645,650000,900,3100,30,55,50,0,0.0,Excel Benchmark
huawei_mate_x2_4g_10987,780000,1000,3600,25,43,60,0,0.0,Excel Benchmark
huawei_enjoy_20_se_10652,230000,480,1500,28,40,45,0,0.0,Excel Benchmark
huawei_nova_8_se_10579,370000,580,1750,25,50,50,0,0.0,Excel Benchmark
huawei_mate_40_rs_porsche_design_10551,780000,1000,3600,18,45,80,0,0.0,Excel Benchmark
huawei_mate_40_pro_10528,686835,3704,3600,73,45,80,807,0.0,GSMArena Lab
huawei_mate_x2_10697,632818,14393,3600,25,43,60,542,0.0,GSMArena Lab
huawei_mate_40_pro__10550,780000,1000,3600,18,45,80,0,0.0,Excel Benchmark
huawei_mate_40_10553,780000,1000,3600,68,55,70,0,0.0,Excel Benchmark
huawei_mate_30e_pro_5g_10555,700000,950,3300,70,40,75,0,0.0,Excel Benchmark
huawei_watch_gt_2_porsche_design_10554,231241,241,2041,16,38,40,0,0.0,Estimated
huawei_p_smart_2021_10475,169253,1334,1500,18,40,45,442,0.0,GSMArena Lab
huawei_matepad_5g_10450,180000,330,1200,18,28,50,0,0.0,Excel Benchmark
huawei_watch_gt_2_pro_10426,739331,1331,3793,16,38,40,0,0.0,Excel Benchmark
huawei_enjoy_20_plus_5g_10417,370000,580,1750,45,45,50,0,0.0,Excel Benchmark
huawei_enjoy_20_5g_10418,370000,580,1750,28,30,45,0,0.0,Excel Benchmark
huawei_nova_7_se_5g_youth_10519,85000,200,700,25,40,50,0,0.0,Excel Benchmark
huawei_matepad_t_10s_10494,230000,480,1500,16,28,45,0,0.0,Excel Benchmark
huawei_y7a_10546,230000,480,1500,18,40,45,0,0.0,Excel Benchmark
huawei_enjoy_tablet_2_10363,230000,480,1500,16,28,45,0,0.0,Excel Benchmark
huawei_children_s_watch_4x_10364,231241,241,2041,16,38,40,0,0.0,Estimated
huawei_enjoy_20_pro_10299,85000,200,700,45,45,35,0,0.0,Excel Benchmark
huawei_y9a_10429,260000,500,1500,25,40,35,0,0.0,Excel Benchmark
huawei_enjoy_z_5g_10252,85000,200,700,45,45,35,0,0.0,Excel Benchmark
huawei_watch_fit_10427,231241,241,2041,16,38,20,0,0.0,Estimated
huawei_y8p_10249,230000,480,1500,43,50,35,0,0.0,Excel Benchmark
huawei_p_smart_s_10292,230000,480,1500,43,50,35,0,0.0,Excel Benchmark
huawei_p40_lite_5g_10236,180000,330,1200,25,40,50,0,0.0,Excel Benchmark
huawei_p30_pro_new_edition_10219,600000,850,2900,70,50,70,0,0.0,Excel Benchmark
huawei_y8s_10227,230000,480,1500,36,40,35,0,0.0,Excel Benchmark
huawei_matepad_10_8_10362,700000,950,3300,28,28,55,0,0.0,Excel Benchmark
huawei_p_smart_2020_10212,230000,480,1500,28,40,25,0,0.0,Excel Benchmark
huawei_y5p_10223,130000,300,950,16,50,25,0,0.0,Excel Benchmark
huawei_nova_7_pro_5g_10203,650000,900,3100,18,50,50,0,0.0,Excel Benchmark
huawei_matepad_t8_10231,675530,1730,5990,16,28,45,0,0.0,Excel Benchmark
huawei_nova_7_5g_10204,650000,900,3100,30,50,50,0,0.0,Excel Benchmark
huawei_nova_7_se_10205,180000,330,1200,25,40,50,0,0.0,Excel Benchmark
huawei_matepad_10_4_10206,120000,250,900,18,28,55,0,0.0,Excel Benchmark
huawei_enjoy_10e_11010,340000,600,1850,28,30,45,0,0.0,Excel Benchmark
huawei_watch_gt_2e_10166,231241,241,2041,16,38,20,0,0.0,Estimated
huawei_p40_pro__10118,529687,3203,3300,30,45,70,760,0.0,GSMArena Lab
huawei_p40_pro_10152,496356,12848,3300,85,45,70,0,0.0,GSMArena Lab
huawei_p40_lite_e_10112,230000,480,1500,38,30,35,0,0.0,Excel Benchmark
huawei_p40_10153,486583,12619,3300,80,50,25,589,0.0,GSMArena Lab
huawei_y6p_10222,130000,300,950,28,30,45,0,0.0,Excel Benchmark
huawei_matepad_pro_10_8_5g__2019__10100,700000,950,3300,30,33,85,0,0.0,Excel Benchmark
huawei_p40_lite_9996,325777,7846,900,23,40,50,515,0.0,GSMArena Lab
huawei_mate_xs_10098,461406,12213,3300,58,38,60,413,0.0,GSMArena Lab
huawei_p30_lite_new_edition_10073,230000,480,1500,48,40,30,0,0.0,Excel Benchmark
huawei_y6s__2019__10012,340000,600,1850,28,30,25,0,0.0,Excel Benchmark
huawei_nova_7i_10058,120000,250,900,23,40,50,0,0.0,Excel Benchmark
huawei_nova_6_5g_9983,700000,950,3300,53,40,50,0,0.0,Excel Benchmark
huawei_p_smart_pro_2019_9799,230000,480,1500,43,40,35,0,0.0,Excel Benchmark
huawei_y7p_10074,230000,480,1500,38,30,35,0,0.0,Excel Benchmark
huawei_nova_6_se_9989,120000,250,900,23,40,50,0,0.0,Excel Benchmark
huawei_matepad_pro_10_8__2019__9973,700000,950,3300,30,33,85,0,0.0,Excel Benchmark
huawei_mate_x_9605,600000,850,2900,43,38,60,0,0.0,Excel Benchmark
huawei_y9s_9956,230000,480,1500,43,40,35,0,0.0,Excel Benchmark
huawei_nova_6_9971,700000,950,3300,53,40,50,0,0.0,Excel Benchmark
huawei_enjoy_10_9905,230000,480,1500,38,30,35,0,0.0,Excel Benchmark
huawei_nova_5z_9922,120000,250,900,30,40,40,0,0.0,Excel Benchmark
huawei_enjoy_10s_9933,230000,480,1500,43,55,35,0,0.0,Excel Benchmark
huawei_mate_30_rs_porsche_design_9887,700000,950,3300,70,40,75,0,0.0,Excel Benchmark
huawei_mate_30_pro_5g_9880,700000,950,3300,70,40,75,0,0.0,Excel Benchmark
huawei_mate_30_5g_9881,700000,950,3300,58,50,70,0,0.0,Excel Benchmark
huawei_mate_30_9886,700000,950,3300,58,50,70,0,0.0,Excel Benchmark
huawei_watch_gt_2_9888,231241,241,2041,16,38,20,0,0.0,Estimated
huawei_enjoy_10_plus_9830,230000,480,1500,43,40,35,0,0.0,Excel Benchmark
huawei_mediapad_m6_10_8_9748,600000,850,2900,23,28,50,0,0.0,Excel Benchmark
huawei_mediapad_m6_turbo_8_4_9823,600000,850,2900,28,28,50,0,0.0,Excel Benchmark
huawei_mediapad_m6_8_4_9747,600000,850,2900,23,28,50,0,0.0,Excel Benchmark
huawei_nova_5_pro_9746,600000,850,2900,30,50,40,0,0.0,Excel Benchmark
huawei_mate_30_pro_9885,484529,11936,3300,70,40,75,686,0.0,GSMArena Lab
huawei_nova_5_9728,120000,250,900,28,50,40,0,0.0,Excel Benchmark
huawei_nova_5i_pro_9765,120000,250,900,30,40,40,0,0.0,Excel Benchmark
huawei_y9_prime__2019__9742,230000,480,1500,33,40,35,0,0.0,Excel Benchmark
huawei_nova_5t_9803,395503,10013,2900,30,40,25,0,0.0,GSMArena Lab
huawei_nova_5i_9727,230000,480,1500,16,40,35,0,0.0,Excel Benchmark
huawei_p20_lite__2019__9703,230000,480,1500,23,40,40,0,0.0,Excel Benchmark
huawei_p_smart_z_9694,230000,480,1500,33,40,35,0,0.0,Excel Benchmark
huawei_mate_20_x__5g__9705,600000,850,2900,53,50,50,0,0.0,Excel Benchmark
huawei_p30_pro_9635,401208,10014,2900,70,50,70,0,0.0,GSMArena Lab
huawei_p30_9530,314595,10114,2900,70,50,25,635,0.0,GSMArena Lab
huawei_p30_lite_9545,141600,5549,1500,48,40,30,501,0.0,GSMArena Lab
huawei_nova_4e_9627,230000,480,1500,33,40,30,0,0.0,Excel Benchmark
huawei_y5__2019__9675,502465,1665,4795,26,30,25,0,0.0,Excel Benchmark
huawei_enjoy_9e_9645,340000,600,1850,28,30,25,0,0.0,Excel Benchmark
huawei_enjoy_9s_9644,230000,480,1500,23,40,25,0,0.0,Excel Benchmark
huawei_mediapad_m5_lite_8_9668,230000,480,1500,23,28,45,0,0.0,Excel Benchmark
huawei_y_max_9643,170000,350,1300,23,40,45,0,0.0,Excel Benchmark
huawei_y6_pro__2019__9576,502465,1665,4795,28,30,25,0,0.0,Excel Benchmark
huawei_y6__2019__9620,502465,1665,4795,28,30,25,0,0.0,Excel Benchmark
huawei_y7__2019__9625,75000,200,750,28,30,35,0,0.0,Excel Benchmark
huawei_y7_prime__2019__9531,75000,200,750,33,30,35,0,0.0,Excel Benchmark
huawei_y7_pro__2019__9500,75000,200,750,33,30,35,0,0.0,Excel Benchmark
huawei_nova_4_9481,450000,700,2400,38,40,30,0,0.0,Excel Benchmark
huawei_p_smart_2019_9409,230000,480,1500,33,40,25,0,0.0,Excel Benchmark
huawei_y5_lite__2018__9501,80000,200,700,16,50,25,0,0.0,Excel Benchmark
huawei_enjoy_9_9466,75000,200,750,28,30,35,0,0.0,Excel Benchmark
huawei_mate_20_rs_porsche_design_9368,600000,850,2900,53,60,70,0,0.0,Excel Benchmark
huawei_watch_gt_9395,231241,241,2041,16,38,20,0,0.0,Estimated
huawei_mate_20_x_9369,370084,10118,2900,53,50,45,0,0.0,GSMArena Lab
huawei_watch_magic_9401,231241,241,2041,16,38,20,0,0.0,Estimated
huawei_mate_20_pro_9343,391046,9712,2900,53,60,70,0,0.0,GSMArena Lab
huawei_mate_20_9367,273913,9793,2900,43,40,35,0,0.0,GSMArena Lab
huawei_mediapad_m5_lite_9351,200000,400,1300,18,28,55,0,0.0,Excel Benchmark
huawei_mediapad_t5_9412,200000,400,1300,16,28,45,0,0.0,Excel Benchmark
huawei_mate_20_lite_9284,136583,5574,1500,21,40,30,0,0.0,GSMArena Lab
huawei_p_smart__2019_9272,230000,480,1500,23,40,25,0,0.0,Excel Benchmark
huawei_nova_3i_9632,230000,480,1500,21,40,25,0,0.0,Excel Benchmark
huawei_nova_3_9267,450000,700,2400,28,40,30,0,0.0,Excel Benchmark
huawei_y3__2018__9196,70000,180,650,16,28,20,0,0.0,Excel Benchmark
huawei_y5_prime__2018__9209,80000,200,700,21,50,25,0,0.0,Excel Benchmark
huawei_watch_2_2018_9199,20000,80,300,16,38,20,0,0.0,Estimated
huawei_y9__2019__9324,230000,480,1500,26,40,35,0,0.0,Excel Benchmark
huawei_y6_prime__2018__9502,40000,130,480,23,50,25,0,0.0,Estimated
huawei_y6__2018__9162,40000,130,480,21,50,25,0,0.0,Estimated
huawei_mate_rs_porsche_design_9141,450000,700,2400,58,60,55,0,0.0,Excel Benchmark
huawei_p20_9107,207016,6739,2400,43,40,25,0,0.0,GSMArena Lab
huawei_p20_pro_9106,209884,6679,2400,58,50,35,0,0.0,GSMArena Lab
huawei_p20_lite_9098,87431,3756,1300,28,40,30,0,0.0,GSMArena Lab
huawei_y7_pro__2018__9188,45000,140,500,23,50,25,0,0.0,Estimated
huawei_y7_prime__2018__9114,58974,2717,500,23,50,25,0,0.0,GSMArena Lab
huawei_y7__2018__9265,45000,140,500,23,50,25,0,0.0,Estimated
huawei_mediapad_m5_10_9091,380000,600,2000,23,28,55,0,0.0,Excel Benchmark
huawei_mediapad_m5_8_9092,380000,600,2000,23,28,50,0,0.0,Excel Benchmark
huawei_p_smart_8961,87156,3736,1300,23,40,25,0,0.0,GSMArena Lab
huawei_y9__2018__9112,200000,400,1300,21,40,35,0,0.0,Excel Benchmark
huawei_mediapad_m5_10__pro__9080,380000,600,2000,23,28,55,0,0.0,Excel Benchmark
huawei_nova_2s_8943,380000,600,2000,28,40,30,0,0.0,Excel Benchmark
huawei_mate_10_porsche_design_8899,450000,700,2400,45,50,35,0,0.0,Excel Benchmark
huawei_mate_10_pro_8854,450000,6783,2400,45,50,35,0,0.0,Excel Benchmark
huawei_mate_10_8877,214037,6625,2400,45,50,35,0,0.0,GSMArena Lab
huawei_p9_lite_mini_8833,40000,130,480,21,30,25,0,0.0,Estimated
huawei_mediapad_m3_lite_8_8715,50000,150,550,18,28,40,0,0.0,Estimated
huawei_mate_10_lite_8857,200000,3603,1300,21,40,25,0,0.0,Excel Benchmark
huawei_mediapad_t3_10_8636,40000,130,480,16,28,40,0,0.0,Estimated
huawei_y7_prime_8632,50000,150,550,18,30,35,0,0.0,Estimated
huawei_watch_2_pro_8910,20000,80,300,16,38,20,0,0.0,Estimated
huawei_mediapad_m3_lite_10_8637,50000,150,550,18,28,50,0,0.0,Estimated
huawei_nova_2_plus_8703,200000,400,1300,28,40,30,0,0.0,Excel Benchmark
huawei_nova_2_8672,200000,400,1300,28,40,25,0,0.0,Excel Benchmark
huawei_mediapad_t3_8_0_8578,40000,130,480,16,28,40,0,0.0,Estimated
huawei_mediapad_t3_7_0_8635,709119,1519,3357,16,28,25,0,0.0,Excel Benchmark
huawei_y7_8687,50000,150,550,18,30,35,0,0.0,Estimated
huawei_y6ii_compact_8663,455515,715,1945,21,30,20,0,0.0,Excel Benchmark
huawei_y6__2017__8695,70000,180,650,21,30,25,0,0.0,Excel Benchmark
huawei_y5__2017__8640,70000,180,650,16,30,25,0,0.0,Excel Benchmark
huawei_y3__2017__8686,70000,180,650,16,28,20,0,0.0,Excel Benchmark
huawei_watch_2_classic_8594,20000,80,300,16,38,20,0,0.0,Estimated
huawei_watch_2_8585,20000,80,300,16,38,20,0,0.0,Estimated
huawei_p10_plus_8515,380000,600,2000,40,50,30,0,0.0,Excel Benchmark
huawei_p10_8514,144458,600,2000,40,40,25,0,0.0,GSMArena Lab
huawei_p10_lite_8598,58874,3344,2622,18,40,30,0,0.0,Excel Benchmark
huawei_enjoy_6s_8458,50000,150,550,21,40,25,0,0.0,Estimated
huawei_mate_9_pro_8396,380000,600,2000,35,60,35,0,0.0,Excel Benchmark
huawei_mate_9_porsche_design_8415,380000,600,2000,35,60,35,0,0.0,Excel Benchmark
huawei_p8_lite__2017__8516,180000,380,1200,18,40,25,0,0.0,Excel Benchmark
huawei_mate_9_8073,380000,600,2000,35,40,35,0,0.0,Excel Benchmark
huawei_nova_plus_8312,95000,240,850,40,40,30,0,0.0,Excel Benchmark
huawei_enjoy_6_8402,240000,500,1550,21,40,35,0,0.0,Excel Benchmark
huawei_mediapad_m3_8_4_8315,300000,500,1700,18,28,45,0,0.0,Excel Benchmark
huawei_mediapad_t2_7_0_pro_8302,536428,1028,3884,21,40,35,0,0.0,Excel Benchmark
huawei_nova_8284,95000,240,850,20,40,30,0,0.0,Excel Benchmark
huawei_fit_8411,231241,241,2041,16,23,20,0,0.0,Estimated
huawei_mediapad_t1_7_0_plus_8138,50000,150,500,16,28,35,0,0.0,Estimated
huawei_mediapad_t2_7_0_8301,196260,460,2180,16,28,35,0,0.0,Excel Benchmark
huawei_y5ii_8036,928945,2145,7235,16,30,20,0,0.0,Excel Benchmark
huawei_mediapad_t2_10_0_pro_8303,536428,1028,3884,16,28,50,0,0.0,Excel Benchmark
huawei_mediapad_m2_7_0_8084,536428,1028,3884,21,28,35,0,0.0,Excel Benchmark
huawei_p9_lite_7983,120000,280,1000,23,40,25,0,0.0,Excel Benchmark
huawei_p9_plus_7745,810003,1603,3609,18,50,30,0,0.0,Excel Benchmark
huawei_y3ii_8037,606896,1896,5488,16,23,20,0,0.0,Excel Benchmark
huawei_p9_7972,810003,1603,3609,18,40,30,0,0.0,Excel Benchmark
huawei_watch_7687,30000,110,420,16,38,20,0,0.0,Estimated
huawei_g9_plus_8285,95000,240,850,40,40,25,0,0.0,Excel Benchmark
huawei_mediapad_m2_10_0_7854,405070,1270,3610,21,28,50,0,0.0,Excel Benchmark
huawei_enjoy_5s_7793,240000,500,1550,21,30,20,0,0.0,Excel Benchmark
huawei_mate_8_7239,300000,500,1700,38,40,40,0,0.0,Excel Benchmark
huawei_g7_plus_7744,536428,1028,3884,36,40,25,0,0.0,Excel Benchmark
huawei_y6_pro_7647,928945,2145,7235,21,30,35,0,0.0,Excel Benchmark
huawei_nexus_6p_7588,120000,250,900,20,60,25,0,0.0,Excel Benchmark
huawei_mate_s_7533,344250,450,1150,38,50,20,0,0.0,Excel Benchmark
huawei_g8_7513,536428,1028,3884,36,40,25,0,0.0,Excel Benchmark
huawei_y6_7440,20000,80,300,16,30,20,0,0.0,Estimated
huawei_y625_7206,200000,350,1300,16,28,20,0,0.0,Excel Benchmark
huawei_p8lite_ale_l04_7279,536428,1028,3884,21,30,20,0,0.0,Excel Benchmark
huawei_mediapad_m2_8_0_7309,405070,1270,3610,16,28,40,0,0.0,Excel Benchmark
huawei_p8max_7200,344250,450,1150,36,40,35,0,0.0,Excel Benchmark
huawei_y560_7829,20000,80,300,16,28,20,0,0.0,Estimated
huawei_p8lite_7201,100000,250,850,21,30,20,0,0.0,Excel Benchmark
huawei_p8_7006,405070,1270,3610,38,40,20,0,0.0,Excel Benchmark
huawei_y360_7077,412178,778,2134,16,28,20,0,0.0,Excel Benchmark
huawei_snapto_7187,30000,110,420,16,30,20,0,0.0,Estimated
huawei_mediapad_x2_7075,405070,1270,3610,21,28,45,0,0.0,Excel Benchmark
huawei_y635_7076,231241,241,2041,16,28,20,0,0.0,Estimated
huawei_ascend_y540_7049,390305,1505,5315,16,23,20,0,0.0,Excel Benchmark
huawei_ascend_gx1_6896,35000,120,450,16,30,25,0,0.0,Estimated
huawei_ascend_y520_6909,30000,100,400,16,23,20,0,0.0,Estimated
huawei_ascend_y221_6908,30000,100,400,16,23,20,0,0.0,Estimated
huawei_ascend_mate7_monarch_6869,208241,241,1523,21,40,35,0,0.0,Excel Benchmark
huawei_mediapad_t1_10_7308,35000,120,450,16,28,40,0,0.0,Estimated
huawei_ascend_g628_6943,240000,500,1550,16,30,20,0,0.0,Excel Benchmark
huawei_ascend_g620s_6677,35000,120,450,16,30,20,0,0.0,Estimated
huawei_mediapad_t1_8_0_6705,200000,350,1300,16,28,40,0,0.0,Excel Benchmark
huawei_ascend_y550_6676,35000,120,450,16,28,20,0,0.0,Estimated
huawei_mediapad_t1_7_0_7307,50000,150,500,16,28,35,0,0.0,Estimated
huawei_ascend_mate7_6543,208241,241,1523,21,40,35,0,0.0,Excel Benchmark
huawei_ascend_g7_6646,35000,120,450,21,30,25,0,0.0,Estimated
huawei_ascend_g535_6678,30000,110,420,16,28,20,0,0.0,Estimated
huawei_y300ii_6596,231241,241,2041,16,28,20,0,0.0,Estimated
huawei_ascend_p7_sapphire_edition_6611,642092,1892,5476,23,40,20,0,0.0,Excel Benchmark
huawei_ascend_g630_6499,200000,350,1300,16,30,20,0,0.0,Excel Benchmark
huawei_ascend_plus_6375,231241,241,2041,16,23,20,0,0.0,Estimated
huawei_ascend_p7_6124,642092,1892,5476,23,40,20,0,0.0,Excel Benchmark
huawei_ascend_y330_6493,30000,100,400,16,23,20,0,0.0,Estimated
huawei_ascend_p7_mini_6332,30000,110,420,16,23,20,0,0.0,Estimated
huawei_ascend_g730_6290,231241,241,2041,16,28,20,0,0.0,Estimated
huawei_ascend_y600_6278,30000,100,400,16,23,20,0,0.0,Estimated
huawei_mediapad_10_link__6169,231241,241,2041,16,28,50,0,0.0,Estimated
huawei_ascend_g6_4g_6168,30000,110,420,16,28,20,0,0.0,Estimated
huawei_ascend_g6_6136,231241,241,2041,16,28,20,0,0.0,Estimated
huawei_mediapad_m1_6137,457006,2006,6818,16,28,40,0,0.0,Excel Benchmark
huawei_ascend_y530_6103,200000,350,1300,16,23,20,0,0.0,Excel Benchmark
huawei_ascend_p6_s_5979,231241,241,2041,16,30,20,0,0.0,Estimated
huawei_mediapad_x1_6129,457006,2006,6818,21,28,45,0,0.0,Excel Benchmark
huawei_mediapad_7_youth2_5981,231241,241,2041,16,23,35,0,0.0,Estimated
huawei_ascend_mate2_4g_5949,30000,110,420,21,30,35,0,0.0,Estimated
huawei_ascend_y320_5936,30000,100,400,16,23,20,0,0.0,Estimated
huawei_ascend_y220_5921,30000,100,400,16,23,20,0,0.0,Estimated
huawei_ascend_g740_5840,30000,110,420,16,30,20,0,0.0,Estimated
huawei_ascend_y511_5910,30000,100,400,16,28,20,0,0.0,Estimated
huawei_g3621l_5779,95000,240,850,16,23,20,0,0.0,Excel Benchmark
huawei_ascend_w2_5485,30000,110,420,16,28,20,0,0.0,Estimated
huawei_ascend_g700_5633,141928,528,1384,16,30,20,0,0.0,Excel Benchmark
huawei_u8687_cronos_6893,402467,1267,3601,16,23,20,0,0.0,Excel Benchmark
huawei_ascend_g525_5632,12000,50,200,16,28,20,0,0.0,Estimated
huawei_mediapad_7_youth_5698,231241,241,2041,16,23,35,0,0.0,Estimated
huawei_g610s_5699,141928,528,1384,16,28,20,0,0.0,Excel Benchmark
huawei_g6153_5739,95000,240,850,16,23,20,0,0.0,Excel Benchmark
huawei_mediapad_7_vogue_5539,294149,549,2447,16,28,35,0,0.0,Excel Benchmark
huawei_ascend_p6_5467,294149,549,2447,16,30,20,0,0.0,Excel Benchmark
huawei_ascend_y300_5386,12000,50,200,16,28,20,0,0.0,Estimated
huawei_premia_4g_m931_5382,12000,50,200,16,23,20,0,0.0,Estimated
huawei_ascend_y210d_5365,402467,1267,3601,16,23,20,0,0.0,Excel Benchmark
huawei_ascend_p2_5267,294149,549,2447,21,30,20,0,0.0,Excel Benchmark
huawei_ascend_g615_5257,294149,549,2447,16,30,20,0,0.0,Excel Benchmark
huawei_ascend_g526_5327,231241,241,2041,16,28,20,0,0.0,Estimated
huawei_ascend_g350_5648,12000,50,200,16,28,20,0,0.0,Estimated
huawei_ascend_g312_5439,231241,241,2041,16,23,20,0,0.0,Estimated
huawei_ascend_w1_5065,30000,110,420,16,28,20,0,0.0,Estimated
huawei_ascend_d2_5164,294149,549,2447,21,40,25,0,0.0,Excel Benchmark
huawei_ascend_mate_5237,294149,549,2447,16,30,35,0,0.0,Excel Benchmark
huawei_ascend_g510_5250,12000,50,200,16,28,20,0,0.0,Estimated
huawei_mediapad_10_link_5507,294149,549,2447,16,28,50,0,0.0,Excel Benchmark
huawei_summit_5068,374909,1309,2727,16,23,20,0,0.0,Excel Benchmark
huawei_ascend_y_5077,95000,240,850,16,23,20,0,0.0,Excel Benchmark
huawei_ascend_g500_5141,265646,646,2738,16,28,20,0,0.0,Excel Benchmark
huawei_ascend_y201_pro_5112,231241,241,2041,16,23,20,0,0.0,Estimated
huawei_ascend_p1_lte_5022,12000,50,200,16,38,20,0,0.0,Estimated
huawei_fusion_2_u8665_5020,453755,955,2665,16,23,20,0,0.0,Excel Benchmark
huawei_ascend_g600_4963,231241,241,2041,16,28,20,0,0.0,Estimated
huawei_ascend_g330_4966,12000,50,200,16,23,20,0,0.0,Estimated
huawei_ascend_y100_4839,402467,1267,3601,16,23,20,0,0.0,Excel Benchmark
huawei_ascend_y200_4838,402467,1267,3601,16,28,20,0,0.0,Excel Benchmark
huawei_mediapad_7_lite_4882,231241,241,2041,16,28,35,0,0.0,Estimated
huawei_ascend_g330d_u8825d_5383,12000,50,200,16,23,20,0,0.0,Estimated
huawei_ascend_p1_4410,170000,350,1300,16,38,20,0,0.0,Excel Benchmark
huawei_ascend_g300_4594,215427,227,481,16,28,20,0,0.0,Excel Benchmark
huawei_ascend_q_m5660_4737,231241,241,2041,16,23,20,0,0.0,Estimated
huawei_ascend_p1_xl_u9200e_5003,170000,350,1300,16,38,20,0,0.0,Excel Benchmark
huawei_g6800_5109,231241,241,2041,16,23,20,0,0.0,Estimated
huawei_g5000_4840,95000,240,850,16,23,20,0,0.0,Excel Benchmark
huawei_g6310_4841,231241,241,2041,16,23,20,0,0.0,Estimated
huawei_g6005_5848,231241,241,2041,16,23,20,0,0.0,Estimated
huawei_activa_4g_4837,190098,698,2894,16,23,20,0,0.0,Excel Benchmark
huawei_g5520_5108,231241,241,2041,16,23,20,0,0.0,Estimated
huawei_g6609_4698,231241,241,2041,16,23,20,0,0.0,Estimated
huawei_fusion_u8652_4656,231241,241,2041,16,23,20,0,0.0,Estimated
huawei_mediapad_10_fhd_4587,231241,241,2041,16,28,50,0,0.0,Estimated
huawei_ascend_d1_xl_u9500e_5002,170000,350,1300,16,30,20,0,0.0,Excel Benchmark
huawei_ascend_d1_4570,170000,350,1300,16,30,20,0,0.0,Excel Benchmark
huawei_ascend_d_quad_xl_4569,294149,549,2447,16,30,20,0,0.0,Excel Benchmark
huawei_ascend_p1s_4409,170000,350,1300,16,38,20,0,0.0,Excel Benchmark
huawei_m886_mercury_4381,700000,900,3100,16,23,20,0,0.0,Excel Benchmark
huawei_g7300_4335,390948,1548,3444,16,23,20,0,0.0,Excel Benchmark
huawei_g7005_4334,231241,241,2041,16,23,20,0,0.0,Estimated
huawei_mediapad_4264,50000,150,500,16,28,35,0,0.0,Estimated
huawei_mediapad_s7_301w_4265,50000,150,500,16,28,35,0,0.0,Estimated
huawei_u8520_duplex_4260,644976,1976,5728,16,23,20,0,0.0,Excel Benchmark
huawei_impulse_4g_4142,504066,1066,4998,16,23,20,0,0.0,Excel Benchmark
huawei_u8350_boulder_4234,320486,1486,3258,16,23,20,0,0.0,Excel Benchmark
huawei_d51_discovery_4609,231241,241,2041,16,23,20,0,0.0,Estimated
huawei_ascend_d_quad_4568,294149,549,2447,16,30,20,0,0.0,Excel Benchmark
huawei_ascend_ii_4057,231241,241,2041,16,23,20,0,0.0,Estimated
huawei_u8800_pro_4226,30000,100,350,16,23,20,0,0.0,Estimated
huawei_t8300_4636,129527,327,2781,16,23,20,0,0.0,Excel Benchmark
huawei_g7206_4148,231241,241,2041,16,23,20,0,0.0,Estimated
huawei_pillar_4312,231241,241,2041,16,23,20,0,0.0,Estimated
huawei_u8850_vision_4109,30000,100,350,16,23,20,0,0.0,Estimated
huawei_g5500_4147,231241,241,2041,16,23,20,0,0.0,Estimated
huawei_g6620_4206,231241,241,2041,16,23,20,0,0.0,Estimated
huawei_u5510_4552,231241,241,2041,16,23,20,0,0.0,Estimated
huawei_u8180_ideos_x1_4204,320486,1486,3258,16,23,20,0,0.0,Excel Benchmark
huawei_u5900s_3951,231241,241,2041,16,23,20,0,0.0,Estimated
huawei_ideos_s7_slim_3789,646741,741,4023,16,23,25,0,0.0,Excel Benchmark
huawei_g6608_4032,231241,241,2041,16,23,20,0,0.0,Estimated
huawei_u8650_sonic_4205,231241,241,2041,16,23,20,0,0.0,Estimated
huawei_ideos_s7_slim_cdma_3905,231241,241,2041,16,23,25,0,0.0,Estimated
huawei_u8800_ideos_x5_3596,504066,1066,4998,16,23,20,0,0.0,Excel Benchmark
huawei_u8510_ideos_x3_3840,374909,1309,2727,16,23,20,0,0.0,Excel Benchmark
huawei_g7010_3960,231241,241,2041,16,23,20,0,0.0,Estimated
huawei_u8150_ideos_3513,320486,1486,3258,16,23,20,0,0.0,Excel Benchmark
huawei_u7520_3861,593007,1807,4221,16,23,20,0,0.0,Excel Benchmark
huawei_g6150_3944,231241,241,2041,16,23,20,0,0.0,Estimated
huawei_g7002_3372,231241,241,2041,16,23,20,0,0.0,Estimated
huawei_u8500_ideos_x2_3451,231241,241,2041,16,23,20,0,0.0,Estimated
huawei_c3200_4063,231241,241,2041,16,23,20,0,0.0,Estimated
huawei_u8300_3162,231241,241,2041,16,23,20,0,0.0,Estimated
huawei_ideos_s7_3740,508938,1538,5414,16,23,20,0,0.0,Excel Benchmark
huawei_u3100_3974,231241,241,2041,16,23,20,0,0.0,Estimated
huawei_u8110_3158,231241,241,2041,16,23,20,0,0.0,Estimated
huawei_u8220_3144,231241,241,2041,16,23,20,0,0.0,Estimated
huawei_u8100_3157,231241,241,2041,16,23,20,0,0.0,Estimated
huawei_u7510_3025,231241,241,2041,16,23,20,0,0.0,Estimated
huawei_u9000_ideos_x6_3595,30000,100,350,16,23,20,0,0.0,Estimated
huawei_u1270_3751,231241,241,2041,16,23,20,0,0.0,Estimated
huawei_u9130_compass_3339,593007,1807,4221,16,23,20,0,0.0,Excel Benchmark
huawei_u1250_3026,231241,241,2041,16,23,20,0,0.0,Estimated
huawei_g6600_passport_2997,231241,241,2041,16,23,20,0,0.0,Estimated
huawei_u121_2638,231241,241,2041,16,23,20,0,0.0,Estimated
huawei_u120_2637,231241,241,2041,16,23,20,0,0.0,Estimated
huawei_u8230_3191,15000,60,250,16,23,20,0,0.0,Estimated
huawei_u7310_2639,231241,241,2041,16,23,20,0,0.0,Estimated
huawei_u1100_2634,231241,241,2041,16,23,20,0,0.0,Estimated
huawei_u1310_2635,231241,241,2041,16,23,20,0,0.0,Estimated
huawei_t156_2632,231241,241,2041,16,23,20,0,0.0,Estimated
huawei_u9150_3027,231241,241,2041,16,23,20,0,0.0,Estimated
huawei_u1000_2633,231241,241,2041,16,23,20,0,0.0,Estimated
huawei_t158_2631,231241,241,2041,16,23,20,0,0.0,Estimated
huawei_t261l_2629,231241,241,2041,16,23,20,0,0.0,Estimated
huawei_t161l_2627,231241,241,2041,16,23,20,0,0.0,Estimated
huawei_t330_2626,231241,241,2041,16,23,20,0,0.0,Estimated
huawei_t201_2625,231241,241,2041,16,23,20,0,0.0,Estimated
huawei_t208_2630,231241,241,2041,16,23,20,0,0.0,Estimated
huawei_g10_8863,200000,400,1300,21,40,25,0,0.0,Excel Benchmark
huawei_t552_3093,231241,241,2041,16,23,20,0,0.0,Estimated
huawei_mate_30_lite_9889,120000,250,900,30,40,40,0,0.0,Excel Benchmark
huawei_t211_2628,231241,241,2041,16,23,20,0,0.0,Estimated
huawei_u3300_2636,231241,241,2041,16,23,20,0,0.0,Estimated
huawei_ascend_w3_5119,231241,241,2041,16,30,20,0,0.0,Estimated
huawei_mulan_6426,609927,727,2981,23,40,20,0,0.0,Excel Benchmark
i_mate_ultimate_9502_2158,15000,60,250,16,23,20,0,0.0,Estimated
i_mate_jama_201_2149,231241,241,2041,16,23,20,0,0.0,Estimated
i_mate_810_f_2721,231241,241,2041,16,23,20,0,0.0,Estimated
i_mate_jama_101_2148,231241,241,2041,16,23,20,0,0.0,Estimated
i_mate_jama_2009,231241,241,2041,16,23,20,0,0.0,Estimated
i_mate_ultimate_9150_1884,231241,241,2041,16,38,20,0,0.0,Estimated
i_mate_ultimate_8150_1883,231241,241,2041,16,23,20,0,0.0,Estimated
i_mate_ultimate_6150_1881,231241,241,2041,16,23,20,0,0.0,Estimated
i_mate_ultimate_7150_1882,231241,241,2041,16,38,20,0,0.0,Estimated
i_mate_ultimate_8502_2157,15000,60,250,16,23,20,0,0.0,Estimated
i_mate_ultimate_5150_1880,231241,241,2041,16,23,20,0,0.0,Estimated
i_mate_jaq4_1879,259101,1101,3103,16,23,20,0,0.0,Excel Benchmark
i_mate_pdal_1787,259101,1101,3103,16,23,20,0,0.0,Excel Benchmark
i_mate_jaq3_1786,259101,1101,3103,16,23,20,0,0.0,Excel Benchmark
i_mate_spl_1703,231241,241,2041,16,23,20,0,0.0,Estimated
i_mate_spjas_1683,231241,241,2041,16,23,20,0,0.0,Estimated
i_mate_smartflip_1482,259101,1101,3103,16,23,20,0,0.0,Excel Benchmark
i_mate_jamin_1420,259101,1101,3103,16,23,20,0,0.0,Excel Benchmark
i_mate_jaq_1702,259101,1101,3103,16,23,20,0,0.0,Excel Benchmark
i_mate_jasjar_1262,231241,241,2041,16,23,20,0,0.0,Estimated
i_mate_k_jam_1278,259101,1101,3103,16,23,20,0,0.0,Excel Benchmark
i_mate_sp5_1267,259101,1101,3103,16,23,20,0,0.0,Excel Benchmark
i_mate_sp4m_1277,259101,1101,3103,16,23,20,0,0.0,Excel Benchmark
i_mate_jam_black_1263,231241,241,2041,16,23,20,0,0.0,Estimated
i_mate_jam_963,231241,241,2041,16,23,20,0,0.0,Estimated
i_mate_jasjam_1589,231241,241,2041,16,23,20,0,0.0,Estimated
i_mate_pda2_1185,231241,241,2041,16,23,20,0,0.0,Estimated
i_mate_pda2k_962,231241,241,2041,16,23,20,0,0.0,Estimated
i_mate_sp3_960,270000,540,1650,16,23,20,0,0.0,Excel Benchmark
i_mate_sp3i_961,270000,540,1650,16,23,20,0,0.0,Excel Benchmark
i_mate_pocket_pc_959,231241,241,2041,16,23,20,0,0.0,Estimated
i_mate_smartphone2_958,230000,480,1500,16,23,20,0,0.0,Excel Benchmark
i_mate_smartphone_957,231241,241,2041,16,23,20,0,0.0,Estimated
i_mate_sp5m_1268,270000,540,1650,16,23,20,0,0.0,Excel Benchmark
i_mobile_i858_3327,231241,241,2041,16,23,20,0,0.0,Estimated
i_mobile_8500_3328,231241,241,2041,16,23,20,0,0.0,Estimated
i_mobile_5230_3329,231241,241,2041,16,23,20,0,0.0,Estimated
i_mobile_hitz_2206_3331,231241,241,2041,16,23,20,0,0.0,Estimated
i_mobile_5220_3330,231241,241,2041,16,23,20,0,0.0,Estimated
i_mobile_hitz_212_2972,231241,241,2041,16,23,20,0,0.0,Estimated
i_mobile_tv550_touch_2877,231241,241,2041,16,23,20,0,0.0,Estimated
i_mobile_tv650_touch_2878,231241,241,2041,16,23,20,0,0.0,Estimated
i_mobile_tv_630_2875,231241,241,2041,16,23,20,0,0.0,Estimated
i_mobile_tv_628_2874,231241,241,2041,16,23,20,0,0.0,Estimated
i_mobile_tv_620_2873,231241,241,2041,16,23,20,0,0.0,Estimated
i_mobile_tv_536_2872,231241,241,2041,16,23,20,0,0.0,Estimated
i_mobile_638cg_2876,231241,241,2041,16,23,20,0,0.0,Estimated
i_mobile_hitz_232cg_2871,231241,241,2041,16,23,20,0,0.0,Estimated
i_mobile_tv_535_2680,231241,241,2041,16,23,20,0,0.0,Estimated
i_mobile_tv658_touch_move_2974,231241,241,2041,16,23,20,0,0.0,Estimated
i_mobile_627_2681,231241,241,2041,16,23,20,0,0.0,Estimated
i_mobile_tv_533_2679,231241,241,2041,16,23,20,0,0.0,Estimated
i_mobile_tv_530_2678,231241,241,2041,16,23,20,0,0.0,Estimated
i_mobile_tv_523_2597,231241,241,2041,16,23,20,0,0.0,Estimated
i_mobile_522_2596,231241,241,2041,16,23,20,0,0.0,Estimated
i_mobile_320_2677,231241,241,2041,16,23,20,0,0.0,Estimated
i_mobile_319_2595,231241,241,2041,16,23,20,0,0.0,Estimated
i_mobile_hitz_210_2971,231241,241,2041,16,23,20,0,0.0,Estimated
i_mobile_tv_626_2477,231241,241,2041,16,23,20,0,0.0,Estimated
i_mobile_902_2421,231241,241,2041,16,23,20,0,0.0,Estimated
i_mobile_625_2401,231241,241,2041,16,23,20,0,0.0,Estimated
i_mobile_903_2402,231241,241,2041,16,23,20,0,0.0,Estimated
i_mobile_613_2400,231241,241,2041,16,23,20,0,0.0,Estimated
i_mobile_520_2399,231241,241,2041,16,23,20,0,0.0,Estimated
i_mobile_510_2397,231241,241,2041,16,23,20,0,0.0,Estimated
i_mobile_518_2398,231241,241,2041,16,23,20,0,0.0,Estimated
i_mobile_318_2396,231241,241,2041,16,23,20,0,0.0,Estimated
i_mobile_315_2395,231241,241,2041,16,23,20,0,0.0,Estimated
i_mobile_202_2676,231241,241,2041,16,23,20,0,0.0,Estimated
i_mobile_201_2394,231241,241,2041,16,23,20,0,0.0,Estimated
i_mobile_101_2393,231241,241,2041,16,23,20,0,0.0,Estimated
icemobile_g8_lte_8786,665800,2000,6800,16,28,20,0,0.0,Excel Benchmark
icemobile_prime_5_0_plus_7040,412178,778,2134,16,30,20,0,0.0,Excel Benchmark
icemobile_mash_7982,525538,2138,6214,16,23,20,0,0.0,Excel Benchmark
icemobile_g8_7560,30000,100,400,16,28,20,0,0.0,Estimated
icemobile_prime_5_0_7041,30000,100,400,16,28,20,0,0.0,Estimated
icemobile_prime_4_0_plus_7039,30000,100,400,16,28,20,0,0.0,Estimated
icemobile_gravity_4_0_6810,412178,778,2134,16,28,20,0,0.0,Excel Benchmark
icemobile_prime_4_0_6361,30000,100,400,16,28,20,0,0.0,Estimated
icemobile_rock_2_4_6809,231241,241,2041,16,23,20,0,0.0,Estimated
icemobile_prime_3_5_6544,30000,100,400,16,23,20,0,0.0,Estimated
icemobile_apollo_touch_3g_6106,231241,241,2041,16,23,20,0,0.0,Estimated
icemobile_prime_5_5_6618,438036,1036,3908,16,30,20,0,0.0,Excel Benchmark
icemobile_g7_pro_6076,30000,100,400,16,28,20,0,0.0,Estimated
icemobile_g3_6075,231241,241,2041,16,23,20,0,0.0,Estimated
icemobile_apollo_3g_6105,231241,241,2041,16,23,20,0,0.0,Estimated
icemobile_prime_4_5_6044,30000,100,400,16,28,20,0,0.0,Estimated
icemobile_gravity_pro_5874,141928,528,1384,16,28,20,0,0.0,Excel Benchmark
icemobile_sol_iii_5844,231241,241,2041,16,23,20,0,0.0,Estimated
icemobile_charm_ii_6043,231241,241,2041,16,23,20,0,0.0,Estimated
icemobile_g10_5976,526906,1906,5518,16,23,50,0,0.0,Excel Benchmark
icemobile_hydro_5838,231241,241,2041,16,23,20,0,0.0,Estimated
icemobile_gprime_extreme_5538,141928,528,1384,16,25,20,0,0.0,Excel Benchmark
icemobile_g7_5393,231241,241,2041,16,23,20,0,0.0,Estimated
icemobile_g2_5607,231241,241,2041,16,23,20,0,0.0,Estimated
icemobile_rock_bold_5738,231241,241,2041,16,23,20,0,0.0,Estimated
icemobile_quattro_5115,231241,241,2041,16,23,20,0,0.0,Estimated
icemobile_g5_5260,265646,646,2738,16,23,25,0,0.0,Excel Benchmark
icemobile_tropical_3_5116,231241,241,2041,16,23,20,0,0.0,Estimated
icemobile_submarine_5076,231241,241,2041,16,23,20,0,0.0,Estimated
icemobile_prime_plus_5101,12000,50,200,16,23,20,0,0.0,Estimated
icemobile_apollo_touch_5074,382595,1795,4185,16,23,20,0,0.0,Excel Benchmark
icemobile_apollo_5073,382595,1795,4185,16,23,20,0,0.0,Excel Benchmark
icemobile_charm_5075,231241,241,2041,16,23,20,0,0.0,Estimated
icemobile_rock_lite_4740,231241,241,2041,16,23,20,0,0.0,Estimated
icemobile_blizzard_4741,231241,241,2041,16,23,20,0,0.0,Estimated
icemobile_diamond_dust_4904,95000,240,850,16,23,20,0,0.0,Excel Benchmark
icemobile_sol_ii_4990,231241,241,2041,16,23,20,0,0.0,Estimated
icemobile_acqua_4716,231241,241,2041,16,23,25,0,0.0,Estimated
icemobile_prime_4715,625334,734,2002,16,23,20,0,0.0,Excel Benchmark
icemobile_cenior_4742,231241,241,2041,16,23,20,0,0.0,Estimated
icemobile_twilight_ii_4639,231241,241,2041,16,23,20,0,0.0,Estimated
icemobile_rock_mini_4651,231241,241,2041,16,23,20,0,0.0,Estimated
icemobile_fuego_4449,231241,241,2041,16,23,20,0,0.0,Estimated
icemobile_hurricane_ii_4367,231241,241,2041,16,23,20,0,0.0,Estimated
icemobile_sol_4299,231241,241,2041,16,23,20,0,0.0,Estimated
icemobile_twister_4298,231241,241,2041,16,23,20,0,0.0,Estimated
icemobile_tornado_ii_4215,231241,241,2041,16,23,20,0,0.0,Estimated
icemobile_clima_ii_4300,523522,1322,4766,16,23,20,0,0.0,Excel Benchmark
icemobile_storm_4193,231241,241,2041,16,23,20,0,0.0,Estimated
icemobile_flurry_ii_4192,231241,241,2041,16,23,20,0,0.0,Estimated
icemobile_wave_4297,231241,241,2041,16,23,20,0,0.0,Estimated
icemobile_crystal_3979,523522,1322,4766,16,23,20,0,0.0,Excel Benchmark
icemobile_comet_ii_3975,231241,241,2041,16,23,20,0,0.0,Estimated
icemobile_rock_3976,231241,241,2041,16,23,20,0,0.0,Estimated
icemobile_tropical_3985,231241,241,2041,16,23,20,0,0.0,Estimated
icemobile_viento_ii_3978,231241,241,2041,16,23,20,0,0.0,Estimated
icemobile_tropical_ii_3977,231241,241,2041,16,23,20,0,0.0,Estimated
icemobile_rainbow_3989,231241,241,2041,16,23,20,0,0.0,Estimated
icemobile_shine_4035,231241,241,2041,16,23,20,0,0.0,Estimated
icemobile_rainbow_ii_3971,231241,241,2041,16,23,20,0,0.0,Estimated
icemobile_twilight_4194,231241,241,2041,16,23,20,0,0.0,Estimated
infinix_hot_70_pro_5g_14806,230000,480,1500,43,65,70,0,0.0,Excel Benchmark
infinix_gt_50_pro_5g_14497,2139330,6806,420,58,63,90,1694,15.47,GSMArena Lab
infinix_hot_70_14683,450032,1832,5296,38,50,70,0,0.0,Excel Benchmark
infinix_note_60_ultra_5g_14528,2092129,6783,420,90,63,95,1217,17.53,GSMArena Lab
infinix_note_60_pro_5g_14499,963648,3412,2008,63,63,95,1694,16.1,GSMArena Lab
infinix_note_60_5g_14498,30000,110,420,63,63,90,0,0.0,Estimated
infinix_smart_20_14502,351906,906,3518,18,50,45,0,0.0,Excel Benchmark
infinix_note_edge_5g_14421,637742,2815,1500,36,58,70,1342,11.72,GSMArena Lab
infinix_hot_60i_5g_14072,30000,110,420,46,50,55,0,0.0,Estimated
infinix_hot_60_5g_14006,550000,850,2400,48,50,50,0,0.0,Excel Benchmark
infinix_hot_60_pro__14002,446336,1945,250,41,65,65,1650,11.18,GSMArena Lab
infinix_hot_60_pro_14003,15000,60,250,46,65,65,0,0.0,Estimated
infinix_hot_60i_13983,351906,906,3518,38,50,65,0,0.0,Excel Benchmark
infinix_smart_10_plus_13953,490939,1339,2817,18,50,55,0,0.0,Excel Benchmark
infinix_smart_10_hd_13954,231241,241,2041,23,40,45,0,0.0,Estimated
infinix_smart_10_13933,490939,1339,2817,18,50,45,0,0.0,Excel Benchmark
infinix_xpad_20_13922,300000,550,1600,16,33,50,0,0.0,Excel Benchmark
infinix_gt_30_pro_5g_13889,1231878,4086,1800,43,65,85,1897,13.4,GSMArena Lab
infinix_xpad_gt_13890,820000,1130,3500,21,55,65,0,11.38,Excel Benchmark
infinix_note_50s_5g_13793,270000,540,1650,43,80,65,0,0.0,Excel Benchmark
infinix_note_50x_13747,270000,540,1650,50,50,65,0,0.0,Excel Benchmark
infinix_xpad_20_pro_14116,450032,1832,5296,16,33,55,0,0.0,Excel Benchmark
infinix_gt_30_5g_14044,30000,110,420,43,65,65,0,0.0,Estimated
infinix_note_50_pro__13746,1369368,3965,1800,80,80,90,1043,11.72,GSMArena Lab
infinix_note_50_pro_4g_13701,437302,1970,5296,63,80,90,1054,11.43,GSMArena Lab
infinix_note_50_4g_13705,450032,1832,5296,51,80,85,0,0.0,Excel Benchmark
infinix_smart_9_hd_13590,418261,261,2583,23,40,45,0,0.0,Excel Benchmark
infinix_hot_50_pro__4g_13408,436283,1957,2657,46,70,60,1190,10.9,GSMArena Lab
infinix_note_40s_13460,400000,700,1900,53,70,80,0,0.0,Excel Benchmark
infinix_hot_50i_13375,364852,652,1756,38,50,50,0,0.0,Excel Benchmark
infinix_smart_9_13374,364852,652,1756,23,50,45,0,0.0,Excel Benchmark
infinix_hot_50_4g_13367,374219,619,2657,48,60,50,0,0.0,Excel Benchmark
infinix_zero_flip_13347,374374,1774,5122,65,75,65,0,11.02,Excel Benchmark
infinix_hot_50_pro_4g_13461,374219,619,2657,48,70,60,0,0.0,Excel Benchmark
infinix_hot_50_13305,110000,270,950,38,45,50,0,0.0,Excel Benchmark
infinix_zero_40_13290,180000,330,1200,75,80,85,0,0.0,Excel Benchmark
infinix_zero_40_4g_13276,374219,619,2657,73,75,65,0,0.0,Excel Benchmark
infinix_xpad_13263,400000,700,1900,18,33,55,0,0.0,Excel Benchmark
infinix_note_40_5g_13035,550000,850,2400,58,75,80,0,0.0,Excel Benchmark
infinix_gt_20_pro_12962,180000,330,1200,75,80,65,0,0.0,Excel Benchmark
infinix_note_40x_5g_13246,110000,270,950,48,55,50,0,0.0,Excel Benchmark
infinix_note_40_pro__12874,459546,2233,2400,73,75,85,1130,12.38,GSMArena Lab
infinix_note_40_pro_12875,550000,850,2400,73,75,85,0,0.0,Excel Benchmark
infinix_note_40_12877,400000,700,1900,53,75,85,0,0.0,Excel Benchmark
infinix_note_40_pro_4g_12876,400000,700,1900,73,75,90,0,0.0,Excel Benchmark
infinix_smart_8_plus_12817,467813,1413,3039,38,40,55,0,0.0,Excel Benchmark
infinix_smart_8_pro_12812,467813,1413,3039,38,40,45,0,0.0,Excel Benchmark
infinix_hot_40_pro_12733,428551,1975,1900,58,60,60,534,12.93,GSMArena Lab
infinix_hot_40i_12731,457479,1879,6437,58,35,50,0,0.0,Excel Benchmark
infinix_smart_8__india__12792,467813,1413,3039,38,40,45,0,0.0,Excel Benchmark
infinix_smart_8_hd_12736,457479,1879,6437,28,40,45,0,0.0,Excel Benchmark
infinix_smart_8_12642,457479,1879,6437,23,40,45,0,0.0,Excel Benchmark
infinix_hot_40_12732,300000,550,1600,58,50,60,0,0.0,Excel Benchmark
infinix_zero_30_4g_12641,400000,700,1900,58,70,65,0,0.0,Excel Benchmark
infinix_hot_30_5g_12424,380000,600,1700,48,60,50,0,0.0,Excel Benchmark
infinix_gt_10_pro_12451,802301,3080,2967,60,70,65,701,0.0,GSMArena Lab
infinix_hot_30_play_nfc_12289,340000,600,1850,28,40,55,0,0.0,Excel Benchmark
infinix_note_30_pro_12273,400000,700,1900,53,70,90,0,0.0,Excel Benchmark
infinix_zero_30_12518,758738,2952,5122,75,75,70,764,0.0,GSMArena Lab
infinix_note_30_vip_12365,379989,389,2967,60,70,90,0,0.0,Excel Benchmark
infinix_note_30_5g_12272,400000,650,1850,53,60,65,607,0.0,Excel Benchmark
infinix_note_30_12288,374263,1792,1900,48,60,65,0,0.0,GSMArena Lab
infinix_note_30i_12274,280000,520,1550,48,50,60,0,0.0,Excel Benchmark
infinix_smart_7_hd_12243,231241,241,2041,16,35,45,0,0.0,Estimated
infinix_hot_30i_12216,457479,1879,6437,23,40,50,0,0.0,Excel Benchmark
infinix_hot_30_12214,300000,550,1600,48,50,60,0,0.0,Excel Benchmark
infinix_smart_7__india__12131,100000,250,850,21,35,50,0,0.0,Excel Benchmark
infinix_hot_30i__50_mp__14011,475378,1978,5734,46,40,45,0,0.0,Excel Benchmark
infinix_zero_5g_2023_11976,524919,1319,4757,55,60,60,0,0.0,Excel Benchmark
infinix_hot_20s_11930,380000,650,1850,48,60,50,0,0.0,Excel Benchmark
infinix_hot_20_play_11931,340000,600,1850,28,40,55,0,0.0,Excel Benchmark
infinix_note_12__2023__11912,400000,700,1900,53,50,60,0,0.0,Excel Benchmark
infinix_smart_7_12116,502465,1665,4795,21,35,45,0,0.0,Excel Benchmark
infinix_zero_ultra_11922,761458,2058,5974,70,70,70,0,0.0,Excel Benchmark
infinix_hot_20_5g_11923,120000,250,900,48,60,50,0,0.0,Excel Benchmark
infinix_hot_20i_11924,100000,250,800,28,35,45,0,0.0,Excel Benchmark
infinix_hot_20_11929,280000,520,1550,48,35,50,0,0.0,Excel Benchmark
infinix_smart_6_plus__india__11742,100000,250,800,16,30,45,0,0.0,Excel Benchmark
infinix_note_12i_2022_11919,280000,520,1550,43,55,60,0,0.0,Excel Benchmark
infinix_hot_12_pro_11822,250000,480,1450,48,35,50,0,0.0,Excel Benchmark
infinix_note_12_pro_11695,400000,700,1900,53,50,60,0,0.0,Excel Benchmark
infinix_note_12_pro_5g_11663,120000,250,900,53,50,60,0,0.0,Excel Benchmark
infinix_hot_12_play_11547,340000,600,1850,28,35,50,0,0.0,Excel Benchmark
infinix_zero_20_11913,400000,700,1900,41,55,60,0,0.0,Excel Benchmark
infinix_hot_11s_nfc_11605,300000,550,1600,48,50,50,0,0.0,Excel Benchmark
infinix_note_12_5g_11662,120000,250,900,53,50,60,0,0.0,Excel Benchmark
infinix_hot_12_play_nfc_11876,560143,1743,4029,28,35,50,0,0.0,Excel Benchmark
infinix_note_12_vip_11527,380000,650,1850,53,70,70,0,0.0,Excel Benchmark
infinix_hot_12_11498,280000,520,1550,28,35,50,0,0.0,Excel Benchmark
infinix_smart_6_hd_11499,100000,250,850,16,35,45,0,0.0,Excel Benchmark
infinix_note_12_g96_11526,380000,650,1850,53,50,60,0,0.0,Excel Benchmark
infinix_note_12i_11523,280000,520,1550,48,35,60,0,0.0,Excel Benchmark
infinix_note_12_11497,300000,550,1600,53,60,60,0,0.0,Excel Benchmark
infinix_hot_11_2022_11478,560143,1743,4029,23,45,45,0,0.0,Excel Benchmark
infinix_hot_12i_11473,502465,1665,4795,28,30,45,0,0.0,Excel Benchmark
infinix_note_11s_11202,380000,650,1850,53,55,60,0,0.0,Excel Benchmark
infinix_note_11i_11214,280000,520,1550,43,40,50,0,0.0,Excel Benchmark
infinix_smart_6_11189,100000,250,850,16,35,45,0,0.0,Excel Benchmark
infinix_hot_11_play_11216,350000,620,1900,28,30,50,0,0.0,Excel Benchmark
infinix_zero_5g_11355,487639,2169,2600,60,60,60,499,0.0,GSMArena Lab
infinix_smart_5_pro_11221,100000,250,850,28,35,50,0,0.0,Excel Benchmark
infinix_note_11_pro_11157,343527,1800,1850,63,55,60,470,0.0,GSMArena Lab
infinix_hot_11s_11162,300000,550,1600,48,50,45,0,0.0,Excel Benchmark
infinix_hot_11_11161,250000,480,1450,28,45,45,0,0.0,Excel Benchmark
infinix_zero_x_neo_11098,360000,630,1800,75,45,50,0,0.0,Excel Benchmark
infinix_zero_x_pro_10989,363939,1674,1800,85,70,60,515,0.0,GSMArena Lab
infinix_zero_x_11097,360000,630,1800,75,70,60,0,0.0,Excel Benchmark
infinix_hot_10i_11031,250000,480,1450,26,35,55,0,0.0,Excel Benchmark
infinix_note_10_pro_10907,360000,630,1800,25,45,60,447,0.0,Excel Benchmark
infinix_note_10_pro_nfc_10908,360000,630,1800,25,45,60,0,0.0,Excel Benchmark
infinix_note_10_10909,280000,520,1550,38,40,50,0,0.0,Excel Benchmark
infinix_note_11_11201,300000,550,1600,53,55,60,0,0.0,Excel Benchmark
infinix_hot_10s_nfc_10869,280000,520,1550,38,35,45,0,0.0,Excel Benchmark
infinix_hot_10t_10891,250000,480,1450,33,30,45,0,0.0,Excel Benchmark
infinix_hot_10s_10868,280000,520,1550,38,35,50,0,0.0,Excel Benchmark
infinix_smart_5__india__10735,100000,250,800,28,30,50,0,0.0,Excel Benchmark
infinix_hot_10_play_10699,100000,250,800,28,30,50,0,0.0,Excel Benchmark
infinix_smart_hd_2021_10646,549414,814,2242,16,35,45,0,0.0,Excel Benchmark
infinix_zero_8i_10622,340000,600,1750,18,45,55,0,0.0,Excel Benchmark
infinix_note_8i_10515,260000,500,1500,18,30,50,0,0.0,Excel Benchmark
infinix_note_8_10514,260000,500,1500,16,30,50,0,0.0,Excel Benchmark
infinix_hot_10_10452,250000,480,1450,18,30,45,0,0.0,Excel Benchmark
infinix_smart_5_10367,549414,814,2242,23,30,45,0,0.0,Excel Benchmark
infinix_hot_9_play_10285,502465,1665,4795,23,30,50,0,0.0,Excel Benchmark
infinix_zero_8_10401,282348,6640,1750,18,45,55,0,0.0,GSMArena Lab
infinix_hot_9_10156,673292,1092,5076,18,30,45,0,0.0,Excel Benchmark
infinix_note_7_10175,250000,480,1450,23,30,50,0,0.0,Excel Benchmark
infinix_s5_pro__16_32__10128,340000,600,1850,38,40,35,0,0.0,Excel Benchmark
infinix_note_7_lite_10177,250000,480,1450,18,30,45,0,0.0,Excel Benchmark
infinix_s5_pro__48_40__10127,340000,600,1850,36,40,35,0,0.0,Excel Benchmark
infinix_hot_10_lite_10516,549414,814,2242,23,30,45,0,0.0,Excel Benchmark
infinix_s5_pro_10116,117533,4226,1850,43,40,35,336,0.0,GSMArena Lab
infinix_s5_lite_10008,130000,300,950,33,30,35,0,0.0,Excel Benchmark
infinix_smart_4_9980,502465,1665,4795,16,30,35,0,0.0,Excel Benchmark
infinix_smart_4c_9975,502465,1665,4795,16,30,35,0,0.0,Excel Benchmark
infinix_hot_8_lite_9927,55000,150,550,23,30,45,0,0.0,Excel Benchmark
infinix_hot_9_pro_10272,130000,300,950,18,30,45,0,0.0,Excel Benchmark
infinix_s5_9915,130000,300,950,38,30,35,0,0.0,Excel Benchmark
infinix_hot_8_9856,502465,1665,4795,28,30,45,0,0.0,Excel Benchmark
infinix_s4_9678,130000,300,950,33,30,35,0,0.0,Excel Benchmark
infinix_hot_7_pro_9679,240000,500,1550,21,30,35,0,0.0,Excel Benchmark
infinix_smart3_plus_9680,502465,1665,4795,28,30,25,0,0.0,Excel Benchmark
infinix_hot_7_9658,55000,150,550,23,50,35,0,0.0,Excel Benchmark
infinix_zero_6_pro_9657,140000,320,1150,23,40,25,0,0.0,Excel Benchmark
infinix_zero_6_9656,140000,320,1150,23,40,25,0,0.0,Excel Benchmark
infinix_smart_2_hd_9477,55000,150,550,18,50,25,0,0.0,Excel Benchmark
infinix_hot_6x_9423,40000,130,480,23,30,35,0,0.0,Estimated
infinix_note_5_stylus_9416,390508,1108,5124,35,40,35,0,0.0,Excel Benchmark
infinix_hot_6_9426,231241,241,2041,23,50,35,0,0.0,Estimated
infinix_s3x_9420,45000,140,500,28,30,35,0,0.0,Estimated
infinix_note_6_9761,340000,600,1850,28,50,35,0,0.0,Excel Benchmark
infinix_smart_2_pro_9429,231241,241,2041,23,50,25,0,0.0,Estimated
infinix_note_5_9417,254592,392,976,23,40,40,0,0.0,Excel Benchmark
infinix_hot_6_pro_9425,40000,130,480,21,50,35,0,0.0,Estimated
infinix_smart_2_9430,231241,241,2041,23,50,25,0,0.0,Estimated
infinix_hot_s3_9421,45000,140,500,28,50,35,0,0.0,Estimated
infinix_zero_5_pro_9415,240000,500,1550,28,40,35,0,0.0,Excel Benchmark
infinix_hot_5_lite_9428,55000,150,550,16,30,35,0,0.0,Excel Benchmark
infinix_note_4_pro_9419,240000,500,1550,23,40,45,0,0.0,Excel Benchmark
infinix_hot_5_9427,55000,150,550,16,30,35,0,0.0,Excel Benchmark
infinix_note_4_9418,240000,500,1550,23,40,40,0,0.0,Excel Benchmark
infinix_zero_4_plus_9479,140000,300,1000,31,40,35,0,0.0,Excel Benchmark
infinix_smart_9431,55000,150,550,16,30,25,0,0.0,Excel Benchmark
infinix_hot_4_pro_9473,70000,180,650,21,30,35,0,0.0,Excel Benchmark
infinix_zero_4_9478,240000,500,1550,38,40,25,0,0.0,Excel Benchmark
infinix_note_3_pro_9476,240000,500,1550,21,40,40,0,0.0,Excel Benchmark
infinix_note_3_9475,240000,500,1550,21,40,40,0,0.0,Excel Benchmark
infinix_hot_4_9472,55000,150,550,16,30,35,0,0.0,Excel Benchmark
infinix_hot_s_9474,240000,500,1550,23,25,25,0,0.0,Excel Benchmark
infinix_s2_pro_9422,240000,500,1550,21,30,25,0,0.0,Excel Benchmark
infinix_zero_5_9414,240000,500,1550,28,40,35,0,0.0,Excel Benchmark
innostream_inno_p10_1190,231241,241,2041,16,23,20,0,0.0,Estimated
innostream_inno_a20_1222,231241,241,2041,16,23,20,0,0.0,Estimated
innostream_inno_a10_955,231241,241,2041,16,23,20,0,0.0,Estimated
innostream_inno_50_743,231241,241,2041,16,23,20,0,0.0,Estimated
innostream_inno_36_1228,231241,241,2041,16,23,20,0,0.0,Estimated
innostream_inno_78_787,231241,241,2041,16,38,20,0,0.0,Estimated
innostream_inno_79_788,231241,241,2041,16,38,20,0,0.0,Estimated
innostream_inno_30_786,231241,241,2041,16,23,20,0,0.0,Estimated
innostream_inno_55_785,231241,241,2041,16,23,20,0,0.0,Estimated
innostream_inno_90_662,231241,241,2041,16,23,20,0,0.0,Estimated
innostream_inno_80_663,231241,241,2041,16,23,20,0,0.0,Estimated
innostream_inno_75_789,231241,241,2041,16,23,20,0,0.0,Estimated
innostream_inno_99_735,231241,241,2041,16,23,20,0,0.0,Estimated
innostream_inno_120_664,231241,241,2041,16,28,20,0,0.0,Estimated
innostream_inno_100_666,231241,241,2041,16,28,20,0,0.0,Estimated
innostream_inno_110_665,231241,241,2041,16,28,20,0,0.0,Estimated
innostream_inno_89_784,231241,241,2041,16,23,20,0,0.0,Estimated
innostream_inno_70_686,231241,241,2041,16,38,20,0,0.0,Estimated
inq_cloud_touch_3773,374909,1309,2727,16,23,20,0,0.0,Excel Benchmark
inq_cloud_q_3772,374909,1309,2727,16,23,20,0,0.0,Excel Benchmark
inq_mini_3g_2998,231241,241,2041,16,23,20,0,0.0,Estimated
inq_inq1_2999,231241,241,2041,16,23,20,0,0.0,Estimated
inq_chat_3g_3000,231241,241,2041,16,23,20,0,0.0,Estimated
intex_aqua_genx_8039,240000,500,1550,21,40,20,0,0.0,Excel Benchmark
intex_aqua_craze_8040,928945,2145,7235,16,30,20,0,0.0,Excel Benchmark
intex_aqua_trend_7563,455515,715,1945,21,30,25,0,0.0,Excel Benchmark
intex_irist_smartwatch_7462,30000,100,400,16,38,20,0,0.0,Estimated
intex_aqua_4g__7359,455515,715,1945,21,30,20,0,0.0,Excel Benchmark
intex_aqua_ace_7651,455515,715,1945,21,40,20,0,0.0,Excel Benchmark
intex_aqua_xtreme_ii_7358,541964,1364,4892,21,30,20,0,0.0,Excel Benchmark
intex_aqua_y2_remote_7304,30000,100,400,16,28,20,0,0.0,Estimated
intex_aqua_star_l_7302,726979,1379,3937,16,28,20,0,0.0,Excel Benchmark
intex_aqua_speed_7300,726979,1379,3937,16,28,20,0,0.0,Excel Benchmark
intex_aqua_xtreme_7303,664363,1963,4689,21,30,20,0,0.0,Excel Benchmark
intex_aqua_power_7299,541964,1364,4892,16,28,35,0,0.0,Excel Benchmark
intex_aqua_power___7298,726979,1379,3937,21,30,35,0,0.0,Excel Benchmark
intex_aqua_4_5e_7297,628228,828,2284,16,23,20,0,0.0,Excel Benchmark
intex_aqua_star_2_7301,520704,2104,5112,16,28,20,0,0.0,Excel Benchmark
itel_city_200s_14815,490939,1339,2817,38,50,50,0,0.0,Excel Benchmark
itel_power_80_14814,490939,1339,2817,38,45,55,0,0.0,Excel Benchmark
itel_a100_pro_14678,230000,480,1500,16,35,45,0,0.0,Excel Benchmark
itel_zeno_100_14533,230000,480,1500,16,35,45,0,0.0,Excel Benchmark
itel_a200__14477,490939,1339,2817,21,45,55,0,0.0,Excel Benchmark
itel_a100cs_14816,230000,480,1500,16,35,45,0,0.0,Excel Benchmark
itel_a200_14478,490939,1339,2817,21,45,45,0,0.0,Excel Benchmark
itel_zeno_20_max_14374,230000,480,1500,21,35,45,0,0.0,Excel Benchmark
itel_vistatab_10_mini_14355,675530,1730,5990,16,28,45,0,0.0,Excel Benchmark
itel_vistatab_30gt_14352,400000,700,1900,18,33,55,0,0.0,Excel Benchmark
itel_vistatab_30_pro_14350,400000,700,1900,23,28,55,0,0.0,Excel Benchmark
itel_ts_pro_14223,422760,960,4680,16,30,35,0,0.0,Excel Benchmark
itel_a100c_14212,230000,480,1500,16,35,45,0,0.0,Excel Benchmark
itel_city_200_14479,490939,1339,2817,38,50,50,0,0.0,Excel Benchmark
itel_a95_5g_14210,110000,270,950,48,45,50,0,0.0,Excel Benchmark
itel_a90_limited_14209,230000,480,1500,21,35,45,0,0.0,Excel Benchmark
itel_a100_14211,490939,1339,2817,18,40,45,0,0.0,Excel Benchmark
itel_super_26_ultra_14128,270000,540,1650,58,90,55,0,0.0,Excel Benchmark
itel_city_100_13853,490939,1339,2817,23,40,50,0,0.0,Excel Benchmark
itel_a90_13852,230000,480,1500,21,35,45,0,0.0,Excel Benchmark
itel_power_70_13684,150000,350,1100,23,50,55,0,0.0,Excel Benchmark
itel_zeno_10_13618,422760,960,4680,16,30,45,0,0.0,Excel Benchmark
itel_s25_ultra_13504,321226,226,478,58,75,50,0,0.0,Excel Benchmark
itel_s25_13505,321226,226,478,58,75,50,0,0.0,Excel Benchmark
itel_vistatab_30_13344,457479,1879,6437,16,28,50,0,0.0,Excel Benchmark
itel_a80_13343,422760,960,4680,38,50,45,0,0.0,Excel Benchmark
itel_zeno_20_14096,230000,480,1500,21,35,45,0,0.0,Excel Benchmark
itel_a50c_13287,422760,960,4680,16,28,35,0,0.0,Excel Benchmark
itel_color_pro_13626,400000,650,1850,38,35,50,0,0.0,Excel Benchmark
itel_rs4_12930,400000,700,1900,48,45,65,0,0.0,Excel Benchmark
itel_s24_12917,609324,724,3972,53,35,50,0,0.0,Excel Benchmark
itel_a70_12704,422760,960,4680,23,35,45,0,0.0,Excel Benchmark
itel_p65_13258,410830,1030,2890,48,45,50,0,0.0,Excel Benchmark
itel_p55_5g_12604,400000,650,1850,38,35,50,0,0.0,Excel Benchmark
itel_a50_13183,422760,960,4680,16,30,45,0,0.0,Excel Benchmark
itel_p55_12808,457479,1879,6437,38,35,50,0,0.0,Excel Benchmark
itel_s23__12571,250000,480,1450,58,55,50,0,0.0,Excel Benchmark
itel_s23_12478,457479,1879,6437,48,35,45,0,0.0,Excel Benchmark
itel_s18_pro_12479,100000,250,850,33,40,45,0,0.0,Excel Benchmark
itel_p55__12809,457479,1879,6437,38,35,65,0,0.0,Excel Benchmark
itel_p40__12480,457479,1879,6437,23,35,55,0,0.0,Excel Benchmark
itel_p40_12481,100000,250,850,21,30,55,0,0.0,Excel Benchmark
itel_smart_watch_2_12505,231241,241,2041,16,28,20,0,0.0,Estimated
itel_smartwatch_2es_12506,231241,241,2041,16,28,20,0,0.0,Estimated
itel_a05s_12486,100000,250,850,16,30,35,0,0.0,Excel Benchmark
itel_s18_12487,100000,250,850,18,30,45,0,0.0,Excel Benchmark
itel_p38_pro_12488,100000,250,850,21,30,55,0,0.0,Excel Benchmark
itel_a60_12490,80000,200,700,16,30,45,0,0.0,Excel Benchmark
itel_p38_12489,231241,241,2041,16,30,45,0,0.0,Estimated
itel_a60s_12485,100000,250,850,16,30,45,0,0.0,Excel Benchmark
itel_a04_12491,231241,241,2041,16,28,35,0,0.0,Estimated
itel_pad_one_12502,100000,250,850,18,28,50,0,0.0,Excel Benchmark
itel_vision_3_12493,100000,250,850,16,30,50,0,0.0,Excel Benchmark
itel_vision_3_turbo_12492,100000,250,850,16,30,50,0,0.0,Excel Benchmark
itel_a23s_12494,80000,200,700,16,28,25,0,0.0,Excel Benchmark
itel_a49_12496,80000,200,700,16,30,35,0,0.0,Excel Benchmark
itel_a48_12497,80000,200,700,16,30,25,0,0.0,Excel Benchmark
itel_a23_pro_12499,80000,200,700,16,28,20,0,0.0,Excel Benchmark
itel_vision_2_12500,100000,250,850,23,30,35,0,0.0,Excel Benchmark
itel_a25_12501,80000,200,700,16,30,25,0,0.0,Excel Benchmark
itel_smartwatch_1gs_12508,231241,241,2041,16,28,20,0,0.0,Estimated
itel_vision_2s_12498,100000,250,850,16,30,50,0,0.0,Excel Benchmark
itel_smartwatch_1es_12507,231241,241,2041,16,28,20,0,0.0,Estimated
itel_smart_watch_1_12504,231241,241,2041,16,28,20,0,0.0,Estimated
itel_a27_12495,80000,200,700,16,28,35,0,0.0,Excel Benchmark
jolla_phone_5g_14342,230000,480,1500,50,50,45,0,0.0,Excel Benchmark
jolla_c2_14369,457479,1879,6437,38,30,35,0,0.0,Excel Benchmark
jolla_jolla_c_8127,25000,90,350,16,30,45,0,0.0,Estimated
jolla_tablet_6816,70000,200,700,16,28,35,0,0.0,Excel Benchmark
jolla_jolla_5457,30000,110,420,16,28,45,0,0.0,Estimated
karbonn_titanium_mach_two_s360_7236,231241,241,2041,18,30,20,0,0.0,Estimated
karbonn_titanium_wind_w4_7209,231241,241,2041,16,23,20,0,0.0,Estimated
karbonn_titanium_s99_7210,231241,241,2041,16,28,20,0,0.0,Estimated
karbonn_titanium_s19_6597,231241,241,2041,21,30,20,0,0.0,Estimated
karbonn_sparkle_v_6687,412178,778,2134,16,28,20,0,0.0,Excel Benchmark
karbonn_titanium_s1_plus_6372,231241,241,2041,16,23,20,0,0.0,Estimated
karbonn_smart_a12_star_6530,231241,241,2041,16,28,20,0,0.0,Estimated
karbonn_titanium_hexa_6218,681353,953,3659,21,40,20,0,0.0,Excel Benchmark
karbonn_titanium_x_5999,553760,1960,4680,21,40,20,0,0.0,Excel Benchmark
karbonn_titanium_octane_6220,664363,1963,4689,21,30,20,0,0.0,Excel Benchmark
karbonn_a16_6172,231241,241,2041,16,23,20,0,0.0,Estimated
karbonn_a12__5931,231241,241,2041,16,28,20,0,0.0,Estimated
karbonn_titanium_s5_plus_5925,231241,241,2041,16,28,20,0,0.0,Estimated
karbonn_s7_titanium_5880,231241,241,2041,21,40,20,0,0.0,Estimated
karbonn_s9_titanium_5645,141928,528,1384,21,30,20,0,0.0,Excel Benchmark
karbonn_a10_5644,151085,285,655,16,28,20,0,0.0,Excel Benchmark
karbonn_a5_5643,231241,241,2041,16,23,20,0,0.0,Estimated
karbonn_a37_5522,231241,241,2041,16,23,25,0,0.0,Estimated
karbonn_titanium_octane_plus_6219,664363,1963,4689,23,40,20,0,0.0,Excel Benchmark
karbonn_a34_5521,382595,1795,4185,16,23,25,0,0.0,Excel Benchmark
karbonn_a25_5520,231241,241,2041,16,23,20,0,0.0,Estimated
karbonn_a7_star_5519,730082,1882,6446,16,23,20,0,0.0,Excel Benchmark
karbonn_a4__5518,231241,241,2041,16,28,20,0,0.0,Estimated
karbonn_a2__5517,231241,241,2041,16,23,20,0,0.0,Estimated
karbonn_a27_retina_5508,231241,241,2041,16,28,20,0,0.0,Estimated
karbonn_a111_5381,231241,241,2041,16,23,20,0,0.0,Estimated
karbonn_a3_5378,231241,241,2041,16,23,20,0,0.0,Estimated
karbonn_a4_5379,231241,241,2041,16,23,20,0,0.0,Estimated
karbonn_a2_5377,231241,241,2041,16,23,20,0,0.0,Estimated
karbonn_s5_titanium_5374,12000,50,200,16,28,20,0,0.0,Estimated
karbonn_a6_5380,231241,241,2041,16,28,20,0,0.0,Estimated
karbonn_s1_titanium_5273,231241,241,2041,16,28,20,0,0.0,Estimated
karbonn_smart_tab_9_5219,231241,241,2041,16,23,35,0,0.0,Estimated
karbonn_smart_tab_8_5215,231241,241,2041,16,23,40,0,0.0,Estimated
karbonn_smart_tab_10_5216,231241,241,2041,16,23,50,0,0.0,Estimated
karbonn_smart_tab2_5220,231241,241,2041,16,23,25,0,0.0,Estimated
karbonn_kt21_express_5175,231241,241,2041,16,23,20,0,0.0,Estimated
karbonn_smart_tab_7_5217,232803,403,3009,16,23,25,0,0.0,Excel Benchmark
karbonn_k65_buzz_5176,231241,241,2041,16,23,20,0,0.0,Estimated
karbonn_k9_jumbo_5177,231241,241,2041,16,23,20,0,0.0,Estimated
karbonn_kt62_5179,231241,241,2041,16,23,20,0,0.0,Estimated
karbonn_k309_boombastic_5181,231241,241,2041,16,23,20,0,0.0,Estimated
karbonn_k4__titan_5182,231241,241,2041,16,23,20,0,0.0,Estimated
karbonn_k52_groovster_5180,231241,241,2041,16,23,20,0,0.0,Estimated
karbonn_a9_5178,231241,241,2041,16,23,20,0,0.0,Estimated
karbonn_k451__sound_wave_5184,231241,241,2041,16,23,20,0,0.0,Estimated
karbonn_k707_spy_ii_5183,231241,241,2041,16,23,20,0,0.0,Estimated
karbonn_a1__5188,231241,241,2041,16,23,20,0,0.0,Estimated
karbonn_k1__stereo_5187,231241,241,2041,16,23,20,0,0.0,Estimated
karbonn_k102__flair_5185,231241,241,2041,16,23,20,0,0.0,Estimated
karbonn_kc540_blaze_5186,231241,241,2041,16,23,20,0,0.0,Estimated
karbonn_a21_5189,231241,241,2041,16,23,20,0,0.0,Estimated
karbonn_a11_5190,231241,241,2041,16,23,20,0,0.0,Estimated
karbonn_k36__jumbo_mini_5191,231241,241,2041,16,23,20,0,0.0,Estimated
karbonn_k440_5193,231241,241,2041,16,23,20,0,0.0,Estimated
karbonn_a9__5194,231241,241,2041,16,28,20,0,0.0,Estimated
karbonn_k11__5195,231241,241,2041,16,23,20,0,0.0,Estimated
karbonn_a30_5197,231241,241,2041,16,23,20,0,0.0,Estimated
karbonn_a15_5196,231241,241,2041,16,23,20,0,0.0,Estimated
karbonn_k101__media_champ_5192,231241,241,2041,16,23,20,0,0.0,Estimated
kyocera_duraforce_pro_3_13562,700000,1050,3200,45,50,55,0,0.0,Excel Benchmark
kyocera_durasport_uw_13563,340000,600,1700,38,40,65,0,0.0,Excel Benchmark
kyocera_duraforce_ultra_13564,350000,620,1900,28,40,60,0,0.0,Excel Benchmark
kyocera_duraforce_xd_7699,30000,110,420,16,30,25,0,0.0,Estimated
kyocera_duraforce_pro_8268,692191,2191,5373,21,40,30,0,0.0,Excel Benchmark
kyocera_duraforce_pro_2_9407,110000,270,950,23,40,45,0,0.0,Excel Benchmark
kyocera_duraslate_13565,340000,600,1850,16,28,70,0,0.0,Excel Benchmark
kyocera_hydro_life_6598,200000,350,1300,16,28,20,0,0.0,Excel Benchmark
kyocera_brigadier_6602,30000,110,420,16,30,45,0,0.0,Estimated
kyocera_duraforce_6829,30000,110,420,16,30,25,0,0.0,Estimated
kyocera_hydro_xtrm_5555,12000,50,200,16,28,20,0,0.0,Estimated
kyocera_torque_e6710_5270,12000,50,200,16,28,20,0,0.0,Estimated
kyocera_hydro_elite_5754,12000,50,200,16,30,20,0,0.0,Estimated
kyocera_hydro_c5170_4748,700000,900,3100,16,28,20,0,0.0,Excel Benchmark
kyocera_milano_c5121_4316,190098,698,2894,16,23,20,0,0.0,Excel Benchmark
kyocera_rise_c5155_4747,700000,900,3100,16,28,20,0,0.0,Excel Benchmark
kyocera_brio_4315,333697,497,3291,16,23,20,0,0.0,Excel Benchmark
kyocera_duracore_e4210_4318,333697,497,3291,16,23,20,0,0.0,Excel Benchmark
kyocera_milano_c5120_4314,190098,698,2894,16,23,20,0,0.0,Excel Benchmark
kyocera_presto_s1350_4319,231241,241,2041,16,23,20,0,0.0,Estimated
kyocera_duramax_4317,333697,497,3291,16,23,20,0,0.0,Excel Benchmark
kyocera_e4600_3227,231241,241,2041,16,23,20,0,0.0,Estimated
kyocera_solo_e4000_3223,231241,241,2041,16,23,20,0,0.0,Estimated
kyocera_echo_3914,700000,900,3100,16,23,20,0,0.0,Excel Benchmark
kyocera_e3500_3224,231241,241,2041,16,23,20,0,0.0,Estimated
kyocera_s1600_3226,231241,241,2041,16,23,20,0,0.0,Estimated
kyocera_e2500_3225,231241,241,2041,16,23,20,0,0.0,Estimated
kyocera_tg_200_184,231241,241,2041,16,23,20,0,0.0,Estimated
lava_virat_v1_pro_5g_14901,180000,330,1200,36,45,55,0,0.0,Excel Benchmark
lava_virat_v1_5g_14831,180000,330,1200,21,45,50,0,0.0,Excel Benchmark
lava_smart_4_plus_14753,100000,250,850,21,35,45,0,0.0,Excel Benchmark
lava_virat_v1_14830,100000,250,850,21,35,45,0,0.0,Excel Benchmark
lava_shark_2_5g_14691,180000,330,1200,21,45,55,0,0.0,Excel Benchmark
lava_smart_4_14902,100000,250,850,16,23,45,0,0.0,Excel Benchmark
lava_bold_n2_pro_14570,490939,1339,2817,38,45,45,0,0.0,Excel Benchmark
lava_yuva_star_3_14486,100000,250,850,21,35,45,0,0.0,Excel Benchmark
lava_blaze_duo_3_5g_14428,839198,1798,5194,38,65,60,0,0.0,Excel Benchmark
lava_bold_n2_lite_14574,100000,250,850,21,35,45,0,0.0,Excel Benchmark
lava_play_max_5g_14344,270000,540,1650,40,55,60,0,0.0,Excel Benchmark
lava_agni_4_5g_14304,300000,420,1800,65,75,70,0,0.0,Excel Benchmark
lava_bold_n1_5g_14136,340000,600,1850,23,35,45,0,0.0,Excel Benchmark
lava_play_ultra_5g_14089,270000,540,1650,38,75,60,0,0.0,Excel Benchmark
lava_blaze_dragon_5g_14025,400000,700,2000,38,43,50,0,0.0,Excel Benchmark
lava_storm_play_5g_13950,839198,1798,5194,38,50,50,0,0.0,Excel Benchmark
lava_storm_lite_5g_13949,30000,110,420,36,45,45,0,0.0,Estimated
lava_blaze_amoled_2_5g_14061,839198,1798,5194,38,70,60,0,0.0,Excel Benchmark
lava_bold_n1_pro_13936,457479,1879,6437,38,45,45,0,0.0,Excel Benchmark
lava_bold_n1_13937,100000,250,850,21,35,45,0,0.0,Excel Benchmark
lava_yuva_star_2_13838,100000,250,850,21,30,45,0,0.0,Excel Benchmark
lava_bold_5g_13775,110000,270,950,43,65,60,0,0.0,Excel Benchmark
lava_yuva_2_5g_13594,260880,1080,4040,38,40,50,0,0.0,Excel Benchmark
lava_shark_5g_13903,340000,600,1850,21,35,50,0,0.0,Excel Benchmark
lava_shark_13758,457479,1879,6437,38,45,50,0,0.0,Excel Benchmark
lava_yuva_4_13526,457479,1879,6437,38,35,45,0,0.0,Excel Benchmark
lava_prowatch_v1_13619,231241,241,2041,16,43,20,0,0.0,Estimated
lava_blaze_3_5g_13340,110000,270,950,38,35,50,0,0.0,Excel Benchmark
lava_blaze_duo_13560,447999,399,997,43,65,60,0,0.0,Excel Benchmark
lava_yuva_5g_13086,764282,2082,6046,38,35,50,0,0.0,Excel Benchmark
lava_yuva_star_13249,100000,250,850,21,30,45,0,0.0,Excel Benchmark
lava_agni_3_13396,270000,540,1650,75,65,70,0,0.0,Excel Benchmark
lava_prowatch_zn_12950,231241,241,2041,16,43,20,0,0.0,Estimated
lava_blaze_curve_12859,620000,950,2800,50,70,60,0,0.0,Excel Benchmark
lava_yuva_3_12816,457479,1879,6437,21,35,50,0,0.0,Excel Benchmark
lava_blaze_x_13197,110000,270,950,58,65,60,0,0.0,Excel Benchmark
lava_prowatch_vn_12951,231241,241,2041,16,33,20,0,0.0,Estimated
lava_blaze_2_5g_12668,380000,600,1700,38,35,50,0,0.0,Excel Benchmark
lava_storm_12753,400000,650,1850,43,55,60,0,0.0,Excel Benchmark
lava_yuva_3_pro_12742,250000,480,1450,38,35,50,0,0.0,Excel Benchmark
lava_blaze_pro_5g_12724,380000,600,1700,38,55,60,0,0.0,Excel Benchmark
lava_yuva_2_12450,457479,1879,6437,21,35,45,0,0.0,Excel Benchmark
lava_o1_14048,457479,1879,6437,21,35,50,0,0.0,Excel Benchmark
lava_blaze_2_pro_12552,250000,480,1450,38,35,50,0,0.0,Excel Benchmark
lava_blaze_1x_12247,520000,800,2300,38,35,45,0,0.0,Excel Benchmark
lava_o2_12891,250000,480,1450,38,35,50,0,0.0,Excel Benchmark
lava_yuva_2_pro_12133,340000,600,1850,21,30,45,0,0.0,Excel Benchmark
lava_blaze_2_12222,250000,480,1450,23,35,50,0,0.0,Excel Benchmark
lava_x3_12040,502465,1665,4795,16,30,35,0,0.0,Excel Benchmark
lava_blaze_nxt_12001,340000,600,1850,23,30,45,0,0.0,Excel Benchmark
lava_agni_2_12271,620000,950,2800,25,70,65,0,0.0,Excel Benchmark
lava_yuva_pro_11928,231241,241,2041,23,30,45,0,0.0,Estimated
lava_yuva_14047,100000,250,800,16,30,35,0,0.0,Excel Benchmark
lava_blaze_pro_11892,340000,600,1850,38,35,45,0,0.0,Excel Benchmark
lava_blaze_5g_11916,520000,800,2300,38,35,45,0,0.0,Excel Benchmark
lava_z3_pro_12553,673292,1092,5076,16,30,45,0,0.0,Excel Benchmark
lava_z3_11421,350000,620,1900,16,30,45,0,0.0,Excel Benchmark
lava_agni_5g_11210,120000,250,900,23,45,60,0,0.0,Excel Benchmark
lava_z2s_11024,350000,620,1900,16,30,45,0,0.0,Excel Benchmark
lava_x2_11401,350000,620,1900,16,30,45,0,0.0,Excel Benchmark
lava_z2_max_10902,231241,241,2041,23,30,50,0,0.0,Estimated
lava_z4_10667,350000,620,1900,28,30,45,0,0.0,Excel Benchmark
lava_blaze_11657,502465,1665,4795,23,30,45,0,0.0,Excel Benchmark
lava_z6_10666,350000,620,1900,28,30,45,0,0.0,Excel Benchmark
lava_z1_10669,110060,260,580,16,28,25,0,0.0,Excel Benchmark
lava_z71_10043,130000,300,950,21,30,25,0,0.0,Excel Benchmark
lava_z2_10668,350000,620,1900,23,30,45,0,0.0,Excel Benchmark
lava_z40_9622,80000,200,700,16,28,20,0,0.0,Excel Benchmark
lava_z81_9390,502465,1665,4795,21,50,25,0,0.0,Excel Benchmark
lava_z92_9541,130000,300,950,23,30,25,0,0.0,Excel Benchmark
lava_z61_pro_10323,231241,241,2041,16,50,25,0,0.0,Estimated
lava_z60s_9303,80000,200,700,16,30,20,0,0.0,Excel Benchmark
lava_z91__2gb__9266,80000,200,700,23,50,25,0,0.0,Excel Benchmark
lava_z50_9137,70000,180,650,16,23,20,0,0.0,Excel Benchmark
lava_z90_8888,70000,180,650,18,30,20,0,0.0,Excel Benchmark
lava_z61_9276,80000,200,700,16,50,25,0,0.0,Excel Benchmark
lava_z80_8887,70000,180,650,16,30,20,0,0.0,Excel Benchmark
lava_a97_2gb__8792,80000,200,700,16,28,20,0,0.0,Excel Benchmark
lava_z60_8881,70000,180,650,16,28,20,0,0.0,Excel Benchmark
lava_z91_9150,80000,200,700,23,50,25,0,0.0,Excel Benchmark
lava_a44_8728,70000,180,650,16,23,20,0,0.0,Excel Benchmark
lava_z25_8625,240000,500,1550,23,30,25,0,0.0,Excel Benchmark
lava_a77_8692,80000,200,700,16,23,20,0,0.0,Excel Benchmark
lava_z10_8624,70000,180,650,16,30,20,0,0.0,Excel Benchmark
lava_x28_plus_8611,231241,241,2041,16,30,20,0,0.0,Estimated
lava_a73_8560,231241,241,2041,16,23,20,0,0.0,Estimated
lava_x19_8510,231241,241,2041,16,30,20,0,0.0,Estimated
lava_a50_8447,231241,241,2041,16,23,20,0,0.0,Estimated
lava_x50_plus_8443,231241,241,2041,16,30,20,0,0.0,Estimated
lava_x41_plus_8422,231241,241,2041,16,30,20,0,0.0,Estimated
lava_a55_8448,231241,241,2041,16,23,20,0,0.0,Estimated
lava_a51_8406,50000,150,500,16,23,20,0,0.0,Estimated
lava_a76__8391,231241,241,2041,16,23,20,0,0.0,Estimated
lava_a97_8341,231241,241,2041,16,23,20,0,0.0,Estimated
lava_x28_8340,231241,241,2041,16,30,20,0,0.0,Estimated
lava_a48_8237,231241,241,2041,16,23,20,0,0.0,Estimated
lava_p7__8274,231241,241,2041,16,30,20,0,0.0,Estimated
lava_x38_8217,231241,241,2041,16,30,35,0,0.0,Estimated
lava_x50_8209,231241,241,2041,16,30,20,0,0.0,Estimated
lava_a32_8211,231241,241,2041,16,23,20,0,0.0,Estimated
lava_x81_8144,455515,715,1945,21,30,20,0,0.0,Excel Benchmark
lava_x46_8141,231241,241,2041,16,30,20,0,0.0,Estimated
lava_x17_8194,231241,241,2041,16,30,20,0,0.0,Estimated
lava_a89_8124,231241,241,2041,16,23,20,0,0.0,Estimated
lava_a68_8210,231241,241,2041,16,23,20,0,0.0,Estimated
lava_a79_8122,231241,241,2041,16,23,20,0,0.0,Estimated
lava_a67_8120,231241,241,2041,16,23,20,0,0.0,Estimated
lava_v2_s_8068,231241,241,2041,18,30,20,0,0.0,Estimated
lava_a59_8121,231241,241,2041,16,23,20,0,0.0,Estimated
lava_v2_3gb_8069,231241,241,2041,23,30,20,0,0.0,Estimated
lava_a72_8076,231241,241,2041,16,30,20,0,0.0,Estimated
lava_a76_8077,231241,241,2041,16,23,20,0,0.0,Estimated
lava_x11_8071,231241,241,2041,16,30,20,0,0.0,Estimated
lava_a82_8123,231241,241,2041,16,23,20,0,0.0,Estimated
lava_a71_7931,231241,241,2041,16,30,20,0,0.0,Estimated
lava_p7_7925,231241,241,2041,16,23,20,0,0.0,Estimated
lava_x3__2016__7894,231241,241,2041,16,30,20,0,0.0,Estimated
lava_v5_7893,455515,715,1945,23,30,25,0,0.0,Excel Benchmark
lava_iris_atom_7861,231241,241,2041,16,23,20,0,0.0,Estimated
lava_x10_7788,455515,715,1945,21,30,20,0,0.0,Excel Benchmark
lava_a88_8070,231241,241,2041,16,23,20,0,0.0,Estimated
lava_iris_atom_2x_7766,231241,241,2041,16,23,20,0,0.0,Estimated
lava_iris_atom_x_7765,231241,241,2041,16,23,20,0,0.0,Estimated
lava_fuel_f1_7668,55000,150,550,16,28,35,0,0.0,Excel Benchmark
lava_iris_atom_3_7860,231241,241,2041,16,23,20,0,0.0,Estimated
lava_iris_fuel_f1_mini_7614,231241,241,2041,16,23,20,0,0.0,Estimated
lava_flair_e2_7613,231241,241,2041,16,23,20,0,0.0,Estimated
lava_flair_z1_7491,231241,241,2041,16,23,20,0,0.0,Estimated
lava_iris_atom_2_7492,231241,241,2041,16,23,20,0,0.0,Estimated
lava_pixel_v2_7574,455515,715,1945,23,30,20,0,0.0,Excel Benchmark
lava_pixel_v1_7446,231241,241,2041,23,30,20,0,0.0,Estimated
lava_flair_p1i_7369,231241,241,2041,16,23,20,0,0.0,Estimated
lava_iris_fuel_f2_7973,231241,241,2041,16,28,25,0,0.0,Estimated
lava_iris_x1_atom_s_7370,231241,241,2041,16,23,20,0,0.0,Estimated
lava_icon_7226,231241,241,2041,21,30,20,0,0.0,Estimated
lava_iris_x1_mini_7124,520704,2104,5112,16,28,20,0,0.0,Excel Benchmark
lava_iris_alfa_7126,520704,2104,5112,16,28,20,0,0.0,Excel Benchmark
lava_iris_x8_7023,231241,241,2041,16,30,20,0,0.0,Estimated
lava_iris_465_7028,231241,241,2041,16,23,20,0,0.0,Estimated
lava_iris_470_7029,231241,241,2041,16,28,20,0,0.0,Estimated
lava_iris_401_7027,231241,241,2041,16,23,20,0,0.0,Estimated
lava_iris_x1_grand_7125,726979,1379,3937,16,28,20,0,0.0,Excel Benchmark
lava_iris_350_7025,231241,241,2041,16,23,20,0,0.0,Estimated
lava_iris_325_style_7024,231241,241,2041,16,23,20,0,0.0,Estimated
lava_iris_348_7026,231241,241,2041,16,23,20,0,0.0,Estimated
lava_iris_fuel_60_6888,231241,241,2041,16,30,35,0,0.0,Estimated
lava_iris_win1_6845,15000,60,250,16,23,20,0,0.0,Estimated
lava_iris_250_6771,231241,241,2041,16,23,20,0,0.0,Estimated
lava_iris_400s_6770,231241,241,2041,16,28,20,0,0.0,Estimated
lava_iris_400q_6767,231241,241,2041,16,23,20,0,0.0,Estimated
lava_iris_352_flair_6769,231241,241,2041,16,23,20,0,0.0,Estimated
lava_iris_fuel_50_6765,231241,241,2041,16,28,25,0,0.0,Estimated
lava_iris_360_music_6667,231241,241,2041,16,23,20,0,0.0,Estimated
lava_iris_410_6766,231241,241,2041,16,23,20,0,0.0,Estimated
lava_iris_310_style_6668,231241,241,2041,16,23,20,0,0.0,Estimated
lava_iris_404_flair_6768,231241,241,2041,16,23,20,0,0.0,Estimated
lava_iris_460_6666,231241,241,2041,16,28,20,0,0.0,Estimated
lava_iris_pro_30__6605,231241,241,2041,21,30,20,0,0.0,Estimated
lava_iris_350m_6469,231241,241,2041,16,23,20,0,0.0,Estimated
lava_iris_402e_6468,231241,241,2041,16,23,20,0,0.0,Estimated
lava_iris_x5_6628,231241,241,2041,16,30,20,0,0.0,Estimated
lava_3g_412_6470,231241,241,2041,16,23,20,0,0.0,Estimated
lava_3g_415_6393,30000,100,400,16,23,20,0,0.0,Estimated
lava_iris_x1_6399,504145,1345,4835,16,28,20,0,0.0,Excel Benchmark
lava_3g_354_6392,30000,100,400,16,23,20,0,0.0,Estimated
lava_iris_406q_6298,15000,60,250,16,23,20,0,0.0,Estimated
lava_iris_450_colour_6299,231241,241,2041,16,28,20,0,0.0,Estimated
lava_iris_504q__6350,231241,241,2041,16,30,20,0,0.0,Estimated
lava_iris_356_6349,231241,241,2041,16,23,20,0,0.0,Estimated
lava_iris_550q_6253,231241,241,2041,16,30,20,0,0.0,Estimated
lava_iris_pro_30_6301,231241,241,2041,16,30,20,0,0.0,Estimated
lava_iris_pro_20_6300,231241,241,2041,16,28,20,0,0.0,Estimated
lava_iris_349__6304,231241,241,2041,16,23,20,0,0.0,Estimated
lava_iris_401e_6302,231241,241,2041,16,23,20,0,0.0,Estimated
lava_iris_404e_6305,231241,241,2041,16,23,20,0,0.0,Estimated
lava_iris_349s_6303,231241,241,2041,16,23,20,0,0.0,Estimated
lava_iris_505_6309,231241,241,2041,16,23,20,0,0.0,Estimated
lava_iris_503e_6306,231241,241,2041,16,23,20,0,0.0,Estimated
lava_iris_506q_6308,231241,241,2041,16,23,20,0,0.0,Estimated
lava_iris_504q_6310,231241,241,2041,16,25,20,0,0.0,Estimated
lava_iris_503_6314,231241,241,2041,16,28,20,0,0.0,Estimated
lava_3g_402__6311,231241,241,2041,16,23,20,0,0.0,Estimated
lava_3g_402_6312,231241,241,2041,16,23,20,0,0.0,Estimated
lava_iris_405__6313,231241,241,2041,16,23,20,0,0.0,Estimated
leeco_le_pro_3_ai_edition_8275,676857,1657,4771,25,40,40,0,0.0,Excel Benchmark
leeco_le_s3_8393,130000,300,1100,25,40,30,0,0.0,Excel Benchmark
leeco_le_pro3_elite_8614,180000,330,1200,25,40,40,0,0.0,Excel Benchmark
leeco_le_pro3_8344,200000,350,1300,25,40,40,0,0.0,Excel Benchmark
leeco_le_max_2_8051,180000,330,1200,35,50,30,0,0.0,Excel Benchmark
leeco_le_2_8053,140000,300,1000,25,40,30,0,0.0,Excel Benchmark
leeco_le_2_pro_8052,160000,350,1100,20,40,25,0,0.0,Excel Benchmark
leeco_le_1s_8055,471272,1072,3016,23,40,25,0,0.0,Excel Benchmark
leeco_le_max_8054,120000,250,900,33,50,30,0,0.0,Excel Benchmark
lenovo_legion_y700_ai_5g_14904,786332,2132,5196,38,80,75,0,0.0,Excel Benchmark
lenovo_tab_plus_gen_2_14733,30000,110,420,23,50,70,0,0.0,Estimated
lenovo_legion_y70_5g__2026__14666,400000,500,2200,75,100,75,0,0.0,Excel Benchmark
lenovo_legion_y900_13_14778,613027,1827,6281,21,58,75,0,0.0,Excel Benchmark
lenovo_idea_tab_pro_gen_2_14575,351226,226,2478,23,53,70,0,0.0,Excel Benchmark
lenovo_thinktab_x11_gen_1_14576,144561,561,1483,23,38,70,0,0.0,Excel Benchmark
lenovo_legion_y900_11_14779,307040,1240,2520,21,58,75,0,0.0,Excel Benchmark
lenovo_idea_tab_plus_5g_14214,30000,110,420,23,38,70,0,0.0,Estimated
lenovo_legion_y700__gen_5__14549,561383,983,4749,38,55,75,0,0.0,Excel Benchmark
lenovo_tab_14075,280000,520,1550,16,28,45,0,0.0,Excel Benchmark
lenovo_yoga_tab_14213,1903140,2115,6608,21,75,70,0,0.0,Excel Benchmark
lenovo_tab_one_14073,280000,520,1550,16,28,50,0,0.0,Excel Benchmark
lenovo_idea_tab_pro_13733,1460000,1432,4663,23,50,70,0,0.0,Excel Benchmark
lenovo_idea_tab_5g_14215,110000,270,950,16,38,55,0,0.0,Excel Benchmark
lenovo_legion_y700__gen_4__13993,613027,1827,6281,38,55,75,0,0.0,Excel Benchmark
lenovo_yoga_tab_plus_13666,1903140,2115,6608,21,53,70,0,0.0,Excel Benchmark
lenovo_legion_tab_13266,467686,686,2858,23,55,70,0,0.0,Excel Benchmark
lenovo_tab_k11_plus_13186,200000,380,1350,23,33,55,0,0.0,Excel Benchmark
lenovo_legion_y700__2023__12476,467686,686,2858,23,55,70,0,0.0,Excel Benchmark
lenovo_legion_y700__2025__13438,1903140,2115,6608,23,55,75,0,0.0,Excel Benchmark
lenovo_tab_m11_12783,300000,550,1600,23,33,50,0,0.0,Excel Benchmark
lenovo_tab_plus_13164,400000,700,1900,18,33,70,0,0.0,Excel Benchmark
lenovo_tab_extreme_12071,1350000,1650,4500,23,55,75,0,0.0,Excel Benchmark
lenovo_tab_m9_12052,260000,500,1500,16,28,45,0,0.0,Excel Benchmark
lenovo_tab_m8__4th_gen__12521,892192,1992,6776,16,28,45,0,0.0,Excel Benchmark
lenovo_tab_p12_12443,620000,950,2800,18,28,55,0,0.0,Excel Benchmark
lenovo_tab_p11_pro_gen_2_11841,616573,2827,1961,23,55,55,0,0.0,GSMArena Lab
lenovo_tab_m10_12425,420000,750,2200,23,33,55,0,0.0,Excel Benchmark
lenovo_tab_p11_gen_2_11842,400000,700,1900,23,43,50,0,0.0,Excel Benchmark
lenovo_legion_y70_11747,336254,1654,5762,65,80,70,0,0.0,Excel Benchmark
lenovo_legion_y700_11394,750000,1000,3300,23,50,70,0,0.0,Excel Benchmark
lenovo_tab_m10_plus__3rd_gen__11711,200000,380,1350,18,28,55,0,0.0,Excel Benchmark
lenovo_tab_m10_gen_3_12162,560143,1743,4029,16,28,45,0,0.0,Excel Benchmark
lenovo_legion_y90_11331,1120000,1610,3860,50,80,70,0,0.0,Excel Benchmark
lenovo_k14_plus_12008,803017,1817,5251,38,35,45,0,0.0,Excel Benchmark
lenovo_tab_p11_5g_11091,380000,650,2000,23,28,55,0,0.0,Excel Benchmark
lenovo_tab_p12_pro_11090,750000,1000,3300,25,60,70,0,0.0,Excel Benchmark
lenovo_k13_pro_10971,160000,330,1200,16,35,45,0,0.0,Excel Benchmark
lenovo_pad_pro_2022_11783,397587,387,1961,23,55,55,0,0.0,Excel Benchmark
lenovo_k13_10972,100000,250,850,21,30,45,0,0.0,Excel Benchmark
lenovo_yoga_tab_11_10988,340000,600,1750,18,28,55,0,0.0,Excel Benchmark
lenovo_tab_m8__3rd_gen__10991,130000,300,950,16,28,45,0,0.0,Excel Benchmark
lenovo_yoga_tab_13_10924,750000,1000,3300,18,30,50,0,0.0,Excel Benchmark
lenovo_tab_p11_plus_10990,340000,600,1750,23,28,55,0,0.0,Excel Benchmark
lenovo_tab_k10_11143,130000,300,950,16,28,50,0,0.0,Excel Benchmark
lenovo_pad_pro_10925,750000,1000,3300,23,45,55,0,0.0,Excel Benchmark
lenovo_tab_m7__3rd_gen__10992,399391,1391,3973,16,28,25,0,0.0,Excel Benchmark
lenovo_k13_note_10970,170000,350,1300,18,30,45,0,0.0,Excel Benchmark
lenovo_legion_duel_2_10839,820000,1130,3500,55,80,70,0,0.0,Excel Benchmark
lenovo_k12_pro_10605,160000,330,1200,48,30,55,0,0.0,Excel Benchmark
lenovo_legion_2_pro_10827,820000,1130,3500,55,80,70,0,0.0,Excel Benchmark
lenovo_pad_plus_10927,380000,650,2000,23,28,50,0,0.0,Excel Benchmark
lenovo_a8_2020_10733,130000,300,950,21,30,45,0,0.0,Excel Benchmark
lenovo_pad_10926,160000,330,1200,23,28,55,0,0.0,Excel Benchmark
lenovo_k12__china__10630,170000,350,1300,38,30,45,0,0.0,Excel Benchmark
lenovo_tab_m10_hd_gen_2_10406,130000,300,950,16,28,45,0,0.0,Excel Benchmark
lenovo_tab_p11_10686,160000,330,1200,23,28,55,0,0.0,Excel Benchmark
lenovo_legion_duel_10329,700000,900,3100,45,70,70,0,0.0,Excel Benchmark
lenovo_m10_plus_10360,130000,300,950,16,28,45,0,0.0,Excel Benchmark
lenovo_a7_10566,100000,250,850,21,30,35,0,0.0,Excel Benchmark
lenovo_legion_pro_10224,700000,900,3100,45,70,65,0,0.0,Excel Benchmark
lenovo_m10_fhd_rel_10049,75000,200,750,16,28,50,0,0.0,Excel Benchmark
lenovo_yoga_smart_tab_9959,65000,180,650,16,28,50,0,0.0,Excel Benchmark
lenovo_k10_note_9821,230000,480,1500,50,40,40,0,0.0,Excel Benchmark
lenovo_a6_note_9822,130000,300,950,21,30,35,0,0.0,Excel Benchmark
lenovo_tab_p11_pro_10405,280000,550,1700,23,45,55,0,0.0,Excel Benchmark
lenovo_tab_m8__fhd__9826,130000,300,950,21,28,45,0,0.0,Excel Benchmark
lenovo_tab_m8__hd__9825,502465,1665,4795,16,28,45,0,0.0,Excel Benchmark
lenovo_k10_plus_9882,120000,280,1000,28,30,35,0,0.0,Excel Benchmark
lenovo_tab_m7_9824,799860,2060,5980,16,28,25,0,0.0,Excel Benchmark
lenovo_z6_pro_5g_9754,580000,750,2600,30,50,40,0,0.0,Excel Benchmark
lenovo_z6_9757,270000,540,1650,45,65,35,0,0.0,Excel Benchmark
lenovo_z6_youth_9711,230000,480,1500,48,40,35,0,0.0,Excel Benchmark
lenovo_z6_pro_9671,357672,11155,2600,30,50,40,450,0.0,GSMArena Lab
lenovo_k6_enjoy_9655,130000,300,950,18,30,25,0,0.0,Excel Benchmark
lenovo_tab_v7_9609,75000,200,750,21,40,45,0,0.0,Excel Benchmark
lenovo_s5_pro_gt_9490,170000,350,1300,38,40,30,0,0.0,Excel Benchmark
lenovo_z5s_9436,230000,480,1500,50,40,25,0,0.0,Excel Benchmark
lenovo_z5_pro_9349,230000,480,1500,28,50,30,0,0.0,Excel Benchmark
lenovo_s5_pro_9375,140000,320,1150,38,40,30,0,0.0,Excel Benchmark
lenovo_k5_pro_9374,140000,320,1150,23,40,40,0,0.0,Excel Benchmark
lenovo_k9_9371,130000,300,950,21,50,25,0,0.0,Excel Benchmark
lenovo_k5_note__2018__9226,75000,200,750,23,50,25,0,0.0,Excel Benchmark
lenovo_z5_pro_gt_9489,580000,750,2600,28,50,30,0,0.0,Excel Benchmark
lenovo_k5_play_9144,45000,140,500,23,50,25,0,0.0,Estimated
lenovo_a5_9225,80000,200,700,23,50,35,0,0.0,Excel Benchmark
lenovo_k5_9143,240000,500,1550,23,50,25,0,0.0,Excel Benchmark
lenovo_z5_9222,140000,320,1150,25,40,25,0,0.0,Excel Benchmark
lenovo_s5_9116,95000,240,850,30,40,25,0,0.0,Excel Benchmark
lenovo_k320t_8973,526161,2161,6283,18,50,25,0,0.0,Excel Benchmark
lenovo_moto_tab_8947,95000,240,850,16,28,50,0,0.0,Excel Benchmark
lenovo_tab_7_8941,183635,835,2305,16,30,25,0,0.0,Excel Benchmark
lenovo_k8_8850,240000,500,1550,23,30,35,0,0.0,Excel Benchmark
lenovo_k8_plus_8834,240000,500,1550,23,40,35,0,0.0,Excel Benchmark
lenovo_k8_note_8794,676857,1657,4771,26,40,35,0,0.0,Excel Benchmark
lenovo_tab_7_essential_8942,267614,1014,2842,16,28,25,0,0.0,Excel Benchmark
lenovo_tab_4_10_plus_8605,95000,240,850,16,28,50,0,0.0,Excel Benchmark
lenovo_tab_4_8_plus_8603,95000,240,850,16,28,40,0,0.0,Excel Benchmark
lenovo_tab_4_8_8602,40000,130,480,16,28,40,0,0.0,Estimated
lenovo_tab3_8_plus_8559,95000,240,850,16,28,35,0,0.0,Excel Benchmark
lenovo_zuk_edge_8423,200000,350,1300,25,35,30,0,0.0,Excel Benchmark
lenovo_a6600_plus_8376,928945,2145,7235,16,30,20,0,0.0,Excel Benchmark
lenovo_a6600_8375,928945,2145,7235,16,30,20,0,0.0,Excel Benchmark
lenovo_tab_4_10_8604,40000,130,480,16,28,50,0,0.0,Estimated
lenovo_b_8506,455515,715,1945,16,23,20,0,0.0,Excel Benchmark
lenovo_a_plus_8320,55000,150,550,16,28,20,0,0.0,Excel Benchmark
lenovo_p2_8319,95000,240,850,23,50,50,0,0.0,Excel Benchmark
lenovo_k6_power_8317,45000,140,500,23,40,35,0,0.0,Estimated
lenovo_k6_note_8318,45000,140,500,23,40,35,0,0.0,Estimated
lenovo_k6_8316,45000,140,500,23,40,25,0,0.0,Estimated
lenovo_yoga_tab_3_10_9744,20000,80,300,16,28,50,0,0.0,Estimated
lenovo_yoga_tab_3_plus_8311,95000,240,850,21,28,55,0,0.0,Excel Benchmark
lenovo_vibe_a_8208,50000,150,500,16,23,20,0,0.0,Estimated
lenovo_c2_power_8368,928945,2145,7235,16,30,25,0,0.0,Excel Benchmark
lenovo_c2_8193,928945,2145,7235,16,30,20,0,0.0,Excel Benchmark
lenovo_phab2_plus_8147,407286,286,1658,23,40,35,0,0.0,Excel Benchmark
lenovo_phab2_pro_8145,130000,300,1100,23,50,40,0,0.0,Excel Benchmark
lenovo_zuk_z2_8125,180000,330,1200,25,40,25,0,0.0,Excel Benchmark
lenovo_vibe_c_8101,20000,80,300,16,28,20,0,0.0,Estimated
lenovo_zuk_z2_pro_8038,180000,330,1200,45,50,30,0,0.0,Excel Benchmark
lenovo_tab3_10_7953,183635,835,2305,16,28,50,0,0.0,Excel Benchmark
lenovo_tab3_8_7952,183635,835,2305,16,28,35,0,0.0,Excel Benchmark
lenovo_tab3_7_7951,183635,835,2305,16,28,25,0,0.0,Excel Benchmark
lenovo_vibe_k5_plus_7947,487940,2140,7220,21,40,20,0,0.0,Excel Benchmark
lenovo_a7000_turbo_7939,240000,500,1550,21,40,20,0,0.0,Excel Benchmark
lenovo_vibe_p1_turbo_7918,487940,2140,7220,21,40,45,0,0.0,Excel Benchmark
lenovo_vibe_k5_7946,785247,2047,4941,21,30,20,0,0.0,Excel Benchmark
lenovo_lemon_3_7865,487940,2140,7220,21,40,20,0,0.0,Excel Benchmark
lenovo_phab2_8146,665800,2000,6800,21,30,35,0,0.0,Excel Benchmark
lenovo_k5_note_7878,240000,500,1550,23,40,25,0,0.0,Excel Benchmark
lenovo_vibe_x3_c78_7756,240000,500,1550,21,40,25,0,0.0,Excel Benchmark
lenovo_vibe_k4_note_7802,240000,500,1550,21,40,25,0,0.0,Excel Benchmark
lenovo_yoga_tab_3_pro_8549,424855,2055,5965,21,28,25,0,0.0,Excel Benchmark
lenovo_vibe_s1_lite_7850,240000,500,1550,23,40,20,0,0.0,Excel Benchmark
lenovo_yoga_tab_3_8_0_7642,20000,80,300,16,28,50,0,0.0,Estimated
lenovo_a1000_7605,50000,150,500,16,23,20,0,0.0,Estimated
lenovo_phab_8142,35000,120,450,21,30,35,0,0.0,Estimated
lenovo_phab_plus_7557,536428,1028,3884,21,40,25,0,0.0,Excel Benchmark
lenovo_vibe_p1_7539,536428,1028,3884,21,40,50,0,0.0,Excel Benchmark
lenovo_a3690_7742,928945,2145,7235,16,30,20,0,0.0,Excel Benchmark
lenovo_a6010_plus_7711,35000,120,450,21,30,20,0,0.0,Estimated
lenovo_vibe_x3_7755,425551,1551,3453,20,40,30,0,0.0,Excel Benchmark
lenovo_vibe_p1m_7540,928945,2145,7235,16,30,35,0,0.0,Excel Benchmark
lenovo_vibe_s1_7354,240000,500,1550,21,40,20,0,0.0,Excel Benchmark
lenovo_a6010_7552,35000,120,450,16,30,20,0,0.0,Estimated
lenovo_a2010_7507,555381,1381,4943,16,23,20,0,0.0,Excel Benchmark
lenovo_a616_8043,561967,767,4101,16,28,20,0,0.0,Excel Benchmark
lenovo_zuk_z1_7511,90000,220,750,38,40,40,0,0.0,Excel Benchmark
lenovo_k80_7216,779157,1957,4671,36,40,35,0,0.0,Excel Benchmark
lenovo_a6000_plus_7197,35000,120,450,16,30,20,0,0.0,Estimated
lenovo_a3900_7233,240000,500,1550,16,28,20,0,0.0,Excel Benchmark
lenovo_s60_7214,35000,120,450,21,30,20,0,0.0,Estimated
lenovo_k3_note_7147,240000,500,1550,21,40,25,0,0.0,Excel Benchmark
lenovo_vibe_shot_7046,536428,1028,3884,38,40,25,0,0.0,Excel Benchmark
lenovo_a7000_plus_7886,240000,500,1550,21,40,20,0,0.0,Excel Benchmark
lenovo_a5000_7167,412178,778,2134,16,30,35,0,0.0,Excel Benchmark
lenovo_tab_2_a10_70_7089,472339,739,3017,16,28,50,0,0.0,Excel Benchmark
lenovo_a1900_7192,270000,540,1650,16,28,20,0,0.0,Excel Benchmark
lenovo_tab_2_a8_50_7090,665800,2000,6800,16,28,35,0,0.0,Excel Benchmark
lenovo_a7000_7088,240000,500,1550,16,30,20,0,0.0,Excel Benchmark
lenovo_tab_2_a7_30_6956,482376,1376,4928,16,28,25,0,0.0,Excel Benchmark
lenovo_tab_2_a7_10_6955,709119,1519,3357,16,28,25,0,0.0,Excel Benchmark
lenovo_tab_2_a7_20_8185,709119,1519,3357,16,28,25,0,0.0,Excel Benchmark
lenovo_p70_7063,240000,500,1550,21,30,35,0,0.0,Excel Benchmark
lenovo_vibe_x2_pro_6919,536428,1028,3884,21,40,20,0,0.0,Excel Benchmark
lenovo_k3_6848,35000,120,450,16,30,20,0,0.0,Estimated
lenovo_a6000_6938,35000,120,450,16,30,20,0,0.0,Estimated
lenovo_golden_warrior_note_8_6842,240000,500,1550,21,30,25,0,0.0,Excel Benchmark
lenovo_p90_6920,779157,1957,4671,36,40,35,0,0.0,Excel Benchmark
lenovo_a916_6855,664363,1963,4689,21,30,20,0,0.0,Excel Benchmark
lenovo_s856_6788,30000,110,420,16,30,20,0,0.0,Estimated
lenovo_a319_6789,30000,100,400,16,23,20,0,0.0,Estimated
lenovo_yoga_tablet_2_10_1_6731,294017,817,4251,16,28,50,0,0.0,Excel Benchmark
lenovo_yoga_tablet_2_pro_6852,294017,817,4251,16,50,50,0,0.0,Excel Benchmark
lenovo_yoga_tablet_2_8_0__6730,294017,817,4251,16,28,50,0,0.0,Excel Benchmark
lenovo_tab_s8_6681,294017,817,4251,16,28,35,0,0.0,Excel Benchmark
lenovo_s580_6787,15000,60,250,16,30,20,0,0.0,Estimated
lenovo_s90_sisley_6739,35000,120,450,23,40,20,0,0.0,Estimated
lenovo_vibe_x2_6643,221836,836,2308,21,40,20,0,0.0,Excel Benchmark
lenovo_vibe_z2_6642,35000,120,450,36,30,25,0,0.0,Estimated
lenovo_a606_6746,726979,1379,3937,16,28,20,0,0.0,Excel Benchmark
lenovo_golden_warrior_a8_6529,664363,1963,4689,21,30,20,0,0.0,Excel Benchmark
lenovo_vibe_z2_pro_6396,90000,220,750,38,50,35,0,0.0,Excel Benchmark
lenovo_golden_warrior_s8_6293,541964,1364,4892,21,30,20,0,0.0,Excel Benchmark
lenovo_s939_6370,664363,1963,4689,16,30,25,0,0.0,Excel Benchmark
lenovo_s750_6673,141928,528,1384,16,28,20,0,0.0,Excel Benchmark
lenovo_a850__6595,541964,1364,4892,16,28,20,0,0.0,Excel Benchmark
lenovo_a316i_6296,30000,100,400,16,28,20,0,0.0,Estimated
lenovo_a328_6729,726979,1379,3937,16,28,20,0,0.0,Excel Benchmark
lenovo_a889_6369,412178,778,2134,16,28,20,0,0.0,Excel Benchmark
lenovo_a526_6283,726979,1379,3937,16,28,20,0,0.0,Excel Benchmark
lenovo_a10_70_a7600_6282,228791,791,3173,16,28,50,0,0.0,Excel Benchmark
lenovo_a8_50_a5500_6281,228791,791,3173,16,28,35,0,0.0,Excel Benchmark
lenovo_a536_6674,726979,1379,3937,16,28,20,0,0.0,Excel Benchmark
lenovo_a7_50_a3500_6280,228791,791,3173,16,28,25,0,0.0,Excel Benchmark
lenovo_a7_30_a3300_6279,482376,1376,4928,16,28,25,0,0.0,Excel Benchmark
lenovo_yoga_tablet_10_hd__6166,30000,110,420,16,28,50,0,0.0,Estimated
lenovo_s850_6158,412178,778,2134,21,30,20,0,0.0,Excel Benchmark
lenovo_s660_6157,726979,1379,3937,16,28,25,0,0.0,Excel Benchmark
lenovo_a680_6368,412178,778,2134,16,23,20,0,0.0,Excel Benchmark
lenovo_a859_5934,412178,778,2134,16,30,20,0,0.0,Excel Benchmark
lenovo_s650_5893,412178,778,2134,16,28,20,0,0.0,Excel Benchmark
lenovo_s860_6159,412178,778,2134,16,30,35,0,0.0,Excel Benchmark
lenovo_s930_5894,412178,778,2134,16,30,25,0,0.0,Excel Benchmark
lenovo_vibe_z_k910_5843,85000,200,700,21,40,25,0,0.0,Excel Benchmark
lenovo_a880_6047,726979,1379,3937,16,28,20,0,0.0,Excel Benchmark
lenovo_yoga_tablet_8_5835,627615,815,4245,16,28,50,0,0.0,Excel Benchmark
lenovo_a630_5830,151085,285,655,16,28,20,0,0.0,Excel Benchmark
lenovo_yoga_tablet_10_5836,627615,815,4245,16,28,50,0,0.0,Excel Benchmark
lenovo_vibe_x_s960_5684,553760,1960,4680,21,40,20,0,0.0,Excel Benchmark
lenovo_a516_5851,30000,100,400,16,28,20,0,0.0,Estimated
lenovo_s5000_5683,397624,1024,2872,16,28,25,0,0.0,Excel Benchmark
lenovo_a706_5612,12000,50,200,16,28,20,0,0.0,Estimated
lenovo_p780_5544,141928,528,1384,16,30,35,0,0.0,Excel Benchmark
lenovo_a850_5689,726979,1379,3937,16,28,20,0,0.0,Excel Benchmark
lenovo_s820_5486,141928,528,1384,16,30,20,0,0.0,Excel Benchmark
lenovo_a269i_5849,30000,100,400,16,23,20,0,0.0,Estimated
lenovo_a369i_5850,30000,100,400,16,23,20,0,0.0,Estimated
lenovo_a390_5450,151085,285,655,16,23,20,0,0.0,Excel Benchmark
lenovo_ideatab_s6000h_5354,526906,1906,5518,16,28,50,0,0.0,Excel Benchmark
lenovo_s920_5385,141928,528,1384,16,30,20,0,0.0,Excel Benchmark
lenovo_ideatab_s6000l_6197,627615,815,4245,16,28,50,0,0.0,Excel Benchmark
lenovo_ideatab_s6000f_6196,627615,815,4245,16,28,50,0,0.0,Excel Benchmark
lenovo_ideatab_a3000_5353,627615,815,4245,16,28,25,0,0.0,Excel Benchmark
lenovo_ideatab_s6000_6198,627615,815,4245,16,28,50,0,0.0,Excel Benchmark
lenovo_k900_5241,570391,391,1973,21,40,20,0,0.0,Excel Benchmark
lenovo_ideatab_a2107_5247,265646,646,2738,16,23,25,0,0.0,Excel Benchmark
lenovo_a830_5463,141928,528,1384,16,28,20,0,0.0,Excel Benchmark
lenovo_ideatab_a1000_5352,673812,1612,3636,16,23,25,0,0.0,Excel Benchmark
lenovo_a800_5245,588057,857,4371,16,28,20,0,0.0,Excel Benchmark
lenovo_a820_5462,141928,528,1384,16,28,20,0,0.0,Excel Benchmark
lenovo_s890_5244,151085,285,655,16,28,20,0,0.0,Excel Benchmark
lenovo_s720_5243,151085,285,655,16,28,20,0,0.0,Excel Benchmark
lenovo_a789_5333,151085,285,655,16,23,20,0,0.0,Excel Benchmark
lenovo_p770_5140,151085,285,655,16,28,25,0,0.0,Excel Benchmark
lenovo_a60__5095,265646,646,2738,16,23,20,0,0.0,Excel Benchmark
lenovo_s560_5094,151085,285,655,16,28,20,0,0.0,Excel Benchmark
lenovo_a660_4985,151085,285,655,16,28,20,0,0.0,Excel Benchmark
lenovo_k860_4956,100000,250,800,16,30,20,0,0.0,Excel Benchmark
lenovo_a690_5246,265646,646,2738,16,23,20,0,0.0,Excel Benchmark
lenovo_s880_5060,265646,646,2738,16,23,20,0,0.0,Excel Benchmark
lenovo_a65_4912,625334,734,2002,16,23,20,0,0.0,Excel Benchmark
lenovo_a335_4864,95000,240,850,16,23,20,0,0.0,Excel Benchmark
lenovo_a185_4863,95000,240,850,16,23,20,0,0.0,Excel Benchmark
lenovo_s800_4862,95000,240,850,16,23,20,0,0.0,Excel Benchmark
lenovo_q350_4861,691410,1610,5630,16,23,20,0,0.0,Excel Benchmark
lenovo_p700i_4911,151085,285,655,16,28,20,0,0.0,Excel Benchmark
lenovo_a336_4859,95000,240,850,16,23,20,0,0.0,Excel Benchmark
lenovo_e156_4858,764797,1597,4591,16,23,20,0,0.0,Excel Benchmark
lenovo_lephone_s2_4424,231241,241,2041,16,28,20,0,0.0,Estimated
lenovo_a60_4711,625334,734,2002,16,23,20,0,0.0,Excel Benchmark
lenovo_k800_4445,170000,350,1300,16,30,20,0,0.0,Excel Benchmark
lenovo_ideapad_s2_4423,12000,50,200,16,28,20,0,0.0,Estimated
lenovo_lepad_s2007_4440,646741,741,4023,16,28,25,0,0.0,Excel Benchmark
lenovo_lepad_s2005_4439,50000,150,500,16,28,20,0,0.0,Estimated
lenovo_lepad_s2010_4441,646741,741,4023,16,28,55,0,0.0,Excel Benchmark
lenovo_ideapad_k1_4443,248158,758,3074,16,23,50,0,0.0,Excel Benchmark
lenovo_ideapad_a1_4442,231241,241,2041,16,23,20,0,0.0,Estimated
lenovo_k12_10649,100000,250,800,36,30,35,0,0.0,Excel Benchmark
lenovo_zuk_z1_mini_7968,240000,500,1550,16,30,20,0,0.0,Excel Benchmark
lenovo_k7_10185,100000,250,850,21,30,35,0,0.0,Excel Benchmark
lenovo_thinkpad_4444,837309,1709,4927,16,28,25,0,0.0,Excel Benchmark
lenovo_ideapad_7091,421780,1980,5740,16,28,20,0,0.0,Excel Benchmark
lenovo_q330_4860,95000,240,850,16,23,20,0,0.0,Excel Benchmark
lenovo_a5860_7195,231241,241,2041,16,30,20,0,0.0,Estimated
lenovo_vibe_z3_pro_7008,120000,250,900,40,50,25,0,0.0,Excel Benchmark
lg_w41_pro_10742,350000,620,1900,18,28,45,0,0.0,Excel Benchmark
lg_ultra_tab_11751,200000,380,1350,16,28,50,0,0.0,Excel Benchmark
lg_w41__10743,350000,620,1900,18,28,45,0,0.0,Excel Benchmark
lg_w41_10744,350000,620,1900,18,28,45,0,0.0,Excel Benchmark
lg_w31__10585,130000,300,950,23,30,35,0,0.0,Excel Benchmark
lg_k62_10464,340000,600,1850,18,30,35,0,0.0,Excel Benchmark
lg_w11_10587,130000,300,950,23,30,35,0,0.0,Excel Benchmark
lg_k42_10459,130000,300,950,18,30,35,0,0.0,Excel Benchmark
lg_k52_10463,340000,600,1850,16,30,35,0,0.0,Excel Benchmark
lg_q52_10558,340000,600,1850,16,30,35,0,0.0,Excel Benchmark
lg_k71_10458,340000,600,1850,43,40,35,0,0.0,Excel Benchmark
lg_k22_10597,813148,1748,4044,21,30,25,0,0.0,Excel Benchmark
lg_q92_5g_10368,350000,620,1900,30,40,35,0,0.0,Excel Benchmark
lg_w31_10586,130000,300,950,23,30,35,0,0.0,Excel Benchmark
lg_q31_10451,130000,300,950,26,30,25,0,0.0,Excel Benchmark
lg_k31_10382,130000,300,950,26,30,25,0,0.0,Excel Benchmark
lg_wing_5g_10442,315688,7898,1900,70,50,55,586,0.0,GSMArena Lab
lg_k92_5g_10564,320000,600,1800,25,40,35,0,0.0,Excel Benchmark
lg_velvet_5g_uw_10378,350000,620,1900,45,50,60,0,0.0,Excel Benchmark
lg_q61_10257,340000,600,1850,23,40,35,0,0.0,Excel Benchmark
lg_stylo_6_10255,340000,600,1850,21,40,35,0,0.0,Excel Benchmark
lg_velvet_5g_10209,297372,1905,1900,45,50,60,617,0.0,GSMArena Lab
lg_folder_2_10186,231241,241,2041,16,28,20,0,0.0,Estimated
lg_v60_thinq_5g_uw_10256,700000,900,3100,68,50,65,0,0.0,Excel Benchmark
lg_w10_alpha_10090,100000,250,850,18,30,25,0,0.0,Excel Benchmark
lg_q51_10102,130000,300,950,21,30,35,0,0.0,Excel Benchmark
lg_velvet_10340,400000,500,2200,45,50,55,0,0.0,Excel Benchmark
lg_k61_10088,340000,600,1850,23,40,35,0,0.0,Excel Benchmark
lg_k51s_10087,340000,600,1850,16,30,35,0,0.0,Excel Benchmark
lg_k41s_10086,130000,300,950,18,30,35,0,0.0,Excel Benchmark
lg_g_pad_5_10_1_9952,200000,350,1300,18,28,55,0,0.0,Excel Benchmark
lg_v50s_thinq_5g_9906,580000,750,2600,55,50,60,0,0.0,Excel Benchmark
lg_g8x_thinq_9844,411980,11251,2600,55,50,60,603,0.0,GSMArena Lab
lg_q70_9815,240000,500,1550,25,40,35,0,0.0,Excel Benchmark
lg_k20__2019__9828,80000,200,700,16,28,25,0,0.0,Excel Benchmark
lg_k30__2019__9827,40000,130,480,16,50,25,0,0.0,Estimated
lg_k40s_9805,130000,300,950,21,30,25,0,0.0,Excel Benchmark
lg_v60_thinq_5g_10103,700000,900,3100,68,50,65,0,0.0,Excel Benchmark
lg_k50s_9804,130000,300,950,21,30,35,0,0.0,Excel Benchmark
lg_w30_pro_9753,120000,280,1000,30,30,35,0,0.0,Excel Benchmark
lg_w30_9752,76697,3534,950,28,30,35,0,0.0,GSMArena Lab
lg_w10_9751,130000,300,950,23,30,35,0,0.0,Excel Benchmark
lg_stylo_5_9758,75000,200,750,21,40,25,0,0.0,Excel Benchmark
lg_v50_thinq_5g_9607,421934,10928,2600,63,60,60,533,0.0,GSMArena Lab
lg_g8_thinq_9540,362730,10735,2600,20,60,50,655,0.0,GSMArena Lab
lg_q60_9585,130000,300,950,21,30,25,0,0.0,Excel Benchmark
lg_g8s_thinq_9608,580000,750,2600,60,50,50,0,0.0,Excel Benchmark
lg_k50_9586,130000,300,950,21,30,25,0,0.0,Excel Benchmark
lg_k40_9587,130000,300,950,23,50,25,0,0.0,Excel Benchmark
lg_q9_9411,200000,350,1300,25,50,30,0,0.0,Excel Benchmark
lg_watch_w7_9355,20000,80,300,16,38,20,0,0.0,Estimated
lg_tribute_empire_9544,240000,500,1550,16,30,20,0,0.0,Excel Benchmark
lg_v40_thinq_9300,254304,8568,2200,63,60,50,0,0.0,GSMArena Lab
lg_candy_9309,231241,241,2041,16,30,20,0,0.0,Estimated
lg_g7_fit_9305,200000,350,1300,25,50,30,0,0.0,Excel Benchmark
lg_q8__2018__9285,75000,200,750,21,40,30,0,0.0,Excel Benchmark
lg_g7_one_9304,300000,420,1800,50,50,50,0,0.0,Excel Benchmark
lg_k11_plus_9278,240000,500,1550,21,30,25,0,0.0,Excel Benchmark
lg_q_stylo_4_9251,75000,200,750,21,40,25,0,0.0,Excel Benchmark
lg_q_stylus_9228,240000,500,1550,23,40,25,0,0.0,Excel Benchmark
lg_v35_thinq_9191,400000,500,2200,50,60,50,0,0.0,Excel Benchmark
lg_q7_9206,240000,500,1550,23,40,25,0,0.0,Excel Benchmark
lg_x_power_3_10072,40000,130,480,21,30,40,0,0.0,Estimated
lg_g7_thinq_9115,297116,8865,2200,50,50,50,0,0.0,GSMArena Lab
lg_k10__2018__9074,240000,500,1550,23,30,25,0,0.0,Excel Benchmark
lg_zone_4_9122,40000,130,480,16,30,20,0,0.0,Estimated
lg_k30_9190,40000,130,480,21,30,20,0,0.0,Estimated
lg_v30s_thinq_9090,300000,420,1800,48,60,50,0,0.0,Excel Benchmark
lg_aristo_2_9047,40000,130,480,21,30,20,0,0.0,Estimated
lg_v30_8712,182374,6365,1800,48,60,50,0,0.0,GSMArena Lab
lg_q8__2017__8781,180000,330,1200,48,50,30,0,0.0,Excel Benchmark
lg_x4__9006,40000,130,480,21,30,25,0,0.0,Estimated
lg_q6_8756,50000,2244,550,21,40,25,0,0.0,Estimated
lg_g6_8466,158785,4175,1300,43,50,50,0,0.0,GSMArena Lab
lg_x_power2_8584,240000,500,1550,21,30,45,0,0.0,Excel Benchmark
lg_x_venture_8696,50000,150,550,21,40,40,0,0.0,Estimated
lg_k8__2018__9073,20000,80,300,16,30,20,0,0.0,Estimated
lg_watch_sport_8552,20000,80,300,16,38,20,0,0.0,Estimated
lg_watch_style_8551,20000,80,300,16,38,20,0,0.0,Estimated
lg_stylus_3_8492,240000,500,1550,23,30,25,0,0.0,Excel Benchmark
lg_stylo_3_plus_8694,50000,150,550,21,40,25,0,0.0,Estimated
lg_harmony_8679,40000,130,480,16,30,20,0,0.0,Estimated
lg_k10__2017__8491,240000,500,1550,21,30,20,0,0.0,Excel Benchmark
lg_k7__2017__8817,70000,180,650,16,28,20,0,0.0,Excel Benchmark
lg_k8__2017__8490,40000,130,480,21,30,20,0,0.0,Estimated
lg_g_pad_iv_8_0_fhd_8780,50000,150,550,16,28,25,0,0.0,Estimated
lg_k20_plus_8678,40000,130,480,21,30,20,0,0.0,Estimated
lg_k4__2017__8489,20000,80,300,16,28,20,0,0.0,Estimated
lg_k3__2017__8488,20000,80,300,16,28,20,0,0.0,Estimated
lg_g_pad_iii_10_1_fhd_8484,692191,2191,5373,16,28,50,0,0.0,Excel Benchmark
lg_v20_8238,126973,330,1200,43,50,30,0,0.0,GSMArena Lab
lg_u_8403,231241,241,2041,23,40,25,0,0.0,Estimated
lg_x_skin_8184,231241,241,2041,16,30,20,0,0.0,Estimated
lg_x5_8183,231241,241,2041,21,30,20,0,0.0,Estimated
lg_x_max_8159,455515,715,1945,21,30,20,0,0.0,Excel Benchmark
lg_x_mach_8158,425551,1551,3453,20,50,25,0,0.0,Excel Benchmark
lg_g_pad_iii_8_0_fhd_8463,692191,2191,5373,16,28,40,0,0.0,Excel Benchmark
lg_g_pad_x_8_0_8081,536428,1028,3884,16,28,40,0,0.0,Excel Benchmark
lg_x_power_8133,455515,715,1945,21,30,35,0,0.0,Excel Benchmark
lg_stylus_2_plus_8079,45000,140,500,23,40,20,0,0.0,Estimated
lg_x_style_8132,20000,80,300,16,30,20,0,0.0,Estimated
lg_stylo_2_8085,35000,120,450,21,30,25,0,0.0,Estimated
lg_g5_se_8056,130000,300,1100,45,50,25,0,0.0,Excel Benchmark
lg_x_screen_7976,35000,120,450,23,30,20,0,0.0,Estimated
lg_g5_7815,180000,330,1200,45,50,25,0,0.0,Excel Benchmark
lg_k8_7927,455515,715,1945,16,30,20,0,0.0,Excel Benchmark
lg_stylus_2_7926,35000,120,450,23,30,25,0,0.0,Estimated
lg_k3_8269,20000,80,300,16,28,20,0,0.0,Estimated
lg_k5_7980,412178,778,2134,16,28,20,0,0.0,Excel Benchmark
lg_x_cam_7977,240000,500,1550,23,40,20,0,0.0,Excel Benchmark
lg_k10_7849,35000,120,450,23,30,20,0,0.0,Estimated
lg_k7_7848,55000,150,550,16,28,20,0,0.0,Excel Benchmark
lg_k4_7883,20000,80,300,16,28,20,0,0.0,Estimated
lg_g_pad_ii_8_3_lte_7828,536428,1028,3884,16,28,40,0,0.0,Excel Benchmark
lg_ray_7773,541964,1364,4892,23,30,25,0,0.0,Excel Benchmark
lg_g_vista_2_7675,692191,2191,5373,36,40,25,0,0.0,Excel Benchmark
lg_g_watch_r_w110_7681,30000,110,420,16,38,20,0,0.0,Estimated
lg_v10_7606,425551,1551,3453,43,50,30,0,0.0,Excel Benchmark
lg_nexus_5x_7556,425551,1551,3453,18,40,20,0,0.0,Excel Benchmark
lg_watch_urbane_w150_7680,30000,110,420,16,38,20,0,0.0,Estimated
lg_g_pad_ii_10_1_7515,85000,200,700,16,28,50,0,0.0,Excel Benchmark
lg_zero_7575,35000,120,450,23,30,20,0,0.0,Estimated
lg_g_pad_ii_8_0_lte_7496,30000,110,420,16,28,35,0,0.0,Estimated
lg_tribute_2_7442,35000,120,450,16,28,20,0,0.0,Estimated
lg_bello_ii_7437,231241,241,2041,16,28,20,0,0.0,Estimated
lg_watch_urbane_2nd_edition_lte_7607,30000,110,420,16,38,20,0,0.0,Estimated
lg_g4_beat_7363,536428,1028,3884,21,40,20,0,0.0,Excel Benchmark
lg_wine_smart_7451,231241,241,2041,16,28,20,0,0.0,Estimated
lg_g360_7345,231241,241,2041,16,23,20,0,0.0,Estimated
lg_g4c_7250,35000,120,450,16,30,20,0,0.0,Estimated
lg_g4_dual_7253,425551,1551,3453,45,50,50,0,0.0,Excel Benchmark
lg_g4_6901,425551,1551,3453,45,50,50,0,0.0,Excel Benchmark
lg_g350_7344,231241,241,2041,16,23,20,0,0.0,Estimated
lg_g_stylo_7245,35000,120,450,16,30,25,0,0.0,Estimated
lg_g4_stylus_7212,35000,120,450,36,30,25,0,0.0,Estimated
lg_aka_7148,30000,110,420,16,30,20,0,0.0,Estimated
lg_g_watch_w100_7718,30000,110,420,16,28,20,0,0.0,Estimated
lg_magna_7051,488301,301,703,16,30,20,0,0.0,Excel Benchmark
lg_spirit_7052,35000,120,450,16,30,20,0,0.0,Estimated
lg_watch_urbane_lte_7070,30000,110,420,16,38,20,0,0.0,Estimated
lg_leon_7053,35000,120,450,16,28,20,0,0.0,Estimated
lg_tribute_6812,30000,110,420,16,28,20,0,0.0,Estimated
lg_g2_lite_6776,231241,241,2041,16,28,20,0,0.0,Estimated
lg_g_flex2_6916,120000,250,900,38,50,30,0,0.0,Excel Benchmark
lg_l_prime_6775,231241,241,2041,16,28,20,0,0.0,Estimated
lg_g3_dual_lte_6764,90000,220,750,38,50,45,0,0.0,Excel Benchmark
lg_g3_screen_6750,899749,2149,7247,36,40,25,0,0.0,Excel Benchmark
lg_l60_dual_6415,231241,241,2041,16,23,20,0,0.0,Estimated
lg_joy_7054,200000,350,1300,16,23,20,0,0.0,Excel Benchmark
lg_g3_stylus_6555,412178,778,2134,21,28,25,0,0.0,Excel Benchmark
lg_l_fino_6592,200000,350,1300,16,28,20,0,0.0,Excel Benchmark
lg_g_pad_8_0_lte_6575,30000,110,420,16,28,35,0,0.0,Estimated
lg_g_vista_6569,30000,110,420,16,30,25,0,0.0,Estimated
lg_l60_6606,231241,241,2041,16,23,20,0,0.0,Estimated
lg_l_bello_6593,412178,778,2134,16,28,20,0,0.0,Excel Benchmark
lg_g3_a_6562,85000,200,700,36,40,20,0,0.0,Excel Benchmark
lg_g_pad_7_0_lte_6554,30000,110,420,16,28,35,0,0.0,Estimated
lg_f60_6709,35000,120,450,16,28,20,0,0.0,Estimated
lg_l50_6546,30000,100,400,16,23,20,0,0.0,Estimated
lg_l30_6547,30000,100,400,16,23,20,0,0.0,Estimated
lg_l20_6548,30000,100,400,16,23,20,0,0.0,Estimated
lg_g3_s_dual_6509,30000,110,420,16,30,20,0,0.0,Estimated
lg_g3_s_6475,30000,110,420,16,30,20,0,0.0,Estimated
lg_g3_lte_a_6520,647046,2046,4938,38,50,45,0,0.0,Excel Benchmark
lg_l65_d280_6315,200000,350,1300,16,28,20,0,0.0,Excel Benchmark
lg_g3__cdma__6572,90000,220,750,38,50,25,0,0.0,Excel Benchmark
lg_l35_6366,200000,350,1300,16,28,20,0,0.0,Excel Benchmark
lg_450_7133,231241,241,2041,16,23,20,0,0.0,Estimated
lg_g_vista__cdma__6545,231241,241,2041,16,30,25,0,0.0,Estimated
lg_volt_6357,30000,110,420,16,28,25,0,0.0,Estimated
lg_g_pad_10_1_lte_7289,231241,241,2041,16,28,50,0,0.0,Estimated
lg_g_pad_10_1_6354,30000,110,420,16,28,50,0,0.0,Estimated
lg_g_pad_8_0_6353,30000,110,420,16,28,35,0,0.0,Estimated
lg_g_pad_7_0_6352,30000,110,420,16,28,35,0,0.0,Estimated
lg_g3_6294,90000,220,750,38,50,45,0,0.0,Excel Benchmark
lg_l65_dual_d285_6307,200000,350,1300,16,28,20,0,0.0,Excel Benchmark
lg_lucid_3_vs876_6326,231241,241,2041,16,28,20,0,0.0,Estimated
lg_l80_dual_6333,200000,350,1300,16,28,20,0,0.0,Excel Benchmark
lg_l80_7038,231241,241,2041,16,28,20,0,0.0,Estimated
lg_g_pad_8_3_lte_6173,395432,1232,3496,16,28,40,0,0.0,Excel Benchmark
lg_g2_mini_lte_6117,30000,110,420,16,28,20,0,0.0,Estimated
lg_g2_mini_lte__tegra__6118,571923,1523,5369,21,28,20,0,0.0,Excel Benchmark
lg_g2_mini_6077,30000,110,420,16,28,20,0,0.0,Estimated
lg_f70_d315_6133,30000,110,420,16,28,20,0,0.0,Estimated
lg_l90_dual_d410_6171,30000,110,420,16,28,20,0,0.0,Estimated
lg_l90_d405_6100,30000,110,420,16,28,20,0,0.0,Estimated
lg_l70_d320n_6285,200000,350,1300,16,28,20,0,0.0,Excel Benchmark
lg_l70_dual_d325_6101,200000,350,1300,16,28,20,0,0.0,Excel Benchmark
lg_l45_dual_x132_7062,231241,241,2041,16,23,20,0,0.0,Estimated
lg_l40_dual_d170_6102,200000,350,1300,16,28,20,0,0.0,Excel Benchmark
lg_l40_d160_6286,200000,350,1300,16,28,20,0,0.0,Excel Benchmark
lg_g_pro_2_6052,85000,200,700,38,40,25,0,0.0,Excel Benchmark
lg_optimus_l1_ii_tri_e475_6032,510385,1585,5555,16,23,20,0,0.0,Excel Benchmark
lg_optimus_f3q_5998,30000,110,420,16,28,20,0,0.0,Estimated
lg_gx_f310l_5901,518750,950,2650,21,40,25,0,0.0,Excel Benchmark
lg_fireweb_5798,215427,227,481,16,23,20,0,0.0,Excel Benchmark
lg_nexus_5_5705,85000,200,700,31,40,40,0,0.0,Excel Benchmark
lg_optimus_l4_ii_tri_e470_6385,265646,646,2738,16,28,20,0,0.0,Excel Benchmark
lg_g_pro_lite_5772,151085,285,655,16,28,25,0,0.0,Excel Benchmark
lg_optimus_l2_ii_e435_5750,402467,1267,3601,16,28,20,0,0.0,Excel Benchmark
lg_g_pro_lite_dual_5736,151085,285,655,16,28,25,0,0.0,Excel Benchmark
lg_g_pad_8_3_5673,395432,1232,3496,16,28,40,0,0.0,Excel Benchmark
lg_vu_3_f300l_5723,85000,200,700,21,30,20,0,0.0,Excel Benchmark
lg_g2_5543,85000,200,700,36,40,25,0,0.0,Excel Benchmark
lg_optimus_l9_ii_5650,30000,110,420,16,30,20,0,0.0,Estimated
lg_g_flex_5806,85000,200,700,21,40,25,0,0.0,Excel Benchmark
lg_enact_vs890_5649,30000,110,420,16,23,20,0,0.0,Estimated
lg_optimus_gj_e975w_5602,12000,50,200,21,30,20,0,0.0,Estimated
lg_optimus_l4_ii_dual_e445_5488,265646,646,2738,16,28,20,0,0.0,Excel Benchmark
lg_optimus_l4_ii_e440_5487,265646,646,2738,16,28,20,0,0.0,Excel Benchmark
lg_optimus_zone_vs410_5554,231241,241,2041,16,23,20,0,0.0,Estimated
lg_optimus_f3_5509,30000,110,420,16,28,20,0,0.0,Estimated
lg_optimus_f7_5315,231241,241,2041,16,30,20,0,0.0,Estimated
lg_optimus_f6_5722,30000,110,420,16,28,20,0,0.0,Estimated
lg_optimus_f5_5316,12000,50,200,16,28,20,0,0.0,Estimated
lg_optimus_g_pro_e985_5254,12000,50,200,21,40,25,0,0.0,Estimated
lg_optimus_l7_ii_p710_5275,12000,50,200,16,28,20,0,0.0,Estimated
lg_optimus_l5_ii_dual_e455_5373,265646,646,2738,16,28,20,0,0.0,Excel Benchmark
lg_optimus_l3_ii_e430_5292,402467,1267,3601,16,28,20,0,0.0,Excel Benchmark
lg_optimus_l3_ii_dual_e435_5389,402467,1267,3601,16,28,20,0,0.0,Excel Benchmark
lg_optimus_l5_ii_e460_5293,265646,646,2738,16,28,20,0,0.0,Excel Benchmark
lg_nexus_4_e960_5048,12000,50,200,16,30,40,0,0.0,Estimated
lg_a390_6448,95000,240,850,16,23,20,0,0.0,Excel Benchmark
lg_lucid2_vs870_5390,12000,50,200,16,28,20,0,0.0,Estimated
lg_optimus_l1_ii_e410_5608,510385,1585,5555,16,23,20,0,0.0,Excel Benchmark
lg_c299_5964,231241,241,2041,16,23,20,0,0.0,Estimated
lg_a395_6449,95000,240,850,16,23,20,0,0.0,Excel Benchmark
lg_spectrum_ii_4g_vs930_5078,12000,50,200,16,30,20,0,0.0,Estimated
lg_mach_ls860_5032,12000,50,200,16,28,20,0,0.0,Estimated
lg_optimus_l7_ii_dual_p715_5372,12000,50,200,16,28,20,0,0.0,Estimated
lg_optimus_l9_p769_5025,231241,241,2041,16,28,20,0,0.0,Estimated
lg_tri_chip_c333_5089,390948,1548,3444,16,23,20,0,0.0,Excel Benchmark
lg_optimus_vu_ii_5325,12000,50,200,16,30,20,0,0.0,Estimated
lg_optimus_vu_ii_f200_4950,12000,50,200,16,30,20,0,0.0,Estimated
lg_optimus_g_e970_5062,12000,50,200,16,30,20,0,0.0,Estimated
lg_optimus_g_e975_4941,12000,50,200,21,30,20,0,0.0,Estimated
lg_optimus_g_ls970_4751,12000,50,200,21,30,20,0,0.0,Estimated
lg_intuition_vs950_5005,231241,241,2041,16,30,20,0,0.0,Estimated
lg_splendor_us730_4982,700000,900,3100,16,28,20,0,0.0,Excel Benchmark
lg_escape_p870_4981,12000,50,200,16,28,20,0,0.0,Estimated
lg_optimus_l5_dual_e615_4964,402467,1267,3601,16,28,20,0,0.0,Excel Benchmark
lg_optimus_l9_p760_4955,45000,140,500,16,28,20,0,0.0,Estimated
lg_motion_4g_ms770_4948,12000,50,200,16,23,20,0,0.0,Estimated
lg_optimus_vu_p895_4932,297946,946,3638,16,30,20,0,0.0,Excel Benchmark
lg_c199_4833,390948,1548,3444,16,23,20,0,0.0,Excel Benchmark
lg_optimus_l3_e405_4835,402467,1267,3601,16,23,20,0,0.0,Excel Benchmark
lg_t385_4984,231241,241,2041,16,23,20,0,0.0,Estimated
lg_t375_cookie_smart_4779,231241,241,2041,16,23,20,0,0.0,Estimated
lg_t370_cookie_smart_4702,231241,241,2041,16,23,20,0,0.0,Estimated
lg_optimus_true_hd_lte_p936_4717,427076,2076,6028,16,30,20,0,0.0,Excel Benchmark
lg_xpression_c395_4712,231241,241,2041,16,23,20,0,0.0,Estimated
lg_optimus_elite_ls696_4749,700000,900,3100,16,23,20,0,0.0,Excel Benchmark
lg_optimus_4x_hd_p880_4563,297946,946,3638,16,30,20,0,0.0,Excel Benchmark
lg_lucid_4g_vs840_4653,678487,1287,2661,16,28,20,0,0.0,Excel Benchmark
lg_optimus_lte2_4739,12000,50,200,16,30,20,0,0.0,Estimated
lg_optimus_l7_p700_4565,215427,227,481,16,28,20,0,0.0,Excel Benchmark
lg_optimus_m__ms695_4649,398457,1257,3571,16,23,20,0,0.0,Excel Benchmark
lg_optimus_3d_cube_su870_4545,231241,241,2041,16,28,20,0,0.0,Estimated
lg_optimus_l5_e610_4571,402467,1267,3601,16,28,20,0,0.0,Excel Benchmark
lg_optimus_3d_max_p720_4562,45000,140,500,16,28,20,0,0.0,Estimated
lg_optimus_lte_tag_4555,231241,241,2041,16,30,20,0,0.0,Estimated
lg_optimus_l3_e400_4461,231241,241,2041,16,23,20,0,0.0,Estimated
lg_optimus_vu_f100s_4554,170000,350,1300,16,30,20,0,0.0,Excel Benchmark
lg_optimus_pad_lte_4446,540751,751,3053,16,28,50,0,0.0,Excel Benchmark
lg_rumor_reflex__ln272_4625,231241,241,2041,16,23,20,0,0.0,Estimated
lg_viper_4g_lte_ls840_4416,231241,241,2041,16,23,20,0,0.0,Estimated
lg_connect_4g_ms840_4430,170000,350,1300,16,23,20,0,0.0,Excel Benchmark
lg_x350_4392,231241,241,2041,16,23,20,0,0.0,Estimated
lg_spectrum_vs920_4377,170000,350,1300,16,30,20,0,0.0,Excel Benchmark
lg_prada_3_0_4064,45000,140,500,16,28,20,0,0.0,Estimated
lg_nitro_hd_4329,231241,241,2041,16,30,20,0,0.0,Estimated
lg_optimus_4g_lte_p935_4353,427076,2076,6028,16,30,20,0,0.0,Excel Benchmark
lg_optimus_2_as680_4402,231241,241,2041,16,23,20,0,0.0,Estimated
lg_doubleplay_4257,646741,741,4023,16,23,20,0,0.0,Excel Benchmark
lg_s367_4253,231241,241,2041,16,23,20,0,0.0,Estimated
lg_jil_sander_mobile_4221,700000,900,3100,16,23,20,0,0.0,Excel Benchmark
lg_extravert_vn271_4351,231241,241,2041,16,23,20,0,0.0,Estimated
lg_optimus_lte_su640_4213,170000,350,1300,16,30,20,0,0.0,Excel Benchmark
lg_optimus_lte_lu6200_4188,170000,350,1300,16,30,20,0,0.0,Excel Benchmark
lg_optimus_ex_su880_4201,610901,901,2503,16,28,20,0,0.0,Excel Benchmark
lg_optimus_slider_4286,231241,241,2041,16,23,20,0,0.0,Estimated
lg_optimus_sol_e730_4067,30000,100,350,16,38,20,0,0.0,Estimated
lg_optimus_hub_e510_4157,173195,395,985,16,23,20,0,0.0,Excel Benchmark
lg_optimus_q2_lu6500_4140,610901,901,2503,16,28,20,0,0.0,Excel Benchmark
lg_optimus_net_dual_4309,578836,1836,5308,16,23,20,0,0.0,Excel Benchmark
lg_enlighten_vs700_4352,190098,698,2894,16,23,20,0,0.0,Excel Benchmark
lg_marquee_ls855_4287,231241,241,2041,16,28,20,0,0.0,Estimated
lg_esteem_ms910_4289,700000,900,3100,16,23,20,0,0.0,Excel Benchmark
lg_optimus_net_4043,173195,395,985,16,23,20,0,0.0,Excel Benchmark
lg_optimus_pro_c660_4040,578836,1836,5308,16,23,20,0,0.0,Excel Benchmark
lg_s365_4090,231241,241,2041,16,23,20,0,0.0,Estimated
lg_a258_4610,231241,241,2041,16,23,20,0,0.0,Estimated
lg_optimus_black__white_version__4037,110000,270,950,16,28,20,0,0.0,Excel Benchmark
lg_a350_4258,231241,241,2041,16,23,20,0,0.0,Estimated
lg_a250_4561,231241,241,2041,16,23,20,0,0.0,Estimated
lg_a270_4942,231241,241,2041,16,23,20,0,0.0,Estimated
lg_a290_4470,231241,241,2041,16,23,20,0,0.0,Estimated
lg_a190_4094,231241,241,2041,16,23,20,0,0.0,Estimated
lg_a230_4048,231241,241,2041,16,23,20,0,0.0,Estimated
lg_t515_cookie_duo_4248,231241,241,2041,16,23,20,0,0.0,Estimated
lg_a200_4092,231241,241,2041,16,23,20,0,0.0,Estimated
lg_t510_4326,231241,241,2041,16,23,20,0,0.0,Estimated
lg_ego_t500_4089,231241,241,2041,16,23,20,0,0.0,Estimated
lg_t505_4259,231241,241,2041,16,23,20,0,0.0,Estimated
lg_c365_4658,231241,241,2041,16,23,20,0,0.0,Estimated
lg_ego_wi_fi_3994,231241,241,2041,16,23,20,0,0.0,Estimated
lg_c375_cookie_tweet_4211,231241,241,2041,16,23,20,0,0.0,Estimated
lg_c360_4635,231241,241,2041,16,23,20,0,0.0,Estimated
lg_a100_3952,231241,241,2041,16,23,20,0,0.0,Estimated
lg_cosmos_2_4074,231241,241,2041,16,23,20,0,0.0,Estimated
lg_phoenix_p505_3924,374909,1309,2727,16,23,20,0,0.0,Excel Benchmark
lg_optimus_big_lu6800_3937,110000,270,950,16,28,20,0,0.0,Excel Benchmark
lg_us760_genesis_4033,700000,900,3100,16,23,20,0,0.0,Excel Benchmark
lg_thrill_4g_p925_3886,45000,140,500,16,28,20,0,0.0,Estimated
lg_t315_3880,231241,241,2041,16,23,20,0,0.0,Estimated
lg_optimus_3d_p920_3759,45000,140,500,16,28,20,0,0.0,Estimated
lg_a180_4210,231241,241,2041,16,23,20,0,0.0,Estimated
lg_a165_4095,231241,241,2041,16,23,20,0,0.0,Estimated
lg_thrive_p506_3918,374909,1309,2727,16,23,20,0,0.0,Excel Benchmark
lg_a160_3758,231241,241,2041,16,23,20,0,0.0,Estimated
lg_optimus_chat_c550_3837,231241,241,2041,16,23,20,0,0.0,Estimated
lg_optimus_pad_v900_3835,248158,758,3074,16,28,50,0,0.0,Excel Benchmark
lg_optimus_me_p350_3735,374909,1309,2727,16,23,20,0,0.0,Excel Benchmark
lg_optimus_2x_su660_3762,610901,901,2503,16,28,20,0,0.0,Excel Benchmark
lg_optimus_black_p970_3704,110000,270,950,16,28,20,0,0.0,Excel Benchmark
lg_optimus_2x_3598,610901,901,2503,16,28,20,0,0.0,Excel Benchmark
lg_optimus_mach_lu3000_3667,110000,270,950,16,28,20,0,0.0,Excel Benchmark
lg_x335_3852,231241,241,2041,16,23,20,0,0.0,Estimated
lg_a140_3219,231241,241,2041,16,23,20,0,0.0,Estimated
lg_gu200_3860,231241,241,2041,16,23,20,0,0.0,Estimated
lg_cookie_wifi_t310i_3684,231241,241,2041,16,23,20,0,0.0,Estimated
lg_a120_3698,231241,241,2041,16,23,20,0,0.0,Estimated
lg_c310_3701,231241,241,2041,16,23,20,0,0.0,Estimated
lg_revolution_3732,700000,900,3100,16,23,20,0,0.0,Excel Benchmark
lg_a155_3695,231241,241,2041,16,23,20,0,0.0,Estimated
lg_s310_3674,231241,241,2041,16,23,20,0,0.0,Estimated
lg_p525_3909,231241,241,2041,16,23,20,0,0.0,Estimated
lg_apex_3632,244070,270,610,16,23,20,0,0.0,Excel Benchmark
lg_axis_3731,244070,270,610,16,23,20,0,0.0,Excel Benchmark
lg_c320_intouch_lady_3613,231241,241,2041,16,23,20,0,0.0,Estimated
lg_cosmos_touch_vn270_3631,231241,241,2041,16,23,20,0,0.0,Estimated
lg_p520_3651,231241,241,2041,16,23,20,0,0.0,Estimated
lg_gt550_encore_3605,231241,241,2041,16,23,20,0,0.0,Estimated
lg_gs390_prime_3606,231241,241,2041,16,23,20,0,0.0,Estimated
lg_vortex_vs660_3630,231241,241,2041,16,23,20,0,0.0,Estimated
lg_town_c300_3486,231241,241,2041,16,23,20,0,0.0,Estimated
lg_e900_optimus_7_3532,700000,900,3100,16,23,20,0,0.0,Excel Benchmark
lg_quantum_3558,700000,900,3100,16,23,20,0,0.0,Excel Benchmark
lg_optimus_chic_e720_3494,231241,241,2041,16,23,20,0,0.0,Estimated
lg_optimus_m_3669,231241,241,2041,16,23,20,0,0.0,Estimated
lg_optimus_t_3544,231241,241,2041,16,23,20,0,0.0,Estimated
lg_optimus_one_p500_3516,374909,1309,2727,16,23,20,0,0.0,Excel Benchmark
lg_c900_optimus_7q__3555,700000,900,3100,16,23,20,0,0.0,Excel Benchmark
lg_optimus_s_3583,231241,241,2041,16,23,20,0,0.0,Estimated
lg_gw910_3345,508938,1538,5414,16,38,20,0,0.0,Excel Benchmark
lg_a130_3414,231241,241,2041,16,23,20,0,0.0,Estimated
lg_octane_3609,231241,241,2041,16,23,20,0,0.0,Estimated
lg_gw370_rumour_plus_3220,231241,241,2041,16,23,20,0,0.0,Estimated
lg_gd550_pure_3217,231241,241,2041,16,23,20,0,0.0,Estimated
lg_ks365_3218,231241,241,2041,16,23,20,0,0.0,Estimated
lg_gm650s_3478,231241,241,2041,16,23,20,0,0.0,Estimated
lg_scarlet_ii_tv_3470,231241,241,2041,16,23,20,0,0.0,Estimated
lg_flick_t320_3676,231241,241,2041,16,23,20,0,0.0,Estimated
lg_cookie_3g_t320_3459,231241,241,2041,16,23,20,0,0.0,Estimated
lg_wink_3g_t320_3452,231241,241,2041,16,23,20,0,0.0,Estimated
lg_cookie_style_t310_3458,231241,241,2041,16,23,20,0,0.0,Estimated
lg_wink_style_t310_3411,231241,241,2041,16,23,20,0,0.0,Estimated
lg_c105_3444,231241,241,2041,16,23,20,0,0.0,Estimated
lg_c710_aloha_3413,374909,1309,2727,16,23,20,0,0.0,Excel Benchmark
lg_gx300_3360,231241,241,2041,16,23,20,0,0.0,Estimated
lg_gu292_3260,231241,241,2041,16,23,20,0,0.0,Estimated
lg_gm360_viewty_snap_3359,231241,241,2041,16,23,20,0,0.0,Estimated
lg_fathom_vs750_3356,508938,1538,5414,16,23,20,0,0.0,Excel Benchmark
lg_vu_plus_3352,231241,241,2041,16,23,20,0,0.0,Estimated
lg_gt400_viewty_smile_3216,231241,241,2041,16,23,20,0,0.0,Estimated
lg_su420_cafe_3274,231241,241,2041,16,23,20,0,0.0,Estimated
lg_cookie_lite_t300_3412,231241,241,2041,16,23,20,0,0.0,Estimated
lg_optimus_z_3341,508938,1538,5414,16,23,20,0,0.0,Excel Benchmark
lg_su920_3340,231241,241,2041,16,23,20,0,0.0,Estimated
lg_optimus_q_lu2300_3257,508938,1538,5414,16,23,20,0,0.0,Excel Benchmark
lg_km570_cookie_gig_3221,231241,241,2041,16,23,20,0,0.0,Estimated
lg_gx500_3245,231241,241,2041,16,23,20,0,0.0,Estimated
lg_kh3900_joypop_3276,231241,241,2041,16,38,20,0,0.0,Estimated
lg_gt950_arena_3076,231241,241,2041,16,23,20,0,0.0,Estimated
lg_gb280_3261,231241,241,2041,16,23,20,0,0.0,Estimated
lg_gs155_3251,231241,241,2041,16,23,20,0,0.0,Estimated
lg_gs107_3254,231241,241,2041,16,23,20,0,0.0,Estimated
lg_gs106_3253,231241,241,2041,16,23,20,0,0.0,Estimated
lg_kp108_3233,231241,241,2041,16,23,20,0,0.0,Estimated
lg_gd350_3124,231241,241,2041,16,23,20,0,0.0,Estimated
lg_gt540_optimus_3081,231241,241,2041,16,23,20,0,0.0,Estimated
lg_kh5200_andro_1_3211,231241,241,2041,16,23,20,0,0.0,Estimated
lg_gs290_cookie_fresh_3204,231241,241,2041,16,23,20,0,0.0,Estimated
lg_gw990_3164,231241,241,2041,16,23,20,0,0.0,Estimated
lg_gt405_3215,231241,241,2041,16,23,20,0,0.0,Estimated
lg_gx200_3095,231241,241,2041,16,23,20,0,0.0,Estimated
lg_kf305_3199,231241,241,2041,16,23,20,0,0.0,Estimated
lg_gw880_3258,231241,241,2041,16,23,20,0,0.0,Estimated
lg_gd880_mini_3078,231241,241,2041,16,23,20,0,0.0,Estimated
lg_gs500_cookie_plus_3136,231241,241,2041,16,23,20,0,0.0,Estimated
lg_etna_c330_5444,231241,241,2041,16,23,20,0,0.0,Estimated
lg_wink_plus_gt350i_4086,231241,241,2041,16,23,20,0,0.0,Estimated
lg_ku2100_3106,411432,1232,2496,16,23,20,0,0.0,Excel Benchmark
lg_town_gt350_3135,231241,241,2041,16,23,20,0,0.0,Estimated
lg_gs200_3055,231241,241,2041,16,23,20,0,0.0,Estimated
lg_gw820_expo_3040,508938,1538,5414,16,23,20,0,0.0,Excel Benchmark
lg_gs190_3496,231241,241,2041,16,23,20,0,0.0,Estimated
lg_gd580_lollipop_3083,231241,241,2041,16,38,20,0,0.0,Estimated
lg_gu230_dimsun_3039,231241,241,2041,16,23,20,0,0.0,Estimated
lg_gd710_shine_ii_3023,231241,241,2041,16,23,20,0,0.0,Estimated
lg_gu285_3021,231241,241,2041,16,23,20,0,0.0,Estimated
lg_8575_samba_3607,231241,241,2041,16,23,20,0,0.0,Estimated
lg_gb160_3029,231241,241,2041,16,23,20,0,0.0,Estimated
lg_gd510_pop_2949,231241,241,2041,16,23,20,0,0.0,Estimated
lg_km555e_3014,231241,241,2041,16,23,20,0,0.0,Estimated
lg_bl20_new_chocolate_2945,231241,241,2041,16,23,20,0,0.0,Estimated
lg_gw620_2936,231241,241,2041,16,23,20,0,0.0,Estimated
lg_gd310__3134,231241,241,2041,16,38,20,0,0.0,Estimated
lg_gm750_2927,411432,1232,2496,16,23,20,0,0.0,Excel Benchmark
lg_gw300_2918,231241,241,2041,16,23,20,0,0.0,Estimated
lg_gb190_2976,231241,241,2041,16,23,20,0,0.0,Estimated
lg_gb109_2915,231241,241,2041,16,23,20,0,0.0,Estimated
lg_gb170_2897,231241,241,2041,16,23,20,0,0.0,Estimated
lg_gb270_2903,231241,241,2041,16,23,20,0,0.0,Estimated
lg_kb775_scarlet_3119,231241,241,2041,16,23,20,0,0.0,Estimated
lg_gw550_2839,231241,241,2041,16,23,20,0,0.0,Estimated
lg_cf360_3024,231241,241,2041,16,23,20,0,0.0,Estimated
lg_gt500_puccini_2898,231241,241,2041,16,23,20,0,0.0,Estimated
lg_gt505_2815,231241,241,2041,16,23,20,0,0.0,Estimated
lg_gw520_2814,231241,241,2041,16,23,20,0,0.0,Estimated
lg_gd900_crystal_2788,231241,241,2041,16,23,20,0,0.0,Estimated
lg_bl40_new_chocolate_2916,231241,241,2041,16,23,20,0,0.0,Estimated
lg_gd330_2779,231241,241,2041,16,23,20,0,0.0,Estimated
lg_gb230_julia_2910,231241,241,2041,16,23,20,0,0.0,Estimated
lg_gc900_viewty_smart_2785,231241,241,2041,16,23,20,0,0.0,Estimated
lg_ks660_2790,231241,241,2041,16,23,20,0,0.0,Estimated
lg_gb125_2778,231241,241,2041,16,23,20,0,0.0,Estimated
lg_xenon_gr500_2759,231241,241,2041,16,23,20,0,0.0,Estimated
lg_gb210_2769,231241,241,2041,16,23,20,0,0.0,Estimated
lg_gm200_brio_2756,231241,241,2041,16,23,20,0,0.0,Estimated
lg_gm730_eigen_2694,411432,1232,2496,16,23,20,0,0.0,Excel Benchmark
lg_kc910i_renoir_2715,231241,241,2041,16,23,20,0,0.0,Estimated
lg_kc560_2748,231241,241,2041,16,23,20,0,0.0,Estimated
lg_gb250_2708,231241,241,2041,16,23,20,0,0.0,Estimated
lg_gb102_2703,231241,241,2041,16,23,20,0,0.0,Estimated
lg_gb220_2705,231241,241,2041,16,23,20,0,0.0,Estimated
lg_kt770_2701,231241,241,2041,16,23,20,0,0.0,Estimated
lg_gm310_2700,231241,241,2041,16,23,20,0,0.0,Estimated
lg_gb130_2699,231241,241,2041,16,23,20,0,0.0,Estimated
lg_km900_arena_2666,231241,241,2041,16,23,20,0,0.0,Estimated
lg_gb110_2646,231241,241,2041,16,23,20,0,0.0,Estimated
lg_km330_2664,231241,241,2041,16,23,20,0,0.0,Estimated
lg_gm210_3107,231241,241,2041,16,23,20,0,0.0,Estimated
lg_gb106_2645,231241,241,2041,16,23,20,0,0.0,Estimated
lg_ct810_incite_2611,411432,1232,2496,16,23,20,0,0.0,Excel Benchmark
lg_ks500_2567,231241,241,2041,16,23,20,0,0.0,Estimated
lg_kp152_2591,231241,241,2041,16,23,20,0,0.0,Estimated
lg_gd910_2644,231241,241,2041,16,23,20,0,0.0,Estimated
lg_kf900_prada_2552,231241,241,2041,16,23,20,0,0.0,Estimated
lg_kp501_cookie_2660,231241,241,2041,16,23,20,0,0.0,Estimated
lg_kp502_cookie_2827,231241,241,2041,16,23,20,0,0.0,Estimated
lg_kb770_2517,231241,241,2041,16,23,20,0,0.0,Estimated
lg_kp500_cookie_2536,231241,241,2041,16,23,20,0,0.0,Estimated
lg_kc910_renoir_2495,231241,241,2041,16,23,20,0,0.0,Estimated
lg_kp270_2618,231241,241,2041,16,23,20,0,0.0,Estimated
lg_kc780_2542,231241,241,2041,16,23,20,0,0.0,Estimated
lg_kf311_2661,231241,241,2041,16,23,20,0,0.0,Estimated
lg_cp150_2899,231241,241,2041,16,23,20,0,0.0,Estimated
lg_kp265_2474,231241,241,2041,16,23,20,0,0.0,Estimated
lg_kp260_2524,231241,241,2041,16,23,20,0,0.0,Estimated
lg_cb630_invision_2504,231241,241,2041,16,23,20,0,0.0,Estimated
lg_gt365_neon_2771,231241,241,2041,16,23,20,0,0.0,Estimated
lg_univa_e510_4065,231241,241,2041,16,23,20,0,0.0,Estimated
lg_ks360_2467,231241,241,2041,16,23,20,0,0.0,Estimated
lg_kf390_2488,231241,241,2041,16,23,20,0,0.0,Estimated
lg_kf350_2485,231241,241,2041,16,23,20,0,0.0,Estimated
lg_kf245_2750,231241,241,2041,16,23,20,0,0.0,Estimated
lg_kf240_2438,231241,241,2041,16,23,20,0,0.0,Estimated
lg_kp199_2492,231241,241,2041,16,23,20,0,0.0,Estimated
lg_u370_2929,231241,241,2041,16,23,20,0,0.0,Estimated
lg_hb620t_2486,231241,241,2041,16,23,20,0,0.0,Estimated
lg_kp170_2619,231241,241,2041,16,23,20,0,0.0,Estimated
lg_kc550_2388,231241,241,2041,16,23,20,0,0.0,Estimated
lg_kf757_secret_2914,231241,241,2041,16,23,20,0,0.0,Estimated
lg_kf750_secret_2352,231241,241,2041,16,23,20,0,0.0,Estimated
lg_kf755_secret_2392,231241,241,2041,16,23,20,0,0.0,Estimated
lg_kf700_2245,231241,241,2041,16,23,20,0,0.0,Estimated
lg_kf600_2244,231241,241,2041,16,23,20,0,0.0,Estimated
lg_kf510_2258,231241,241,2041,16,23,20,0,0.0,Estimated
lg_kp320_2365,231241,241,2041,16,23,20,0,0.0,Estimated
lg_kt610_2272,231241,241,2041,16,23,20,0,0.0,Estimated
lg_kt520_2308,231241,241,2041,16,23,20,0,0.0,Estimated
lg_km710_2306,231241,241,2041,16,23,20,0,0.0,Estimated
lg_mg295_2406,231241,241,2041,16,23,20,0,0.0,Estimated
lg_kf310_2305,231241,241,2041,16,23,20,0,0.0,Estimated
lg_kf300_2346,231241,241,2041,16,23,20,0,0.0,Estimated
lg_km500_2274,231241,241,2041,16,23,20,0,0.0,Estimated
lg_km338_2307,231241,241,2041,16,23,20,0,0.0,Estimated
lg_cu915_vu_2364,231241,241,2041,16,23,20,0,0.0,Estimated
lg_km386_2439,231241,241,2041,16,23,20,0,0.0,Estimated
lg_km380_2448,231241,241,2041,16,23,20,0,0.0,Estimated
lg_kp220_2366,231241,241,2041,16,23,20,0,0.0,Estimated
lg_kp215_2405,231241,241,2041,16,23,20,0,0.0,Estimated
lg_kg375_2195,231241,241,2041,16,23,20,0,0.0,Estimated
lg_kp210_2367,231241,241,2041,16,23,20,0,0.0,Estimated
lg_kp130_2310,231241,241,2041,16,23,20,0,0.0,Estimated
lg_kp235_2309,231241,241,2041,16,23,20,0,0.0,Estimated
lg_kp110_2391,231241,241,2041,16,23,20,0,0.0,Estimated
lg_kp105_2390,231241,241,2041,16,23,20,0,0.0,Estimated
lg_ku385_2411,231241,241,2041,16,23,20,0,0.0,Estimated
lg_u960_2120,231241,241,2041,16,23,20,0,0.0,Estimated
lg_kp100_2363,231241,241,2041,16,23,20,0,0.0,Estimated
lg_ku380_2191,231241,241,2041,16,23,20,0,0.0,Estimated
lg_kg288_2465,231241,241,2041,16,23,20,0,0.0,Estimated
lg_kg290_2118,231241,241,2041,16,23,20,0,0.0,Estimated
lg_ks20_2105,15000,60,250,16,23,20,0,0.0,Estimated
lg_ke990_viewty_2332,231241,241,2041,16,23,20,0,0.0,Estimated
lg_ke500_2059,231241,241,2041,16,23,20,0,0.0,Estimated
lg_ke590_2412,231241,241,2041,16,23,20,0,0.0,Estimated
lg_kg275_2155,231241,241,2041,16,23,20,0,0.0,Estimated
lg_mg160_2409,231241,241,2041,16,23,20,0,0.0,Estimated
lg_ku990_viewty_2070,231241,241,2041,16,23,20,0,0.0,Estimated
lg_ku580_1972,231241,241,2041,16,23,20,0,0.0,Estimated
lg_ke850_prada_1828,231241,241,2041,16,23,20,0,0.0,Estimated
lg_kg280_2061,231241,241,2041,16,23,20,0,0.0,Estimated
lg_ke970_shine_1829,231241,241,2041,16,23,20,0,0.0,Estimated
lg_ku970_shine_1912,231241,241,2041,16,23,20,0,0.0,Estimated
lg_ke770_shine_1913,231241,241,2041,16,23,20,0,0.0,Estimated
lg_ku950_1914,231241,241,2041,16,23,20,0,0.0,Estimated
lg_cu720_shine_2206,231241,241,2041,16,23,20,0,0.0,Estimated
lg_ks10_1878,231241,241,2041,16,23,20,0,0.0,Estimated
lg_trax_cu575_2210,231241,241,2041,16,23,20,0,0.0,Estimated
lg_ku311_2065,231241,241,2041,16,38,20,0,0.0,Estimated
lg_ce110_2208,231241,241,2041,16,23,20,0,0.0,Estimated
lg_cu515_2207,231241,241,2041,16,23,20,0,0.0,Estimated
lg_cu500v_2209,231241,241,2041,16,38,20,0,0.0,Estimated
lg_ke260_1791,231241,241,2041,16,23,20,0,0.0,Estimated
lg_ku250_1877,231241,241,2041,16,23,20,0,0.0,Estimated
lg_ku800_1744,231241,241,2041,16,23,20,0,0.0,Estimated
lg_ke800_1765,231241,241,2041,16,23,20,0,0.0,Estimated
lg_ke820_1761,231241,241,2041,16,23,20,0,0.0,Estimated
lg_l343i_1833,231241,241,2041,16,38,20,0,0.0,Estimated
lg_l600v_1745,231241,241,2041,16,38,20,0,0.0,Estimated
lg_u830_1802,231241,241,2041,16,23,20,0,0.0,Estimated
lg_kp202_2062,231241,241,2041,16,23,20,0,0.0,Estimated
lg_cu500_1656,231241,241,2041,16,23,20,0,0.0,Estimated
lg_u300_1628,231241,241,2041,16,23,20,0,0.0,Estimated
lg_u400_1627,231241,241,2041,16,23,20,0,0.0,Estimated
lg_kg800_1533,231241,241,2041,16,23,20,0,0.0,Estimated
lg_kp200_2067,231241,241,2041,16,23,20,0,0.0,Estimated
lg_u310_1785,231241,241,2041,16,38,20,0,0.0,Estimated
lg_kg330_1804,231241,241,2041,16,23,20,0,0.0,Estimated
lg_cg180_2211,231241,241,2041,16,23,20,0,0.0,Estimated
lg_kg320_1530,231241,241,2041,16,23,20,0,0.0,Estimated
lg_kg270_2064,231241,241,2041,16,23,20,0,0.0,Estimated
lg_ke600_1531,231241,241,2041,16,23,20,0,0.0,Estimated
lg_kg200_1775,231241,241,2041,16,23,20,0,0.0,Estimated
lg_ku730_1468,231241,241,2041,16,23,20,0,0.0,Estimated
lg_kg300_1774,231241,241,2041,16,23,20,0,0.0,Estimated
lg_kg810_1576,231241,241,2041,16,23,20,0,0.0,Estimated
lg_u900_1553,231241,241,2041,16,23,20,0,0.0,Estimated
lg_kg195_2068,231241,241,2041,16,23,20,0,0.0,Estimated
lg_kg920_1467,231241,241,2041,16,23,20,0,0.0,Estimated
lg_v9000_1469,231241,241,2041,16,23,20,0,0.0,Estimated
lg_kg245_1578,231241,241,2041,16,38,20,0,0.0,Estimated
lg_kg240_1657,231241,241,2041,16,38,20,0,0.0,Estimated
lg_kg225_1543,231241,241,2041,16,23,20,0,0.0,Estimated
lg_kg220_1544,231241,241,2041,16,23,20,0,0.0,Estimated
lg_kg210_1577,231241,241,2041,16,23,20,0,0.0,Estimated
lg_kg190_1726,231241,241,2041,16,23,20,0,0.0,Estimated
lg_kg110_1746,231241,241,2041,16,23,20,0,0.0,Estimated
lg_kg120_1743,231241,241,2041,16,23,20,0,0.0,Estimated
lg_c2600_2060,231241,241,2041,16,28,20,0,0.0,Estimated
lg_u890_1471,231241,241,2041,16,23,20,0,0.0,Estimated
lg_kg130_2063,231241,241,2041,16,23,20,0,0.0,Estimated
lg_u8550_1470,231241,241,2041,16,23,20,0,0.0,Estimated
lg_m6100_1413,231241,241,2041,16,23,20,0,0.0,Estimated
lg_c2500_1667,231241,241,2041,16,23,20,0,0.0,Estimated
lg_s5300_1472,231241,241,2041,16,23,20,0,0.0,Estimated
lg_s5100_1359,231241,241,2041,16,38,20,0,0.0,Estimated
lg_s5200_1358,231241,241,2041,16,23,20,0,0.0,Estimated
lg_c1150_1371,231241,241,2041,16,23,20,0,0.0,Estimated
lg_s5000_2054,231241,241,2041,16,38,20,0,0.0,Estimated
lg_u880_1335,231241,241,2041,16,23,20,0,0.0,Estimated
lg_b2250_1250,231241,241,2041,16,23,20,0,0.0,Estimated
lg_b2050_1400,231241,241,2041,16,23,20,0,0.0,Estimated
lg_p7200_1260,231241,241,2041,16,23,20,0,0.0,Estimated
lg_m4410_1193,231241,241,2041,16,38,20,0,0.0,Estimated
lg_m4300_1081,231241,241,2041,16,38,20,0,0.0,Estimated
lg_f3000_1360,231241,241,2041,16,38,20,0,0.0,Estimated
lg_b2070_2055,231241,241,2041,16,28,20,0,0.0,Estimated
lg_f2250_1336,231241,241,2041,16,23,20,0,0.0,Estimated
lg_l342i_1195,231241,241,2041,16,23,20,0,0.0,Estimated
lg_f2410_1215,231241,241,2041,16,38,20,0,0.0,Estimated
lg_m4330_1214,231241,241,2041,16,38,20,0,0.0,Estimated
lg_l341i_1194,231241,241,2041,16,23,20,0,0.0,Estimated
lg_c3400_1109,231241,241,2041,16,23,20,0,0.0,Estimated
lg_c3320_1160,231241,241,2041,16,23,20,0,0.0,Estimated
lg_c3310_1108,231241,241,2041,16,23,20,0,0.0,Estimated
lg_c3380_2053,231241,241,2041,16,23,20,0,0.0,Estimated
lg_c3300_1107,231241,241,2041,16,23,20,0,0.0,Estimated
lg_u8380_1269,231241,241,2041,16,23,20,0,0.0,Estimated
lg_u8210_1111,231241,241,2041,16,23,20,0,0.0,Estimated
lg_u8330_1300,231241,241,2041,16,23,20,0,0.0,Estimated
lg_u8180_1177,231241,241,2041,16,23,20,0,0.0,Estimated
lg_u8200_1110,231241,241,2041,16,23,20,0,0.0,Estimated
lg_u8360_1299,231241,241,2041,16,23,20,0,0.0,Estimated
lg_u8290_2073,231241,241,2041,16,23,20,0,0.0,Estimated
lg_b2150_2057,231241,241,2041,16,23,20,0,0.0,Estimated
lg_b2100_1159,231241,241,2041,16,23,20,0,0.0,Estimated
lg_f2400_1178,231241,241,2041,16,38,20,0,0.0,Estimated
lg_f1200_1133,231241,241,2041,16,23,20,0,0.0,Estimated
lg_a7150_905,231241,241,2041,16,23,20,0,0.0,Estimated
lg_l5100_891,231241,241,2041,16,23,20,0,0.0,Estimated
lg_b2000_1134,231241,241,2041,16,23,20,0,0.0,Estimated
lg_c2200_890,231241,241,2041,16,23,20,0,0.0,Estimated
lg_c2100_1161,231241,241,2041,16,23,20,0,0.0,Estimated
lg_g1800_942,231241,241,2041,16,23,20,0,0.0,Estimated
lg_f7250_946,231241,241,2041,16,23,20,0,0.0,Estimated
lg_g1610_998,231241,241,2041,16,23,20,0,0.0,Estimated
lg_g1700_980,231241,241,2041,16,23,20,0,0.0,Estimated
lg_f2300_997,231241,241,2041,16,38,20,0,0.0,Estimated
lg_l3100_776,231241,241,2041,16,23,20,0,0.0,Estimated
lg_g3100_850,231241,241,2041,16,23,20,0,0.0,Estimated
lg_f2100_880,231241,241,2041,16,23,20,0,0.0,Estimated
lg_c1200_808,231241,241,2041,16,23,20,0,0.0,Estimated
lg_c1400_827,231241,241,2041,16,23,20,0,0.0,Estimated
lg_c3100_778,231241,241,2041,16,23,20,0,0.0,Estimated
lg_g1600_764,231241,241,2041,16,23,20,0,0.0,Estimated
lg_g7120_618,231241,241,2041,16,38,20,0,0.0,Estimated
lg_c1100_826,231241,241,2041,16,23,20,0,0.0,Estimated
lg_u8150_488,231241,241,2041,16,23,20,0,0.0,Estimated
lg_t5100_706,231241,241,2041,16,23,20,0,0.0,Estimated
lg_g7200_724,231241,241,2041,16,23,20,0,0.0,Estimated
lg_u8138_1132,231241,241,2041,16,23,20,0,0.0,Estimated
lg_u8120_843,231241,241,2041,16,23,20,0,0.0,Estimated
lg_u8110_777,231241,241,2041,16,23,20,0,0.0,Estimated
lg_u8100_487,231241,241,2041,16,23,20,0,0.0,Estimated
lg_g7100_452,231241,241,2041,16,38,20,0,0.0,Estimated
lg_g7070_451,231241,241,2041,16,23,20,0,0.0,Estimated
lg_g7050_450,231241,241,2041,16,23,20,0,0.0,Estimated
lg_l1100_775,231241,241,2041,16,23,20,0,0.0,Estimated
lg_g7030_449,231241,241,2041,16,38,20,0,0.0,Estimated
lg_g5500_571,231241,241,2041,16,23,20,0,0.0,Estimated
lg_g5400_448,231241,241,2041,16,23,20,0,0.0,Estimated
lg_g5310_493,231241,241,2041,16,23,20,0,0.0,Estimated
lg_g5300_433,231241,241,2041,16,23,20,0,0.0,Estimated
lg_g1500_699,231241,241,2041,16,23,20,0,0.0,Estimated
lg_g8000_432,231241,241,2041,16,23,20,0,0.0,Estimated
lg_g7020_431,231241,241,2041,16,23,20,0,0.0,Estimated
lg_w7020_430,231241,241,2041,16,23,20,0,0.0,Estimated
lg_g7000_429,231241,241,2041,16,23,20,0,0.0,Estimated
lg_g5200_427,231241,241,2041,16,23,20,0,0.0,Estimated
lg_w5200_426,231241,241,2041,16,23,20,0,0.0,Estimated
lg_g3000_425,231241,241,2041,16,23,20,0,0.0,Estimated
lg_w3000_424,231241,241,2041,16,23,20,0,0.0,Estimated
lg_b1200_469,231241,241,2041,16,23,20,0,0.0,Estimated
lg_w7000_428,231241,241,2041,16,23,20,0,0.0,Estimated
lg_lg_510w_468,231241,241,2041,16,23,20,0,0.0,Estimated
lg_lg_500_384,231241,241,2041,16,23,20,0,0.0,Estimated
lg_lg_600_385,231241,241,2041,16,28,20,0,0.0,Estimated
lg_g4_pro_7305,180000,330,1200,35,50,40,0,0.0,Excel Benchmark
lg_lg_200_383,231241,241,2041,16,23,20,0,0.0,Estimated
lg_optimus_lte_4654,231241,241,2041,16,30,20,0,0.0,Estimated
lg_x3_4451,231241,241,2041,16,30,20,0,0.0,Estimated
lg_e2_4068,231241,241,2041,16,23,20,0,0.0,Estimated
lg_fantasy_e740_4066,231241,241,2041,16,23,20,0,0.0,Estimated
maxon_mx_c90_596,231241,241,2041,16,23,20,0,0.0,Estimated
maxon_mx_c80_597,231241,241,2041,16,23,20,0,0.0,Estimated
maxon_mx_c180_598,231241,241,2041,16,38,20,0,0.0,Estimated
maxon_mx_a30_731,231241,241,2041,16,23,20,0,0.0,Estimated
maxon_mx_c60_580,231241,241,2041,16,23,20,0,0.0,Estimated
maxon_mx_c110_732,231241,241,2041,16,23,20,0,0.0,Estimated
maxon_mx_c20_581,231241,241,2041,16,28,20,0,0.0,Estimated
maxon_mx_e80_730,231241,241,2041,16,23,20,0,0.0,Estimated
maxon_mx_v10_734,231241,241,2041,16,38,20,0,0.0,Estimated
maxon_mx_e10_579,231241,241,2041,16,23,20,0,0.0,Estimated
maxon_mx_v30_733,231241,241,2041,16,38,20,0,0.0,Estimated
maxon_mx_7750_736,231241,241,2041,16,23,20,0,0.0,Estimated
maxon_mx_c160_738,231241,241,2041,16,23,20,0,0.0,Estimated
maxon_mx_c11_737,231241,241,2041,16,23,20,0,0.0,Estimated
maxon_mx_7990_582,231241,241,2041,16,38,20,0,0.0,Estimated
maxon_mx_7940_583,231241,241,2041,16,23,20,0,0.0,Estimated
maxon_mx_7920_729,231241,241,2041,16,23,20,0,0.0,Estimated
maxon_mx_7830_584,231241,241,2041,16,23,20,0,0.0,Estimated
maxon_mx_7600_585,231241,241,2041,16,23,20,0,0.0,Estimated
maxon_mx_6899_180,231241,241,2041,16,23,20,0,0.0,Estimated
maxon_mx_6879_178,231241,241,2041,16,23,20,0,0.0,Estimated
maxon_mx_6877_179,231241,241,2041,16,23,20,0,0.0,Estimated
maxon_mx_6815_176,231241,241,2041,16,23,20,0,0.0,Estimated
maxon_mx_6814_175,231241,241,2041,16,23,20,0,0.0,Estimated
maxon_mx_6869_177,231241,241,2041,16,23,20,0,0.0,Estimated
maxon_mx_6810_173,231241,241,2041,16,23,20,0,0.0,Estimated
maxon_mx_6811_174,231241,241,2041,16,23,20,0,0.0,Estimated
maxon_mx_6805_172,231241,241,2041,16,23,20,0,0.0,Estimated
maxon_mx_3205f_170,231241,241,2041,16,23,20,0,0.0,Estimated
maxon_mx_3204_169,231241,241,2041,16,23,20,0,0.0,Estimated
maxon_mx_6804_171,231241,241,2041,16,23,20,0,0.0,Estimated
maxwest_nitro_55m_8540,55000,150,550,16,30,20,0,0.0,Excel Benchmark
maxwest_nitro_5m_8538,50000,150,500,16,28,20,0,0.0,Estimated
maxwest_nitro_55_lte_8539,70000,180,650,16,30,25,0,0.0,Excel Benchmark
maxwest_astro_5s_8412,55000,150,550,16,28,20,0,0.0,Excel Benchmark
maxwest_astro_x4_7930,30000,100,400,16,23,20,0,0.0,Estimated
maxwest_gravity_5_lte_8021,20000,80,300,16,30,20,0,0.0,Estimated
maxwest_vice_7873,605847,647,1741,16,23,20,0,0.0,Excel Benchmark
maxwest_gravity_5_5_lte_7629,455515,715,1945,21,30,25,0,0.0,Excel Benchmark
maxwest_astro_x55_7889,55000,150,550,16,30,20,0,0.0,Excel Benchmark
maxwest_gravity_5_7589,726979,1379,3937,16,28,20,0,0.0,Excel Benchmark
maxwest_astro_x5_7565,30000,100,400,16,23,20,0,0.0,Estimated
maxwest_astro_6_7566,726979,1379,3937,16,28,25,0,0.0,Excel Benchmark
maxwest_astro_4_5_7360,30000,100,400,16,23,20,0,0.0,Estimated
maxwest_astro_3_5_7564,30000,100,400,16,23,20,0,0.0,Estimated
maxwest_nitro_phablet_71_6984,30000,100,400,16,28,20,0,0.0,Estimated
maxwest_mx_110_6817,231241,241,2041,16,23,20,0,0.0,Estimated
maxwest_nitro_5_5_6983,30000,100,400,16,28,20,0,0.0,Estimated
maxwest_blade_7398,231241,241,2041,16,23,20,0,0.0,Estimated
maxwest_nitro_5_7379,50000,150,500,16,28,20,0,0.0,Estimated
maxwest_astro_5_6840,726979,1379,3937,16,28,20,0,0.0,Excel Benchmark
maxwest_astro_4_6720,30000,100,400,16,23,20,0,0.0,Estimated
maxwest_astro_jr_6672,30000,100,400,16,23,20,0,0.0,Estimated
maxwest_virtue_z5_6517,726979,1379,3937,16,28,20,0,0.0,Excel Benchmark
maxwest_gravity_5_5_6417,504145,1345,4835,21,28,20,0,0.0,Excel Benchmark
maxwest_gravity_6_6358,504145,1345,4835,21,30,20,0,0.0,Excel Benchmark
maxwest_orbit_330g_6274,30000,100,400,16,23,20,0,0.0,Estimated
maxwest_orbit_6200t_6273,30000,100,400,16,28,20,0,0.0,Estimated
maxwest_android_330_6098,30000,100,400,16,23,20,0,0.0,Estimated
maxwest_tab_phone_72dc_5860,385269,1669,4807,16,23,20,0,0.0,Excel Benchmark
maxwest_mx_210tv_5859,231241,241,2041,16,23,20,0,0.0,Estimated
maxwest_orbit_5400t_5776,30000,100,400,16,23,20,0,0.0,Estimated
maxwest_android_320_5778,231241,241,2041,16,23,20,0,0.0,Estimated
maxwest_orbit_4400_5775,30000,100,400,16,23,20,0,0.0,Estimated
maxwest_orbit_3000_5774,30000,100,400,16,23,20,0,0.0,Estimated
maxwest_orbit_x50_5773,504145,1345,4835,16,28,20,0,0.0,Excel Benchmark
maxwest_orbit_z50_5641,12000,50,200,16,28,20,0,0.0,Estimated
maxwest_orbit_5400_5640,151085,285,655,16,23,20,0,0.0,Excel Benchmark
maxwest_orbit_4600_5639,185476,476,3228,16,23,20,0,0.0,Excel Benchmark
maxwest_mx_200tv_5638,95000,240,850,16,23,20,0,0.0,Excel Benchmark
maxwest_orbit_6200_5777,30000,100,400,16,28,20,0,0.0,Estimated
maxwest_mx_100_5637,231241,241,2041,16,23,20,0,0.0,Estimated
meizu_22_5g_14150,351226,226,2478,85,65,90,0,0.0,Excel Benchmark
meizu_note_22_pro_5g_13884,144561,561,1483,43,65,75,0,0.0,Excel Benchmark
meizu_mblu_22_pro_13700,364852,652,1756,43,45,50,0,0.0,Excel Benchmark
meizu_mblu_22_13699,100000,250,850,26,35,45,0,0.0,Excel Benchmark
meizu_note_22_13698,400000,700,1900,58,70,60,0,0.0,Excel Benchmark
meizu_note_22_5g_13883,180000,330,1200,43,65,65,0,0.0,Excel Benchmark
meizu_note_16_5g_13862,180000,330,1200,43,65,65,0,0.0,Excel Benchmark
meizu_note_16_pro_5g_13861,144561,561,1483,43,65,75,0,0.0,Excel Benchmark
meizu_mblu_21_13530,457479,1879,6437,23,35,40,0,0.0,Excel Benchmark
meizu_lucky_08_13365,50000,150,550,48,65,70,0,0.0,Estimated
meizu_note_21_pro_13341,400000,700,1900,36,60,50,0,0.0,Excel Benchmark
meizu_note_21_13342,457479,1879,6437,38,35,55,0,0.0,Excel Benchmark
meizu_blue_20_13212,340000,600,1850,40,45,45,0,0.0,Excel Benchmark
meizu_21_note_13007,1539080,1926,5226,70,65,70,0,0.0,Excel Benchmark
meizu_21_pro_12805,1903140,2115,6608,85,60,90,0,0.0,Excel Benchmark
meizu_21_12719,1903140,2115,6608,80,70,65,0,0.0,Excel Benchmark
meizu_20_classic_12630,1539080,1926,5226,70,75,65,0,0.0,Excel Benchmark
meizu_20_infinity_12207,1539080,1926,5226,90,58,85,0,0.0,Excel Benchmark
meizu_20_pro_12161,1539080,1926,5226,85,80,90,0,0.0,Excel Benchmark
meizu_20_12206,1539080,1926,5226,70,75,65,0,0.0,Excel Benchmark
meizu_18s_pro_11075,850000,1180,3600,95,75,75,0,0.0,Excel Benchmark
meizu_18s_11115,850000,1180,3600,85,75,50,0,0.0,Excel Benchmark
meizu_watch_10939,35000,120,450,16,38,20,0,0.0,Estimated
meizu_18_10766,820000,1130,3500,85,75,50,0,0.0,Excel Benchmark
meizu_18_pro_10751,820000,1130,3500,95,75,75,0,0.0,Excel Benchmark
meizu_17_pro_10232,700000,900,3100,55,70,65,0,0.0,Excel Benchmark
meizu_17_10129,700000,900,3100,25,70,45,0,0.0,Excel Benchmark
meizu_16t_9926,580000,750,2600,25,50,45,0,0.0,Excel Benchmark
meizu_m10_9953,240000,500,1550,23,30,35,0,0.0,Excel Benchmark
meizu_18x_11116,750000,1000,3300,41,70,40,0,0.0,Excel Benchmark
meizu_16s_pro_9792,600000,770,2700,53,50,30,0,0.0,Excel Benchmark
meizu_16xs_9724,240000,500,1550,45,50,40,0,0.0,Excel Benchmark
meizu_16s_9424,580000,750,2600,53,50,30,0,0.0,Excel Benchmark
meizu_note_9_9555,240000,500,1550,43,40,40,0,0.0,Excel Benchmark
meizu_zero_9528,400000,500,2200,30,50,45,0,0.0,Excel Benchmark
meizu_c9_pro_9453,80000,200,700,21,50,25,0,0.0,Excel Benchmark
meizu_c9_9454,80000,200,700,23,50,25,0,0.0,Excel Benchmark
meizu_x8_9341,230000,480,1500,23,40,25,0,0.0,Excel Benchmark
meizu_v8_pro_9338,130000,300,950,16,50,25,0,0.0,Excel Benchmark
meizu_note_8_9384,120000,280,1000,18,40,30,0,0.0,Excel Benchmark
meizu_v8_9339,80000,200,700,21,50,25,0,0.0,Excel Benchmark
meizu_16x_9337,230000,480,1500,45,50,25,0,0.0,Excel Benchmark
meizu_16_plus_9279,400000,500,2200,45,50,30,0,0.0,Excel Benchmark
meizu_m6t_9213,240000,500,1550,23,50,25,0,0.0,Excel Benchmark
meizu_m8c_9210,40000,130,480,23,50,25,0,0.0,Estimated
meizu_15_lite_9158,100000,4464,900,23,40,30,0,0.0,Excel Benchmark
meizu_15_9159,128680,5770,1300,45,50,30,0,0.0,GSMArena Lab
meizu_e3_9066,140000,320,1150,18,40,30,0,0.0,Excel Benchmark
meizu_m6s_8998,342743,343,829,23,50,30,0,0.0,Excel Benchmark
meizu_m6_8868,240000,500,1550,23,30,30,0,0.0,Excel Benchmark
meizu_pro_7_plus_8791,200000,400,1300,25,60,30,0,0.0,Excel Benchmark
meizu_16_9280,400000,500,2200,45,50,30,0,0.0,Excel Benchmark
meizu_pro_7_8445,240000,500,1550,25,50,30,0,0.0,Excel Benchmark
meizu_e2_8659,240000,500,1550,23,40,30,0,0.0,Excel Benchmark
meizu_m5c_8697,70000,1285,650,16,30,25,0,0.0,Excel Benchmark
meizu_m5s_8500,240000,500,1550,21,30,30,0,0.0,Excel Benchmark
meizu_m3x_8452,240000,500,1550,16,40,30,0,0.0,Excel Benchmark
meizu_m5_note_8450,240000,500,1550,21,40,40,0,0.0,Excel Benchmark
meizu_15_plus_9160,380000,6122,2000,45,60,30,0,0.0,Excel Benchmark
meizu_pro_6_plus_8451,350000,550,1800,33,60,30,0,0.0,Excel Benchmark
meizu_mx5e_8446,471272,1072,3016,21,50,30,0,0.0,Excel Benchmark
meizu_u10_8441,240000,500,1550,21,30,20,0,0.0,Excel Benchmark
meizu_u20_8440,240000,500,1550,21,40,25,0,0.0,Excel Benchmark
meizu_pro_6s_8389,160000,350,1100,33,50,30,0,0.0,Excel Benchmark
meizu_m6_note_8802,95000,240,850,23,40,40,0,0.0,Excel Benchmark
meizu_m5_8408,240000,500,1550,21,30,25,0,0.0,Excel Benchmark
meizu_m3_max_8321,240000,500,1550,21,40,40,0,0.0,Excel Benchmark
meizu_mx6_8078,140000,300,1000,18,35,30,0,0.0,Excel Benchmark
meizu_m3e_8264,240000,500,1550,21,40,30,0,0.0,Excel Benchmark
meizu_m3s_8148,240000,500,1550,21,30,25,0,0.0,Excel Benchmark
meizu_pro_6_7971,160000,350,1100,18,50,25,0,0.0,Excel Benchmark
meizu_m3_8062,240000,500,1550,21,30,20,0,0.0,Excel Benchmark
meizu_m1_metal_7674,471272,1072,3016,21,40,25,0,0.0,Excel Benchmark
meizu_m3_note_8005,240000,500,1550,21,40,35,0,0.0,Excel Benchmark
meizu_m2_7455,455515,715,1945,21,30,20,0,0.0,Excel Benchmark
meizu_pro_5_7573,200000,400,1300,18,50,30,0,0.0,Excel Benchmark
meizu_mx5_7240,471272,1072,3016,18,50,30,0,0.0,Excel Benchmark
meizu_m1_6978,332827,1627,5681,21,23,20,0,0.0,Excel Benchmark
meizu_m2_note_7266,240000,500,1550,21,40,25,0,0.0,Excel Benchmark
meizu_m1_note_6890,240000,500,1550,21,40,25,0,0.0,Excel Benchmark
meizu_mx4_6627,359621,1621,4663,18,28,25,0,0.0,Excel Benchmark
meizu_mx4_pro_6815,45000,140,500,18,28,25,0,0.0,Estimated
meizu_mx3_5679,35000,120,450,16,40,20,0,0.0,Estimated
meizu_mx2_5142,100000,250,800,16,28,20,0,0.0,Excel Benchmark
meizu_mx_4373,559466,466,1198,16,23,20,0,0.0,Excel Benchmark
meizu_mx_4_core_4697,559466,466,1198,16,23,20,0,0.0,Excel Benchmark
meizu_pro_5_mini_7741,140000,300,1000,21,50,25,0,0.0,Excel Benchmark
micromax_in_1_10800,260000,500,1500,18,40,50,0,0.0,Excel Benchmark
micromax_in_2b_11036,560143,1743,4029,26,30,45,0,0.0,Excel Benchmark
micromax_in_2c_11496,560143,1743,4029,16,30,45,0,0.0,Excel Benchmark
micromax_in_note_1_10569,280000,520,1550,23,40,50,0,0.0,Excel Benchmark
micromax_in_note_2_11332,360000,630,1800,23,55,50,0,0.0,Excel Benchmark
micromax_in_1b_10568,350000,620,1900,23,30,45,0,0.0,Excel Benchmark
micromax_infinity_n11_9516,130000,300,950,23,30,35,0,0.0,Excel Benchmark
micromax_bharat_go_9207,70000,180,650,16,28,20,0,0.0,Excel Benchmark
micromax_infinity_n12_9515,130000,300,950,28,30,35,0,0.0,Excel Benchmark
micromax_bharat_5_pro_9125,70000,180,650,21,30,45,0,0.0,Excel Benchmark
micromax_bharat_5_plus_9054,70000,180,650,16,30,45,0,0.0,Excel Benchmark
micromax_canvas_infinity_life_9136,70000,180,650,23,50,20,0,0.0,Excel Benchmark
micromax_bharat_5_9053,70000,180,650,16,30,45,0,0.0,Excel Benchmark
micromax_canvas_infinity_pro_8914,45000,140,500,21,50,25,0,0.0,Estimated
micromax_canvas_1_2018_9181,70000,180,650,16,50,25,0,0.0,Excel Benchmark
micromax_bharat_5_infinity_9517,80000,200,700,16,50,45,0,0.0,Excel Benchmark
micromax_bharat_2_ultra_8944,80000,200,700,16,23,20,0,0.0,Excel Benchmark
micromax_canvas_selfie_3_q460_8916,50000,150,550,28,40,25,0,0.0,Estimated
micromax_dual_4_e4816_8915,50000,150,550,21,40,20,0,0.0,Estimated
micromax_bharat_4_q440_8919,70000,180,650,16,30,20,0,0.0,Excel Benchmark
micromax_bharat_3_q437_8918,70000,180,650,16,23,20,0,0.0,Excel Benchmark
micromax_selfie_2_note_q4601_8920,70000,180,650,23,30,25,0,0.0,Excel Benchmark
micromax_bharat_2__8917,231241,241,2041,16,23,20,0,0.0,Estimated
micromax_evok_dual_note_e4815_8829,240000,500,1550,21,40,25,0,0.0,Excel Benchmark
micromax_canvas_infinity_8823,40000,130,480,28,50,20,0,0.0,Estimated
micromax_selfie_2_q4311_8795,70000,180,650,23,30,25,0,0.0,Excel Benchmark
micromax_canvas_1_8772,70000,180,650,16,30,20,0,0.0,Excel Benchmark
micromax_canvas_evok_power_q4260_8652,70000,180,650,16,30,35,0,0.0,Excel Benchmark
micromax_canvas_evok_note_e453_8651,240000,500,1550,21,40,35,0,0.0,Excel Benchmark
micromax_canvas_2_q4310_8755,70000,180,650,21,30,25,0,0.0,Excel Benchmark
micromax_dual_5_8631,130000,300,1100,23,50,30,0,0.0,Excel Benchmark
micromax_spark_vdeo_q415_8628,80000,200,700,16,28,20,0,0.0,Excel Benchmark
micromax_bharat_2_q402_8643,80000,200,700,16,23,20,0,0.0,Excel Benchmark
micromax_vdeo_4_8575,20000,80,300,16,30,35,0,0.0,Estimated
micromax_vdeo_3_8574,80000,200,700,16,28,20,0,0.0,Excel Benchmark
micromax_vdeo_1_8497,526161,2161,6283,16,28,20,0,0.0,Excel Benchmark
micromax_vdeo_2_8498,526161,2161,6283,16,28,20,0,0.0,Excel Benchmark
micromax_canvas_spark_4g_q4201_8431,526161,2161,6283,16,28,20,0,0.0,Excel Benchmark
micromax_canvas_5_lite_q462_8365,928945,2145,7235,16,25,20,0,0.0,Excel Benchmark
micromax_canvas_fire_6_q428_8405,231241,241,2041,16,30,25,0,0.0,Estimated
micromax_bolt_q381_8261,50000,150,500,16,28,20,0,0.0,Estimated
micromax_canvas_mega_2_q426_8260,80000,200,700,16,28,25,0,0.0,Excel Benchmark
micromax_canvas_spark_3_q385_8258,50000,150,500,16,30,20,0,0.0,Estimated
micromax_canvas_xp_4g_q413_8225,928945,2145,7235,16,30,20,0,0.0,Excel Benchmark
micromax_canvas_spark_2_plus_q350_8259,55000,150,550,16,28,20,0,0.0,Excel Benchmark
micromax_bolt_supreme_2_q301_8224,50000,150,500,16,23,20,0,0.0,Estimated
micromax_vdeo_5_8576,80000,200,700,16,30,25,0,0.0,Excel Benchmark
micromax_bolt_selfie_q424_8222,455515,715,1945,16,28,20,0,0.0,Excel Benchmark
micromax_canvas_evok_e483_8223,785247,2047,4941,21,30,25,0,0.0,Excel Benchmark
micromax_bolt_supreme_q300_8226,50000,150,500,16,23,20,0,0.0,Estimated
micromax_canvas_selfie_4_8220,55000,150,550,18,30,20,0,0.0,Excel Benchmark
micromax_bolt_supreme_4_q352_8221,55000,150,550,16,30,20,0,0.0,Excel Benchmark
micromax_unite_4_plus_8219,928945,2145,7235,16,30,20,0,0.0,Excel Benchmark
micromax_canvas_fire_5_q386_8164,55000,150,550,16,30,20,0,0.0,Excel Benchmark
micromax_canvas_unite_4_8169,928945,2145,7235,16,30,20,0,0.0,Excel Benchmark
micromax_canvas_unite_4_pro_8168,80000,200,700,16,30,25,0,0.0,Excel Benchmark
micromax_canvas_amaze_2_e457_8257,785247,2047,4941,21,30,20,0,0.0,Excel Benchmark
micromax_canvas_6_pro_e484_8032,471272,1072,3016,21,40,25,0,0.0,Excel Benchmark
micromax_canvas_juice_4g_q461_7965,231241,241,2041,16,30,35,0,0.0,Estimated
micromax_canvas_6_8033,471272,1072,3016,23,40,25,0,0.0,Excel Benchmark
micromax_canvas_juice_4_q382_7899,50000,150,500,16,28,25,0,0.0,Estimated
micromax_canvas_amaze_4g_q491_7964,35000,120,450,16,30,20,0,0.0,Estimated
micromax_canvas_mega_4g_q417_7901,455515,715,1945,21,30,20,0,0.0,Excel Benchmark
micromax_canvas_fire_4g_plus_q412_7902,928945,2145,7235,16,30,20,0,0.0,Excel Benchmark
micromax_canvas_xpress_4g_q413_7783,928945,2145,7235,16,30,20,0,0.0,Excel Benchmark
micromax_canvas_pulse_4g_e451_7900,231241,241,2041,21,30,20,0,0.0,Estimated
micromax_canvas_nitro_3_e352_7784,541964,1364,4892,21,30,20,0,0.0,Excel Benchmark
micromax_canvas_5_e481_7735,240000,500,1550,21,40,20,0,0.0,Excel Benchmark
micromax_canvas_pace_4g_q416_7781,231241,241,2041,16,28,20,0,0.0,Estimated
micromax_canvas_blaze_4g__q414_7782,555381,1381,4943,16,28,20,0,0.0,Excel Benchmark
micromax_canvas_play_4g_q469_7738,35000,120,450,21,30,20,0,0.0,Estimated
micromax_bolt_q332_7739,231241,241,2041,16,28,20,0,0.0,Estimated
micromax_canvas_mega_e353_7736,231241,241,2041,21,30,20,0,0.0,Estimated
micromax_bolt_q338_7660,55000,150,550,16,30,20,0,0.0,Excel Benchmark
micromax_bolt_q339_7659,50000,150,500,16,28,20,0,0.0,Estimated
micromax_canvas_amaze_q395_7737,55000,150,550,21,30,20,0,0.0,Excel Benchmark
micromax_canvas_juice_3__q394_7740,726979,1379,3937,16,30,35,0,0.0,Excel Benchmark
micromax_canvas_fire_4g_q411_7661,455515,715,1945,16,28,20,0,0.0,Excel Benchmark
micromax_canvas_blaze_4g_q400_7662,20000,80,300,16,28,20,0,0.0,Estimated
micromax_bolt_q331_7657,357124,524,2372,16,28,20,0,0.0,Excel Benchmark
micromax_canvas_juice_3_q392_7663,55000,150,550,16,30,35,0,0.0,Excel Benchmark
micromax_bolt_s302_7658,462081,2081,5043,16,23,20,0,0.0,Excel Benchmark
micromax_canvas_spark_2_q334_7664,55000,150,550,16,28,20,0,0.0,Excel Benchmark
micromax_canvas_nitro_4g_e455_7665,785247,2047,4941,21,30,20,0,0.0,Excel Benchmark
micromax_canvas_selfie_3_q348_7667,412178,778,2134,18,40,20,0,0.0,Excel Benchmark
micromax_canvas_selfie_2_q340_7666,726979,1379,3937,16,28,20,0,0.0,Excel Benchmark
micromax_canvas_xpress_2_e313_7452,541964,1364,4892,21,30,20,0,0.0,Excel Benchmark
micromax_bolt_s301_7402,231241,241,2041,16,23,20,0,0.0,Estimated
micromax_canvas_selfie_lens_q345_7401,412178,778,2134,16,30,20,0,0.0,Excel Benchmark
micromax_canvas_sliver_5_q450_7306,35000,120,450,16,40,20,0,0.0,Estimated
micromax_canvas_tab_p690_7292,421780,1980,5740,16,28,35,0,0.0,Excel Benchmark
micromax_canvas_knight_2_e471_7276,536428,1028,3884,21,40,20,0,0.0,Excel Benchmark
micromax_canvas_a1_aq4502_7268,412178,778,2134,16,28,20,0,0.0,Excel Benchmark
micromax_q391_canvas_doodle_4_7258,726979,1379,3937,16,28,25,0,0.0,Excel Benchmark
micromax_canvas_nitro_2_e311_7142,664363,1963,4689,21,30,20,0,0.0,Excel Benchmark
micromax_q372_unite_3_7223,726979,1379,3937,16,28,20,0,0.0,Excel Benchmark
micromax_canvas_play_q355_7220,726979,1379,3937,16,23,20,0,0.0,Excel Benchmark
micromax_bolt_d303_7432,30000,100,400,16,23,20,0,0.0,Estimated
micromax_bolt_s300_7162,487344,744,3032,16,23,20,0,0.0,Excel Benchmark
micromax_bolt_d320_7163,30000,100,400,16,23,20,0,0.0,Estimated
micromax_canvas_spark_q380_7213,726979,1379,3937,16,28,20,0,0.0,Excel Benchmark
micromax_bolt_d321_7161,30000,100,400,16,23,20,0,0.0,Estimated
micromax_canvas_juice_2_aq5001_7140,726979,1379,3937,16,30,25,0,0.0,Excel Benchmark
micromax_bolt_q324_7144,520704,2104,5112,16,23,20,0,0.0,Excel Benchmark
micromax_bolt_a82_7145,30000,100,400,16,23,20,0,0.0,Estimated
micromax_bolt_a067_7146,628228,828,2284,16,23,20,0,0.0,Excel Benchmark
micromax_a109_canvas_xl2_7139,489685,885,4455,16,28,20,0,0.0,Excel Benchmark
micromax_canvas_fire_4_a107_7103,726979,1379,3937,16,28,20,0,0.0,Excel Benchmark
micromax_canvas_tab_p666_7007,421780,1980,5740,16,28,35,0,0.0,Excel Benchmark
micromax_canvas_selfie_a255_6970,664363,1963,4689,21,30,20,0,0.0,Excel Benchmark
micromax_canvas_tab_p470_7047,676354,1754,6062,16,23,25,0,0.0,Excel Benchmark
micromax_bolt_a066_6967,628228,828,2284,16,28,20,0,0.0,Excel Benchmark
micromax_canvas_pep_q371_7141,726979,1379,3937,16,28,20,0,0.0,Excel Benchmark
micromax_canvas_4_plus_a315_7143,664363,1963,4689,21,40,20,0,0.0,Excel Benchmark
micromax_canvas_hue_6946,412178,778,2134,16,40,25,0,0.0,Excel Benchmark
micromax_a104_canvas_fire_2_6941,231241,241,2041,16,23,20,0,0.0,Estimated
micromax_a99_canvas_xpress_6940,534665,1865,4395,16,28,20,0,0.0,Excel Benchmark
micromax_a290_canvas_knight_cameo_6682,541964,1364,4892,16,30,20,0,0.0,Excel Benchmark
micromax_canvas_a1_6686,412178,778,2134,16,28,20,0,0.0,Excel Benchmark
micromax_a310_canvas_nitro_6685,664363,1963,4689,21,30,20,0,0.0,Excel Benchmark
micromax_a108_canvas_l_6537,726979,1379,3937,16,28,20,0,0.0,Excel Benchmark
micromax_a092_unite_6684,200000,350,1300,16,28,20,0,0.0,Excel Benchmark
micromax_a300_canvas_gold_6452,717160,1360,2880,21,40,20,0,0.0,Excel Benchmark
micromax_a190_canvas_hd_plus_6510,681353,953,3659,16,30,20,0,0.0,Excel Benchmark
micromax_canvas_win_w092_6445,15000,60,250,16,28,20,0,0.0,Estimated
micromax_a089_bolt_6418,30000,100,400,16,23,20,0,0.0,Estimated
micromax_a093_canvas_fire_6500,231241,241,2041,16,23,20,0,0.0,Estimated
micromax_a106_unite_2_6382,412178,778,2134,16,28,20,0,0.0,Excel Benchmark
micromax_x352_6364,231241,241,2041,16,23,25,0,0.0,Estimated
micromax_canvas_win_w121_6444,200000,350,1300,16,30,20,0,0.0,Excel Benchmark
micromax_a102_canvas_doodle_3_6325,30000,100,400,16,23,20,0,0.0,Estimated
micromax_a120_canvas_2_colors_6363,412178,778,2134,16,30,20,0,0.0,Excel Benchmark
micromax_a65_bolt_6625,628228,828,2284,16,23,20,0,0.0,Excel Benchmark
micromax_a47_bolt_6195,412178,778,2134,16,28,20,0,0.0,Excel Benchmark
micromax_x281_6072,231241,241,2041,16,23,20,0,0.0,Estimated
micromax_a105_canvas_entice_6436,504145,1345,4835,16,23,20,0,0.0,Excel Benchmark
micromax_x098_6070,231241,241,2041,16,23,20,0,0.0,Estimated
micromax_a59_bolt_6068,230000,480,1500,16,23,20,0,0.0,Excel Benchmark
micromax_a36_bolt_6066,180000,330,1200,16,23,20,0,0.0,Excel Benchmark
micromax_a28_bolt_6065,231241,241,2041,16,23,20,0,0.0,Estimated
micromax_canvas_turbo_mini_5994,412178,778,2134,16,30,20,0,0.0,Excel Benchmark
micromax_a121_canvas_elanza_2_6362,200000,350,1300,16,30,20,0,0.0,Excel Benchmark
micromax_a94_canvas_mad_5980,336692,492,2276,16,28,20,0,0.0,Excel Benchmark
micromax_a114_canvas_2_2_5905,726979,1379,3937,16,28,20,0,0.0,Excel Benchmark
micromax_a114r_canvas_beat_6069,504145,1345,4835,16,28,20,0,0.0,Excel Benchmark
micromax_a119_canvas_xl_5977,231241,241,2041,16,23,20,0,0.0,Estimated
micromax_x267_6071,231241,241,2041,16,23,20,0,0.0,Estimated
micromax_a77_canvas_juice_5875,30000,100,400,16,23,25,0,0.0,Estimated
micromax_a61_bolt_5899,230000,480,1500,16,23,20,0,0.0,Excel Benchmark
micromax_a117_canvas_magnus_5832,553760,1960,4680,16,30,20,0,0.0,Excel Benchmark
micromax_a350_canvas_knight_5995,717160,1360,2880,23,40,20,0,0.0,Excel Benchmark
micromax_canvas_turbo_5805,553760,1960,4680,21,40,20,0,0.0,Excel Benchmark
micromax_canvas_tab_p650_5762,231241,241,2041,16,28,40,0,0.0,Estimated
micromax_a113_canvas_ego_5757,231241,241,2041,16,23,20,0,0.0,Estimated
micromax_a76_5756,30000,100,400,16,23,20,0,0.0,Estimated
micromax_a74_canvas_fun_5759,30000,100,400,16,23,20,0,0.0,Estimated
micromax_a67_bolt_5864,231241,241,2041,16,23,20,0,0.0,Estimated
micromax_a63_canvas_fun_5758,30000,100,400,16,23,20,0,0.0,Estimated
micromax_a240_canvas_doodle_2_5651,141928,528,1384,16,30,20,0,0.0,Excel Benchmark
micromax_a92_5598,151085,285,655,16,28,20,0,0.0,Excel Benchmark
micromax_a88_5483,151085,285,655,16,23,20,0,0.0,Excel Benchmark
micromax_x322_5481,231241,241,2041,16,23,20,0,0.0,Estimated
micromax_canvas_4_a210_5590,141928,528,1384,21,30,20,0,0.0,Excel Benchmark
micromax_x321_5480,231241,241,2041,16,23,20,0,0.0,Estimated
micromax_x286_5476,231241,241,2041,16,23,20,0,0.0,Estimated
micromax_x278_5475,231241,241,2041,16,23,20,0,0.0,Estimated
micromax_a110q_canvas_2_plus_5482,489685,885,4455,16,28,20,0,0.0,Excel Benchmark
micromax_x099_5474,231241,241,2041,16,23,20,0,0.0,Estimated
micromax_gc333_5473,231241,241,2041,16,23,20,0,0.0,Estimated
micromax_x396_5472,231241,241,2041,16,23,20,0,0.0,Estimated
micromax_x335c_5471,231241,241,2041,16,23,20,0,0.0,Estimated
micromax_a111_canvas_doodle_5453,12000,50,200,16,23,20,0,0.0,Estimated
micromax_funbook_3g_p600_5436,231241,241,2041,16,23,25,0,0.0,Estimated
micromax_funbook_3g_p560_5435,231241,241,2041,16,23,25,0,0.0,Estimated
micromax_funbook_talk_p362_5434,231241,241,2041,16,23,20,0,0.0,Estimated
micromax_funbook_talk_p360_5433,231241,241,2041,16,23,25,0,0.0,Estimated
micromax_viva_a72_5432,382595,1795,4185,16,23,20,0,0.0,Excel Benchmark
micromax_x295_5477,231241,241,2041,16,23,20,0,0.0,Estimated
micromax_ninja_a91_5431,151085,285,655,16,23,20,0,0.0,Excel Benchmark
micromax_ninja_a54_5430,231241,241,2041,16,23,20,0,0.0,Estimated
micromax_bolt_a51_5428,231241,241,2041,16,23,20,0,0.0,Estimated
micromax_bolt_a35_5427,231241,241,2041,16,23,20,0,0.0,Estimated
micromax_bolt_a27_5426,231241,241,2041,16,23,20,0,0.0,Estimated
micromax_a115_canvas_3d_5424,588057,857,4371,16,23,20,0,0.0,Excel Benchmark
micromax_bolt_a62_5429,231241,241,2041,16,23,20,0,0.0,Estimated
micromax_a116_canvas_hd_5256,141928,528,1384,16,30,20,0,0.0,Excel Benchmark
micromax_a110_canvas_2_5088,151085,285,655,16,28,20,0,0.0,Excel Benchmark
micromax_a101_5212,231241,241,2041,16,23,20,0,0.0,Estimated
micromax_a87_ninja_4_0_5054,231241,241,2041,16,23,20,0,0.0,Estimated
micromax_a57_ninja_3_0_5055,231241,241,2041,16,23,20,0,0.0,Estimated
micromax_a100_4933,231241,241,2041,16,23,20,0,0.0,Estimated
micromax_funbook_infinity_p275_5466,231241,241,2041,16,23,35,0,0.0,Estimated
micromax_funbook_alfa_p250_5053,231241,241,2041,16,23,20,0,0.0,Estimated
micromax_funbook_pro_4915,231241,241,2041,16,23,45,0,0.0,Estimated
micromax_a89_ninja_5310,151085,285,655,16,23,20,0,0.0,Excel Benchmark
micromax_a90s_5117,151085,285,655,16,38,20,0,0.0,Excel Benchmark
micromax_a90_4908,265646,646,2738,16,38,20,0,0.0,Excel Benchmark
micromax_a84_4917,265646,646,2738,16,28,20,0,0.0,Excel Benchmark
micromax_a80__4916,625334,734,2002,16,23,20,0,0.0,Excel Benchmark
micromax_superfone_punk_a44_4903,437736,736,2008,16,23,20,0,0.0,Excel Benchmark
micromax_a25_5132,382595,1795,4185,16,23,20,0,0.0,Excel Benchmark
micromax_x101_5214,231241,241,2041,16,23,20,0,0.0,Estimated
micromax_x291_4890,231241,241,2041,16,23,20,0,0.0,Estimated
micromax_x277_4889,231241,241,2041,16,23,20,0,0.0,Estimated
micromax_x246_4887,231241,241,2041,16,23,20,0,0.0,Estimated
micromax_x234__4886,231241,241,2041,16,23,20,0,0.0,Estimated
micromax_x276_4888,231241,241,2041,16,23,20,0,0.0,Estimated
micromax_a52_4825,265646,646,2738,16,23,20,0,0.0,Excel Benchmark
micromax_a56_4874,625334,734,2002,16,23,20,0,0.0,Excel Benchmark
micromax_a45_4824,437736,736,2008,16,23,20,0,0.0,Excel Benchmark
micromax_x660_4795,231241,241,2041,16,23,20,0,0.0,Estimated
micromax_x640_4794,231241,241,2041,16,23,20,0,0.0,Estimated
micromax_x368_4793,231241,241,2041,16,23,20,0,0.0,Estimated
micromax_x335_4790,231241,241,2041,16,23,20,0,0.0,Estimated
micromax_x288_4789,231241,241,2041,16,23,20,0,0.0,Estimated
micromax_x274_4788,231241,241,2041,16,23,20,0,0.0,Estimated
micromax_x233_4791,231241,241,2041,16,23,20,0,0.0,Estimated
micromax_x231_4787,231241,241,2041,16,23,20,0,0.0,Estimated
micromax_x102_4792,231241,241,2041,16,23,20,0,0.0,Estimated
micromax_a50_ninja_4735,625334,734,2002,16,23,20,0,0.0,Excel Benchmark
micromax_funbook_p300_4701,231241,241,2041,16,23,20,0,0.0,Estimated
micromax_a78_4714,625334,734,2002,16,23,20,0,0.0,Excel Benchmark
micromax_a73_4640,625334,734,2002,16,23,20,0,0.0,Excel Benchmark
micromax_x650_4456,231241,241,2041,16,23,20,0,0.0,Estimated
micromax_x490_4455,231241,241,2041,16,23,20,0,0.0,Estimated
micromax_x333_4454,231241,241,2041,16,23,20,0,0.0,Estimated
micromax_x275_4453,231241,241,2041,16,23,20,0,0.0,Estimated
micromax_x271_4452,231241,241,2041,16,23,20,0,0.0,Estimated
micromax_x11i_4395,231241,241,2041,16,23,20,0,0.0,Estimated
micromax_a75_4378,625334,734,2002,16,23,20,0,0.0,Excel Benchmark
micromax_x78_4357,231241,241,2041,16,23,20,0,0.0,Estimated
micromax_x256_4358,231241,241,2041,16,23,20,0,0.0,Estimated
micromax_x55_blade_4356,231241,241,2041,16,23,20,0,0.0,Estimated
micromax_x285_4346,231241,241,2041,16,23,20,0,0.0,Estimated
micromax_x270_4359,231241,241,2041,16,23,20,0,0.0,Estimated
micromax_a55_4230,644976,1976,5728,16,23,20,0,0.0,Excel Benchmark
micromax_x40_4229,231241,241,2041,16,23,20,0,0.0,Estimated
micromax_x450_4228,231241,241,2041,16,23,20,0,0.0,Estimated
micromax_x222_4227,231241,241,2041,16,23,20,0,0.0,Estimated
micromax_a85_4146,610901,901,2503,16,23,20,0,0.0,Excel Benchmark
micromax_q80_4029,231241,241,2041,16,23,20,0,0.0,Estimated
micromax_a70_3930,231241,241,2041,16,23,20,0,0.0,Estimated
micromax_x395_3867,231241,241,2041,16,23,20,0,0.0,Estimated
micromax_x410_3869,231241,241,2041,16,23,20,0,0.0,Estimated
micromax_x265_3873,231241,241,2041,16,23,20,0,0.0,Estimated
micromax_m2_3866,231241,241,2041,16,23,20,0,0.0,Estimated
micromax_q66_3863,231241,241,2041,16,23,20,0,0.0,Estimated
micromax_x266_3864,231241,241,2041,16,23,20,0,0.0,Estimated
micromax_x226__3870,231241,241,2041,16,23,20,0,0.0,Estimated
micromax_q50_3865,231241,241,2041,16,23,20,0,0.0,Estimated
micromax_a60_3678,231241,241,2041,16,23,20,0,0.0,Estimated
micromax_x600_3512,231241,241,2041,16,23,20,0,0.0,Estimated
micromax_x550_qube_3511,231241,241,2041,16,23,20,0,0.0,Estimated
micromax_x370_3868,231241,241,2041,16,23,20,0,0.0,Estimated
micromax_x500_3509,231241,241,2041,16,23,20,0,0.0,Estimated
micromax_x510_pike_3510,231241,241,2041,16,23,20,0,0.0,Estimated
micromax_x560_3862,231241,241,2041,16,23,20,0,0.0,Estimated
micromax_x2i_3507,231241,241,2041,16,23,20,0,0.0,Estimated
micromax_x310_3508,231241,241,2041,16,23,20,0,0.0,Estimated
micromax_x118_3506,231241,241,2041,16,23,20,0,0.0,Estimated
micromax_x100_3505,231241,241,2041,16,23,20,0,0.0,Estimated
micromax_gc700_3503,231241,241,2041,16,23,20,0,0.0,Estimated
micromax_x1i_3504,231241,241,2041,16,23,20,0,0.0,Estimated
micromax_gc400_3502,231241,241,2041,16,23,20,0,0.0,Estimated
micromax_gc360_3501,231241,241,2041,16,23,20,0,0.0,Estimated
micromax_gc275_3500,231241,241,2041,16,23,20,0,0.0,Estimated
micromax_q75_3499,231241,241,2041,16,23,20,0,0.0,Estimated
micromax_q6_3498,231241,241,2041,16,23,20,0,0.0,Estimated
micromax_q7_3320,231241,241,2041,16,23,20,0,0.0,Estimated
micromax_g4_3305,231241,241,2041,16,23,20,0,0.0,Estimated
micromax_h360_3307,231241,241,2041,16,23,20,0,0.0,Estimated
micromax_x330_3351,231241,241,2041,16,23,20,0,0.0,Estimated
micromax_q1_3308,231241,241,2041,16,23,20,0,0.0,Estimated
micromax_q3_3310,231241,241,2041,16,23,20,0,0.0,Estimated
micromax_w900_3306,231241,241,2041,16,23,20,0,0.0,Estimated
micromax_q2_3309,231241,241,2041,16,23,20,0,0.0,Estimated
micromax_q55_bling_3312,231241,241,2041,16,23,20,0,0.0,Estimated
micromax_x1i_plus_3313,231241,241,2041,16,23,20,0,0.0,Estimated
micromax_q5_fb_3311,231241,241,2041,16,23,20,0,0.0,Estimated
micromax_x111_3315,231241,241,2041,16,23,20,0,0.0,Estimated
micromax_x215_3317,231241,241,2041,16,23,20,0,0.0,Estimated
micromax_x220_3318,231241,241,2041,16,23,20,0,0.0,Estimated
micromax_x235_3322,231241,241,2041,16,23,20,0,0.0,Estimated
micromax_x114_3316,231241,241,2041,16,23,20,0,0.0,Estimated
micromax_x250_3323,231241,241,2041,16,23,20,0,0.0,Estimated
micromax_x360_3325,231241,241,2041,16,23,20,0,0.0,Estimated
micromax_x2i_plus_3314,231241,241,2041,16,23,20,0,0.0,Estimated
micromax_x225_3321,231241,241,2041,16,23,20,0,0.0,Estimated
micromax_x260_3324,231241,241,2041,16,23,20,0,0.0,Estimated
microsoft_surface_duo_2_11117,820000,1130,3500,58,50,40,0,0.0,Excel Benchmark
microsoft_surface_duo_10365,580000,750,2600,18,38,30,0,0.0,Excel Benchmark
microsoft_lumia_950_xl_dual_sim_7631,120000,250,900,33,60,50,0,0.0,Excel Benchmark
microsoft_lumia_950_xl_7263,120000,250,900,33,60,50,0,0.0,Excel Benchmark
microsoft_lumia_650_7859,25000,90,350,16,40,20,0,0.0,Estimated
microsoft_lumia_950_7262,425551,1551,3453,33,60,50,0,0.0,Excel Benchmark
microsoft_lumia_550_7612,20000,80,300,16,30,20,0,0.0,Estimated
microsoft_lumia_950_dual_sim_7632,425551,1551,3453,33,60,50,0,0.0,Excel Benchmark
microsoft_lumia_430_dual_sim_7127,200000,350,1300,16,28,20,0,0.0,Excel Benchmark
microsoft_lumia_640_xl_lte_7087,30000,110,420,21,30,25,0,0.0,Estimated
microsoft_lumia_540_dual_sim_7196,15000,60,250,16,30,20,0,0.0,Estimated
microsoft_lumia_640_xl_7084,30000,110,420,21,30,25,0,0.0,Estimated
microsoft_lumia_640_xl_lte_dual_sim_7086,30000,110,420,21,30,25,0,0.0,Estimated
microsoft_lumia_640_lte_dual_sim_7083,30000,110,420,16,30,20,0,0.0,Estimated
microsoft_lumia_640_xl_dual_sim_7085,30000,110,420,21,30,25,0,0.0,Estimated
microsoft_lumia_640_lte_7055,30000,110,420,16,30,20,0,0.0,Estimated
microsoft_lumia_640_dual_sim_7082,30000,110,420,16,30,20,0,0.0,Estimated
microsoft_lumia_532_dual_sim_6951,200000,350,1300,16,28,20,0,0.0,Excel Benchmark
microsoft_lumia_532_6950,200000,350,1300,16,28,20,0,0.0,Excel Benchmark
microsoft_lumia_435_dual_sim_6949,200000,350,1300,16,28,20,0,0.0,Excel Benchmark
microsoft_lumia_435_6942,200000,350,1300,16,28,20,0,0.0,Excel Benchmark
microsoft_lumia_535_6791,15000,60,250,16,28,20,0,0.0,Estimated
microsoft_lumia_535_dual_sim_6792,15000,60,250,16,28,20,0,0.0,Estimated
microsoft_surface_2_5725,263889,289,2667,16,35,20,0,0.0,Excel Benchmark
microsoft_kin_twom_3635,341756,756,3068,16,23,20,0,0.0,Excel Benchmark
microsoft_kin_onem_3633,341756,756,3068,16,23,20,0,0.0,Excel Benchmark
microsoft_kin_two_3266,341756,756,3068,16,23,20,0,0.0,Excel Benchmark
microsoft_surface_5082,632831,831,2293,16,23,20,0,0.0,Excel Benchmark
microsoft_kin_one_3265,341756,756,3068,16,23,20,0,0.0,Excel Benchmark
microsoft_lumia_850_7823,35000,120,450,31,30,40,0,0.0,Estimated
microsoft_lumia_1030_6981,231241,241,2041,33,50,20,0,0.0,Estimated
microsoft_lumia_1330_6883,30000,110,420,16,30,20,0,0.0,Estimated
mitac_mio_explora_k75_2817,411432,1232,2496,16,23,20,0,0.0,Excel Benchmark
mitac_mio_leap_k1_3207,231241,241,2041,16,38,20,0,0.0,Estimated
mitac_mio_explora_k70_2735,411432,1232,2496,16,23,20,0,0.0,Excel Benchmark
mitac_mio_leap_g50_3206,231241,241,2041,16,23,20,0,0.0,Estimated
mitac_mio_a502_2159,259101,1101,3103,16,23,20,0,0.0,Excel Benchmark
mitac_mio_a501_2122,259101,1101,3103,16,23,20,0,0.0,Excel Benchmark
mitac_mio_a702_2109,259101,1101,3103,16,23,20,0,0.0,Excel Benchmark
mitac_mio_a701_1261,231241,241,2041,16,23,20,0,0.0,Estimated
mitac_mio_8870_929,231241,241,2041,16,23,20,0,0.0,Estimated
mitac_mio_8390_590,231241,241,2041,16,28,20,0,0.0,Estimated
mitac_mio_8380_589,231241,241,2041,16,28,20,0,0.0,Estimated
mitac_mio_8860_726,231241,241,2041,16,23,20,0,0.0,Estimated
mitsubishi_m430i_m900_879,231241,241,2041,16,23,20,0,0.0,Estimated
mitsubishi_m800_915,231241,241,2041,16,23,20,0,0.0,Estimated
mitsubishi_m420i_m760_914,231241,241,2041,16,23,20,0,0.0,Estimated
mitsubishi_m520_910,231241,241,2041,16,23,20,0,0.0,Estimated
mitsubishi_m350_782,231241,241,2041,16,23,20,0,0.0,Estimated
mitsubishi_m528_1146,231241,241,2041,16,23,20,0,0.0,Estimated
mitsubishi_m750_744,231241,241,2041,16,23,20,0,0.0,Estimated
mitsubishi_m342i_685,231241,241,2041,16,23,20,0,0.0,Estimated
mitsubishi_m330_491,231241,241,2041,16,23,20,0,0.0,Estimated
mitsubishi_m21i_416,231241,241,2041,16,23,20,0,0.0,Estimated
mitsubishi_m320_373,231241,241,2041,16,23,20,0,0.0,Estimated
mitsubishi_m341i_m720_593,231241,241,2041,16,23,20,0,0.0,Estimated
mitsubishi_trium_eclipse_255,231241,241,2041,16,23,20,0,0.0,Estimated
mitsubishi_trium_neptune_204,231241,241,2041,16,23,20,0,0.0,Estimated
mitsubishi_trium_sirius_254,231241,241,2041,16,23,20,0,0.0,Estimated
mitsubishi_trium_mars_203,231241,241,2041,16,23,20,0,0.0,Estimated
mitsubishi_trium_mondo_64,231241,241,2041,16,23,20,0,0.0,Estimated
mitsubishi_trium_geo___59,231241,241,2041,16,23,20,0,0.0,Estimated
mitsubishi_trium_cosmo_61,231241,241,2041,16,23,20,0,0.0,Estimated
mitsubishi_trium_fx_62,231241,241,2041,16,23,20,0,0.0,Estimated
mitsubishi_trium_geo_58,231241,241,2041,16,23,20,0,0.0,Estimated
mitsubishi_trium_xs_63,231241,241,2041,16,23,20,0,0.0,Estimated
mitsubishi_trium_galaxy_56,231241,241,2041,16,23,20,0,0.0,Estimated
mitsubishi_trium_aria_60,231241,241,2041,16,23,20,0,0.0,Estimated
mitsubishi_trium_astral_57,231241,241,2041,16,23,20,0,0.0,Estimated
modu_night_jacket_3242,231241,241,2041,16,38,20,0,0.0,Estimated
modu_speedy_jacket_3240,231241,241,2041,16,38,20,0,0.0,Estimated
modu_shiny_jacket_3239,231241,241,2041,16,38,20,0,0.0,Estimated
modu_mini_jacket_3238,231241,241,2041,16,38,20,0,0.0,Estimated
modu_express_jacket_3237,231241,241,2041,16,38,20,0,0.0,Estimated
modu_phone_3236,231241,241,2041,16,38,20,0,0.0,Estimated
modu_sport_jacket_3241,231241,241,2041,16,38,20,0,0.0,Estimated
modu_t_3554,593007,1807,4221,16,23,20,0,0.0,Excel Benchmark
motorola_edge_70_plus_5g_14920,144561,561,1483,75,80,70,0,0.0,Excel Benchmark
motorola_watch_ultra_14921,156090,290,670,16,58,20,0,0.0,Excel Benchmark
motorola_moto_g_max_5g_14724,50000,150,550,53,65,55,0,0.0,Estimated
motorola_moto_pad_70_14888,30000,110,420,23,40,75,0,0.0,Estimated
motorola_moto_pad_70_groove_14853,30000,110,420,23,50,70,0,0.0,Estimated
motorola_moto_pad_70_pro_14756,351226,226,2478,23,55,75,0,0.0,Excel Benchmark
motorola_moto_g77_power_5g_14772,30000,110,420,53,65,55,0,0.0,Estimated
motorola_edge_5g__2026__14705,75000,200,750,85,75,90,0,0.0,Excel Benchmark
motorola_moto_g87_5g_14644,30000,110,420,73,75,50,0,0.0,Estimated
motorola_moto_g47_14645,110000,270,950,48,55,50,0,0.0,Excel Benchmark
motorola_edge_70_pro__5g_14702,405211,1211,4433,85,80,95,0,0.0,Excel Benchmark
motorola_moto_g37_14646,110000,270,950,43,55,50,0,0.0,Excel Benchmark
motorola_moto_g37_power_14647,110000,270,950,43,55,55,0,0.0,Excel Benchmark
motorola_edge_70_max_5g_14789,3057494,9315,2200,70,100,95,1571,19.48,GSMArena Lab
motorola_razr_ultra_2026_14638,613027,1827,6281,75,90,90,0,0.0,Excel Benchmark
motorola_razr__2026_14639,575540,1740,5020,70,90,80,0,0.0,Excel Benchmark
motorola_razr_70__14642,575540,1740,5020,70,80,80,0,0.0,Excel Benchmark
motorola_razr_2026_14640,75000,200,750,70,85,65,0,0.0,Excel Benchmark
motorola_razr_70_14643,998268,3250,750,70,85,65,1522,13.02,GSMArena Lab
motorola_edge_70_pro_5g_14620,2099973,5703,4433,85,80,95,1980,18.98,GSMArena Lab
motorola_razr_70_ultra_14641,2841165,8651,5920,75,80,90,1486,16.55,GSMArena Lab
motorola_moto_pad__2026__14582,110000,270,950,16,38,55,0,0.0,Excel Benchmark
motorola_moto_g_stylus__2026__14581,864507,2894,5585,70,75,90,1453,12.17,GSMArena Lab
motorola_edge_70_fusion__5g_14540,171736,736,2008,85,80,70,0,0.0,Excel Benchmark
motorola_moto_g77_5g_14433,30000,110,420,73,75,50,0,0.0,Estimated
motorola_moto_g67_5g_14434,110000,270,950,53,75,50,0,0.0,Excel Benchmark
motorola_moto_g17_power_14452,273001,1001,4803,48,45,55,0,0.0,Excel Benchmark
motorola_edge_70_fusion_5g_14432,144561,561,1483,70,80,70,0,0.0,Excel Benchmark
motorola_moto_g17_14455,273001,1001,4803,48,45,50,0,0.0,Excel Benchmark
motorola_razr_fold_5g_14402,3024369,8804,2200,95,75,95,1510,16.05,GSMArena Lab
motorola_signature_5g_14397,3057975,8755,2200,95,80,90,1518,16.22,GSMArena Lab
motorola_moto_g57_power_5g_14282,50000,150,550,43,65,55,0,0.0,Estimated
motorola_moto_watch_14403,231241,241,2041,16,38,20,0,0.0,Estimated
motorola_moto_g_play_5g__2026__14139,524096,2074,950,33,55,50,920,17.38,GSMArena Lab
motorola_moto_g57_5g_14284,50000,150,550,43,65,45,0,0.0,Estimated
motorola_moto_watch_120_14485,231241,241,2041,16,38,20,0,0.0,Estimated
motorola_moto_g_power_5g__2026__14359,424581,2114,950,68,65,50,940,13.33,GSMArena Lab
motorola_moto_g_5g__2026__14138,552360,2100,950,53,55,50,948,16.8,GSMArena Lab
motorola_moto_g67_power_5g_14266,50000,150,550,55,65,55,0,0.0,Estimated
motorola_edge_70_5g_14216,1390960,4185,4398,70,75,85,0,13.6,GSMArena Lab
motorola_moto_pad_60_lite_14808,280000,520,1550,16,28,45,0,0.0,Excel Benchmark
motorola_moto_pad_60_neo_5g_14140,110000,270,950,16,38,55,0,0.0,Excel Benchmark
motorola_moto_g100s_5g__china__14293,50000,150,550,38,65,55,0,0.0,Estimated
motorola_edge_60_neo_5g_14124,30000,110,420,85,75,90,0,0.0,Estimated
motorola_moto_g06_power_14125,191778,378,934,43,45,55,0,0.0,Excel Benchmark
motorola_moto_g100_5g__china__14228,50000,150,550,50,65,55,0,0.0,Estimated
motorola_moto_g06_14115,191778,378,934,43,45,45,0,0.0,Excel Benchmark
motorola_g96_5g_13989,50000,150,550,65,80,50,0,0.0,Estimated
motorola_moto_g86_5g_13917,270000,540,1650,65,75,50,0,0.0,Excel Benchmark
motorola_moto_g86_power_5g_13918,270000,540,1650,65,75,55,0,0.0,Excel Benchmark
motorola_moto_g56_5g_13841,839198,1798,5194,53,55,50,0,0.0,Excel Benchmark
motorola_edge__2025__13907,30000,110,420,85,75,90,0,0.0,Estimated
motorola_edge_60_13779,661808,2999,1650,85,75,70,1401,13.53,GSMArena Lab
motorola_razr_60_ultra_13805,1831189,6796,6281,75,80,85,1489,15.17,GSMArena Lab
motorola_razr_ultra_2025_13823,613027,1827,6281,75,90,85,0,0.0,Excel Benchmark
motorola_razr_60_13749,30000,110,420,70,85,65,0,0.0,Estimated
motorola_edge_60_pro_13815,1356227,4476,1800,85,75,95,1595,16.23,GSMArena Lab
motorola_razr_2025_13824,676899,2974,420,70,85,65,1189,9.47,GSMArena Lab
motorola_razr__2025_13825,575540,1740,5020,85,90,75,0,10.58,Excel Benchmark
motorola_moto_watch_fit_13817,231241,241,2041,16,48,20,0,0.0,Estimated
motorola_moto_pad_60_pro_13802,1460000,1432,4663,23,50,70,0,0.0,Excel Benchmark
motorola_edge_60_stylus_5g_13785,50000,150,550,70,65,90,0,0.0,Estimated
motorola_moto_g_stylus_5g__2025__13784,647258,2842,5585,70,75,90,1870,10.15,GSMArena Lab
motorola_edge_60s_5g_13856,30000,110,420,65,65,70,0,0.0,Estimated
motorola_edge_60_fusion_13752,656811,3047,1650,65,65,70,1376,14.3,GSMArena Lab
motorola_moto_g_power__2025__13623,440530,2090,950,63,55,70,993,11.93,GSMArena Lab
motorola_moto_g__2025__13624,110000,270,950,63,45,50,0,0.0,Excel Benchmark
motorola_moto_g15_13507,273001,1001,4803,43,40,50,0,0.0,Excel Benchmark
motorola_moto_g15_power_13572,273001,1001,4803,43,40,55,0,0.0,Excel Benchmark
motorola_moto_e15_13574,273001,1001,4803,33,35,50,0,0.0,Excel Benchmark
motorola_moto_g05_13573,273001,1001,4803,43,35,50,0,0.0,Excel Benchmark
motorola_thinkphone_25_13373,270000,540,1650,85,75,80,0,0.0,Excel Benchmark
motorola_moto_g75_13372,446395,1595,5585,65,65,70,0,0.0,Excel Benchmark
motorola_moto_s50_13293,270000,540,1650,80,75,80,0,0.0,Excel Benchmark
motorola_moto_g55_13278,447999,399,997,63,55,50,0,0.0,Excel Benchmark
motorola_edge_50_neo_13224,696931,2959,1650,85,75,80,1437,13.48,GSMArena Lab
motorola_moto_g45_13267,677011,1011,4833,48,45,50,0,0.0,Excel Benchmark
motorola_moto_g35_13288,260880,1080,4040,50,65,50,0,0.0,Excel Benchmark
motorola_edge_50_13231,722062,2940,3200,85,65,90,1416,9.93,GSMArena Lab
motorola_razr_50_ultra_13150,1140567,4441,5020,85,90,75,1265,12.08,GSMArena Lab
motorola_razr_2024_13214,270000,540,1650,70,85,60,0,0.0,Excel Benchmark
motorola_razr_50_13151,657381,3016,1650,70,85,60,1289,11.77,GSMArena Lab
motorola_moto_g85_13144,677011,1011,4833,68,75,50,0,0.0,Excel Benchmark
motorola_s50_neo_13152,677011,1011,4833,68,75,50,0,0.0,Excel Benchmark
motorola_razr__2024_13213,575540,1740,5020,85,90,75,0,0.0,Excel Benchmark
motorola_moto_e14_13148,457479,1879,6437,21,35,45,0,0.0,Excel Benchmark
motorola_edge__2024__13111,50000,150,550,70,80,90,0,0.0,Estimated
motorola_moto_g_stylus_5g__2024__12787,549817,2664,2804,70,75,70,1387,12.72,GSMArena Lab
motorola_edge_50_ultra_12919,1485409,5051,5020,90,80,90,1473,12.93,GSMArena Lab
motorola_edge_50_fusion_12871,580458,2885,550,65,80,70,1322,12.67,GSMArena Lab
motorola_edge_50_pro_12909,842798,3083,3228,90,80,90,1295,11.98,GSMArena Lab
motorola_moto_g04s_12921,457479,1879,6437,41,35,45,0,0.0,Excel Benchmark
motorola_moto_g64_12925,447999,399,997,63,55,55,0,0.0,Excel Benchmark
motorola_moto_g__2024__12866,380000,650,1850,43,45,50,0,0.0,Excel Benchmark
motorola_moto_g24_12802,280000,520,1550,43,40,45,0,0.0,Excel Benchmark
motorola_moto_g04_12803,457479,1879,6437,21,35,45,0,0.0,Excel Benchmark
motorola_moto_g_power__2024__12867,550000,850,2400,63,55,70,0,0.0,Excel Benchmark
motorola_moto_watch_40_12826,231241,241,2041,16,28,20,0,0.0,Estimated
motorola_moto_x50_ultra_13008,575540,1740,5020,90,80,90,0,0.0,Excel Benchmark
motorola_moto_g24_power_12813,280000,520,1550,48,40,55,0,0.0,Excel Benchmark
motorola_moto_g_play__2024__12798,200000,380,1350,43,40,45,0,0.0,Excel Benchmark
motorola_edge_40_neo_12467,524597,2563,2600,70,80,70,1073,10.47,GSMArena Lab
motorola_moto_g54_12543,550000,850,2400,63,55,45,0,0.0,Excel Benchmark
motorola_edge__2023__12620,580000,900,2600,75,80,80,0,0.0,Excel Benchmark
motorola_moto_g54_power_12503,432772,1918,2400,63,55,65,489,13.9,GSMArena Lab
motorola_moto_g34_12759,420000,750,2200,48,45,50,0,0.0,Excel Benchmark
motorola_moto_g84_12526,389015,1824,2200,58,75,50,996,12.52,GSMArena Lab
motorola_moto_g14_12447,250000,480,1450,43,40,45,0,0.0,Excel Benchmark
motorola_razr_40_ultra_12169,975461,3645,5762,60,80,50,1050,0.0,GSMArena Lab
motorola_razr_40_12311,566140,2873,3200,70,80,60,1064,0.0,GSMArena Lab
motorola_edge___2023__12251,1539080,1926,5226,83,80,90,0,0.0,Excel Benchmark
motorola_edge_40_12204,688347,3320,5122,75,80,80,1043,0.0,GSMArena Lab
motorola_moto_g_stylus__2023__12250,280000,520,1550,43,35,45,0,0.0,Excel Benchmark
motorola_moto_g__2023__12249,350000,620,1750,38,45,45,0,0.0,Excel Benchmark
motorola_moto_g_stylus_5g__2023__12301,560000,943,2804,45,55,50,0,0.0,Excel Benchmark
motorola_moto_watch_200_12033,231241,241,2041,16,38,20,0,0.0,Estimated
motorola_moto_g_power_5g_12219,210792,592,3576,48,55,45,0,0.0,Excel Benchmark
motorola_moto_watch_70_11984,231241,241,2041,16,28,20,0,0.0,Estimated
motorola_edge_40_pro_12127,1273764,4896,5226,83,80,90,1050,0.0,GSMArena Lab
motorola_defy_2_12141,210792,592,3576,43,55,65,0,0.0,Excel Benchmark
motorola_moto_g73_12079,210792,592,3576,48,55,50,0,0.0,Excel Benchmark
motorola_moto_g53_12028,314195,1594,1750,48,45,50,599,0.0,GSMArena Lab
motorola_moto_g23_12088,280000,520,1550,48,35,50,0,0.0,Excel Benchmark
motorola_moto_g13_12091,280000,520,1550,43,35,50,0,0.0,Excel Benchmark
motorola_thinkphone_12059,1081805,4207,5762,75,70,90,1069,0.0,GSMArena Lab
motorola_moto_e13_12090,457479,1879,6437,21,30,45,0,0.0,Excel Benchmark
motorola_moto_g_play__2023__11957,340000,600,1850,21,35,45,0,0.0,Excel Benchmark
motorola_moto_x40_11961,1539080,1926,5226,83,70,90,0,0.0,Excel Benchmark
motorola_moto_e22_11883,340000,600,1850,21,35,35,0,0.0,Excel Benchmark
motorola_moto_e22i_11884,340000,600,1850,21,35,35,0,0.0,Excel Benchmark
motorola_moto_e32__india__11920,340000,600,1850,43,35,45,0,0.0,Excel Benchmark
motorola_moto_g72_11910,383317,1842,1900,53,65,60,1015,0.0,GSMArena Lab
motorola_edge_30_ultra_11206,1074722,4265,5762,88,80,90,1047,0.0,GSMArena Lab
motorola_edge_30_fusion_11851,827929,3458,3600,75,80,60,946,0.0,GSMArena Lab
motorola_edge_30_neo_11635,380818,1964,2200,68,65,80,1004,0.0,GSMArena Lab
motorola_moto_e22s_11837,340000,600,1850,23,35,45,0,0.0,Excel Benchmark
motorola_edge__2022__11777,407852,1652,3756,75,70,70,0,0.0,Excel Benchmark
motorola_moto_x30_pro_11366,336254,1654,5762,88,80,90,0,0.0,Excel Benchmark
motorola_razr_2022_11752,965260,3944,5762,75,70,30,1033,0.0,GSMArena Lab
motorola_moto_g62__india__11754,420000,750,2200,48,55,45,0,0.0,Excel Benchmark
motorola_moto_g32_11733,200000,380,1350,48,45,50,0,0.0,Excel Benchmark
motorola_moto_g62_5g_11602,303072,1697,1750,48,55,45,552,0.0,GSMArena Lab
motorola_moto_tab_g62_11746,200000,380,1350,18,28,55,0,0.0,Excel Benchmark
motorola_moto_e32s_11555,340000,600,1850,23,35,45,0,0.0,Excel Benchmark
motorola_moto_g71s_11531,420000,750,2200,63,65,60,0,0.0,Excel Benchmark
motorola_moto_e32_11485,457479,1879,6437,23,35,50,0,0.0,Excel Benchmark
motorola_edge_30_11500,650000,1100,3100,70,70,50,0,0.0,Excel Benchmark
motorola_moto_g_stylus_5g__2022__11462,420000,750,2200,58,55,45,0,0.0,Excel Benchmark
motorola_moto_g__2022__11491,520000,800,2300,41,35,45,0,0.0,Excel Benchmark
motorola_moto_g22_11365,340000,600,1850,23,35,50,0,0.0,Excel Benchmark
motorola_moto_g52_11457,200000,380,1350,48,55,50,0,0.0,Excel Benchmark
motorola_edge__5g_uw__2022__11755,1120000,1610,3860,63,70,85,0,0.0,Excel Benchmark
motorola_edge_30_pro_11320,941895,3658,3860,63,70,85,685,0.0,GSMArena Lab
motorola_moto_g_stylus__2022__11282,300000,550,1600,43,45,45,0,0.0,Excel Benchmark
motorola_edge_x30_11262,1120000,1610,3860,53,75,70,0,0.0,Excel Benchmark
motorola_edge_s30_11263,850000,1180,3600,50,60,60,0,0.0,Excel Benchmark
motorola_moto_g200_5g_11222,811124,3319,3600,55,60,60,558,0.0,GSMArena Lab
motorola_moto_g71_5g_11223,420000,750,2200,48,50,50,0,0.0,Excel Benchmark
motorola_moto_g42_11608,200000,380,1350,48,50,50,0,0.0,Excel Benchmark
motorola_moto_tab_g70_11315,340000,600,1750,23,28,55,0,0.0,Excel Benchmark
motorola_moto_g82_11508,380812,1977,2200,63,65,50,690,0.0,GSMArena Lab
motorola_moto_g51_5g_11194,302859,1696,1750,48,55,50,595,0.0,GSMArena Lab
motorola_moto_s30_pro_11750,850000,1180,3600,70,70,60,0,0.0,Excel Benchmark
motorola_moto_g31_11225,280000,520,1550,41,50,45,0,0.0,Excel Benchmark
motorola_moto_g_power__2022__11211,340000,600,1850,43,35,45,0,0.0,Excel Benchmark
motorola_moto_g41_11224,280000,520,1550,51,50,50,0,0.0,Excel Benchmark
motorola_moto_watch_100_11220,231241,241,2041,16,28,20,0,0.0,Estimated
motorola_edge_5g_uw__2021__11753,630000,1080,3000,55,60,50,0,0.0,Excel Benchmark
motorola_g_pure_11145,100000,250,800,21,30,35,0,0.0,Excel Benchmark
motorola_moto_e30_11199,803017,1817,5251,38,35,45,0,0.0,Excel Benchmark
motorola_moto_e40_11112,803017,1817,5251,33,35,45,0,0.0,Excel Benchmark
motorola_tab_g20_11133,130000,300,950,16,28,45,0,0.0,Excel Benchmark
motorola_moto_g60_10861,300000,570,1750,55,55,55,0,0.0,Excel Benchmark
motorola_moto_e20_11072,457479,1879,6437,21,30,35,0,0.0,Excel Benchmark
motorola_edge__2021__11061,630000,1080,3000,55,60,50,0,0.0,Excel Benchmark
motorola_edge_20_fusion_11056,85000,200,700,55,55,50,0,0.0,Excel Benchmark
motorola_moto_g60s_11047,360000,630,1800,25,55,65,0,0.0,Excel Benchmark
motorola_moto_g50_5g_11070,520000,800,2300,36,35,45,0,0.0,Excel Benchmark
motorola_edge_20_pro_11004,711090,3140,3300,90,70,45,673,0.0,GSMArena Lab
motorola_edge_20_11034,488574,2550,3000,85,70,40,650,0.0,GSMArena Lab
motorola_edge_20_lite_11035,370000,580,1750,55,55,50,0,0.0,Excel Benchmark
motorola_one_5g_uw_ace_11005,380000,650,2000,45,40,50,0,0.0,Excel Benchmark
motorola_defy__2021__10969,177314,5403,1200,38,30,50,436,0.0,GSMArena Lab
motorola_moto_g_stylus_5g_10947,340000,600,1700,23,40,45,0,0.0,Excel Benchmark
motorola_moto_g40_fusion_10862,300000,570,1750,50,55,55,0,0.0,Excel Benchmark
motorola_moto_g10_power_10778,170000,350,1300,18,30,55,0,0.0,Excel Benchmark
motorola_moto_g50_10789,286916,1620,1700,36,35,45,362,0.0,GSMArena Lab
motorola_moto_e7i_power_11000,100000,250,850,21,30,45,0,0.0,Excel Benchmark
motorola_moto_g10_10723,140230,1139,1300,18,30,45,370,0.0,GSMArena Lab
motorola_moto_g20_10828,803017,1817,5251,16,35,45,0,0.0,Excel Benchmark
motorola_moto_e6i_10734,100000,250,850,21,30,25,0,0.0,Excel Benchmark
motorola_moto_e7_power_10738,100000,250,800,21,30,45,0,0.0,Excel Benchmark
motorola_moto_g30_10724,170968,1265,1200,16,35,45,468,0.0,GSMArena Lab
motorola_edge_s_10705,750000,1000,3300,43,50,50,0,0.0,Excel Benchmark
motorola_moto_g100_10791,556137,2860,3300,43,50,50,613,0.0,GSMArena Lab
motorola_one_5g_ace_10671,380000,650,2000,45,40,45,0,0.0,Excel Benchmark
motorola_moto_g_stylus__2021__10583,650392,2192,7376,25,40,35,0,0.0,Excel Benchmark
motorola_moto_g_power__2021__10672,160000,330,1200,38,30,45,0,0.0,Excel Benchmark
motorola_moto_e7_10511,100000,250,800,36,30,35,0,0.0,Excel Benchmark
motorola_moto_g_5g_10577,312461,1980,2000,45,40,50,484,0.0,GSMArena Lab
motorola_moto_g9_power_10574,182875,1374,1200,48,30,55,521,0.0,GSMArena Lab
motorola_moto_g_play__2021__10673,170000,350,1300,21,30,45,0,0.0,Excel Benchmark
motorola_moto_g9_plus_10432,253105,1695,1700,25,40,50,522,0.0,GSMArena Lab
motorola_razr_5g_10410,350000,620,1900,60,38,20,0,0.0,Excel Benchmark
motorola_one_5g_uw_10518,340000,600,1850,18,45,45,0,0.0,Excel Benchmark
motorola_one_5g_10407,340000,600,1850,18,45,45,0,0.0,Excel Benchmark
motorola_moto_g9_play_10387,170064,1402,1200,38,30,50,465,0.0,GSMArena Lab
motorola_moto_e7_plus_10436,170000,350,1300,38,30,45,0,0.0,Excel Benchmark
motorola_one_fusion__10290,267980,1705,1650,25,40,45,562,0.0,GSMArena Lab
motorola_one_fusion_10317,230000,480,1500,20,30,45,0,0.0,Excel Benchmark
motorola_moto_g_5g_plus_10307,299926,1898,1850,18,45,50,543,0.0,GSMArena Lab
motorola_one_vision_plus_10374,170000,350,1300,38,40,35,0,0.0,Excel Benchmark
motorola_moto_e__2020__10287,120000,280,1000,21,30,25,0,0.0,Excel Benchmark
motorola_moto_g9__india__10384,160000,330,1200,38,30,50,0,0.0,Excel Benchmark
motorola_moto_g_pro_10269,173611,1385,1300,45,40,35,642,0.0,GSMArena Lab
motorola_edge___2020__10119,574155,3295,3100,78,55,70,607,0.0,GSMArena Lab
motorola_moto_g8_power_lite_10154,340000,600,1850,23,30,45,0,0.0,Excel Benchmark
motorola_moto_g_stylus_10057,170000,350,1300,45,40,35,0,0.0,Excel Benchmark
motorola_moto_g_fast_10286,170000,350,1300,30,30,35,0,0.0,Excel Benchmark
motorola_edge_10133,305989,1862,1900,58,55,45,0,0.0,GSMArena Lab
motorola_moto_e6s__2020__10135,130000,300,950,21,30,25,0,0.0,Excel Benchmark
motorola_moto_g8_10051,170000,350,1300,30,30,35,0,0.0,Excel Benchmark
motorola_moto_g_power_10076,170000,350,1300,35,40,45,0,0.0,Excel Benchmark
motorola_moto_g8_power_10052,173607,1394,1300,25,40,50,0,0.0,GSMArena Lab
motorola_one_hyper_9944,240000,500,1550,55,40,40,0,0.0,Excel Benchmark
motorola_moto_g8_play_9918,270000,500,1500,23,30,35,0,0.0,Excel Benchmark
motorola_razr_2019_9630,230000,480,1500,28,38,20,0,0.0,Excel Benchmark
motorola_moto_e6_play_9932,80000,200,700,21,50,25,0,0.0,Excel Benchmark
motorola_moto_g8_plus_9916,168699,5641,1300,38,40,35,581,0.0,GSMArena Lab
motorola_moto_e6_plus_9831,130000,300,950,23,30,25,0,0.0,Excel Benchmark
motorola_one_zoom_9745,180000,5802,1550,18,50,35,690,0.0,GSMArena Lab
motorola_moto_e6_9682,50000,150,550,21,50,25,0,0.0,Estimated
motorola_one_action_9739,148748,5271,5984,28,40,25,459,0.0,GSMArena Lab
motorola_one_vision_9647,143124,5425,5984,53,40,25,486,0.0,GSMArena Lab
motorola_moto_g7_plus_9533,117829,4927,1150,43,40,30,0,0.0,GSMArena Lab
motorola_moto_g7_9357,106292,4755,1000,25,40,25,0,0.0,GSMArena Lab
motorola_one_macro_9900,159405,5763,1500,23,30,35,442,0.0,GSMArena Lab
motorola_moto_g7_play_9532,97230,4154,1000,25,30,25,0,0.0,GSMArena Lab
motorola_one__p30_play__9310,81024,4183,850,25,30,25,0,0.0,GSMArena Lab
motorola_moto_z4_9691,173234,6515,1550,53,50,25,0,0.0,GSMArena Lab
motorola_one_power__p30_note__9221,140000,320,1150,28,40,45,0,0.0,Excel Benchmark
motorola_moto_z3_9283,207903,6614,1800,20,50,25,0,0.0,GSMArena Lab
motorola_moto_e5_cruise_9575,411929,329,2787,16,30,20,0,0.0,Excel Benchmark
motorola_moto_e5_play_go_9270,40000,130,480,16,28,20,0,0.0,Estimated
motorola_moto_e5_play_9175,40000,130,480,16,30,20,0,0.0,Estimated
motorola_moto_z3_play_9003,140000,320,1150,25,50,25,0,0.0,Excel Benchmark
motorola_moto_e5_9008,40000,130,480,21,50,35,0,0.0,Estimated
motorola_moto_e5_plus_9095,40000,130,480,16,50,45,0,0.0,Estimated
motorola_p30_9294,140000,320,1150,26,40,30,0,0.0,Excel Benchmark
motorola_moto_g7_power_9527,107495,4534,1000,20,30,45,0,0.0,GSMArena Lab
motorola_moto_g6_9000,70845,3972,750,28,40,25,0,0.0,GSMArena Lab
motorola_moto_g6_play_9002,58757,2328,500,23,50,35,0,0.0,GSMArena Lab
motorola_moto_g6_plus_9001,90263,4160,950,30,40,25,0,0.0,GSMArena Lab
motorola_moto_x4_8634,110000,4136,950,25,40,25,0,0.0,Excel Benchmark
motorola_moto_g5s_plus_8699,95000,4331,850,25,40,25,0,0.0,Excel Benchmark
motorola_moto_x5_8999,231241,241,2041,23,40,25,0,0.0,Estimated
motorola_moto_g5s_8698,45000,2277,500,21,40,25,0,0.0,Estimated
motorola_moto_z2_force_8693,209779,6629,1800,18,60,20,0,0.0,GSMArena Lab
motorola_moto_e4_plus_8722,70000,180,650,21,30,45,0,0.0,Excel Benchmark
motorola_moto_e4_8721,70000,180,650,16,30,20,0,0.0,Excel Benchmark
motorola_moto_e4_plus__usa__8666,411929,329,2787,21,30,45,0,0.0,Excel Benchmark
motorola_moto_e4__usa__8665,40000,130,480,16,30,20,0,0.0,Estimated
motorola_moto_z2_play_8674,100000,250,900,23,50,25,0,0.0,Excel Benchmark
motorola_moto_c_plus_8646,70000,180,650,16,25,35,0,0.0,Excel Benchmark
motorola_moto_c_8645,70000,180,650,16,23,20,0,0.0,Excel Benchmark
motorola_moto_m_8299,240000,500,1550,23,40,25,0,0.0,Excel Benchmark
motorola_moto_g5_8454,45000,2580,500,21,40,20,0,0.0,Estimated
motorola_moto_e3_power_8337,928945,2145,7235,16,30,25,0,0.0,Excel Benchmark
motorola_moto_g5_plus_8453,95000,4255,850,23,40,25,0,0.0,Excel Benchmark
motorola_moto_e3_8198,928945,2145,7235,16,30,20,0,0.0,Excel Benchmark
motorola_moto_z_play_8310,95000,240,850,23,50,25,0,0.0,Excel Benchmark
motorola_moto_z_8094,180000,330,1200,43,60,20,0,0.0,Excel Benchmark
motorola_moto_g4_8103,692191,2191,5373,21,40,25,0,0.0,Excel Benchmark
motorola_moto_g4_play_8104,35000,120,450,16,30,20,0,0.0,Estimated
motorola_moto_g_turbo_7743,536428,1028,3884,21,30,20,0,0.0,Excel Benchmark
motorola_moto_g4_plus_8050,692191,2191,5373,21,40,25,0,0.0,Excel Benchmark
motorola_moto_x_force_7555,120000,250,900,18,60,45,0,0.0,Excel Benchmark
motorola_droid_turbo_2_7713,120000,250,900,18,60,45,0,0.0,Excel Benchmark
motorola_moto_x_play_dual_sim_7470,536428,1028,3884,16,40,25,0,0.0,Excel Benchmark
motorola_moto_z_force_8093,180000,330,1200,38,60,25,0,0.0,Excel Benchmark
motorola_droid_maxx_2_7712,536428,1028,3884,16,40,25,0,0.0,Excel Benchmark
motorola_moto_x_play_7454,536428,1028,3884,16,40,25,0,0.0,Excel Benchmark
motorola_moto_g_dual_sim__3rd_gen__7469,35000,120,450,21,30,20,0,0.0,Estimated
motorola_moto_360_42mm__2nd_gen__7684,30000,110,420,16,28,40,0,0.0,Estimated
motorola_moto_360_46mm__2nd_gen__7683,30000,110,420,16,28,40,0,0.0,Estimated
motorola_moto_360__1st_gen__7682,155927,727,3981,16,28,40,0,0.0,Excel Benchmark
motorola_moto_x_style_7229,425551,1551,3453,18,50,25,0,0.0,Excel Benchmark
motorola_moto_g__3rd_gen__7247,35000,120,450,21,30,20,0,0.0,Estimated
motorola_moto_e__2nd_gen__6986,15000,60,250,16,28,20,0,0.0,Estimated
motorola_moto_e_dual_sim__2nd_gen__7222,15000,60,250,16,28,20,0,0.0,Estimated
motorola_moto_g_4g_dual_sim__2nd_gen__6991,30000,110,420,16,30,20,0,0.0,Estimated
motorola_moto_maxx_6779,647046,2046,4938,18,60,45,0,0.0,Excel Benchmark
motorola_droid_turbo_6727,647046,2046,4938,18,60,45,0,0.0,Excel Benchmark
motorola_nexus_6_6604,647046,2046,4938,38,60,45,0,0.0,Excel Benchmark
motorola_moto_x__2nd_gen__6649,90000,220,750,23,50,20,0,0.0,Excel Benchmark
motorola_moto_g_4g__2nd_gen__7137,30000,110,420,16,30,20,0,0.0,Estimated
motorola_moto_g_dual_sim__2nd_gen__6648,30000,110,420,16,30,20,0,0.0,Estimated
motorola_moto_g__2nd_gen__6647,30000,110,420,16,30,20,0,0.0,Estimated
motorola_moto_360_sport__1st_gen__7685,30000,110,420,16,28,40,0,0.0,Estimated
motorola_moto_g_4g_6355,30000,110,420,16,30,20,0,0.0,Estimated
motorola_moto_e_6376,15000,60,250,16,28,20,0,0.0,Estimated
motorola_moto_e_dual_sim_6323,15000,60,250,16,28,20,0,0.0,Estimated
motorola_luge_6806,12000,50,200,16,38,20,0,0.0,Estimated
motorola_moto_g_5831,30000,110,420,16,30,20,0,0.0,Estimated
motorola_moto_x_5601,12000,50,200,16,40,20,0,0.0,Estimated
motorola_droid_ultra_5605,12000,50,200,16,40,20,0,0.0,Estimated
motorola_droid_maxx_5604,12000,50,200,16,40,25,0,0.0,Estimated
motorola_droid_mini_5603,12000,50,200,16,25,40,0,0.0,Estimated
motorola_razr_d3_xt919_5356,588057,857,4371,16,23,20,0,0.0,Excel Benchmark
motorola_razr_d1_5355,385219,1619,3657,16,23,20,0,0.0,Excel Benchmark
motorola_electrify_m_xt905_5102,231241,241,2041,16,38,20,0,0.0,Estimated
motorola_razr_i_xt890_4998,170000,350,1300,16,38,20,0,0.0,Excel Benchmark
motorola_droid_razr_maxx_hd_4972,12000,50,200,16,40,25,0,0.0,Estimated
motorola_droid_razr_m_4973,12000,50,200,16,38,20,0,0.0,Estimated
motorola_moto_g_dual_sim_5978,30000,110,420,16,30,20,0,0.0,Estimated
motorola_razr_m_xt905_4974,12000,50,200,16,38,20,0,0.0,Estimated
motorola_razr_hd_xt925_4970,231241,241,2041,16,40,20,0,0.0,Estimated
motorola_defy_pro_xt560_4868,231241,241,2041,16,23,20,0,0.0,Estimated
motorola_droid_razr_hd_4971,12000,50,200,16,40,20,0,0.0,Estimated
motorola_atrix_hd_mb886_4867,12000,50,200,16,25,20,0,0.0,Estimated
motorola_xt760_4820,231241,241,2041,16,23,20,0,0.0,Estimated
motorola_atrix_tv_xt682_4797,665910,2110,6130,16,23,20,0,0.0,Excel Benchmark
motorola_atrix_tv_xt687_4921,665910,2110,6130,16,23,20,0,0.0,Excel Benchmark
motorola_photon_q_4g_lte_xt897_4885,231241,241,2041,16,23,20,0,0.0,Estimated
motorola_defy_xt_xt556_4892,231241,241,2041,16,23,20,0,0.0,Estimated
motorola_electrify_2_xt881_4891,45000,140,500,16,23,20,0,0.0,Estimated
motorola_motosmart_me_xt303_5153,625334,734,2002,16,23,20,0,0.0,Excel Benchmark
motorola_motokey_3_chip_ex117_4796,231241,241,2041,16,23,20,0,0.0,Estimated
motorola_razr_v_xt889_4856,45000,140,500,16,28,20,0,0.0,Estimated
motorola_razr_v_mt887_4778,231241,241,2041,16,28,20,0,0.0,Estimated
motorola_razr_v_xt885_5224,45000,140,500,16,28,20,0,0.0,Estimated
motorola_motosmart_flip_xt611_4713,470966,1966,6698,16,23,20,0,0.0,Excel Benchmark
motorola_motosmart_mix_xt550_4762,402467,1267,3601,16,23,20,0,0.0,Excel Benchmark
motorola_defy_xt535_4622,535226,226,2478,16,23,20,0,0.0,Excel Benchmark
motorola_motogo_ex430_4746,231241,241,2041,16,23,20,0,0.0,Estimated
motorola_xt390_4696,625334,734,2002,16,23,20,0,0.0,Excel Benchmark
motorola_motogo_tv_ex440_5155,231241,241,2041,16,23,20,0,0.0,Estimated
motorola_razr_maxx_4666,45000,140,500,16,38,25,0,0.0,Estimated
motorola_droid_razr_maxx_4417,45000,140,500,16,38,25,0,0.0,Estimated
motorola_gleam__wx308_4529,231241,241,2041,16,23,20,0,0.0,Estimated
motorola_droid_4_xt894_4418,45000,140,500,16,23,20,0,0.0,Estimated
motorola_motoluxe_mt680_4849,130000,550,1000,16,23,20,0,0.0,Excel Benchmark
motorola_motoluxe_4404,556293,1893,6479,16,23,20,0,0.0,Excel Benchmark
motorola_motoluxe_xt389_4848,625334,734,2002,16,23,20,0,0.0,Excel Benchmark
motorola_defy_mini_xt320_4375,231241,241,2041,16,23,20,0,0.0,Estimated
motorola_defy_mini_xt321_4847,660265,1465,4195,16,23,20,0,0.0,Excel Benchmark
motorola_wx306_4399,231241,241,2041,16,23,20,0,0.0,Estimated
motorola_mt917_4383,231241,241,2041,21,30,20,0,0.0,Estimated
motorola_xt319_4918,470966,1966,6698,16,23,20,0,0.0,Excel Benchmark
motorola_xt928_4382,231241,241,2041,21,30,20,0,0.0,Estimated
motorola_fire_4386,231241,241,2041,16,23,20,0,0.0,Estimated
motorola_droid_xyboard_10_1_mz617_4360,45000,140,500,16,30,50,0,0.0,Estimated
motorola_moto_xt615_4348,556293,1893,6479,16,23,20,0,0.0,Excel Benchmark
motorola_droid_xyboard_8_2_mz609__4361,45000,140,500,16,30,25,0,0.0,Estimated
motorola_ex226_4144,231241,241,2041,16,23,20,0,0.0,Estimated
motorola_motokey_social_4143,231241,241,2041,16,23,20,0,0.0,Estimated
motorola_xt532_4355,470966,1966,6698,16,23,20,0,0.0,Excel Benchmark
motorola_xoom_2_media_edition_3g_mz608_4465,45000,140,500,16,23,25,0,0.0,Estimated
motorola_xoom_2_3g_mz616_4464,45000,140,500,16,30,50,0,0.0,Estimated
motorola_xoom_2_media_edition_mz607_4306,45000,140,500,16,23,25,0,0.0,Estimated
motorola_xoom_media_edition_mz505_4307,248158,758,3074,16,23,20,0,0.0,Excel Benchmark
motorola_xoom_2_mz615_4305,45000,140,500,16,30,50,0,0.0,Estimated
motorola_razr_xt910_4273,45000,140,500,16,38,20,0,0.0,Estimated
motorola_droid_razr_xt912_4101,45000,140,500,16,38,20,0,0.0,Estimated
motorola_atrix_2_mb865_4199,45000,140,500,16,23,20,0,0.0,Estimated
motorola_admiral_xt603_4282,700000,900,3100,16,23,20,0,0.0,Excel Benchmark
motorola_me632_4272,231241,241,2041,16,23,20,0,0.0,Estimated
motorola_defy__4098,471630,1830,4290,16,23,20,0,0.0,Excel Benchmark
motorola_pro__4128,231241,241,2041,16,23,20,0,0.0,Estimated
motorola_ex212_4108,231241,241,2041,16,23,20,0,0.0,Estimated
motorola_motokey_xt_ex118_4061,231241,241,2041,16,23,20,0,0.0,Estimated
motorola_ex119_4106,231241,241,2041,16,23,20,0,0.0,Estimated
motorola_motokey_mini_ex109_4107,231241,241,2041,16,23,20,0,0.0,Estimated
motorola_motokey_mini_ex108_4062,231241,241,2041,16,23,20,0,0.0,Estimated
motorola_fire_xt_4160,470966,1966,6698,16,23,20,0,0.0,Excel Benchmark
motorola_fire_xt311_4045,644976,1976,5728,16,23,20,0,0.0,Excel Benchmark
motorola_spice_key_xt317_4209,644976,1976,5728,16,23,20,0,0.0,Excel Benchmark
motorola_spice_key_4046,644976,1976,5728,16,23,20,0,0.0,Excel Benchmark
motorola_milestone_3_xt860_4349,45000,140,500,16,23,20,0,0.0,Estimated
motorola_wx294_4060,231241,241,2041,16,23,20,0,0.0,Estimated
motorola_triumph_3988,700000,900,3100,16,23,20,0,0.0,Excel Benchmark
motorola_droid_3_4036,45000,140,500,16,23,20,0,0.0,Estimated
motorola_ex232_4072,231241,241,2041,16,38,20,0,0.0,Estimated
motorola_moto_mt870_4023,610901,901,2503,16,23,20,0,0.0,Excel Benchmark
motorola_photon_4g_mb855_3987,610901,901,2503,16,23,20,0,0.0,Excel Benchmark
motorola_wilder_3980,716838,1438,3114,16,38,20,0,0.0,Excel Benchmark
motorola_milestone_xt883_4025,45000,140,500,16,23,20,0,0.0,Estimated
motorola_moto_xt882_3981,610901,901,2503,16,23,20,0,0.0,Excel Benchmark
motorola_xprt_mb612_3946,667695,895,2485,16,23,20,0,0.0,Excel Benchmark
motorola_moto_xt316_4024,644976,1976,5728,16,23,20,0,0.0,Excel Benchmark
motorola_gleam_3871,231241,241,2041,16,23,20,0,0.0,Estimated
motorola_moto_mt620_3982,231241,241,2041,16,23,20,0,0.0,Estimated
motorola_xoom_mz601_3834,248158,758,3074,16,23,25,0,0.0,Excel Benchmark
motorola_xoom_mz600_3832,248158,758,3074,16,23,25,0,0.0,Excel Benchmark
motorola_pro_3781,667695,895,2485,16,23,20,0,0.0,Excel Benchmark
motorola_xoom_mz604_3833,248158,758,3074,16,23,25,0,0.0,Excel Benchmark
motorola_atrix_4g_3708,610901,901,2503,16,23,20,0,0.0,Excel Benchmark
motorola_cliq_2_3454,231241,241,2041,16,23,20,0,0.0,Estimated
motorola_atrix_3709,610901,901,2503,16,23,20,0,0.0,Excel Benchmark
motorola_droid_bionic_xt875_3710,45000,140,500,16,23,20,0,0.0,Estimated
motorola_droid_bionic_xt865_4523,610901,901,2503,16,23,20,0,0.0,Excel Benchmark
motorola_moto_me525_3912,537332,1132,3196,16,23,20,0,0.0,Excel Benchmark
motorola_droid_x_me811_3730,110000,270,950,16,23,20,0,0.0,Excel Benchmark
motorola_milestone_2_me722_3911,110000,270,950,16,23,20,0,0.0,Excel Benchmark
motorola_droid_2_global_3636,451812,1612,4636,16,23,20,0,0.0,Excel Benchmark
motorola_ex128_3677,231241,241,2041,16,23,20,0,0.0,Estimated
motorola_mototv_ex245_3445,231241,241,2041,16,23,20,0,0.0,Estimated
motorola_droid_pro_xt610_3541,762125,1325,4775,16,23,20,0,0.0,Excel Benchmark
motorola_xt301_3628,95000,240,850,16,23,20,0,0.0,Excel Benchmark
motorola_ex122_3923,231241,241,2041,16,23,20,0,0.0,Estimated
motorola_spice_xt300_3540,320486,1486,3258,16,23,20,0,0.0,Excel Benchmark
motorola_moto_mt716_3535,45000,140,500,16,23,20,0,0.0,Estimated
motorola_bravo_mb520_3538,537332,1132,3196,16,23,20,0,0.0,Excel Benchmark
motorola_citrus_wx445_3542,95000,240,850,16,23,20,0,0.0,Excel Benchmark
motorola_ex300_3523,231241,241,2041,16,23,20,0,0.0,Estimated
motorola_flipside_mb508_3539,35000,120,450,16,23,20,0,0.0,Estimated
motorola_ex115_3447,231241,241,2041,16,23,20,0,0.0,Estimated
motorola_ex201_3597,231241,241,2041,16,23,20,0,0.0,Estimated
motorola_defy_3514,537332,1132,3196,16,23,20,0,0.0,Excel Benchmark
motorola_ex112_3446,231241,241,2041,16,23,20,0,0.0,Estimated
motorola_cupe_3526,231241,241,2041,16,23,20,0,0.0,Estimated
motorola_ex210_3488,231241,241,2041,16,23,20,0,0.0,Estimated
motorola_milestone_2_3495,110000,270,950,16,23,20,0,0.0,Excel Benchmark
motorola_droid_2_3475,231241,241,2041,16,23,20,0,0.0,Estimated
motorola_mt810lx_3626,45000,140,500,16,23,20,0,0.0,Estimated
motorola_xt810_3521,45000,140,500,16,23,20,0,0.0,Estimated
motorola_a1260_3627,231241,241,2041,16,23,20,0,0.0,Estimated
motorola_a1680_3474,231241,241,2041,16,38,20,0,0.0,Estimated
motorola_xt806_3476,45000,140,500,16,23,20,0,0.0,Estimated
motorola_grasp_wx404_3455,231241,241,2041,16,23,20,0,0.0,Estimated
motorola_rambler_3449,231241,241,2041,16,23,20,0,0.0,Estimated
motorola_es400_3409,244070,270,610,16,23,25,0,0.0,Excel Benchmark
motorola_milestone_xt720_3375,231241,241,2041,16,23,20,0,0.0,Estimated
motorola_xt720_motoroi_3090,231241,241,2041,16,23,20,0,0.0,Estimated
motorola_droid_x_3473,110000,270,950,16,23,20,0,0.0,Excel Benchmark
motorola_droid_x2_3959,610901,901,2503,16,23,20,0,0.0,Excel Benchmark
motorola_charm_3420,35000,120,450,16,23,20,0,0.0,Estimated
motorola_quench_xt5_xt502_3522,374909,1309,2727,16,23,20,0,0.0,Excel Benchmark
motorola_quench_xt3_xt502_3354,374909,1309,2727,16,23,20,0,0.0,Excel Benchmark
motorola_wx295_3293,231241,241,2041,16,38,20,0,0.0,Estimated
motorola_wx290_3292,231241,241,2041,16,23,20,0,0.0,Estimated
motorola_flipout_3271,35000,120,450,16,23,20,0,0.0,Estimated
motorola_wx265_3291,231241,241,2041,16,23,20,0,0.0,Estimated
motorola_wx260_3290,231241,241,2041,16,23,20,0,0.0,Estimated
motorola_wx181_3289,231241,241,2041,16,23,20,0,0.0,Estimated
motorola_wx161_3288,231241,241,2041,16,23,20,0,0.0,Estimated
motorola_quench_3153,411432,1232,2496,16,23,20,0,0.0,Excel Benchmark
motorola_backflip_3079,411432,1232,2496,16,23,20,0,0.0,Excel Benchmark
motorola_xt800_zhishang_3073,45000,140,500,16,23,20,0,0.0,Estimated
motorola_mt710_zhiling_3072,231241,241,2041,16,23,20,0,0.0,Estimated
motorola_moto_xt702_3917,45000,140,500,16,23,20,0,0.0,Estimated
motorola_milestone_3001,231241,241,2041,16,23,20,0,0.0,Estimated
motorola_xt701_3071,45000,140,500,16,23,20,0,0.0,Estimated
motorola_wx395_3062,231241,241,2041,16,23,20,0,0.0,Estimated
motorola_wx390_3061,231241,241,2041,16,23,20,0,0.0,Estimated
motorola_wx288_3060,231241,241,2041,16,23,20,0,0.0,Estimated
motorola_wx280_3059,231241,241,2041,16,23,20,0,0.0,Estimated
motorola_wx180_2982,231241,241,2041,16,23,20,0,0.0,Estimated
motorola_wx160_2981,231241,241,2041,16,23,20,0,0.0,Estimated
motorola_motocubo_a45_2951,231241,241,2041,16,23,20,0,0.0,Estimated
motorola_rokr_zn50_2866,231241,241,2041,16,23,20,0,0.0,Estimated
motorola_karma_qa1_2862,231241,241,2041,16,23,20,0,0.0,Estimated
motorola_l800t_2830,231241,241,2041,16,23,20,0,0.0,Estimated
motorola_w7_active_edition_2794,231241,241,2041,16,23,20,0,0.0,Estimated
motorola_rokr_w6_2786,231241,241,2041,16,23,20,0,0.0,Estimated
motorola_mc55_2740,231241,241,2041,16,23,25,0,0.0,Estimated
motorola_dext_mb220_2934,411432,1232,2496,16,23,20,0,0.0,Excel Benchmark
motorola_e11_2939,231241,241,2041,16,23,20,0,0.0,Estimated
motorola_a3100_2622,411432,1232,2496,16,23,20,0,0.0,Excel Benchmark
motorola_zn300_2736,231241,241,2041,16,23,20,0,0.0,Estimated
motorola_a3000_2894,565712,1512,5336,16,23,20,0,0.0,Excel Benchmark
motorola_tundra_va76r_2623,231241,241,2041,16,23,20,0,0.0,Estimated
motorola_w233_renew_2624,231241,241,2041,16,23,20,0,0.0,Estimated
motorola_em35_2586,231241,241,2041,16,23,20,0,0.0,Estimated
motorola_cocktail_ve70_2821,231241,241,2041,16,23,20,0,0.0,Estimated
motorola_aura_2562,231241,241,2041,16,23,20,0,0.0,Estimated
motorola_ve538_2532,231241,241,2041,16,23,20,0,0.0,Estimated
motorola_ve66_2612,231241,241,2041,16,23,20,0,0.0,Estimated
motorola_zn200_2484,231241,241,2041,16,23,20,0,0.0,Estimated
motorola_q_11_2541,231241,241,2041,16,23,20,0,0.0,Estimated
motorola_w396_2483,231241,241,2041,16,23,20,0,0.0,Estimated
motorola_w231_2515,231241,241,2041,16,23,20,0,0.0,Estimated
motorola_em30_2480,231241,241,2041,16,23,20,0,0.0,Estimated
motorola_razr2_v9x_2547,231241,241,2041,16,23,20,0,0.0,Estimated
motorola_em28_2479,231241,241,2041,16,23,20,0,0.0,Estimated
motorola_pebl_vu20_2820,231241,241,2041,16,38,20,0,0.0,Estimated
motorola_zn5_2432,231241,241,2041,16,23,20,0,0.0,Estimated
motorola_a1210_2893,231241,241,2041,16,23,20,0,0.0,Estimated
motorola_ve75_2475,231241,241,2041,16,23,20,0,0.0,Estimated
motorola_motoactv_w450_2764,231241,241,2041,16,23,20,0,0.0,Estimated
motorola_a1600_2433,231241,241,2041,16,23,20,0,0.0,Estimated
motorola_a810_2437,231241,241,2041,16,23,20,0,0.0,Estimated
motorola_em25_2478,231241,241,2041,16,23,20,0,0.0,Estimated
motorola_a1890_2980,231241,241,2041,16,23,20,0,0.0,Estimated
motorola_a1800_2434,231241,241,2041,16,23,20,0,0.0,Estimated
motorola_z6w_2271,231241,241,2041,16,23,20,0,0.0,Estimated
motorola_w388_2473,231241,241,2041,16,23,20,0,0.0,Estimated
motorola_z9_2334,231241,241,2041,16,23,20,0,0.0,Estimated
motorola_w177_2449,231241,241,2041,16,23,20,0,0.0,Estimated
motorola_w161_2269,231241,241,2041,16,23,20,0,0.0,Estimated
motorola_w181_2270,231241,241,2041,16,23,20,0,0.0,Estimated
motorola_z6c_2325,231241,241,2041,16,23,20,0,0.0,Estimated
motorola_w270_2201,231241,241,2041,16,23,20,0,0.0,Estimated
motorola_w230_2200,231241,241,2041,16,23,20,0,0.0,Estimated
motorola_rizr_z10_2103,552612,412,3036,16,23,20,0,0.0,Excel Benchmark
motorola_w213_2152,231241,241,2041,16,23,20,0,0.0,Estimated
motorola_w180_2151,231241,241,2041,16,23,20,0,0.0,Estimated
motorola_w377_2153,231241,241,2041,16,23,20,0,0.0,Estimated
motorola_rokr_e8_2104,231241,241,2041,16,23,20,0,0.0,Estimated
motorola_u9_2147,231241,241,2041,16,38,20,0,0.0,Estimated
motorola_v1100_2330,231241,241,2041,16,23,20,0,0.0,Estimated
motorola_pebl_u3_2102,231241,241,2041,16,23,20,0,0.0,Estimated
motorola_w160_2150,231241,241,2041,16,23,20,0,0.0,Estimated
motorola_rokr_w5_2407,231241,241,2041,16,23,20,0,0.0,Estimated
motorola_razr2_v9_1990,231241,241,2041,16,23,20,0,0.0,Estimated
motorola_razr2_v8_1991,231241,241,2041,16,23,20,0,0.0,Estimated
motorola_w380_1931,231241,241,2041,16,23,20,0,0.0,Estimated
motorola_w360_1933,231241,241,2041,16,23,20,0,0.0,Estimated
motorola_w490_2192,231241,241,2041,16,23,20,0,0.0,Estimated
motorola_w395_1930,231241,241,2041,16,23,20,0,0.0,Estimated
motorola_w218_1932,231241,241,2041,16,23,20,0,0.0,Estimated
motorola_rizr_z8_1863,552612,412,3036,16,23,20,0,0.0,Excel Benchmark
motorola_krzr_k3_1864,231241,241,2041,16,23,20,0,0.0,Estimated
motorola_slvr_l9_1865,231241,241,2041,16,23,20,0,0.0,Estimated
motorola_q_9h_1871,231241,241,2041,16,23,20,0,0.0,Estimated
motorola_q8_1232,231241,241,2041,16,23,20,0,0.0,Estimated
motorola_w215_1874,231241,241,2041,16,23,20,0,0.0,Estimated
motorola_w510_1872,231241,241,2041,16,23,20,0,0.0,Estimated
motorola_w205_1873,231241,241,2041,16,23,20,0,0.0,Estimated
motorola_slvr_l7e_1763,231241,241,2041,16,23,20,0,0.0,Estimated
motorola_razr_maxx_v6_1649,231241,241,2041,16,23,20,0,0.0,Estimated
motorola_razr_v3xx_1648,231241,241,2041,16,23,20,0,0.0,Estimated
motorola_rokr_z6_1825,231241,241,2041,16,23,20,0,0.0,Estimated
motorola_rizr_z3_1647,231241,241,2041,16,23,20,0,0.0,Estimated
motorola_rokr_e6_1810,231241,241,2041,16,23,20,0,0.0,Estimated
motorola_w209_2023,231241,241,2041,16,23,20,0,0.0,Estimated
motorola_w208_1602,231241,241,2041,16,23,20,0,0.0,Estimated
motorola_w375_1601,231241,241,2041,16,23,20,0,0.0,Estimated
motorola_w220_1458,231241,241,2041,16,23,20,0,0.0,Estimated
motorola_v195_1457,231241,241,2041,16,23,20,0,0.0,Estimated
motorola_rokr_e2_1401,231241,241,2041,16,23,20,0,0.0,Estimated
motorola_motofone_f3_1794,231241,241,2041,16,23,20,0,0.0,Estimated
motorola_razr_v3i_1352,231241,241,2041,16,23,20,0,0.0,Estimated
motorola_rokr_e1_1273,231241,241,2041,16,23,20,0,0.0,Estimated
motorola_a910_1233,231241,241,2041,16,23,20,0,0.0,Estimated
motorola_a728_1234,231241,241,2041,16,23,20,0,0.0,Estimated
motorola_a1200_1429,231241,241,2041,16,23,20,0,0.0,Estimated
motorola_v191_1609,231241,241,2041,16,23,20,0,0.0,Estimated
motorola_a732_1235,231241,241,2041,16,23,20,0,0.0,Estimated
motorola_e895_1211,231241,241,2041,16,23,20,0,0.0,Estimated
motorola_v3x_1120,231241,241,2041,16,23,20,0,0.0,Estimated
motorola_e1070_1333,231241,241,2041,16,23,20,0,0.0,Estimated
motorola_e770_1320,231241,241,2041,16,23,20,0,0.0,Estimated
motorola_pebl_u6_1077,231241,241,2041,16,23,20,0,0.0,Estimated
motorola_slvr_l7_1053,231241,241,2041,16,23,20,0,0.0,Estimated
motorola_e1060_1055,231241,241,2041,16,23,20,0,0.0,Estimated
motorola_krzr_k1_1646,231241,241,2041,16,23,20,0,0.0,Estimated
motorola_e1120_1056,231241,241,2041,16,23,20,0,0.0,Estimated
motorola_v1050_1123,231241,241,2041,16,23,20,0,0.0,Estimated
motorola_a1010_1054,524522,322,2766,16,23,20,0,0.0,Excel Benchmark
motorola_c261_1307,231241,241,2041,16,23,20,0,0.0,Estimated
motorola_c168_1305,231241,241,2041,16,23,20,0,0.0,Estimated
motorola_c123_2101,231241,241,2041,16,23,20,0,0.0,Estimated
motorola_c257_1306,231241,241,2041,16,23,20,0,0.0,Estimated
motorola_c118_1303,231241,241,2041,16,23,20,0,0.0,Estimated
motorola_c139_1304,231241,241,2041,16,23,20,0,0.0,Estimated
motorola_c117_1790,231241,241,2041,16,23,20,0,0.0,Estimated
motorola_c113a_1302,231241,241,2041,16,23,20,0,0.0,Estimated
motorola_c113_1301,231241,241,2041,16,23,20,0,0.0,Estimated
motorola_c390_1328,231241,241,2041,16,23,20,0,0.0,Estimated
motorola_v560_1057,231241,241,2041,16,23,20,0,0.0,Estimated
motorola_v557_1119,231241,241,2041,16,38,20,0,0.0,Estimated
motorola_v361_1776,231241,241,2041,16,23,20,0,0.0,Estimated
motorola_e680i_1136,231241,241,2041,16,23,20,0,0.0,Estimated
motorola_v360_1058,231241,241,2041,16,23,20,0,0.0,Estimated
motorola_l6_1118,231241,241,2041,16,23,20,0,0.0,Estimated
motorola_l2_1117,231241,241,2041,16,23,20,0,0.0,Estimated
motorola_v235_1079,231241,241,2041,16,23,20,0,0.0,Estimated
motorola_v230_1138,231241,241,2041,16,23,20,0,0.0,Estimated
motorola_v186_1121,231241,241,2041,16,23,20,0,0.0,Estimated
motorola_v176_1116,231241,241,2041,16,23,20,0,0.0,Estimated
motorola_v635_991,231241,241,2041,16,23,20,0,0.0,Estimated
motorola_a668_902,231241,241,2041,16,23,20,0,0.0,Estimated
motorola_v980_898,231241,241,2041,16,23,20,0,0.0,Estimated
motorola_e378i_1122,231241,241,2041,16,23,20,0,0.0,Estimated
motorola_v535_889,231241,241,2041,16,23,20,0,0.0,Estimated
motorola_v547_940,231241,241,2041,16,38,20,0,0.0,Estimated
motorola_c980_897,231241,241,2041,16,23,20,0,0.0,Estimated
motorola_e375_927,231241,241,2041,16,23,20,0,0.0,Estimated
motorola_razr_v3_853,231241,241,2041,16,23,20,0,0.0,Estimated
motorola_droid_bionic_targa_3973,231241,241,2041,16,28,20,0,0.0,Estimated
motorola_droid_xtreme_3092,110000,270,950,16,23,20,0,0.0,Excel Benchmark
motorola_a780_855,231241,241,2041,16,23,20,0,0.0,Estimated
motorola_v975_856,231241,241,2041,16,23,20,0,0.0,Estimated
motorola_v555_854,231241,241,2041,16,23,20,0,0.0,Estimated
motorola_v620_857,231241,241,2041,16,23,20,0,0.0,Estimated
motorola_c975_804,231241,241,2041,16,23,20,0,0.0,Estimated
motorola_e680_689,231241,241,2041,16,23,20,0,0.0,Estimated
motorola_c650_691,231241,241,2041,16,23,20,0,0.0,Estimated
motorola_v226_1140,231241,241,2041,16,23,20,0,0.0,Estimated
motorola_a840_725,231241,241,2041,16,23,20,0,0.0,Estimated
motorola_v188_979,231241,241,2041,16,23,20,0,0.0,Estimated
motorola_c155_877,231241,241,2041,16,23,20,0,0.0,Estimated
motorola_v171_948,231241,241,2041,16,23,20,0,0.0,Estimated
motorola_c115_876,231241,241,2041,16,23,20,0,0.0,Estimated
motorola_c116_1147,231241,241,2041,16,23,20,0,0.0,Estimated
motorola_e398_690,231241,241,2041,16,23,20,0,0.0,Estimated
motorola_mpx100_674,230000,480,1500,16,23,20,0,0.0,Excel Benchmark
motorola_mpx_673,230000,480,1500,16,23,20,0,0.0,Excel Benchmark
motorola_mpx220_668,825689,2089,5067,16,23,20,0,0.0,Excel Benchmark
motorola_v1000_655,231241,241,2041,16,28,20,0,0.0,Estimated
motorola_v872_851,231241,241,2041,16,38,20,0,0.0,Estimated
motorola_e1000_654,231241,241,2041,16,23,20,0,0.0,Estimated
motorola_a1000_653,524522,322,2766,16,23,20,0,0.0,Excel Benchmark
motorola_a768i_661,231241,241,2041,16,23,20,0,0.0,Estimated
motorola_c380_c385_658,231241,241,2041,16,23,20,0,0.0,Estimated
motorola_a630_659,231241,241,2041,16,23,20,0,0.0,Estimated
motorola_v80_609,231241,241,2041,16,23,20,0,0.0,Estimated
motorola_c205_660,231241,241,2041,16,23,20,0,0.0,Estimated
motorola_v400p_652,231241,241,2041,16,23,20,0,0.0,Estimated
motorola_c289_936,231241,241,2041,16,23,20,0,0.0,Estimated
motorola_v180_647,231241,241,2041,16,23,20,0,0.0,Estimated
motorola_v878_605,231241,241,2041,16,28,20,0,0.0,Estimated
motorola_a920_517,524522,322,2766,16,23,20,0,0.0,Excel Benchmark
motorola_v750_527,231241,241,2041,16,23,20,0,0.0,Estimated
motorola_mpx200_514,230000,480,1500,16,23,20,0,0.0,Excel Benchmark
motorola_v690_515,231241,241,2041,16,28,20,0,0.0,Estimated
motorola_v220_648,231241,241,2041,16,23,20,0,0.0,Estimated
motorola_v501_845,231241,241,2041,16,23,20,0,0.0,Estimated
motorola_v525_573,231241,241,2041,16,23,20,0,0.0,Estimated
motorola_v500_478,231241,241,2041,16,23,20,0,0.0,Estimated
motorola_v303_620,231241,241,2041,16,38,20,0,0.0,Estimated
motorola_v300_479,231241,241,2041,16,38,20,0,0.0,Estimated
motorola_e390_420,231241,241,2041,16,23,20,0,0.0,Estimated
motorola_a925_604,524522,322,2766,16,23,20,0,0.0,Excel Benchmark
motorola_v600_382,231241,241,2041,16,23,20,0,0.0,Estimated
motorola_c550_541,231241,241,2041,16,23,20,0,0.0,Estimated
motorola_v150_542,231241,241,2041,16,23,20,0,0.0,Estimated
motorola_c450_532,231241,241,2041,16,23,20,0,0.0,Estimated
motorola_c250_591,231241,241,2041,16,23,20,0,0.0,Estimated
motorola_c230_419,231241,241,2041,16,23,20,0,0.0,Estimated
motorola_c200_495,231241,241,2041,16,23,20,0,0.0,Estimated
motorola_v295_575,231241,241,2041,16,23,20,0,0.0,Estimated
motorola_a760_392,231241,241,2041,16,23,20,0,0.0,Estimated
motorola_a835_519,231241,241,2041,16,23,20,0,0.0,Estimated
motorola_v290_576,231241,241,2041,16,23,20,0,0.0,Estimated
motorola_a830_518,231241,241,2041,16,23,20,0,0.0,Estimated
motorola_c350_381,231241,241,2041,16,23,20,0,0.0,Estimated
motorola_a388c_458,231241,241,2041,16,23,20,0,0.0,Estimated
motorola_t725_521,231241,241,2041,16,23,20,0,0.0,Estimated
motorola_v291_774,231241,241,2041,16,23,20,0,0.0,Estimated
motorola_t720i_463,231241,241,2041,16,23,20,0,0.0,Estimated
motorola_t190_465,231241,241,2041,16,23,20,0,0.0,Estimated
motorola_e380_522,231241,241,2041,16,23,20,0,0.0,Estimated
motorola_e365_492,231241,241,2041,16,23,20,0,0.0,Estimated
motorola_v70_333,231241,241,2041,16,23,20,0,0.0,Estimated
motorola_t720_354,231241,241,2041,16,23,20,0,0.0,Estimated
motorola_c336_536,231241,241,2041,16,23,20,0,0.0,Estimated
motorola_c332_364,231241,241,2041,16,23,20,0,0.0,Estimated
motorola_c333_365,231241,241,2041,16,23,20,0,0.0,Estimated
motorola_c331_363,231241,241,2041,16,23,20,0,0.0,Estimated
motorola_c300_466,231241,241,2041,16,23,20,0,0.0,Estimated
motorola_e360_353,231241,241,2041,16,23,20,0,0.0,Estimated
motorola_accompli_388_332,231241,241,2041,16,23,20,0,0.0,Estimated
motorola_v60_298,231241,241,2041,16,23,20,0,0.0,Estimated
motorola_accompli_008_331,231241,241,2041,16,23,20,0,0.0,Estimated
motorola_timeport_280_249,231241,241,2041,16,23,20,0,0.0,Estimated
motorola_v60i_352,231241,241,2041,16,23,20,0,0.0,Estimated
motorola_timeport_250_256,231241,241,2041,16,23,20,0,0.0,Estimated
motorola_v66i_464,231241,241,2041,16,23,20,0,0.0,Estimated
motorola_talkabout_t192_297,231241,241,2041,16,23,20,0,0.0,Estimated
motorola_accompli_009_248,231241,241,2041,16,23,20,0,0.0,Estimated
motorola_talkabout_t191_267,231241,241,2041,16,23,20,0,0.0,Estimated
motorola_timeport_260_330,231241,241,2041,16,23,20,0,0.0,Estimated
motorola_v_box_v100__224,231241,241,2041,16,23,20,0,0.0,Estimated
motorola_v66_250,231241,241,2041,16,23,20,0,0.0,Estimated
motorola_v50_223,231241,241,2041,16,23,20,0,0.0,Estimated
motorola_t180_222,231241,241,2041,16,23,20,0,0.0,Estimated
motorola_a6188_202,231241,241,2041,16,23,20,0,0.0,Estimated
motorola_v8088_467,231241,241,2041,16,23,20,0,0.0,Estimated
motorola_talkabout_t2288_82,231241,241,2041,16,23,20,0,0.0,Estimated
motorola_v2288_221,231241,241,2041,16,23,20,0,0.0,Estimated
motorola_timeport_p7389_81,231241,241,2041,16,23,20,0,0.0,Estimated
motorola_timeport_l7089_80,231241,241,2041,16,23,20,0,0.0,Estimated
motorola_v3690_213,231241,241,2041,16,23,20,0,0.0,Estimated
motorola_v3688_79,231241,241,2041,16,23,20,0,0.0,Estimated
motorola_startac_130_73,231241,241,2041,16,23,20,0,0.0,Estimated
motorola_startac_85_74,231241,241,2041,16,23,20,0,0.0,Estimated
motorola_startac_rainbow_77,231241,241,2041,16,23,20,0,0.0,Estimated
motorola_startac_75__75,231241,241,2041,16,23,20,0,0.0,Estimated
motorola_startac_75_76,231241,241,2041,16,23,20,0,0.0,Estimated
motorola_slimlite_78,231241,241,2041,16,23,20,0,0.0,Estimated
motorola_cd930_72,231241,241,2041,16,23,20,0,0.0,Estimated
motorola_cd920_71,231241,241,2041,16,23,20,0,0.0,Estimated
motorola_m3288_69,231241,241,2041,16,23,20,0,0.0,Estimated
motorola_m3588_68,231241,241,2041,16,23,20,0,0.0,Estimated
motorola_m3188_70,231241,241,2041,16,23,20,0,0.0,Estimated
motorola_m3688_67,231241,241,2041,16,23,20,0,0.0,Estimated
motorola_m3788_66,231241,241,2041,16,23,20,0,0.0,Estimated
motorola_m3888_65,231241,241,2041,16,23,20,0,0.0,Estimated
mwg_zinc_ii_2557,231241,241,2041,16,23,20,0,0.0,Estimated
mwg_ubiquio_503g_2555,231241,241,2041,16,23,20,0,0.0,Estimated
mwg_atom_v_2554,231241,241,2041,16,23,20,0,0.0,Estimated
mwg_atom_life_2556,231241,241,2041,16,23,20,0,0.0,Estimated
mwg_ubiquio_501_2553,428910,1110,4130,16,23,20,0,0.0,Excel Benchmark
nec_terrain_5553,12000,50,200,16,23,20,0,0.0,Estimated
nec_n344i_1610,231241,241,2041,16,23,20,0,0.0,Estimated
nec_804n_1611,231241,241,2041,16,23,20,0,0.0,Estimated
nec_e373_1603,231241,241,2041,16,23,20,0,0.0,Estimated
nec_e636_1476,231241,241,2041,16,38,20,0,0.0,Estimated
nec_n500is_1428,231241,241,2041,16,38,20,0,0.0,Estimated
nec_e1108_1927,231241,241,2041,16,23,20,0,0.0,Estimated
nec_n908_1719,231241,241,2041,16,23,20,0,0.0,Estimated
nec_n500i_1475,231241,241,2041,16,38,20,0,0.0,Estimated
nec_n938_1374,231241,241,2041,16,23,20,0,0.0,Estimated
nec_e353_1339,231241,241,2041,16,23,20,0,0.0,Estimated
nec_e121_1399,231241,241,2041,16,23,20,0,0.0,Estimated
nec_e949_l1_1266,231241,241,2041,16,38,20,0,0.0,Estimated
nec_n600i_1329,231241,241,2041,16,23,20,0,0.0,Estimated
nec_e540_n411i_1094,231241,241,2041,16,23,20,0,0.0,Estimated
nec_n401i_1082,231241,241,2041,16,28,20,0,0.0,Estimated
nec_n900ig_967,231241,241,2041,16,23,20,0,0.0,Estimated
nec_n343i_1174,231241,241,2041,16,23,20,0,0.0,Estimated
nec_e122_1338,231241,241,2041,16,23,20,0,0.0,Estimated
nec_n200_1020,231241,241,2041,16,23,20,0,0.0,Estimated
nec_n160_995,231241,241,2041,16,23,20,0,0.0,Estimated
nec_n923_1025,231241,241,2041,16,23,20,0,0.0,Estimated
nec_n150_994,231241,241,2041,16,23,20,0,0.0,Estimated
nec_e238_945,231241,241,2041,16,23,20,0,0.0,Estimated
nec_n940_919,231241,241,2041,16,23,20,0,0.0,Estimated
nec_n930_1149,231241,241,2041,16,23,20,0,0.0,Estimated
nec_n630_1238,231241,241,2041,16,23,20,0,0.0,Estimated
nec_n850_1237,231241,241,2041,16,23,20,0,0.0,Estimated
nec_n840_920,231241,241,2041,16,23,20,0,0.0,Estimated
nec_n750_1239,231241,241,2041,16,38,20,0,0.0,Estimated
nec_802_899,231241,241,2041,16,23,20,0,0.0,Estimated
nec_n500_937,231241,241,2041,16,23,20,0,0.0,Estimated
nec_n342i_928,231241,241,2041,16,23,20,0,0.0,Estimated
nec_e101_930,231241,241,2041,16,23,20,0,0.0,Estimated
nec_n110_873,231241,241,2041,16,23,20,0,0.0,Estimated
nec_n109_874,231241,241,2041,16,23,20,0,0.0,Estimated
nec_n100_878,231241,241,2041,16,23,20,0,0.0,Estimated
nec_n920_865,231241,241,2041,16,23,20,0,0.0,Estimated
nec_e338_858,231241,241,2041,16,23,20,0,0.0,Estimated
nec_n620_831,231241,241,2041,16,23,20,0,0.0,Estimated
nec_n610_830,231241,241,2041,16,23,20,0,0.0,Estimated
nec_e228_810,231241,241,2041,16,23,20,0,0.0,Estimated
nec_n410i_809,231241,241,2041,16,23,20,0,0.0,Estimated
nec_n400i_712,231241,241,2041,16,28,20,0,0.0,Estimated
nec_n331i_713,231241,241,2041,16,28,20,0,0.0,Estimated
nec_e313_671,231241,241,2041,16,23,20,0,0.0,Estimated
nec_n910_615,231241,241,2041,16,38,20,0,0.0,Estimated
nec_n900_646,231241,241,2041,16,23,20,0,0.0,Estimated
nec_n830_802,231241,241,2041,16,23,20,0,0.0,Estimated
nec_n820_773,231241,241,2041,16,23,20,0,0.0,Estimated
nec_n710_824,231241,241,2041,16,28,20,0,0.0,Estimated
nec_n700_562,231241,241,2041,16,28,20,0,0.0,Estimated
nec_n600_561,231241,241,2041,16,28,20,0,0.0,Estimated
nec_c616v_783,231241,241,2041,16,23,20,0,0.0,Estimated
nec_e616_533,231241,241,2041,16,23,20,0,0.0,Estimated
nec_e808y_485,231241,241,2041,16,23,20,0,0.0,Estimated
nec_e808_482,231241,241,2041,16,23,20,0,0.0,Estimated
nec_e606_481,231241,241,2041,16,23,20,0,0.0,Estimated
nec_e530_548,231241,241,2041,16,28,20,0,0.0,Estimated
nec_e232_547,231241,241,2041,16,23,20,0,0.0,Estimated
nec_n341i_414,231241,241,2041,16,28,20,0,0.0,Estimated
nec_n223i_601,231241,241,2041,16,28,20,0,0.0,Estimated
nec_n22i_413,231241,241,2041,16,28,20,0,0.0,Estimated
nec_n21i_302,231241,241,2041,16,23,20,0,0.0,Estimated
nec_e525_415,231241,241,2041,16,28,20,0,0.0,Estimated
nec_db6000_231,231241,241,2041,16,23,20,0,0.0,Estimated
nec_db7000_301,231241,241,2041,16,23,20,0,0.0,Estimated
nec_db5000_230,231241,241,2041,16,23,20,0,0.0,Estimated
nec_db4000_157,231241,241,2041,16,23,20,0,0.0,Estimated
nec_db4100_205,231241,241,2041,16,23,20,0,0.0,Estimated
nec_db2000_156,231241,241,2041,16,23,20,0,0.0,Estimated
nec_db500_155,231241,241,2041,16,23,20,0,0.0,Estimated
nec_g9d__154,231241,241,2041,16,23,20,0,0.0,Estimated
neonode_n2_1903,231241,241,2041,16,23,20,0,0.0,Estimated
neonode_n1m_1137,231241,241,2041,16,23,20,0,0.0,Estimated
neonode_n1_391,231241,241,2041,16,45,20,0,0.0,Estimated
niu_andy_c5_5e2i_7917,726979,1379,3937,16,30,25,0,0.0,Excel Benchmark
niu_andy_3_5e2i_7346,30000,100,400,16,28,20,0,0.0,Estimated
niu_andy_5ei_7348,30000,100,400,16,23,20,0,0.0,Estimated
niu_andy_5t_7349,412178,778,2134,21,30,20,0,0.0,Excel Benchmark
niu_f10_7351,231241,241,2041,16,23,20,0,0.0,Estimated
niu_andy_4e2i_7347,30000,100,400,16,23,20,0,0.0,Estimated
niu_tek_5d_7118,30000,100,400,16,23,20,0,0.0,Estimated
niu_niutek_3_5d2_6733,30000,100,400,16,23,20,0,0.0,Estimated
niu_c21a_7350,231241,241,2041,16,23,20,0,0.0,Estimated
niu_tek_4d2_6827,30000,100,400,16,23,20,0,0.0,Estimated
niu_z10_7352,231241,241,2041,16,23,20,0,0.0,Estimated
niu_go_21_6484,231241,241,2041,16,23,20,0,0.0,Estimated
niu_niutek_4_5d_5992,30000,100,400,16,23,20,0,0.0,Estimated
niu_niutek_4_0d_5991,30000,100,400,16,23,20,0,0.0,Estimated
niu_go_20_5989,231241,241,2041,16,23,20,0,0.0,Estimated
niu_niutek_3_5b_5514,180000,330,1200,16,23,20,0,0.0,Excel Benchmark
niu_niutek_3_5d_5990,30000,100,400,16,23,20,0,0.0,Estimated
niu_go_50_5512,231241,241,2041,16,23,20,0,0.0,Estimated
niu_niutek_3g_3_5_n209_5085,265646,646,2738,16,23,20,0,0.0,Excel Benchmark
niu_pana_3g_tv_n206_4926,231241,241,2041,16,23,20,0,0.0,Estimated
niu_liv_10_5513,231241,241,2041,16,23,20,0,0.0,Estimated
niu_go_80_4819,231241,241,2041,16,23,20,0,0.0,Estimated
niu_domo_n102_4672,231241,241,2041,16,23,20,0,0.0,Estimated
niu_bingo_n103_4673,231241,241,2041,16,23,20,0,0.0,Estimated
niu_lotto_n104_4674,231241,241,2041,16,23,20,0,0.0,Estimated
niu_niutek_3g_4_0_n309_4927,265646,646,2738,16,23,20,0,0.0,Excel Benchmark
niu_pana_n105_4675,231241,241,2041,16,23,20,0,0.0,Estimated
niu_pana_tv_n106_4676,231241,241,2041,16,23,20,0,0.0,Estimated
niu_niutekq_n108_4677,523522,1322,4766,16,23,20,0,0.0,Excel Benchmark
niu_niutek_n109_4678,523522,1322,4766,16,23,20,0,0.0,Excel Benchmark
nokia_300_charge_14895,438185,1385,4955,16,23,25,0,0.0,Excel Benchmark
nokia_123_shield_14818,438185,1385,4955,16,23,20,0,0.0,Excel Benchmark
nokia_235_4g_2nd_edition_14773,231241,241,2041,16,28,20,0,0.0,Estimated
nokia_215_4g_2nd_edition_14774,231241,241,2041,16,28,20,0,0.0,Estimated
nokia_210_4g_14775,231241,241,2041,16,28,20,0,0.0,Estimated
nokia_200_4g_14776,231241,241,2041,16,28,20,0,0.0,Estimated
nokia_110_power_14481,231241,241,2041,16,23,20,0,0.0,Estimated
nokia_150_music_13688,313712,1512,3336,16,23,20,0,0.0,Excel Benchmark
nokia_130_music_13686,313712,1512,3336,16,23,20,0,0.0,Excel Benchmark
nokia_110_4g_2nd_edition_13584,231241,241,2041,16,28,20,0,0.0,Estimated
nokia_105_4g_2nd_edition_13583,231241,241,2041,16,28,20,0,0.0,Estimated
nokia_108_4g__2024__13482,231241,241,2041,16,28,20,0,0.0,Estimated
nokia_110_4g__2024__13471,231241,241,2041,16,28,20,0,0.0,Estimated
nokia_105__2024__13188,231241,241,2041,16,28,20,0,0.0,Estimated
nokia_220_4g__2024__13167,240288,888,4464,16,28,20,0,0.0,Excel Benchmark
nokia_3210_12990,240288,888,4464,16,23,20,0,0.0,Excel Benchmark
nokia_235_4g__2024__12967,240288,888,4464,16,28,20,0,0.0,Excel Benchmark
nokia_225_4g__2024__12968,240288,888,4464,16,28,20,0,0.0,Excel Benchmark
nokia_215_4g__2024__12969,240288,888,4464,16,28,20,0,0.0,Excel Benchmark
nokia_6310__2024__12926,313712,1512,3336,16,28,20,0,0.0,Excel Benchmark
nokia_5310__2024__12927,313712,1512,3336,16,28,20,0,0.0,Excel Benchmark
nokia_230__2024__12928,313712,1512,3336,16,28,20,0,0.0,Excel Benchmark
nokia_c210_12472,160000,330,1200,21,30,25,0,0.0,Excel Benchmark
nokia_g310_12471,350000,620,1750,38,35,50,0,0.0,Excel Benchmark
nokia_150__2023__12465,231241,241,2041,16,28,20,0,0.0,Estimated
nokia_130__2023__12464,231241,241,2041,16,28,20,0,0.0,Estimated
nokia_g42_12381,350000,620,1750,43,35,50,0,0.0,Excel Benchmark
nokia_c300_12322,160000,330,1200,23,30,35,0,0.0,Excel Benchmark
nokia_c110_12321,130000,300,950,21,30,25,0,0.0,Excel Benchmark
nokia_110_4g__2023__12285,231241,241,2041,16,28,20,0,0.0,Estimated
nokia_110__2023__12284,231241,241,2041,16,28,20,0,0.0,Estimated
nokia_106_4g__2023__12286,231241,241,2041,16,28,20,0,0.0,Estimated
nokia_106__2023__12283,231241,241,2041,16,28,20,0,0.0,Estimated
nokia_105_4g__2023__12282,231241,241,2041,16,28,20,0,0.0,Estimated
nokia_105__2023__12281,231241,241,2041,16,28,20,0,0.0,Estimated
nokia_xr21_12244,420000,750,2200,48,55,55,0,0.0,Excel Benchmark
nokia_c12_plus_12210,100000,250,850,16,30,35,0,0.0,Excel Benchmark
nokia_c12_pro_12184,100000,250,850,16,30,35,0,0.0,Excel Benchmark
nokia_c32_12139,100000,250,850,38,30,45,0,0.0,Excel Benchmark
nokia_c22_12138,100000,250,850,23,30,45,0,0.0,Excel Benchmark
nokia_g22_12137,457479,1879,6437,43,40,50,0,0.0,Excel Benchmark
nokia_c02_12136,231241,241,2041,16,50,25,0,0.0,Estimated
nokia_c12_12085,100000,250,850,16,30,25,0,0.0,Excel Benchmark
nokia_2780_flip_11973,813148,1748,4044,16,28,20,0,0.0,Excel Benchmark
nokia_x30_11831,403732,1920,2200,58,55,50,746,0.0,GSMArena Lab
nokia_g100_12373,160000,330,1200,28,30,45,0,0.0,Excel Benchmark
nokia_g60_11826,420000,750,2200,43,55,45,444,0.0,Excel Benchmark
nokia_t21_11823,160000,350,1100,18,28,55,0,0.0,Excel Benchmark
nokia_c31_11825,100000,250,850,21,30,45,0,0.0,Excel Benchmark
nokia_g400_11818,350000,620,1750,43,55,50,0,0.0,Excel Benchmark
nokia_110__2022__11741,231241,241,2041,16,28,20,0,0.0,Estimated
nokia_8210_4g_11666,240288,888,4464,16,28,20,0,0.0,Excel Benchmark
nokia_5710_xpressaudio_11667,240288,888,4464,16,28,20,0,0.0,Excel Benchmark
nokia_2660_flip_11668,240288,888,4464,16,28,20,0,0.0,Excel Benchmark
nokia_c200_11629,502465,1665,4795,23,30,35,0,0.0,Excel Benchmark
nokia_c100_11628,502465,1665,4795,16,50,25,0,0.0,Excel Benchmark
nokia_c21_plus_11381,100000,250,850,21,30,45,0,0.0,Excel Benchmark
nokia_c21_11380,100000,250,850,16,30,25,0,0.0,Excel Benchmark
nokia_105___2022__11740,100000,250,900,16,28,20,0,0.0,Excel Benchmark
nokia_105__2022__11739,100000,250,900,16,28,20,0,0.0,Excel Benchmark
nokia_c2_2nd_edition_11382,231241,241,2041,16,28,20,0,0.0,Estimated
nokia_g11_11358,457479,1879,6437,23,35,50,0,0.0,Excel Benchmark
nokia_g21_11356,171299,1193,6437,43,35,50,500,0.0,GSMArena Lab
nokia_x100_11207,340000,600,1700,23,40,40,0,0.0,Excel Benchmark
nokia_g300_11135,340000,600,1700,28,30,40,0,0.0,Excel Benchmark
nokia_t20_11142,560143,1743,4029,16,28,50,422,0.0,Excel Benchmark
nokia_g11_plus_11644,457479,1879,6437,43,35,45,0,0.0,Excel Benchmark
nokia_g50_11077,340000,600,1700,38,30,50,0,0.0,Excel Benchmark
nokia_xr20_11013,340000,600,1700,38,45,65,0,0.0,Excel Benchmark
nokia_c30_10967,100000,250,850,21,30,50,0,0.0,Excel Benchmark
nokia_t10_11669,457479,1879,6437,16,28,45,0,0.0,Excel Benchmark
nokia_6310__2021__11025,313712,1512,3336,16,28,20,0,0.0,Excel Benchmark
nokia_c1_2nd_edition_11019,50000,150,500,16,50,20,0,0.0,Estimated
nokia_c20_plus_10959,100000,250,850,16,30,40,0,0.0,Excel Benchmark
nokia_105_4g_10966,231241,241,2041,16,28,20,0,0.0,Estimated
nokia_110_4g_10965,231241,241,2041,16,28,20,0,0.0,Estimated
nokia_c01_plus_10955,100000,250,850,16,50,25,0,0.0,Excel Benchmark
nokia_x10_10840,340000,600,1700,18,40,40,0,0.0,Excel Benchmark
nokia_g20_10841,350000,620,1900,18,30,45,0,0.0,Excel Benchmark
nokia_c20_10843,100000,250,850,16,30,25,0,0.0,Excel Benchmark
nokia_c10_10844,537326,326,778,16,30,25,0,0.0,Excel Benchmark
nokia_1_4_10700,813148,1748,4044,16,30,35,0,0.0,Excel Benchmark
nokia_g10_10842,100000,250,800,23,30,45,0,0.0,Excel Benchmark
nokia_5_4_10624,160000,330,1200,23,30,35,0,0.0,Excel Benchmark
nokia_c1_plus_10584,231241,241,2041,16,50,20,0,0.0,Estimated
nokia_8000_4g_10575,20000,80,300,16,28,20,0,0.0,Estimated
nokia_8_v_5g_uw_10588,350000,620,1900,18,40,45,0,0.0,Excel Benchmark
nokia_6300_4g_10576,20000,80,300,16,28,20,0,0.0,Estimated
nokia_2_v_tella_10547,502465,1665,4795,16,50,25,0,0.0,Excel Benchmark
nokia_225_4g_10532,283945,1145,4235,16,28,20,0,0.0,Excel Benchmark
nokia_3_4_10404,170000,350,1300,23,30,35,0,0.0,Excel Benchmark
nokia_215_4g_10533,283945,1145,4235,16,28,20,0,0.0,Excel Benchmark
nokia_2_4_10460,130000,300,950,21,30,40,0,0.0,Excel Benchmark
nokia_c3_10351,100000,250,850,16,50,25,0,0.0,Excel Benchmark
nokia_c2_tennen_10275,502465,1665,4795,16,50,25,0,0.0,Excel Benchmark
nokia_c2_tava_10274,502465,1665,4795,16,50,25,0,0.0,Excel Benchmark
nokia_c5_endi_10273,130000,300,950,23,30,35,0,0.0,Excel Benchmark
nokia_x20_10838,340000,600,1700,28,40,40,0,0.0,Excel Benchmark
nokia_125_10240,231241,241,2041,16,28,20,0,0.0,Estimated
nokia_150__2020__10241,231241,241,2041,16,28,20,0,0.0,Estimated
nokia_8_3_5g_10142,350000,620,1900,18,40,45,0,0.0,Excel Benchmark
nokia_1_3_10143,813148,1748,4044,16,30,25,0,0.0,Excel Benchmark
nokia_5310__2020__10144,100000,250,900,16,28,20,0,0.0,Excel Benchmark
nokia_2760_flip_11670,231241,241,2041,16,28,20,0,0.0,Estimated
nokia_5_3_10117,170000,350,1300,20,30,35,0,0.0,Excel Benchmark
nokia_c2_10131,448614,2014,6842,16,50,20,0,0.0,Excel Benchmark
nokia_2_3_9988,502465,1665,4795,21,30,35,0,0.0,Excel Benchmark
nokia_c1_9993,231241,241,2041,16,28,20,0,0.0,Estimated
nokia_6_2_9834,140736,4882,1150,30,40,25,580,0.0,GSMArena Lab
nokia_2720_v_flip_10910,686235,1435,3105,16,28,20,0,0.0,Excel Benchmark
nokia_800_tough_9835,686235,1435,3105,16,28,20,0,0.0,Excel Benchmark
nokia_2720_flip_9836,686235,1435,3105,16,28,20,0,0.0,Excel Benchmark
nokia_220_4g_9774,231241,241,2041,16,28,20,0,0.0,Estimated
nokia_110__2019__9845,231241,241,2041,16,28,20,0,0.0,Estimated
nokia_3_1_c_9737,266035,1235,4505,16,50,20,0,0.0,Excel Benchmark
nokia_105__2019__9773,231241,241,2041,16,28,20,0,0.0,Estimated
nokia_3_1_a_9736,266035,1235,4505,16,50,20,0,0.0,Excel Benchmark
nokia_2_2_9731,502465,1665,4795,21,30,25,0,0.0,Excel Benchmark
nokia_x71_9652,170000,350,1300,45,40,30,0,0.0,Excel Benchmark
nokia_9_pureview_8867,288473,8986,2200,25,60,50,0,0.0,GSMArena Lab
nokia_7_2_9833,164484,5440,1300,45,40,25,585,0.0,GSMArena Lab
nokia_4_2_9603,65000,180,650,23,30,25,0,0.0,Excel Benchmark
nokia_3_v_10619,266035,1235,4505,21,30,35,0,0.0,Excel Benchmark
nokia_3_2_9604,266035,1235,4505,21,30,35,0,0.0,Excel Benchmark
nokia_210_9606,100000,250,900,16,28,20,0,0.0,Excel Benchmark
nokia_106__2018__9405,100000,250,900,16,23,20,0,0.0,Excel Benchmark
nokia_1_plus_9538,80000,200,700,16,28,20,0,0.0,Excel Benchmark
nokia_3_1_plus_9364,130000,300,950,23,50,25,0,0.0,Excel Benchmark
nokia_6_1_plus__nokia_x6__9178,115571,4929,1150,30,40,30,0,0.0,GSMArena Lab
nokia_5_1_plus__nokia_x5__9246,119428,450,1400,23,30,25,0,0.0,GSMArena Lab
nokia_5_1_9214,240000,500,1550,23,40,20,0,0.0,Excel Benchmark
nokia_3_1_9215,240000,2624,1550,23,50,20,0,0.0,Excel Benchmark
nokia_2_1_9216,40000,130,480,16,30,35,0,0.0,Estimated
nokia_8_sirocco_9087,209577,6725,1800,43,60,50,0,0.0,GSMArena Lab
nokia_6_1_8972,90918,4225,950,25,40,30,0,0.0,GSMArena Lab
nokia_1_9052,70000,180,650,16,28,20,0,0.0,Excel Benchmark
nokia_7_plus_9058,140820,5893,1300,50,40,30,0,0.0,GSMArena Lab
nokia_8110_4g_9089,686235,1435,3105,16,23,20,0,0.0,Excel Benchmark
nokia_3310_4g_9046,231241,241,2041,16,23,20,0,0.0,Estimated
nokia_2_8513,25000,1162,350,16,30,35,0,0.0,Estimated
nokia_7_8907,110000,270,950,28,40,30,0,0.0,Excel Benchmark
nokia_8_8522,242434,6568,1800,38,50,30,0,0.0,GSMArena Lab
nokia_105__2017__8770,231241,241,2041,16,23,20,0,0.0,Estimated
nokia_3310_3g_8876,231241,241,2041,16,23,20,0,0.0,Estimated
nokia_3_8572,70000,1529,650,18,30,20,0,0.0,Excel Benchmark
nokia_5_8571,45000,2851,500,23,30,25,0,0.0,Estimated
nokia_6_6885,45000,2841,500,23,40,25,0,0.0,Estimated
nokia_3310__2017__8597,231241,241,2041,16,23,20,0,0.0,Estimated
nokia_150_8475,231241,241,2041,16,23,20,0,0.0,Estimated
nokia_216_8343,231241,241,2041,16,23,20,0,0.0,Estimated
nokia_230_7771,231241,241,2041,16,23,20,0,0.0,Estimated
nokia_230_dual_sim_7772,231241,241,2041,16,23,20,0,0.0,Estimated
nokia_222_7516,231241,241,2041,16,23,20,0,0.0,Estimated
nokia_105_dual_sim__2015__7272,231241,241,2041,16,23,20,0,0.0,Estimated
nokia_105__2015__7271,231241,241,2041,16,23,20,0,0.0,Estimated
nokia_215_6910,231241,241,2041,16,23,20,0,0.0,Estimated
nokia_215_dual_sim_6911,231241,241,2041,16,23,20,0,0.0,Estimated
nokia_8_1__nokia_x7__9342,230000,480,1500,50,40,30,0,0.0,Excel Benchmark
nokia_n1_6814,659460,1660,4780,16,28,45,0,0.0,Excel Benchmark
nokia_lumia_730_dual_sim_6640,30000,110,420,16,40,20,0,0.0,Estimated
nokia_lumia_735_6639,30000,110,420,16,40,40,0,0.0,Estimated
nokia_130__2017__8769,231241,241,2041,16,23,20,0,0.0,Estimated
nokia_lumia_830_6638,30000,110,420,31,30,40,0,0.0,Estimated
nokia_130_dual_sim_6571,231241,241,2041,16,23,20,0,0.0,Estimated
nokia_lumia_530_dual_sim_6524,15000,60,250,16,23,20,0,0.0,Estimated
nokia_130_6570,231241,241,2041,16,23,20,0,0.0,Estimated
nokia_lumia_530_6523,15000,60,250,16,23,20,0,0.0,Estimated
nokia_222_dual_sim_7517,231241,241,2041,16,23,20,0,0.0,Estimated
nokia_x2_dual_sim_6383,15000,60,250,16,28,20,0,0.0,Estimated
nokia_lumia_930_6227,85000,200,700,33,50,40,0,0.0,Excel Benchmark
nokia_225_6288,231241,241,2041,16,23,20,0,0.0,Estimated
nokia_lumia_638_6877,30000,110,420,16,28,20,0,0.0,Estimated
nokia_7_1_9354,117175,4975,1150,25,40,30,0,0.0,GSMArena Lab
nokia_lumia_630_dual_sim_6255,30000,110,420,16,28,20,0,0.0,Estimated
nokia_lumia_630_6232,30000,110,420,16,28,20,0,0.0,Estimated
nokia_lumia_635_6254,30000,110,420,16,28,20,0,0.0,Estimated
nokia_225_dual_sim_6287,231241,241,2041,16,23,20,0,0.0,Estimated
nokia_xl_6148,12000,50,200,16,28,20,0,0.0,Estimated
nokia_x__6147,12000,50,200,16,28,20,0,0.0,Estimated
nokia_asha_230_6149,231241,241,2041,16,23,20,0,0.0,Estimated
nokia_220_6150,231241,241,2041,16,23,20,0,0.0,Estimated
nokia_lumia_1520_5760,85000,200,700,33,40,45,0,0.0,Excel Benchmark
nokia_x_6067,12000,50,200,16,28,20,0,0.0,Estimated
nokia_lumia_2520_5702,85000,200,700,16,40,50,0,0.0,Excel Benchmark
nokia_asha_503_dual_sim_5796,231241,241,2041,16,23,20,0,0.0,Estimated
nokia_asha_502_dual_sim_5795,231241,241,2041,16,23,20,0,0.0,Estimated
nokia_asha_500_dual_sim_5793,231241,241,2041,16,23,20,0,0.0,Estimated
nokia_asha_500_5792,231241,241,2041,16,23,20,0,0.0,Estimated
nokia_lumia_1320_5791,30000,110,420,16,30,25,0,0.0,Estimated
nokia_lumia_525_5869,734586,1586,4558,16,28,20,0,0.0,Excel Benchmark
nokia_108_dual_sim_5703,231241,241,2041,16,23,20,0,0.0,Estimated
nokia_515_5663,231241,241,2041,16,23,20,0,0.0,Estimated
nokia_107_dual_sim_5636,231241,241,2041,16,23,20,0,0.0,Estimated
nokia_106_5635,231241,241,2041,16,23,20,0,0.0,Estimated
nokia_lumia_1020_5506,12000,50,200,31,38,20,0,0.0,Estimated
nokia_lumia_icon_5833,85000,200,700,33,50,40,0,0.0,Excel Benchmark
nokia_208_5560,231241,241,2041,16,23,20,0,0.0,Estimated
nokia_lumia_928_5437,12000,50,200,31,38,40,0,0.0,Estimated
nokia_207_5559,231241,241,2041,16,23,20,0,0.0,Estimated
nokia_lumia_625_5438,30000,110,420,16,28,20,0,0.0,Estimated
nokia_asha_501_5445,231241,241,2041,16,23,20,0,0.0,Estimated
nokia_asha_210_5417,231241,241,2041,16,23,20,0,0.0,Estimated
nokia_lumia_720_5321,734586,1586,4558,16,28,20,0,0.0,Excel Benchmark
nokia_lumia_520_5322,734586,1586,4558,16,28,20,0,0.0,Excel Benchmark
nokia_301_5323,231241,241,2041,16,23,20,0,0.0,Estimated
nokia_asha_310_5291,231241,241,2041,16,23,20,0,0.0,Estimated
nokia_105_5324,231241,241,2041,16,23,20,0,0.0,Estimated
nokia_lumia_620_5147,12000,50,200,16,23,20,0,0.0,Estimated
nokia_lumia_505_5150,215427,227,481,16,38,20,0,0.0,Excel Benchmark
nokia_114_5145,231241,241,2041,16,23,20,0,0.0,Estimated
nokia_206_5138,231241,241,2041,16,23,20,0,0.0,Estimated
nokia_109_5096,231241,241,2041,16,23,20,0,0.0,Estimated
nokia_asha_205_5137,231241,241,2041,16,23,20,0,0.0,Estimated
nokia_lumia_822_5090,12000,50,200,16,38,20,0,0.0,Estimated
nokia_lumia_510_5069,215427,227,481,16,23,20,0,0.0,Excel Benchmark
nokia_lumia_925_5451,12000,50,200,31,38,20,0,0.0,Estimated
nokia_lumia_810_5024,12000,50,200,16,38,20,0,0.0,Estimated
nokia_asha_309_5009,231241,241,2041,16,23,20,0,0.0,Estimated
nokia_lumia_920_4967,12000,50,200,31,28,40,0,0.0,Estimated
nokia_asha_308_5010,231241,241,2041,16,23,20,0,0.0,Estimated
nokia_lumia_820_4968,12000,50,200,16,38,20,0,0.0,Estimated
nokia_asha_306_4801,231241,241,2041,16,23,20,0,0.0,Estimated
nokia_asha_305_4800,231241,241,2041,16,23,20,0,0.0,Estimated
nokia_113_4758,231241,241,2041,16,23,20,0,0.0,Estimated
nokia_111_4756,231241,241,2041,16,23,20,0,0.0,Estimated
nokia_112_4757,231241,241,2041,16,23,20,0,0.0,Estimated
nokia_asha_311_4802,231241,241,2041,16,23,20,0,0.0,Estimated
nokia_asha_503_5794,231241,241,2041,16,23,20,0,0.0,Estimated
nokia_110_4755,231241,241,2041,16,23,20,0,0.0,Estimated
nokia_lumia_610_nfc_4695,215427,227,481,16,23,20,0,0.0,Excel Benchmark
nokia_103_4690,231241,241,2041,16,23,20,0,0.0,Estimated
nokia_808_pureview_4577,231241,241,2041,16,38,20,0,0.0,Estimated
nokia_800c_4662,700000,900,3100,16,38,20,0,0.0,Excel Benchmark
nokia_lumia_610_4576,215427,227,481,16,23,20,0,0.0,Excel Benchmark
nokia_asha_302_4546,231241,241,2041,16,23,20,0,0.0,Estimated
nokia_asha_203_4579,231241,241,2041,16,23,20,0,0.0,Estimated
nokia_asha_202_4580,231241,241,2041,16,23,20,0,0.0,Estimated
nokia_lumia_900_4578,739299,1699,5897,16,38,20,0,0.0,Excel Benchmark
nokia_lumia_900_at_t_4275,739299,1699,5897,16,38,20,0,0.0,Excel Benchmark
nokia_801t_4391,705331,1331,2793,16,23,20,0,0.0,Excel Benchmark
nokia_x2_02_4354,231241,241,2041,16,23,20,0,0.0,Estimated
nokia_lumia_800_4240,30000,100,350,16,38,20,0,0.0,Estimated
nokia_lumia_710_t_mobile_4372,30000,100,350,16,23,20,0,0.0,Estimated
nokia_lumia_710_4276,30000,100,350,16,23,20,0,0.0,Estimated
nokia_asha_303_4278,231241,241,2041,16,23,20,0,0.0,Estimated
nokia_asha_300_4279,231241,241,2041,16,23,20,0,0.0,Estimated
nokia_asha_201_4280,231241,241,2041,16,23,20,0,0.0,Estimated
nokia_asha_200_4281,231241,241,2041,16,23,20,0,0.0,Estimated
nokia_603_4243,231241,241,2041,16,28,20,0,0.0,Estimated
nokia_c2_05_4241,231241,241,2041,16,23,20,0,0.0,Estimated
nokia_x2_05_4242,231241,241,2041,16,23,20,0,0.0,Estimated
nokia_c5_06_4220,231241,241,2041,16,23,20,0,0.0,Estimated
nokia_c5_05_4223,231241,241,2041,16,23,20,0,0.0,Estimated
nokia_c5_04_4222,231241,241,2041,16,23,20,0,0.0,Estimated
nokia_101_4121,231241,241,2041,16,23,20,0,0.0,Estimated
nokia_100_4120,231241,241,2041,16,23,20,0,0.0,Estimated
nokia_701_4119,231241,241,2041,16,28,20,0,0.0,Estimated
nokia_700_4021,231241,241,2041,16,38,20,0,0.0,Estimated
nokia_600_4118,231241,241,2041,16,23,20,0,0.0,Estimated
nokia_c3_01_gold_edition_4113,231241,241,2041,16,23,20,0,0.0,Estimated
nokia_500_4085,231241,241,2041,16,23,20,0,0.0,Estimated
nokia_n9_3398,110000,270,950,16,38,20,0,0.0,Excel Benchmark
nokia_c5_5mp_4019,231241,241,2041,16,23,20,0,0.0,Estimated
nokia_c2_06_3931,231241,241,2041,16,23,20,0,0.0,Estimated
nokia_c2_03_3995,231241,241,2041,16,23,20,0,0.0,Estimated
nokia_c2_02_3996,231241,241,2041,16,23,20,0,0.0,Estimated
nokia_702t_4020,231241,241,2041,16,23,20,0,0.0,Estimated
nokia_t7_3915,231241,241,2041,16,38,20,0,0.0,Estimated
nokia_n950_3997,110000,270,950,16,28,20,0,0.0,Excel Benchmark
nokia_oro_3961,231241,241,2041,16,38,20,0,0.0,Estimated
nokia_x1_01_3962,231241,241,2041,16,23,20,0,0.0,Estimated
nokia_x7_00_3664,231241,241,2041,16,38,20,0,0.0,Estimated
nokia_e6_3717,231241,241,2041,16,23,20,0,0.0,Estimated
nokia_x1_00_3853,231241,241,2041,16,23,20,0,0.0,Estimated
nokia_c7_astound_3885,231241,241,2041,16,38,20,0,0.0,Estimated
nokia_x2_01_3610,231241,241,2041,16,23,20,0,0.0,Estimated
nokia_c5_03_3578,231241,241,2041,16,23,20,0,0.0,Estimated
nokia_e7_3545,231241,241,2041,16,38,20,0,0.0,Estimated
nokia_c2_01_3638,231241,241,2041,16,23,20,0,0.0,Estimated
nokia_c6_01_3524,231241,241,2041,16,38,20,0,0.0,Estimated
nokia_c3_01_touch_and_type_3525,231241,241,2041,16,23,20,0,0.0,Estimated
nokia_5250_3477,231241,241,2041,16,23,20,0,0.0,Estimated
nokia_c7_3394,231241,241,2041,16,38,20,0,0.0,Estimated
nokia_x3_touch_and_type_s_3872,231241,241,2041,16,23,20,0,0.0,Estimated
nokia_x3_02_touch_and_type_3479,231241,241,2041,16,23,20,0,0.0,Estimated
nokia_x6_8gb__2010__3397,231241,241,2041,16,23,20,0,0.0,Estimated
nokia_5233_3390,231241,241,2041,16,23,20,0,0.0,Estimated
nokia_e73_mode_3348,231241,241,2041,16,23,20,0,0.0,Estimated
nokia_x5_01_3396,231241,241,2041,16,23,20,0,0.0,Estimated
nokia_c2_00_3367,231241,241,2041,16,23,20,0,0.0,Estimated
nokia_c1_02_3366,231241,241,2041,16,23,20,0,0.0,Estimated
nokia_c1_01_3365,231241,241,2041,16,23,20,0,0.0,Estimated
nokia_n8_3252,231241,241,2041,16,38,20,0,0.0,Estimated
nokia_x2_00_3304,231241,241,2041,16,23,20,0,0.0,Estimated
nokia_c6_3229,231241,241,2041,16,23,20,0,0.0,Estimated
nokia_e5_3198,231241,241,2041,16,23,20,0,0.0,Estimated
nokia_c1_00_3364,231241,241,2041,16,23,20,0,0.0,Estimated
nokia_c3__2010__3269,231241,241,2041,16,23,20,0,0.0,Estimated
nokia_c5_td_scdma_3285,231241,241,2041,16,23,20,0,0.0,Estimated
nokia_c5_3122,231241,241,2041,16,23,20,0,0.0,Estimated
nokia_x5_td_scdma_3286,231241,241,2041,16,23,20,0,0.0,Estimated
nokia_6303i_classic_3121,231241,241,2041,16,23,20,0,0.0,Estimated
nokia_5132_xpressmusic_3041,231241,241,2041,16,23,20,0,0.0,Estimated
nokia_2710_navigation_edition_3051,231241,241,2041,16,23,20,0,0.0,Estimated
nokia_x6_16gb__2010__3109,231241,241,2041,16,23,20,0,0.0,Estimated
nokia_x6__2009__2922,231241,241,2041,16,23,20,0,0.0,Estimated
nokia_7230_3034,231241,241,2041,16,23,20,0,0.0,Estimated
nokia_6700_slide_3035,231241,241,2041,16,23,20,0,0.0,Estimated
nokia_5330_mobile_tv_edition_3020,231241,241,2041,16,23,20,0,0.0,Estimated
nokia_2220_slide_3005,231241,241,2041,16,23,20,0,0.0,Estimated
nokia_2690_3004,231241,241,2041,16,23,20,0,0.0,Estimated
nokia_1616_3007,231241,241,2041,16,23,20,0,0.0,Estimated
nokia_1800_3006,231241,241,2041,16,23,20,0,0.0,Estimated
nokia_1280_3008,231241,241,2041,16,23,20,0,0.0,Estimated
nokia_5235_comes_with_music_3056,231241,241,2041,16,23,20,0,0.0,Estimated
nokia_6788_2991,231241,241,2041,16,23,20,0,0.0,Estimated
nokia_n97_mini_2921,231241,241,2041,16,23,20,0,0.0,Estimated
nokia_x3_2923,231241,241,2041,16,23,20,0,0.0,Estimated
nokia_n900_2917,45000,140,500,16,23,20,0,0.0,Estimated
nokia_5230_2909,231241,241,2041,16,23,20,0,0.0,Estimated
nokia_3208c_2920,231241,241,2041,16,23,20,0,0.0,Estimated
nokia_5800_navigation_edition_2906,231241,241,2041,16,23,20,0,0.0,Estimated
nokia_6350_2950,231241,241,2041,16,23,20,0,0.0,Estimated
nokia_mural_2925,231241,241,2041,16,38,20,0,0.0,Estimated
nokia_6760_slide_2882,231241,241,2041,16,23,20,0,0.0,Estimated
nokia_6790_surge_2869,231241,241,2041,16,23,20,0,0.0,Estimated
nokia_3720_classic_2867,231241,241,2041,16,23,20,0,0.0,Estimated
nokia_5530_xpressmusic_2832,231241,241,2041,16,23,20,0,0.0,Estimated
nokia_e72_2831,231241,241,2041,16,23,20,0,0.0,Estimated
nokia_3710_fold_2833,231241,241,2041,16,23,20,0,0.0,Estimated
nokia_6730_classic_2811,231241,241,2041,16,23,20,0,0.0,Estimated
nokia_6600i_slide_2805,231241,241,2041,16,23,20,0,0.0,Estimated
nokia_7020_2802,231241,241,2041,16,23,20,0,0.0,Estimated
nokia_2720_fold_2801,231241,241,2041,16,23,20,0,0.0,Estimated
nokia_2730_classic_2800,231241,241,2041,16,23,20,0,0.0,Estimated
nokia_e52_2792,231241,241,2041,16,23,20,0,0.0,Estimated
nokia_6216_classic_2789,231241,241,2041,16,23,20,0,0.0,Estimated
nokia_5730_xpressmusic_2743,231241,241,2041,16,23,20,0,0.0,Estimated
nokia_5330_xpressmusic_2744,231241,241,2041,16,23,20,0,0.0,Estimated
nokia_5030_xpressradio_2745,231241,241,2041,16,23,20,0,0.0,Estimated
nokia_n86_8mp_2713,231241,241,2041,16,38,20,0,0.0,Estimated
nokia_e75_2688,231241,241,2041,16,23,20,0,0.0,Estimated
nokia_e55_2685,231241,241,2041,16,23,20,0,0.0,Estimated
nokia_6720_classic_2686,231241,241,2041,16,23,20,0,0.0,Estimated
nokia_6710_navigator_2687,231241,241,2041,16,23,20,0,0.0,Estimated
nokia_5630_xpressmusic_2670,231241,241,2041,16,23,20,0,0.0,Estimated
nokia_6700_classic_2659,231241,241,2041,16,23,20,0,0.0,Estimated
nokia_6303_classic_2658,231241,241,2041,16,23,20,0,0.0,Estimated
nokia_2700_classic_2657,231241,241,2041,16,23,20,0,0.0,Estimated
nokia_6208c_2621,231241,241,2041,16,23,20,0,0.0,Estimated
nokia_8800_gold_arte_2620,231241,241,2041,16,38,20,0,0.0,Estimated
nokia_n97_2615,231241,241,2041,16,23,20,0,0.0,Estimated
nokia_6260_slide_2613,231241,241,2041,16,23,20,0,0.0,Estimated
nokia_e63_2599,231241,241,2041,16,23,20,0,0.0,Estimated
nokia_7100_supernova_2568,231241,241,2041,16,23,20,0,0.0,Estimated
nokia_5130_xpressmusic_2569,231241,241,2041,16,23,20,0,0.0,Estimated
nokia_2330_classic_2570,231241,241,2041,16,23,20,0,0.0,Estimated
nokia_2323_classic_2571,231241,241,2041,16,23,20,0,0.0,Estimated
nokia_1662_2912,231241,241,2041,16,23,20,0,0.0,Estimated
nokia_1661_2572,231241,241,2041,16,23,20,0,0.0,Estimated
nokia_1202_2573,231241,241,2041,16,23,20,0,0.0,Estimated
nokia_5800_xpressmusic_2537,231241,241,2041,16,23,20,0,0.0,Estimated
nokia_n85_2496,231241,241,2041,16,38,20,0,0.0,Estimated
nokia_n79_2497,231241,241,2041,16,23,20,0,0.0,Estimated
nokia_8800_carbon_arte_2493,231241,241,2041,16,38,20,0,0.0,Estimated
nokia_3610_fold_2482,231241,241,2041,16,23,20,0,0.0,Estimated
nokia_7610_supernova_2444,231241,241,2041,16,23,20,0,0.0,Estimated
nokia_7510_supernova_2445,231241,241,2041,16,23,20,0,0.0,Estimated
nokia_7310_supernova_2446,231241,241,2041,16,23,20,0,0.0,Estimated
nokia_7210_supernova_2447,231241,241,2041,16,23,20,0,0.0,Estimated
nokia_e71_2425,231241,241,2041,16,23,20,0,0.0,Estimated
nokia_e66_2426,231241,241,2041,16,23,20,0,0.0,Estimated
nokia_703_4133,231241,241,2041,16,28,20,0,0.0,Estimated
nokia_6600_fold_2357,231241,241,2041,16,38,20,0,0.0,Estimated
nokia_6600_slide_2355,231241,241,2041,16,23,20,0,0.0,Estimated
nokia_3600_slide_2356,231241,241,2041,16,23,20,0,0.0,Estimated
nokia_5320_xpressmusic_2348,231241,241,2041,16,23,20,0,0.0,Estimated
nokia_5220_xpressmusic_2349,231241,241,2041,16,23,20,0,0.0,Estimated
nokia_6212_classic_2345,231241,241,2041,16,23,20,0,0.0,Estimated
nokia_5000_2336,231241,241,2041,16,23,20,0,0.0,Estimated
nokia_7070_prism_2338,231241,241,2041,16,23,20,0,0.0,Estimated
nokia_2680_slide_2337,231241,241,2041,16,23,20,0,0.0,Estimated
nokia_1680_classic_2339,231241,241,2041,16,23,20,0,0.0,Estimated
nokia_6300i_2331,231241,241,2041,16,23,20,0,0.0,Estimated
nokia_n96_2253,231241,241,2041,16,23,20,0,0.0,Estimated
nokia_n78_2254,231241,241,2041,16,23,20,0,0.0,Estimated
nokia_6220_classic_2256,231241,241,2041,16,23,20,0,0.0,Estimated
nokia_6210_navigator_2255,231241,241,2041,16,23,20,0,0.0,Estimated
nokia_6124_classic_2312,231241,241,2041,16,23,20,0,0.0,Estimated
nokia_6650_fold_2311,231241,241,2041,16,23,20,0,0.0,Estimated
nokia_3555_2319,231241,241,2041,16,23,20,0,0.0,Estimated
nokia_3120_classic_2240,231241,241,2041,16,23,20,0,0.0,Estimated
nokia_7900_crystal_prism_2225,231241,241,2041,16,38,20,0,0.0,Estimated
nokia_2600_classic_2221,231241,241,2041,16,23,20,0,0.0,Estimated
nokia_1209_2222,231241,241,2041,16,23,20,0,0.0,Estimated
nokia_3110_evolve_2185,231241,241,2041,16,23,20,0,0.0,Estimated
nokia_n82_2177,231241,241,2041,16,23,20,0,0.0,Estimated
nokia_8800_sapphire_arte_2176,231241,241,2041,16,38,20,0,0.0,Estimated
nokia_8800_arte_2175,231241,241,2041,16,38,20,0,0.0,Estimated
nokia_6301_2108,231241,241,2041,16,23,20,0,0.0,Estimated
nokia_e51_2106,231241,241,2041,16,23,20,0,0.0,Estimated
nokia_e51_camera_free_2242,231241,241,2041,16,23,20,0,0.0,Estimated
nokia_6263_2223,231241,241,2041,16,23,20,0,0.0,Estimated
nokia_n81_8gb_2085,231241,241,2041,16,23,20,0,0.0,Estimated
nokia_n81_2084,231241,241,2041,16,23,20,0,0.0,Estimated
nokia_n95_8gb_2088,231241,241,2041,16,23,20,0,0.0,Estimated
nokia_5610_xpressmusic_2086,231241,241,2041,16,23,20,0,0.0,Estimated
nokia_6555_2071,231241,241,2041,16,23,20,0,0.0,Estimated
nokia_5310_xpressmusic_2087,231241,241,2041,16,23,20,0,0.0,Estimated
nokia_7900_prism_2051,231241,241,2041,16,38,20,0,0.0,Estimated
nokia_7500_prism_2017,231241,241,2041,16,23,20,0,0.0,Estimated
nokia_6500_slide_1996,231241,241,2041,16,23,20,0,0.0,Estimated
nokia_8600_luna_1995,231241,241,2041,16,23,20,0,0.0,Estimated
nokia_6500_classic_1997,231241,241,2041,16,23,20,0,0.0,Estimated
nokia_n810_3890,552612,412,3036,16,23,20,0,0.0,Excel Benchmark
nokia_3500_classic_2012,231241,241,2041,16,23,20,0,0.0,Estimated
nokia_6267_2013,231241,241,2041,16,23,20,0,0.0,Estimated
nokia_2630_1973,231241,241,2041,16,23,20,0,0.0,Estimated
nokia_2760_1975,231241,241,2041,16,23,20,0,0.0,Estimated
nokia_1650_1978,231241,241,2041,16,23,20,0,0.0,Estimated
nokia_2660_1974,231241,241,2041,16,23,20,0,0.0,Estimated
nokia_1200_1976,231241,241,2041,16,23,20,0,0.0,Estimated
nokia_1208_1977,231241,241,2041,16,23,20,0,0.0,Estimated
nokia_6120_classic_1958,231241,241,2041,16,23,20,0,0.0,Estimated
nokia_6121_classic_2011,231241,241,2041,16,23,20,0,0.0,Estimated
nokia_5070_1935,231241,241,2041,16,23,20,0,0.0,Estimated
nokia_5700_1936,231241,241,2041,16,23,20,0,0.0,Estimated
nokia_e90_1857,231241,241,2041,16,23,20,0,0.0,Estimated
nokia_n77_1859,231241,241,2041,16,23,20,0,0.0,Estimated
nokia_e65_1860,231241,241,2041,16,23,20,0,0.0,Estimated
nokia_6110_navigator_1861,231241,241,2041,16,23,20,0,0.0,Estimated
nokia_n800_3889,231241,241,2041,16,23,20,0,0.0,Estimated
nokia_e61i_1858,231241,241,2041,16,23,20,0,0.0,Estimated
nokia_3109_classic_1994,231241,241,2041,16,23,20,0,0.0,Estimated
nokia_3110_classic_1862,231241,241,2041,16,23,20,0,0.0,Estimated
nokia_n76_1822,231241,241,2041,16,23,20,0,0.0,Estimated
nokia_6086_1798,231241,241,2041,16,23,20,0,0.0,Estimated
nokia_6290_1799,231241,241,2041,16,23,20,0,0.0,Estimated
nokia_6300_1800,231241,241,2041,16,23,20,0,0.0,Estimated
nokia_n93i_1823,231241,241,2041,31,38,20,0,0.0,Estimated
nokia_2626_1801,231241,241,2041,16,23,20,0,0.0,Estimated
nokia_n95_1716,231241,241,2041,16,23,20,0,0.0,Estimated
nokia_n75_1715,231241,241,2041,16,23,20,0,0.0,Estimated
nokia_5200_1717,231241,241,2041,16,23,20,0,0.0,Estimated
nokia_6288_1711,231241,241,2041,16,23,20,0,0.0,Estimated
nokia_6085_1705,231241,241,2041,16,23,20,0,0.0,Estimated
nokia_5300_1718,231241,241,2041,16,23,20,0,0.0,Estimated
nokia_7373_1690,231241,241,2041,16,23,20,0,0.0,Estimated
nokia_8800_sirocco_1692,231241,241,2041,16,23,20,0,0.0,Estimated
nokia_6080_1597,231241,241,2041,16,23,20,0,0.0,Estimated
nokia_6151_1596,231241,241,2041,16,23,20,0,0.0,Estimated
nokia_1110i_1595,231241,241,2041,16,23,20,0,0.0,Estimated
nokia_e50_1566,231241,241,2041,16,23,20,0,0.0,Estimated
nokia_7390_1691,231241,241,2041,16,23,20,0,0.0,Estimated
nokia_n93_1551,231241,241,2041,31,23,20,0,0.0,Estimated
nokia_n73_1550,231241,241,2041,16,23,20,0,0.0,Estimated
nokia_n72_1552,230000,480,1500,16,23,20,0,0.0,Excel Benchmark
nokia_5500_sport_1557,231241,241,2041,16,23,20,0,0.0,Estimated
nokia_2610_1525,231241,241,2041,16,23,20,0,0.0,Estimated
nokia_2310_1524,231241,241,2041,16,23,20,0,0.0,Estimated
nokia_1112_1523,231241,241,2041,16,23,20,0,0.0,Estimated
nokia_6136_1435,231241,241,2041,16,23,20,0,0.0,Estimated
nokia_6131_nfc_10011,231241,241,2041,16,28,20,0,0.0,Estimated
nokia_6133_1736,231241,241,2041,16,23,20,0,0.0,Estimated
nokia_6131_1434,231241,241,2041,16,23,20,0,0.0,Estimated
nokia_6070_1433,231241,241,2041,16,23,20,0,0.0,Estimated
nokia_6125_1409,231241,241,2041,16,23,20,0,0.0,Estimated
nokia_6126_2066,231241,241,2041,16,23,20,0,0.0,Estimated
nokia_6103_1403,231241,241,2041,16,23,20,0,0.0,Estimated
nokia_6233_1387,231241,241,2041,16,23,20,0,0.0,Estimated
nokia_6234_1388,231241,241,2041,16,23,20,0,0.0,Estimated
nokia_9300i_1382,524522,322,2766,16,28,20,0,0.0,Excel Benchmark
nokia_6282_1389,231241,241,2041,16,23,20,0,0.0,Estimated
nokia_n80_1347,231241,241,2041,16,23,20,0,0.0,Estimated
nokia_n92_1346,231241,241,2041,16,23,20,0,0.0,Estimated
nokia_n71_1345,231241,241,2041,16,23,20,0,0.0,Estimated
nokia_7360_1330,231241,241,2041,16,23,20,0,0.0,Estimated
nokia_7370_1331,231241,241,2041,16,23,20,0,0.0,Estimated
nokia_7380_1332,231241,241,2041,16,23,20,0,0.0,Estimated
nokia_e70_1323,231241,241,2041,16,23,20,0,0.0,Estimated
nokia_e62_1708,231241,241,2041,16,23,20,0,0.0,Estimated
nokia_e61_1322,231241,241,2041,16,23,20,0,0.0,Estimated
nokia_e60_1321,231241,241,2041,16,23,20,0,0.0,Estimated
nokia_3250_1296,231241,241,2041,16,23,20,0,0.0,Estimated
nokia_6708_1518,524522,322,2766,16,23,20,0,0.0,Excel Benchmark
nokia_6280_1199,231241,241,2041,16,23,20,0,0.0,Estimated
nokia_6111_1197,231241,241,2041,16,23,20,0,0.0,Estimated
nokia_n90_1155,230000,480,1500,16,23,20,0,0.0,Excel Benchmark
nokia_n70_1153,230000,480,1500,16,23,20,0,0.0,Excel Benchmark
nokia_n91_1154,231241,241,2041,16,23,20,0,0.0,Estimated
nokia_6060_1196,231241,241,2041,16,23,20,0,0.0,Estimated
nokia_6270_1198,231241,241,2041,16,23,20,0,0.0,Estimated
nokia_1110_1187,231241,241,2041,16,23,20,0,0.0,Estimated
nokia_1600_1188,231241,241,2041,16,23,20,0,0.0,Estimated
nokia_1101_1207,231241,241,2041,16,23,20,0,0.0,Estimated
nokia_8800_1144,231241,241,2041,16,23,20,0,0.0,Estimated
nokia_6230i_1087,231241,241,2041,16,23,20,0,0.0,Estimated
nokia_6030_1086,231241,241,2041,16,23,20,0,0.0,Estimated
nokia_5140i_1150,231241,241,2041,16,23,20,0,0.0,Estimated
nokia_6021_1088,231241,241,2041,16,23,20,0,0.0,Estimated
nokia_6680_1045,230000,480,1500,16,23,20,0,0.0,Excel Benchmark
nokia_7710_921,524522,322,2766,16,23,20,0,0.0,Excel Benchmark
nokia_6822_996,231241,241,2041,16,23,20,0,0.0,Estimated
nokia_6101_1044,231241,241,2041,16,23,20,0,0.0,Estimated
nokia_2652_1290,231241,241,2041,16,23,20,0,0.0,Estimated
nokia_6020_922,231241,241,2041,16,23,20,0,0.0,Estimated
nokia_3230_923,524522,322,2766,16,23,20,0,0.0,Excel Benchmark
nokia_7280_884,231241,241,2041,16,23,20,0,0.0,Estimated
nokia_6670_894,524522,322,2766,16,23,20,0,0.0,Excel Benchmark
nokia_9300_881,524522,322,2766,16,28,20,0,0.0,Excel Benchmark
nokia_6630_811,230000,480,1500,16,23,20,0,0.0,Excel Benchmark
nokia_6681_1046,230000,480,1500,16,23,20,0,0.0,Excel Benchmark
nokia_7270_883,231241,241,2041,16,23,20,0,0.0,Estimated
nokia_6260_815,524522,322,2766,16,23,20,0,0.0,Excel Benchmark
nokia_3128_978,231241,241,2041,16,23,20,0,0.0,Estimated
nokia_6170_812,231241,241,2041,16,23,20,0,0.0,Estimated
nokia_7260_882,231241,241,2041,16,23,20,0,0.0,Estimated
nokia_3220_801,231241,241,2041,16,23,20,0,0.0,Estimated
nokia_n_gage_qd_748,231241,241,2041,16,23,20,0,0.0,Estimated
nokia_7610_703,524522,322,2766,16,23,20,0,0.0,Excel Benchmark
nokia_3120_747,231241,241,2041,16,23,20,0,0.0,Estimated
nokia_2650_813,231241,241,2041,16,23,20,0,0.0,Estimated
nokia_3108_586,231241,241,2041,16,23,20,0,0.0,Estimated
nokia_9500_678,524522,322,2766,16,28,20,0,0.0,Excel Benchmark
nokia_2600_814,231241,241,2041,16,23,20,0,0.0,Estimated
nokia_5140_587,231241,241,2041,16,23,20,0,0.0,Estimated
nokia_7700_570,524522,322,2766,16,23,20,0,0.0,Excel Benchmark
nokia_7200_567,231241,241,2041,16,23,20,0,0.0,Estimated
nokia_6610i_742,231241,241,2041,16,23,20,0,0.0,Estimated
nokia_6230_566,231241,241,2041,16,23,20,0,0.0,Estimated
nokia_6820_565,231241,241,2041,16,23,20,0,0.0,Estimated
nokia_6810_564,231241,241,2041,16,23,20,0,0.0,Estimated
nokia_3660_550,231241,241,2041,16,23,20,0,0.0,Estimated
nokia_7600_538,231241,241,2041,16,23,20,0,0.0,Estimated
nokia_2300_513,231241,241,2041,16,23,20,0,0.0,Estimated
nokia_3200_528,231241,241,2041,16,23,20,0,0.0,Estimated
nokia_6620_723,524522,322,2766,16,23,20,0,0.0,Excel Benchmark
nokia_1100_512,231241,241,2041,16,23,20,0,0.0,Estimated
nokia_6600_454,231241,241,2041,16,23,20,0,0.0,Estimated
nokia_6108_443,231241,241,2041,16,23,20,0,0.0,Estimated
nokia_3100_453,231241,241,2041,16,23,20,0,0.0,Estimated
nokia_6220_409,231241,241,2041,16,23,20,0,0.0,Estimated
nokia_3300_408,231241,241,2041,16,23,20,0,0.0,Estimated
nokia_7250i_445,231241,241,2041,16,23,20,0,0.0,Estimated
nokia_n_gage_390,231241,241,2041,16,23,20,0,0.0,Estimated
nokia_7250_371,231241,241,2041,16,23,20,0,0.0,Estimated
nokia_8910i_370,231241,241,2041,16,23,20,0,0.0,Estimated
nokia_2100_366,231241,241,2041,16,23,20,0,0.0,Estimated
nokia_6800_369,231241,241,2041,16,23,20,0,0.0,Estimated
nokia_5100_367,231241,241,2041,16,23,20,0,0.0,Estimated
nokia_3510i_344,231241,241,2041,16,23,20,0,0.0,Estimated
nokia_6610_334,231241,241,2041,16,23,20,0,0.0,Estimated
nokia_6100_368,231241,241,2041,16,23,20,0,0.0,Estimated
nokia_3530_357,231241,241,2041,16,23,20,0,0.0,Estimated
nokia_9210i_communicator_319,231241,241,2041,16,23,20,0,0.0,Estimated
nokia_7210_318,231241,241,2041,16,23,20,0,0.0,Estimated
nokia_6310i_317,231241,241,2041,16,23,20,0,0.0,Estimated
nokia_3610_342,231241,241,2041,16,23,20,0,0.0,Estimated
nokia_3410_315,231241,241,2041,16,23,20,0,0.0,Estimated
nokia_3510_316,231241,241,2041,16,23,20,0,0.0,Estimated
nokia_7650_288,231241,241,2041,16,23,20,0,0.0,Estimated
nokia_8910_310,231241,241,2041,16,23,20,0,0.0,Estimated
nokia_6510_287,231241,241,2041,16,23,20,0,0.0,Estimated
nokia_6650_348,231241,241,2041,16,23,20,0,0.0,Estimated
nokia_6500_295,231241,241,2041,16,23,20,0,0.0,Estimated
nokia_8855_296,231241,241,2041,16,23,20,0,0.0,Estimated
nokia_5210_286,231241,241,2041,16,23,20,0,0.0,Estimated
nokia_5510_284,231241,241,2041,16,23,20,0,0.0,Estimated
nokia_8310_241,231241,241,2041,16,23,20,0,0.0,Estimated
nokia_6310_240,231241,241,2041,16,23,20,0,0.0,Estimated
nokia_3350_294,231241,241,2041,16,23,20,0,0.0,Estimated
nokia_3330_239,231241,241,2041,16,23,20,0,0.0,Estimated
nokia_8250_217,231241,241,2041,16,23,20,0,0.0,Estimated
nokia_3310_192,231241,241,2041,16,23,20,0,0.0,Estimated
nokia_9210_communicator_210,231241,241,2041,16,23,20,0,0.0,Estimated
nokia_8890_22,231241,241,2041,16,23,20,0,0.0,Estimated
nokia_8850_21,231241,241,2041,16,23,20,0,0.0,Estimated
nokia_8810_20,231241,241,2041,16,23,20,0,0.0,Estimated
nokia_6250_13,231241,241,2041,16,23,20,0,0.0,Estimated
nokia_6210_12,231241,241,2041,16,23,20,0,0.0,Estimated
nokia_7110_15,231241,241,2041,16,23,20,0,0.0,Estimated
nokia_9110i_communicator_18,231241,241,2041,16,28,20,0,0.0,Estimated
nokia_9000_communicator_16,231241,241,2041,16,28,20,0,0.0,Estimated
nokia_3210__1999__6,231241,241,2041,16,23,20,0,0.0,Estimated
nokia_6130_9,231241,241,2041,16,23,20,0,0.0,Estimated
nokia_6110_8,231241,241,2041,16,23,20,0,0.0,Estimated
nokia_5110_7,231241,241,2041,16,23,20,0,0.0,Estimated
nokia_8110_11,231241,241,2041,16,23,20,0,0.0,Estimated
nokia_2110_24,231241,241,2041,16,23,20,0,0.0,Estimated
nokia_3110_23,231241,241,2041,16,23,20,0,0.0,Estimated
nokia_3650_345,231241,241,2041,16,23,20,0,0.0,Estimated
nokia_6150_10,231241,241,2041,16,23,20,0,0.0,Estimated
nokia_7_3_10468,320000,600,1800,18,40,40,0,0.0,Excel Benchmark
nokia_g_10792,170000,350,1300,23,30,35,0,0.0,Excel Benchmark
nokia_9_3_pureview_10242,700000,900,3100,30,75,45,0,0.0,Excel Benchmark
nokia_8_1_plus_9648,231241,241,2041,38,40,25,0,0.0,Estimated
nokia_8210_19,231241,241,2041,16,23,20,0,0.0,Estimated
nokia_n87_3670,231241,241,2041,16,38,20,0,0.0,Estimated
nothing_phone__4b__5g_14781,463623,1223,2469,65,70,60,0,0.0,Excel Benchmark
nothing_phone__4a__pro_5g_14529,1469717,4170,4398,80,65,65,1557,15.27,GSMArena Lab
nothing_phone__4a__5g_14503,1183775,3374,2008,80,60,65,1549,13.57,GSMArena Lab
nothing_cmf_watch_pro_14219,231241,241,2041,16,43,20,0,0.0,Estimated
nothing_cmf_watch_pro_2_14218,231241,241,2041,16,43,20,0,0.0,Estimated
nothing_phone__3__5g_13969,1948966,6900,2478,85,75,90,1507,12.93,GSMArena Lab
nothing_cmf_phone_2_pro_5g_13821,683318,2963,1650,60,70,60,1255,14.63,GSMArena Lab
nothing_phone__3a__pro_13649,820097,3327,1483,80,70,65,1307,13.62,GSMArena Lab
nothing_phone__3a__13672,828429,3278,1483,80,70,65,1273,13.63,GSMArena Lab
nothing_cmf_phone_1_13122,646635,2801,1650,50,70,60,1259,16.22,GSMArena Lab
nothing_cmf_watch_3_pro_14217,231241,241,2041,16,43,20,0,0.0,Estimated
nothing_phone__2a__plus_13243,774023,2234,2430,65,70,65,1097,16.57,GSMArena Lab
nothing_phone__2a__12760,684574,2184,250,65,70,65,981,15.88,GSMArena Lab
nothing_phone__3a__lite_5g_14267,939571,2996,1650,45,70,60,1228,15.12,GSMArena Lab
nothing_phone__2__12386,972126,3957,5762,65,75,80,998,14.35,GSMArena Lab
nothing_phone__1__11636,592789,3024,3100,60,80,75,663,0.0,GSMArena Lab
nvidia_shield_k1_7832,582941,941,3623,16,28,70,0,0.0,Excel Benchmark
nvidia_shield_lte_6600,582941,941,3623,16,28,70,0,0.0,Excel Benchmark
nvidia_shield_6601,582941,941,3623,16,28,70,0,0.0,Excel Benchmark
o2_xda_guide_2617,320486,1486,3258,16,23,20,0,0.0,Excel Benchmark
o2_xda_zest_2594,231241,241,2041,16,23,20,0,0.0,Estimated
o2_xda_stellar_2179,15000,60,250,16,23,20,0,0.0,Estimated
o2_xda_orbit_ii_2180,15000,60,250,16,23,20,0,0.0,Estimated
o2_xda_ignito_2491,411432,1232,2496,16,23,20,0,0.0,Excel Benchmark
o2_xda_comet_2181,231241,241,2041,16,23,20,0,0.0,Estimated
o2_xda_serra_2780,411432,1232,2496,16,23,20,0,0.0,Excel Benchmark
o2_xda_argon_2178,231241,241,2041,16,23,20,0,0.0,Estimated
o2_cocoon_2002,231241,241,2041,16,23,20,0,0.0,Estimated
o2_xda_nova_2183,259101,1101,3103,16,23,20,0,0.0,Excel Benchmark
o2_xda_zinc_1819,231241,241,2041,16,23,20,0,0.0,Estimated
o2_xda_star_2137,15000,60,250,16,23,20,0,0.0,Estimated
o2_xda_terra_2182,259101,1101,3103,16,23,20,0,0.0,Excel Benchmark
o2_xda_atom_life_1834,231241,241,2041,16,23,20,0,0.0,Estimated
o2_xda_orbit_1714,259101,1101,3103,16,23,20,0,0.0,Excel Benchmark
o2_xda_graphite_1818,231241,241,2041,16,23,20,0,0.0,Estimated
o2_cosmo_1713,259101,1101,3103,16,23,20,0,0.0,Excel Benchmark
o2_xda_stealth_1709,231241,241,2041,16,23,20,0,0.0,Estimated
o2_jet_1735,231241,241,2041,16,23,20,0,0.0,Estimated
o2_xda_trion_1572,231241,241,2041,16,23,20,0,0.0,Estimated
o2_xda_neo_1522,259101,1101,3103,16,23,20,0,0.0,Excel Benchmark
o2_ice_1706,231241,241,2041,16,23,20,0,0.0,Estimated
o2_xda_atom_1372,231241,241,2041,16,23,20,0,0.0,Estimated
o2_xda_atom_exec_1625,231241,241,2041,16,23,20,0,0.0,Estimated
o2_xda_flame_1981,231241,241,2041,16,23,20,0,0.0,Estimated
o2_xda_mini_s_1274,259101,1101,3103,16,23,20,0,0.0,Excel Benchmark
o2_xda_phone_1276,259101,1101,3103,16,23,20,0,0.0,Excel Benchmark
o2_xda_orion_1373,259101,1101,3103,16,23,20,0,0.0,Excel Benchmark
o2_xphone_iim_1179,270000,540,1650,16,23,20,0,0.0,Excel Benchmark
o2_xda_exec_1279,231241,241,2041,16,23,20,0,0.0,Estimated
o2_x4_1092,231241,241,2041,16,23,20,0,0.0,Estimated
o2_x2i_1350,231241,241,2041,16,38,20,0,0.0,Estimated
o2_xm_1156,231241,241,2041,16,23,20,0,0.0,Estimated
o2_x7_1275,231241,241,2041,16,23,20,0,0.0,Estimated
o2_xda_iis_933,231241,241,2041,16,23,20,0,0.0,Estimated
o2_xphone_ii_918,270000,540,1650,16,23,20,0,0.0,Excel Benchmark
o2_x1b_1221,231241,241,2041,16,23,20,0,0.0,Estimated
o2_x1i_941,231241,241,2041,16,23,20,0,0.0,Estimated
o2_x2_760,231241,241,2041,16,38,20,0,0.0,Estimated
o2_xda_ii_697,231241,241,2041,16,23,20,0,0.0,Estimated
o2_xda_ii_mini_944,231241,241,2041,16,23,20,0,0.0,Estimated
o2_xphone_698,230000,480,1500,16,23,20,0,0.0,Excel Benchmark
o2_xda_iii_999,231241,241,2041,16,23,20,0,0.0,Estimated
o2_x3_761,231241,241,2041,16,23,20,0,0.0,Estimated
o2_xda_696,231241,241,2041,16,23,20,0,0.0,Estimated
oneplus_n6x_14849,140000,320,1150,21,50,50,0,0.0,Excel Benchmark
oneplus_n6_14760,140000,320,1150,43,50,70,0,0.0,Excel Benchmark
oneplus_turbo_6x_5g_14712,766436,1436,5108,45,65,70,0,0.0,Excel Benchmark
oneplus_nord_ce6_5g_14611,171736,736,2008,70,65,75,0,0.0,Excel Benchmark
oneplus_nord_ce6_lite_5g_14567,30000,110,420,45,65,70,0,0.0,Estimated
oneplus_ace_6_ultra_5g_14637,564243,1843,5329,65,65,80,0,0.0,Excel Benchmark
oneplus_watch_4_14622,307577,377,2931,16,43,20,0,0.0,Excel Benchmark
oneplus_pad_4_14630,561383,983,4749,25,53,75,0,0.0,Excel Benchmark
oneplus_15t_5g_14385,561383,983,4749,85,65,95,0,0.0,Excel Benchmark
oneplus_nord_6_5g_14558,351226,226,2478,70,65,75,0,0.0,Excel Benchmark
oneplus_turbo_6v_5g_14404,171736,736,2008,60,63,75,0,0.0,Excel Benchmark
oneplus_turbo_6x_pro_5g_14711,30000,110,420,65,65,75,0,0.0,Estimated
oneplus_pad_go_2_5g_14343,1022818,2939,1650,18,50,65,842,14.58,GSMArena Lab
oneplus_ace_6t_5g_14315,400000,500,2200,65,70,75,0,0.0,Excel Benchmark
oneplus_15_5g_14206,3688274,11062,4749,90,65,100,1364,23.12,GSMArena Lab
oneplus_ace_6_5g_14259,613027,1827,6281,65,65,80,0,0.0,Excel Benchmark
oneplus_15r_5g_14358,2981677,9369,2200,70,70,75,1204,21.6,GSMArena Lab
oneplus_turbo_6_5g_14260,351226,226,2478,60,65,75,0,0.0,Excel Benchmark
oneplus_nord_ce5_5g_13792,1390121,4006,1800,65,70,70,1231,14.7,GSMArena Lab
oneplus_watch_lite_14365,231241,241,2041,16,48,20,0,0.0,Estimated
oneplus_pad_lite_13956,374219,619,2657,16,38,65,0,0.0,Excel Benchmark
oneplus_pad_3__global__13881,613027,1827,6281,25,53,75,0,10.82,Excel Benchmark
oneplus_watch_3_43mm_13957,307577,377,2931,16,48,20,0,0.0,Excel Benchmark
oneplus_13s_5g_13818,2499190,9093,6281,85,65,70,0,0.0,GSMArena Lab
oneplus_ace_5_ultra_5g_13891,30000,110,420,65,65,75,0,0.0,Estimated
oneplus_pad_3_pro_14739,561383,983,4749,25,55,75,0,0.0,Excel Benchmark
oneplus_13t_5g_13791,613027,1827,6281,80,65,75,0,0.0,Excel Benchmark
oneplus_pad_2_pro_13860,613027,1827,6281,25,53,75,0,0.0,Excel Benchmark
oneplus_watch_3_13668,307577,377,2931,16,58,20,0,0.0,Excel Benchmark
oneplus_ace_5_pro_13591,613027,1827,6281,65,60,75,0,0.0,Excel Benchmark
oneplus_ace_5_racing_5g_13892,30000,110,420,65,70,75,0,0.0,Estimated
oneplus_13r_13548,2109299,6803,6608,80,65,75,1223,15.15,GSMArena Lab
oneplus_pad_3_13593,300000,420,1800,20,53,75,0,0.0,Excel Benchmark
oneplus_nord_4_13200,1315847,4791,1550,65,75,70,1163,14.68,GSMArena Lab
oneplus_pad_2_13210,1977475,6616,6608,25,55,75,793,10.85,GSMArena Lab
oneplus_13_13477,2690491,9278,6281,95,80,95,1204,15.47,GSMArena Lab
oneplus_watch_2r_13209,307577,377,2931,16,48,20,0,0.0,Excel Benchmark
oneplus_pad_pro_13180,1903140,2115,6608,25,55,75,0,0.0,Excel Benchmark
oneplus_watch_2__esim__13181,307577,377,2931,16,48,20,0,0.0,Excel Benchmark
oneplus_nord_ce4_lite_13166,420000,750,2200,63,70,70,0,0.0,Excel Benchmark
oneplus_ace_5_13592,1903140,2115,6608,65,60,75,0,0.0,Excel Benchmark
oneplus_nord_5_5g_13992,1512943,5112,5020,70,65,70,1330,13.78,GSMArena Lab
oneplus_nord_ce4_12892,839564,3029,3228,65,70,70,0,0.0,GSMArena Lab
oneplus_ace_3v_12889,240000,500,1550,65,63,70,0,0.0,Excel Benchmark
oneplus_watch_2_12843,307577,377,2931,16,48,20,0,0.0,Excel Benchmark
oneplus_12r_12727,1518552,5245,5226,65,65,70,1181,14.53,GSMArena Lab
oneplus_nord_n30_se_12811,380000,600,1700,43,40,60,0,0.0,Excel Benchmark
oneplus_12_12725,1821801,5124,6608,95,80,90,1155,14.18,GSMArena Lab
oneplus_nord_ce4_lite__india__13155,420000,750,2200,63,70,70,0,0.0,Excel Benchmark
oneplus_open_12619,1349633,3969,5226,85,73,65,1238,11.98,GSMArena Lab
oneplus_ace_3_12775,1539080,1926,5226,65,65,70,0,0.0,Excel Benchmark
oneplus_ace_3_pro_13179,1903140,2115,6608,65,60,75,0,0.0,Excel Benchmark
oneplus_ace_2_pro_12473,1539080,1926,5226,65,60,75,0,0.0,Excel Benchmark
oneplus_nord_ce3_11977,777541,1541,3423,65,65,70,0,0.0,Excel Benchmark
oneplus_pad_go_12614,400000,700,1900,18,35,65,0,0.0,Excel Benchmark
oneplus_nord_n30_12220,404120,2032,2200,53,55,65,671,0.0,GSMArena Lab
oneplus_ace_2v_12158,1350000,1650,4500,50,60,70,0,0.0,Excel Benchmark
oneplus_11r_11915,953897,3608,5762,65,65,70,0,0.0,GSMArena Lab
oneplus_ace_2_12103,336254,1654,5762,65,55,70,0,0.0,Excel Benchmark
oneplus_11_11893,1140661,4899,5226,85,80,70,767,11.08,GSMArena Lab
oneplus_nord_ce_3_lite_12198,412006,2052,2200,53,60,70,0,0.0,GSMArena Lab
oneplus_nord_watch_11899,231241,241,2041,16,43,20,0,0.0,Estimated
oneplus_ace_pro_11745,336254,1654,5762,65,70,70,0,0.0,Excel Benchmark
oneplus_nord_3_12135,916086,3136,4500,65,65,70,1114,0.0,GSMArena Lab
oneplus_nord_n20_se_11738,350000,620,1900,43,30,60,0,0.0,Excel Benchmark
oneplus_10t_11622,1016958,3907,5762,65,65,70,819,0.0,GSMArena Lab
oneplus_nord_2t_11517,604467,2790,3380,65,55,65,636,0.0,GSMArena Lab
oneplus_ace_racing_11529,120000,250,900,50,55,70,0,0.0,Excel Benchmark
oneplus_nord_n20_5g_11218,380672,1945,2200,48,50,55,647,0.0,GSMArena Lab
oneplus_10r_150w_11598,801224,3822,900,65,65,70,0,0.0,GSMArena Lab
oneplus_nord_n300_11949,335440,1780,900,43,35,60,623,0.0,GSMArena Lab
oneplus_10r_11445,120000,250,900,65,65,70,0,0.0,Excel Benchmark
oneplus_nord_ce_2_lite_5g_11344,399306,1956,2200,48,55,60,0,0.0,GSMArena Lab
oneplus_ace_11488,120000,250,900,60,70,70,0,0.0,Excel Benchmark
oneplus_nord_ce_2_5g_11269,436640,2157,2600,50,55,65,0,0.0,GSMArena Lab
oneplus_9rt_5g_11148,670289,3325,3500,25,65,65,0,0.0,GSMArena Lab
oneplus_nord_n200_5g_10961,340000,600,1700,28,45,50,0,0.0,Excel Benchmark
oneplus_10_pro_11234,886248,3447,3860,90,80,90,780,0.0,GSMArena Lab
oneplus_nord_2_5g_10960,598022,2792,250,65,55,65,633,0.0,GSMArena Lab
oneplus_pad_12112,859019,3158,4500,25,55,75,442,0.0,GSMArena Lab
oneplus_9_10747,820000,1130,3500,55,75,85,821,0.0,Excel Benchmark
oneplus_watch_10808,231241,241,2041,16,38,20,0,0.0,Estimated
oneplus_nord_n10_5g_10556,279579,1848,1800,25,45,40,440,0.0,GSMArena Lab
oneplus_nord_n100_10557,170000,350,1300,23,35,50,0,0.0,Excel Benchmark
oneplus_8t_10420,586000,3126,3100,25,65,65,802,0.0,GSMArena Lab
oneplus_8t__5g_10512,700000,900,3100,25,65,65,0,0.0,Excel Benchmark
oneplus_nord_ce_5g_10944,391770,1812,2000,50,55,45,607,0.0,GSMArena Lab
oneplus_nord_10289,315641,7844,1900,18,55,40,756,0.0,GSMArena Lab
oneplus_9r_10807,750000,1000,3300,25,65,65,0,0.0,Excel Benchmark
oneplus_8_pro_9919,573276,3374,3100,25,75,65,0,0.0,GSMArena Lab
oneplus_8_10161,564708,13291,3100,60,55,40,803,0.0,GSMArena Lab
oneplus_9_pro_10806,820000,1130,3500,30,85,85,859,0.0,Excel Benchmark
oneplus_8_5g_uw__verizon__10226,700000,900,3100,60,55,40,0,0.0,Excel Benchmark
oneplus_7t_pro_5g_mclaren_9928,600000,770,2700,80,65,40,0,0.0,Excel Benchmark
oneplus_7t_pro_9872,493901,11246,2700,80,65,40,0,0.0,GSMArena Lab
oneplus_7t_9816,485585,11394,2700,80,55,30,0,0.0,GSMArena Lab
oneplus_7_9623,367812,11075,2600,60,50,30,642,0.0,GSMArena Lab
oneplus_6t_mclaren_9469,292716,9005,2200,50,50,30,0,0.0,GSMArena Lab
oneplus_7_pro_9689,364025,10943,2600,80,65,40,616,0.0,GSMArena Lab
oneplus_6_9109,264200,9011,2200,50,50,30,0,0.0,GSMArena Lab
oneplus_5t_8912,260352,6759,1800,35,50,30,0,0.0,GSMArena Lab
oneplus_3t_8416,171678,350,1300,45,50,30,0,0.0,GSMArena Lab
oneplus_5_8647,300000,6604,1800,50,50,30,0,0.0,Excel Benchmark
oneplus_7_pro_5g_9704,580000,750,2600,65,65,40,0,0.0,Excel Benchmark
oneplus_2_6902,120000,250,900,38,40,25,0,0.0,Excel Benchmark
oneplus_x_7630,90000,220,750,23,50,20,0,0.0,Excel Benchmark
oneplus_8_5g__t_mobile__10229,700000,900,3100,60,55,40,0,0.0,Excel Benchmark
oneplus_nord_2_lite_11530,420000,750,2200,48,55,60,0,0.0,Excel Benchmark
oneplus_3_7995,180000,330,1200,40,50,30,0,0.0,Excel Benchmark
oneplus_one_6327,90000,220,750,23,40,25,0,0.0,Excel Benchmark
oneplus_open_2_13597,613027,1827,6281,68,53,90,0,0.0,Excel Benchmark
oneplus_6t_9350,293994,8977,2200,50,50,30,0,0.0,GSMArena Lab
oneplus_v_fold_12391,231241,241,2041,80,55,65,0,0.0,Estimated
oneplus_9e_10746,320000,600,1800,25,45,45,0,0.0,Excel Benchmark
oppo_k15_5g_14810,766436,1436,5108,70,63,75,0,0.0,Excel Benchmark
oppo_reno16c_5g_14768,270000,540,1650,85,70,75,0,0.0,Excel Benchmark
oppo_reno16_fs_5g_14752,270000,540,1650,85,70,70,0,0.0,Excel Benchmark
oppo_reno16_5g_14747,1458076,4006,4398,85,60,75,2124,16.75,GSMArena Lab
oppo_reno16_pro_5g__china__14675,307040,1240,2520,90,58,95,0,0.0,Excel Benchmark
oppo_a7_pro_max_5g_14828,347182,982,2746,68,63,75,0,0.0,Excel Benchmark
oppo_reno16_pro_5g_14746,2294761,6208,2600,90,65,75,1568,19.48,GSMArena Lab
oppo_find_x9_ultra_5g_14548,4110112,10895,4749,35,85,95,1156,20.17,GSMArena Lab
oppo_find_x9s_pro_14592,564243,1843,5329,100,65,95,0,0.0,Excel Benchmark
oppo_pad_5_pro_14621,561383,983,4749,25,53,75,0,0.0,Excel Benchmark
oppo_find_x9s_5g_14617,307040,1240,2520,85,58,75,0,0.0,Excel Benchmark
oppo_reno16_f_5g_14751,270000,540,1650,85,70,75,0,0.0,Excel Benchmark
oppo_pad_6_14690,307040,1240,2520,20,53,75,0,0.0,Excel Benchmark
oppo_f33_pro_5g_14601,140000,320,1150,53,70,75,0,0.0,Excel Benchmark
oppo_a6s_pro_5g__china__14597,140000,320,1150,48,70,75,0,0.0,Excel Benchmark
oppo_reno16_5g__china__14676,170562,362,2886,90,58,75,0,0.0,Excel Benchmark
oppo_f33_5g_14602,140000,320,1150,48,70,75,0,0.0,Excel Benchmark
oppo_k15_pro__5g_14572,307040,1240,2520,65,63,75,0,0.0,Excel Benchmark
oppo_a6k_14588,110000,270,950,43,50,70,0,0.0,Excel Benchmark
oppo_k15_pro_5g_14573,170562,362,2886,65,63,75,0,0.0,Excel Benchmark
oppo_k14_5g_14530,110000,270,950,43,55,70,0,0.0,Excel Benchmark
oppo_find_n6_5g_14389,3499490,6538,4749,78,60,95,1586,15.75,GSMArena Lab
oppo_watch_x3_14547,307577,377,2931,16,43,20,0,0.0,Excel Benchmark
oppo_a6s_5g__india__14546,110000,270,950,41,50,70,0,0.0,Excel Benchmark
oppo_k14x_5g_14458,110000,270,950,41,50,70,0,0.0,Excel Benchmark
oppo_a6s_pro_14523,467937,737,2011,53,70,75,0,0.0,Excel Benchmark
oppo_reno15c_5g__india__14513,560000,943,2804,70,70,75,0,0.0,Excel Benchmark
oppo_reno15_fs_5g_14373,560000,943,2804,70,70,75,0,0.0,Excel Benchmark
oppo_pad_mini_14624,400000,500,2200,25,63,75,0,0.0,Excel Benchmark
oppo_a6t_pro_14415,220000,400,1400,43,55,70,0,0.0,Excel Benchmark
oppo_watch_x3_mini_14619,508967,1767,5101,16,43,20,0,0.0,Excel Benchmark
oppo_a6c_14418,490939,1339,2817,21,50,50,0,0.0,Excel Benchmark
oppo_a6t_5g_14417,110000,270,950,41,55,70,0,0.0,Excel Benchmark
oppo_a6t_14416,220000,400,1400,21,55,50,0,0.0,Excel Benchmark
oppo_a6_14413,220000,400,1400,43,55,70,0,0.0,Excel Benchmark
oppo_a6s_5g_14410,110000,270,950,48,55,75,0,0.0,Excel Benchmark
oppo_a6_5g_14412,110000,270,950,43,55,70,0,0.0,Excel Benchmark
oppo_reno15_pro_5g__india__14406,400000,500,2200,90,60,95,0,0.0,Excel Benchmark
oppo_a6_pro_5g__india__14399,110000,270,950,48,55,75,0,0.0,Excel Benchmark
oppo_a6x_5g__global__14414,110000,270,950,41,55,50,0,0.0,Excel Benchmark
oppo_a6c__china__14591,220000,400,1400,21,55,50,0,0.0,Excel Benchmark
oppo_reno15_pro_max_5g_14220,400000,500,2200,90,60,95,0,0.0,Excel Benchmark
oppo_reno15_pro_mini_5g_14393,2077098,6201,2200,90,60,75,1237,17.32,GSMArena Lab
oppo_reno15_f_5g_14396,560000,943,2804,70,70,75,0,0.0,Excel Benchmark
oppo_pad_air5_14382,270000,540,1650,18,48,65,0,0.0,Excel Benchmark
oppo_a6x_5g_14321,110000,270,950,21,55,70,0,0.0,Excel Benchmark
oppo_reno15_5g__global__14395,1429374,1188,4398,85,60,75,1188,16.38,GSMArena Lab
oppo_a6x_14322,220000,400,1400,21,55,50,0,0.0,Excel Benchmark
oppo_reno15_5g_14288,400000,500,2200,90,60,75,0,0.0,Excel Benchmark
oppo_reno15_pro_5g__global__14394,2077098,6201,2200,90,60,75,1237,17.0,GSMArena Lab
oppo_reno_15c_5g_14347,422866,1866,4398,85,58,75,0,0.0,Excel Benchmark
oppo_a6s_14411,220000,400,1400,48,55,75,0,0.0,Excel Benchmark
oppo_find_x9_pro_14094,3563384,9697,5329,95,60,95,1175,21.95,GSMArena Lab
oppo_find_x9_5g_14235,564243,1843,5329,90,60,95,0,0.0,Excel Benchmark
oppo_pad_5_14236,30000,110,420,20,53,75,0,0.0,Estimated
oppo_f31_pro__5g_14148,820000,1162,3228,70,63,75,0,0.0,Excel Benchmark
oppo_f31_pro_5g_14149,270000,540,1650,70,70,75,0,0.0,Excel Benchmark
oppo_a6_pro_14170,374219,619,2657,48,70,75,0,0.0,Excel Benchmark
oppo_reno15_pro_5g_14286,400000,500,2200,90,60,95,0,0.0,Excel Benchmark
oppo_a6_gt_5g_14135,820000,1162,3228,70,58,75,0,0.0,Excel Benchmark
oppo_watch_s_14237,307577,377,2931,16,58,20,0,0.0,Excel Benchmark
oppo_a6_pro_5g__china__14129,270000,540,1650,65,70,75,0,0.0,Excel Benchmark
oppo_a6_pro_5g_14171,110000,270,950,48,70,75,0,0.0,Excel Benchmark
oppo_f31_5g_14248,110000,270,950,48,70,75,0,0.0,Excel Benchmark
oppo_a6_max_5g_14108,820000,1162,3228,55,63,75,0,0.0,Excel Benchmark
oppo_k13_turbo_5g_14022,400000,500,2200,50,63,75,0,0.0,Excel Benchmark
oppo_k13_turbo_pro_5g_14013,351226,226,2478,65,63,75,0,0.0,Excel Benchmark
oppo_a5x_5g_13898,110000,270,950,31,55,70,0,0.0,Excel Benchmark
oppo_a5_4g_13871,617653,1253,4559,41,45,70,0,0.0,Excel Benchmark
oppo_a5_5g_13872,110000,270,950,43,55,70,0,0.0,Excel Benchmark
oppo_reno14_pro_5g_13865,400000,500,2200,85,60,95,0,0.0,Excel Benchmark
oppo_a5x_13873,617653,1253,4559,36,45,70,0,0.0,Excel Benchmark
oppo_reno14_5g_13866,300000,420,1800,85,60,75,0,0.0,Excel Benchmark
oppo_k13_5g_13789,463623,1223,2469,45,70,75,0,0.0,Excel Benchmark
oppo_find_x8_ultra_13753,2710432,9503,6281,30,80,95,1157,16.33,GSMArena Lab
oppo_reno14_f_5g_13977,560000,943,2804,70,70,70,0,0.0,Excel Benchmark
oppo_k13x_5g_13978,110000,270,950,43,50,70,0,0.0,Excel Benchmark
oppo_find_x8s_5g_13769,30000,110,420,85,60,90,0,0.0,Estimated
oppo_find_x8s__5g_13770,30000,110,420,85,60,95,0,0.0,Estimated
oppo_pad_4_pro_13786,613027,1827,6281,25,53,75,0,0.0,Excel Benchmark
oppo_f29_13722,560000,943,2804,50,70,70,0,0.0,Excel Benchmark
oppo_f29_pro_13720,270000,540,1650,65,70,75,0,0.0,Excel Benchmark
oppo_a5__china__13736,560000,943,2804,45,70,70,0,0.0,Excel Benchmark
oppo_a5_pro_4g_13738,617653,1253,4559,43,45,65,0,0.0,Excel Benchmark
oppo_watch_x2_mini_13787,307577,377,2931,16,48,20,0,0.0,Excel Benchmark
oppo_a5_energy_13735,110000,270,950,43,45,65,0,0.0,Excel Benchmark
oppo_pad_se_13867,374219,619,2657,16,38,65,0,0.0,Excel Benchmark
oppo_reno13_f_13607,560000,943,2804,70,70,65,0,0.0,Excel Benchmark
oppo_find_n5_13659,2274385,8218,3435,68,65,90,1188,13.27,GSMArena Lab
oppo_watch_x2_13671,307577,377,2931,16,58,20,0,0.0,Excel Benchmark
oppo_reno13_f_4g_13608,374219,619,2657,68,70,65,0,0.0,Excel Benchmark
oppo_a5_pro__china__13491,270000,540,1650,50,70,75,0,0.0,Excel Benchmark
oppo_reno13_pro_13514,1154641,4138,1800,85,65,90,1168,16.7,GSMArena Lab
oppo_pad_3_13516,300000,420,1800,20,53,75,0,0.0,Excel Benchmark
oppo_find_x8_pro_13467,2701287,8819,420,30,60,90,1333,15.3,GSMArena Lab
oppo_find_x8_13407,2751909,8885,420,85,60,90,1364,13.97,GSMArena Lab
oppo_pad_3_pro_13085,1903140,2115,6608,25,53,75,0,0.0,Excel Benchmark
oppo_k12_plus_13409,820000,1162,3228,65,70,75,0,0.0,Excel Benchmark
oppo_a80_13292,110000,270,950,43,55,65,0,0.0,Excel Benchmark
oppo_f27_13270,110000,270,950,53,70,65,0,0.0,Excel Benchmark
oppo_a3_4g_13275,617653,1253,4559,41,45,65,0,0.0,Excel Benchmark
oppo_a3_13269,110000,270,950,41,55,65,0,0.0,Excel Benchmark
oppo_a3x_13257,110000,270,950,16,55,65,0,0.0,Excel Benchmark
oppo_k12x_13237,110000,270,950,38,55,65,0,0.0,Excel Benchmark
oppo_a3x__china__13233,110000,270,950,38,55,65,0,0.0,Excel Benchmark
oppo_a3x_4g_13261,617653,1253,4559,16,45,65,0,0.0,Excel Benchmark
oppo_reno12_f_4g_13216,220000,400,1400,53,70,65,0,0.0,Excel Benchmark
oppo_reno12_f_13182,110000,270,950,68,70,65,0,0.0,Excel Benchmark
oppo_a3_pro_13160,110000,270,950,43,55,65,0,0.0,Excel Benchmark
oppo_reno12_13133,681613,2631,1650,70,75,70,1378,14.88,GSMArena Lab
oppo_reno12_pro_13132,681677,2625,1650,85,75,70,1380,14.9,GSMArena Lab
oppo_f27_pro__13126,620000,950,2800,45,70,70,0,0.0,Excel Benchmark
oppo_reno12_pro__china__13045,1550000,60,250,85,75,70,0,0.0,Estimated
oppo_reno12__china__13046,759107,1907,6521,85,75,70,0,0.0,Excel Benchmark
oppo_a60_12964,200000,380,1350,43,40,65,0,0.0,Excel Benchmark
oppo_a3__china__13163,420000,750,2200,43,70,65,0,0.0,Excel Benchmark
oppo_reno13_13515,1378614,4208,1800,70,65,70,1204,16.83,GSMArena Lab
oppo_k12_12949,820000,1162,3228,65,70,70,0,0.0,Excel Benchmark
oppo_watch_x_12855,307577,377,2931,16,48,20,0,0.0,Excel Benchmark
oppo_k12x__china__13001,420000,750,2200,48,70,70,0,0.0,Excel Benchmark
oppo_a5_pro_13675,110000,270,950,43,55,65,0,0.0,Excel Benchmark
oppo_reno11_f_12797,620000,950,2800,55,70,70,0,0.0,Excel Benchmark
oppo_reno11_pro_12790,180000,330,1200,85,70,65,0,0.0,Excel Benchmark
oppo_find_x7_ultra_12752,1994239,6472,6608,30,85,90,1165,12.78,GSMArena Lab
oppo_find_x7_12778,2038810,2207,7408,90,65,70,0,0.0,Excel Benchmark
oppo_pad_neo_12796,400000,700,1900,18,35,65,0,0.0,Excel Benchmark
oppo_reno11_12791,620000,950,2800,85,70,70,0,0.0,Excel Benchmark
oppo_reno11_pro__china__12706,336254,1654,5762,85,65,65,0,0.0,Excel Benchmark
oppo_reno11__china__12707,180000,330,1200,85,70,65,0,0.0,Excel Benchmark
oppo_pad_air2_12698,400000,700,1900,18,35,65,0,0.0,Excel Benchmark
oppo_f25_pro_12854,620000,950,2800,55,70,70,0,0.0,Excel Benchmark
oppo_find_n3_12205,1417837,5166,5226,73,73,65,1240,11.6,GSMArena Lab
oppo_a2x_12621,380000,600,1700,21,40,45,0,0.0,Excel Benchmark
oppo_a79_12636,380000,600,1700,43,50,60,0,0.0,Excel Benchmark
oppo_a3_pro__china__12932,620000,950,2800,45,70,70,0,0.0,Excel Benchmark
oppo_a38_12541,280000,520,1550,41,40,60,0,0.0,Excel Benchmark
oppo_watch_se_12533,35000,120,450,16,38,20,0,0.0,Estimated
oppo_a59_12754,380000,600,1700,23,35,60,0,0.0,Excel Benchmark
oppo_a2_12683,380000,600,1700,43,50,60,0,0.0,Excel Benchmark
oppo_a2_pro_12551,620000,950,2800,45,70,70,0,0.0,Excel Benchmark
oppo_watch_4_pro_12532,156090,290,670,16,38,20,0,0.0,Excel Benchmark
oppo_a18_12591,280000,520,1550,16,40,45,0,0.0,Excel Benchmark
oppo_k11_12390,777541,1541,3423,65,70,70,0,0.0,Excel Benchmark
oppo_find_n3_flip_12531,1040608,3924,250,85,75,55,939,12.97,GSMArena Lab
oppo_reno10_pro_12413,571870,2795,3000,85,70,65,793,11.08,GSMArena Lab
oppo_a78_4g_12387,200000,380,1350,43,55,70,0,0.0,Excel Benchmark
oppo_k11x_12295,412006,2052,2200,53,60,70,0,0.0,GSMArena Lab
oppo_reno10_pro__china__12276,180000,330,1200,85,65,65,0,0.0,Excel Benchmark
oppo_reno10__china__12277,630000,1080,3000,70,70,65,0,0.0,Excel Benchmark
oppo_f23_12270,420000,750,2200,53,60,45,0,0.0,Excel Benchmark
oppo_reno10_12414,566125,2227,2800,70,70,70,811,0.0,GSMArena Lab
oppo_a58_4g_12436,280000,520,1550,43,45,60,0,0.0,Excel Benchmark
oppo_find_x6_pro_12105,1294797,4791,5226,85,80,90,1318,0.0,GSMArena Lab
oppo_a1x_12208,520000,800,2300,23,35,45,0,0.0,Excel Benchmark
oppo_find_x6_12106,1550000,60,250,85,65,65,0,0.0,Estimated
oppo_a98_11974,420000,750,2200,53,60,70,0,0.0,Excel Benchmark
oppo_pad_2_12177,1350000,1650,4500,25,53,75,0,0.0,Excel Benchmark
oppo_reno8_t_12109,400000,700,1900,33,55,60,0,0.0,Excel Benchmark
oppo_a1_12213,420000,750,2200,43,60,70,0,0.0,Excel Benchmark
oppo_a78_12073,520000,800,2300,43,35,60,0,0.0,Excel Benchmark
oppo_find_n2_12002,962082,3670,5762,85,75,65,1216,0.0,GSMArena Lab
oppo_reno10_pro__12275,336254,1654,5762,85,60,65,0,0.0,Excel Benchmark
oppo_a56s_12064,120000,250,900,23,35,45,0,0.0,Excel Benchmark
oppo_a58x_12027,520000,800,2300,23,35,45,0,0.0,Excel Benchmark
oppo_reno9_pro_11997,120000,250,900,55,70,65,0,0.0,Excel Benchmark
oppo_reno8_t_5g_12069,420000,750,2200,58,70,65,0,0.0,Excel Benchmark
oppo_a1_pro_11981,420000,750,2200,53,70,65,0,0.0,Excel Benchmark
oppo_a17k_11936,340000,600,1850,16,30,45,0,0.0,Excel Benchmark
oppo_a77s_11907,200000,380,1350,43,35,60,0,0.0,Excel Benchmark
oppo_a17_11902,340000,600,1850,41,30,45,0,0.0,Excel Benchmark
oppo_reno9_11998,630000,1080,3000,55,70,65,0,0.0,Excel Benchmark
oppo_reno9_pro__11996,336254,1654,5762,70,70,65,0,0.0,Excel Benchmark
oppo_k10x_11877,420000,750,2200,48,55,70,0,0.0,Excel Benchmark
oppo_find_n2_flip_12014,773574,3265,4600,55,75,55,1039,0.0,GSMArena Lab
oppo_reno8_4g_11743,200000,380,1350,53,55,55,0,0.0,Excel Benchmark
oppo_watch_3_pro_11765,156090,290,670,16,38,20,0,0.0,Excel Benchmark
oppo_watch_3_11764,156090,290,670,16,38,20,0,0.0,Excel Benchmark
oppo_reno8_z_11735,420000,750,2200,48,50,55,0,0.0,Excel Benchmark
oppo_a77_4g_11734,350000,620,1900,43,35,60,0,0.0,Excel Benchmark
oppo_reno8_pro_11683,718351,3395,900,55,70,65,818,0.0,GSMArena Lab
oppo_a57s_11835,350000,620,1900,43,30,60,0,0.0,Excel Benchmark
oppo_a97_11655,120000,250,900,31,45,60,0,0.0,Excel Benchmark
oppo_reno8_11684,619610,2694,3380,55,55,65,633,0.0,GSMArena Lab
oppo_k10_5g_11610,120000,250,900,38,35,60,0,0.0,Excel Benchmark
oppo_a77_11599,120000,250,900,38,35,60,0,0.0,Excel Benchmark
oppo_a57_4g_11565,350000,620,1900,23,30,60,0,0.0,Excel Benchmark
oppo_reno8_pro__china__11542,700000,1050,3200,55,70,65,0,0.0,Excel Benchmark
oppo_reno8__china__11541,652660,860,3380,55,55,65,0,0.0,Excel Benchmark
oppo_pad_air_11544,249272,1661,1350,16,28,55,352,0.0,GSMArena Lab
oppo_k10_pro_11467,820000,1130,3500,65,70,70,0,0.0,Excel Benchmark
oppo_k10_5g__china__11481,85000,200,700,50,55,70,0,0.0,Excel Benchmark
oppo_reno8_lite_11513,420000,750,2200,48,50,55,0,0.0,Excel Benchmark
oppo_a55s_11482,520000,800,2300,23,30,45,0,0.0,Excel Benchmark
oppo_a57e_11836,350000,620,1900,23,35,60,0,0.0,Excel Benchmark
oppo_f21_pro_5g_11471,420000,750,2200,48,50,55,0,0.0,Excel Benchmark
oppo_reno8_pro__11543,120000,250,900,55,70,65,0,0.0,Excel Benchmark
oppo_a58__china__11967,520000,800,2300,43,35,60,0,0.0,Excel Benchmark
oppo_f21_pro_11450,289250,1653,1350,53,55,55,0,0.0,GSMArena Lab
oppo_reno7_11448,289250,1653,1350,53,55,55,624,0.0,GSMArena Lab
oppo_a16e_11433,130000,300,950,21,30,35,0,0.0,Excel Benchmark
oppo_k10_11438,200000,380,1350,48,45,60,0,0.0,Excel Benchmark
oppo_a96_11434,200000,380,1350,48,45,60,0,0.0,Excel Benchmark
oppo_reno7_z_5g_11397,420000,750,2200,48,50,55,0,0.0,Excel Benchmark
oppo_find_x5_pro_11236,1012896,3433,3860,85,80,90,762,0.0,GSMArena Lab
oppo_reno7_lite_11458,376819,1996,2200,48,50,55,657,0.0,GSMArena Lab
oppo_find_x5_11378,810715,3331,3500,85,70,85,807,0.0,GSMArena Lab
oppo_find_x5_lite_11323,479608,2276,2600,55,55,65,0,0.0,GSMArena Lab
oppo_pad_11322,750000,1000,3300,23,43,65,0,0.0,Excel Benchmark
oppo_a76_11367,200000,380,1350,23,35,60,0,0.0,Excel Benchmark
oppo_reno6_lite_11196,160000,330,1200,43,50,60,0,0.0,Excel Benchmark
oppo_a57_11476,120000,250,900,23,35,45,761,0.0,Excel Benchmark
oppo_a36_11314,200000,380,1350,23,35,45,0,0.0,Excel Benchmark
oppo_a11s_11288,170000,350,1300,23,35,50,0,0.0,Excel Benchmark
oppo_reno7_5g_11350,479608,2276,2600,55,55,65,635,0.0,GSMArena Lab
oppo_find_n_11267,822513,3478,3500,85,60,75,0,0.0,GSMArena Lab
oppo_k9x_11235,120000,250,900,48,45,60,0,0.0,Excel Benchmark
oppo_a96__china__11316,420000,750,2200,43,50,55,0,0.0,Excel Benchmark
oppo_reno7_5g__china__11160,630000,1080,3000,55,55,60,0,0.0,Excel Benchmark
oppo_a54s_11144,350000,620,1900,38,30,45,0,0.0,Excel Benchmark
oppo_reno7_se_5g_11191,550000,800,2600,45,55,55,0,0.0,Excel Benchmark
oppo_reno7_pro_5g_11190,15000,60,250,55,60,65,0,0.0,Estimated
oppo_a55_11114,350000,620,1900,48,30,50,0,0.0,Excel Benchmark
oppo_f19s_11108,160000,330,1200,43,50,60,0,0.0,Excel Benchmark
oppo_k9s_11151,630000,1080,3000,50,55,50,0,0.0,Excel Benchmark
oppo_a56_5g_11172,520000,800,2300,23,30,45,0,0.0,Excel Benchmark
oppo_a16k_11200,350000,620,1900,21,30,35,0,0.0,Excel Benchmark
oppo_k9_pro_11111,15000,60,250,50,65,60,0,0.0,Estimated
oppo_watch_2_11026,35000,120,450,16,38,20,0,0.0,Estimated
oppo_a95_11195,160000,330,1200,43,50,60,0,0.0,Excel Benchmark
oppo_reno6_pro_5g__snapdragon__11093,671577,2941,3300,30,60,65,780,0.0,GSMArena Lab
oppo_a16s_11295,350000,620,1900,23,30,45,0,0.0,Excel Benchmark
oppo_a16_11021,350000,620,1900,23,30,45,0,0.0,Excel Benchmark
oppo_reno6_11028,260000,510,1600,30,55,55,0,0.0,Excel Benchmark
oppo_reno6_5g_10932,430765,2131,2600,55,55,60,632,0.0,GSMArena Lab
oppo_k9_10894,620000,1050,2900,55,55,60,0,0.0,Excel Benchmark
oppo_reno6_pro__5g_10905,750000,1000,3300,30,60,65,0,0.0,Excel Benchmark
oppo_a53s_5g_10874,520000,800,2300,23,30,45,0,0.0,Excel Benchmark
oppo_a35_10852,340000,600,1850,23,30,35,0,0.0,Excel Benchmark
oppo_reno6_pro_5g_10904,15000,60,250,30,60,65,0,0.0,Estimated
oppo_reno5_z_10760,85000,200,700,25,50,40,0,0.0,Excel Benchmark
oppo_a94_5g_10799,85000,200,700,25,50,40,0,0.0,Excel Benchmark
oppo_a95_5g_10834,85000,200,700,45,50,40,0,0.0,Excel Benchmark
oppo_a74_5g_10830,340000,600,1700,23,45,50,0,0.0,Excel Benchmark
oppo_a54_5g_10866,340000,600,1700,23,45,45,0,0.0,Excel Benchmark
oppo_reno6_z_10978,85000,200,700,55,50,40,0,0.0,Excel Benchmark
oppo_f19_10764,160000,330,1200,43,50,60,0,0.0,Excel Benchmark
oppo_a54_10818,340000,600,1850,28,30,50,0,0.0,Excel Benchmark
oppo_find_x3_neo_10787,700000,900,3100,30,60,65,0,0.0,Excel Benchmark
oppo_a74_10829,160000,330,1200,43,50,60,0,0.0,Excel Benchmark
oppo_f19_pro_10761,300000,550,1600,25,50,40,0,0.0,Excel Benchmark
oppo_find_x3_10786,750000,1000,3300,30,80,85,0,0.0,Excel Benchmark
oppo_a94_10765,300000,550,1600,30,50,40,0,0.0,Excel Benchmark
oppo_f19_pro__5g_10762,85000,200,700,25,50,55,0,0.0,Excel Benchmark
oppo_reno5_k_10750,380000,650,2000,30,60,60,0,0.0,Excel Benchmark
oppo_find_x3_lite_10719,350000,620,1900,30,55,60,0,0.0,Excel Benchmark
oppo_a55_5g_10703,520000,800,2300,23,30,45,0,0.0,Excel Benchmark
oppo_a93s_5g_10993,520000,800,2300,38,45,50,0,0.0,Excel Benchmark
oppo_a93_5g_10683,340000,600,1700,38,45,50,0,0.0,Excel Benchmark
oppo_a15s_10644,340000,600,1850,23,30,35,0,0.0,Excel Benchmark
oppo_reno5_4g_10654,260000,510,1600,30,55,55,0,0.0,Excel Benchmark
oppo_reno5_pro__5g_10632,700000,900,3100,30,60,65,0,0.0,Excel Benchmark
oppo_find_x3_pro_10627,656467,3316,3500,30,80,85,774,0.0,GSMArena Lab
oppo_reno5_lite_10716,300000,550,1600,30,50,40,0,0.0,Excel Benchmark
oppo_reno5_pro_5g_10606,650000,900,3000,30,60,60,0,0.0,Excel Benchmark
oppo_reno5_5g_10589,317762,1813,1900,30,55,60,634,0.0,GSMArena Lab
oppo_reno5_f_10763,300000,550,1600,30,50,40,0,0.0,Excel Benchmark
oppo_reno4_f_10478,300000,550,1600,18,50,40,0,0.0,Excel Benchmark
oppo_a53s_10502,170000,350,1300,23,35,50,0,0.0,Excel Benchmark
oppo_a93_10431,300000,550,1600,18,50,40,0,0.0,Excel Benchmark
oppo_a73_10489,160000,330,1200,23,50,40,0,0.0,Excel Benchmark
oppo_reno4_z_5g_10375,295562,2196,700,18,55,40,398,0.0,GSMArena Lab
oppo_a15_10497,340000,600,1850,21,30,35,0,0.0,Excel Benchmark
oppo_reno4_lite_10465,300000,550,1600,18,50,40,0,0.0,Excel Benchmark
oppo_a33__2020__10474,170000,350,1300,23,35,50,0,0.0,Excel Benchmark
oppo_a73_5g_10499,370000,580,1750,23,45,40,0,0.0,Excel Benchmark
oppo_reno4_se_10433,370000,580,1750,50,50,60,0,0.0,Excel Benchmark
oppo_f17_pro_10388,300000,550,1600,18,50,40,0,0.0,Excel Benchmark
oppo_f17_10413,160000,330,1200,23,50,40,0,0.0,Excel Benchmark
oppo_a53_5g_10608,370000,580,1750,25,45,35,0,0.0,Excel Benchmark
oppo_a53_10376,170000,350,1300,28,35,50,0,0.0,Excel Benchmark
oppo_a32_10454,170000,350,1300,23,35,50,0,0.0,Excel Benchmark
oppo_k7x_10573,370000,580,1750,25,45,50,0,0.0,Excel Benchmark
oppo_reno4_pro_10327,261359,1781,1600,30,60,60,843,0.0,GSMArena Lab
oppo_reno4_10348,260000,510,1600,30,50,40,0,0.0,Excel Benchmark
oppo_a72_5g_10332,370000,580,1750,25,45,40,0,0.0,Excel Benchmark
oppo_a12s_10288,340000,600,1850,21,30,35,0,0.0,Excel Benchmark
oppo_watch_10115,176502,302,1706,16,38,20,0,0.0,Excel Benchmark
oppo_reno4_pro_5g_10264,317139,1805,1900,80,60,60,845,0.0,GSMArena Lab
oppo_reno4_5g_10265,350000,620,1900,38,50,60,0,0.0,Excel Benchmark
oppo_find_x2_neo_10195,308231,1815,1900,45,60,40,0,0.0,GSMArena Lab
oppo_a92s_10184,85000,200,700,18,55,40,0,0.0,Excel Benchmark
oppo_a52_10194,170000,350,1300,25,40,50,0,0.0,Excel Benchmark
oppo_a11k_10694,340000,600,1850,21,30,35,0,0.0,Excel Benchmark
oppo_a72_10196,170000,350,1300,25,40,50,0,0.0,Excel Benchmark
oppo_a12_10171,340000,600,1850,21,30,35,0,0.0,Excel Benchmark
oppo_k7_5g_10354,350000,620,1900,30,50,40,0,0.0,Excel Benchmark
oppo_find_x2_lite_10176,350000,620,1900,30,50,40,0,0.0,Excel Benchmark
oppo_ace2_10164,700000,900,3100,25,60,80,0,0.0,Excel Benchmark
oppo_find_x2_pro_9529,593717,13245,3100,80,80,60,871,0.0,GSMArena Lab
oppo_reno3_10125,290000,530,1550,30,50,40,0,0.0,Excel Benchmark
oppo_find_x2_10048,700000,900,3100,80,80,60,850,0.0,Excel Benchmark
oppo_a12e_10173,75000,200,750,23,30,35,0,0.0,Excel Benchmark
oppo_reno3_pro_10053,227810,7028,1600,18,55,40,0,0.0,GSMArena Lab
oppo_a31_10083,340000,600,1850,23,30,35,0,0.0,Excel Benchmark
oppo_f15_10009,270000,500,1500,23,50,40,0,0.0,Excel Benchmark
oppo_reno3_pro_5g_9992,308231,1815,1900,45,60,40,819,0.0,GSMArena Lab
oppo_a91_10000,270000,500,1500,23,50,40,0,0.0,Excel Benchmark
oppo_a8_10002,340000,600,1850,23,30,35,0,0.0,Excel Benchmark
oppo_a11_9901,170000,350,1300,20,30,45,0,0.0,Excel Benchmark
oppo_k5_9907,280000,550,1700,30,50,40,0,0.0,Excel Benchmark
oppo_reno_ace_9894,434063,11008,2700,25,60,60,717,0.0,GSMArena Lab
oppo_reno_a_9808,230000,480,1500,28,50,25,0,0.0,Excel Benchmark
oppo_a5__2020__9883,170000,350,1300,20,30,45,0,0.0,Excel Benchmark
oppo_a9__2020__9819,170000,350,1300,25,30,45,0,0.0,Excel Benchmark
oppo_reno3_youth_10077,350000,620,1900,45,50,40,0,0.0,Excel Benchmark
oppo_reno3_5g_9942,620000,850,2900,45,50,40,0,0.0,Excel Benchmark
oppo_reno2_9798,261990,7001,1700,25,50,40,509,0.0,GSMArena Lab
oppo_reno2_f_9810,270000,500,1500,23,50,40,0,0.0,Excel Benchmark
oppo_k3_9699,230000,480,1500,35,50,30,0,0.0,Excel Benchmark
oppo_a9x_9706,270000,500,1500,43,40,40,0,0.0,Excel Benchmark
oppo_reno2_z_9809,290000,530,1550,25,50,40,0,0.0,Excel Benchmark
oppo_a92_10211,170000,350,1300,25,40,50,0,0.0,Excel Benchmark
oppo_reno_5g_9676,580000,750,2600,75,50,40,0,0.0,Excel Benchmark
oppo_reno_9631,230000,480,1500,45,50,30,0,0.0,Excel Benchmark
oppo_a1k_9673,130000,300,950,16,30,35,0,0.0,Excel Benchmark
oppo_reno_10x_zoom_9654,407473,10395,2600,75,50,40,440,0.0,GSMArena Lab
oppo_f11_9617,270000,500,1500,43,40,40,0,0.0,Excel Benchmark
oppo_a9_9677,270000,500,1500,33,40,35,0,0.0,Excel Benchmark
oppo_f11_pro_9566,150218,6020,1500,43,40,40,0,0.0,GSMArena Lab
oppo_a7_9394,75000,200,750,28,30,35,0,0.0,Excel Benchmark
oppo_r15x_9380,170000,350,1300,28,50,25,0,0.0,Excel Benchmark
oppo_a7n_9653,340000,600,1850,28,30,35,0,0.0,Excel Benchmark
oppo_a7x_9317,240000,450,1400,33,40,25,0,0.0,Excel Benchmark
oppo_k1_9361,170000,350,1300,28,50,25,0,0.0,Excel Benchmark
oppo_rx17_neo_9393,170000,350,1300,26,50,25,0,0.0,Excel Benchmark
oppo_rx17_pro_9288,154861,5944,1500,43,50,45,0,0.0,GSMArena Lab
oppo_f9__f9_pro__9286,240000,5673,1400,26,40,30,0,0.0,Excel Benchmark
oppo_a3s_9269,75000,200,750,23,30,40,0,0.0,Excel Benchmark
oppo_a5s__ax5s__9626,340000,600,1850,23,30,35,0,0.0,Excel Benchmark
oppo_reno_z_9702,290000,530,1550,50,50,40,0,0.0,Excel Benchmark
oppo_find_x_7885,336630,8018,2200,38,50,30,0,0.0,GSMArena Lab
oppo_f7_youth_9208,240000,450,1400,23,40,25,0,0.0,Excel Benchmark
oppo_a3__2018__9168,240000,450,1400,28,40,25,0,0.0,Excel Benchmark
oppo_f7_9121,139414,5901,1400,26,40,25,0,0.0,GSMArena Lab
oppo_r17_9287,230000,480,1500,28,50,30,0,0.0,Excel Benchmark
oppo_a5__ax5__9259,75000,200,750,23,30,35,0,0.0,Excel Benchmark
oppo_r15_pro_9118,146526,5809,1300,35,50,30,0,0.0,GSMArena Lab
oppo_r15_9108,140161,5806,1400,35,50,30,0,0.0,GSMArena Lab
oppo_a1__2018__9134,390508,1108,5124,23,50,25,0,0.0,Excel Benchmark
oppo_a83_8957,390508,1108,5124,23,50,25,0,0.0,Excel Benchmark
oppo_r11s_plus_8927,170000,350,1300,35,50,40,0,0.0,Excel Benchmark
oppo_f5_8889,390508,1108,5124,33,40,25,0,0.0,Excel Benchmark
oppo_find_x_lamborghini_9248,400000,500,2200,38,50,45,0,0.0,Excel Benchmark
oppo_r11s_8911,170000,5907,1300,35,50,30,0,0.0,Excel Benchmark
oppo_a71_8849,240000,500,1550,21,30,25,0,0.0,Excel Benchmark
oppo_a77__2017__8777,95000,240,850,28,40,25,0,0.0,Excel Benchmark
oppo_r11_8644,170000,5777,1300,35,50,30,0,0.0,Excel Benchmark
oppo_r11_plus_8719,170000,350,1300,35,40,40,0,0.0,Excel Benchmark
oppo_a71__2018__9051,75000,200,750,21,30,25,0,0.0,Excel Benchmark
oppo_a39_8890,240000,500,1550,21,30,20,0,0.0,Excel Benchmark
oppo_a77__mediatek__8685,240000,500,1550,28,40,25,0,0.0,Excel Benchmark
oppo_a57__2016__8468,50000,150,550,28,30,20,0,0.0,Estimated
oppo_f3_plus_8613,476041,4695,6923,43,40,40,0,0.0,Excel Benchmark
oppo_r9s_plus_8394,476041,2041,6923,50,50,40,0,0.0,Excel Benchmark
oppo_r9s_8386,95000,240,850,35,50,30,0,0.0,Excel Benchmark
oppo_a37_8162,35000,120,450,16,30,20,0,0.0,Estimated
oppo_a59__2016__8155,240000,500,1550,23,30,25,0,0.0,Excel Benchmark
oppo_f5_youth_8909,390508,1108,5124,28,40,25,0,0.0,Excel Benchmark
oppo_r9_plus_7981,130000,300,1100,30,40,40,0,0.0,Excel Benchmark
oppo_f3_8669,240000,2798,1550,21,40,25,0,0.0,Excel Benchmark
oppo_f1s_8239,240000,500,1550,28,30,25,0,0.0,Excel Benchmark
oppo_f1_7855,487940,2140,7220,23,30,20,0,0.0,Excel Benchmark
oppo_a33__2015__7767,35000,120,450,16,28,20,0,0.0,Estimated
oppo_r7s_7669,536428,1028,3884,23,50,30,0,0.0,Excel Benchmark
oppo_r7_lite_7553,536428,1028,3884,23,40,25,0,0.0,Excel Benchmark
oppo_neo_7_7707,35000,120,450,16,28,20,0,0.0,Estimated
oppo_f1_plus_7967,240000,500,1550,28,50,25,0,0.0,Excel Benchmark
oppo_r5s_7514,536428,1028,3884,21,50,25,0,0.0,Excel Benchmark
oppo_mirror_5_7427,35000,120,450,16,28,20,0,0.0,Estimated
oppo_mirror_5s_7362,35000,120,450,16,30,20,0,0.0,Estimated
oppo_r7_plus_7237,536428,1028,3884,23,50,40,0,0.0,Excel Benchmark
oppo_r7_7221,536428,1028,3884,23,50,25,0,0.0,Excel Benchmark
oppo_joy_plus_7208,30000,100,400,16,28,20,0,0.0,Estimated
oppo_neo_5s_7248,35000,120,450,16,28,20,0,0.0,Estimated
oppo_neo_5__2015__7278,412178,778,2134,16,28,20,0,0.0,Excel Benchmark
oppo_mirror_3_7193,35000,120,450,16,30,25,0,0.0,Estimated
oppo_joy_3_7353,412178,778,2134,16,28,20,0,0.0,Excel Benchmark
oppo_a31__2015__7186,35000,120,450,16,28,20,0,0.0,Estimated
oppo_a53__2015__7780,487940,2140,7220,21,30,25,0,0.0,Excel Benchmark
oppo_r5_6753,536428,1028,3884,21,50,25,0,0.0,Excel Benchmark
oppo_n3_6752,90000,220,750,21,40,30,0,0.0,Excel Benchmark
oppo_r1x_6945,536428,1028,3884,21,30,20,0,0.0,Excel Benchmark
oppo_r1s_6329,30000,110,420,21,30,20,0,0.0,Estimated
oppo_neo_3_6704,30000,100,400,16,28,20,0,0.0,Estimated
oppo_r2001_yoyo_6703,726979,1379,3937,16,28,20,0,0.0,Excel Benchmark
oppo_r1001_joy_6702,30000,100,400,16,23,20,0,0.0,Estimated
oppo_neo_5_6594,30000,110,420,16,28,20,0,0.0,Estimated
oppo_u3_6780,240000,500,1550,21,40,30,0,0.0,Excel Benchmark
oppo_n1_mini_6425,30000,110,420,21,30,20,0,0.0,Estimated
oppo_find_7_6214,90000,220,750,23,50,30,0,0.0,Excel Benchmark
oppo_r3_6437,30000,110,420,16,30,20,0,0.0,Estimated
oppo_find_7a_6215,90000,220,750,23,40,25,0,0.0,Excel Benchmark
oppo_neo_5972,231241,241,2041,16,28,20,0,0.0,Estimated
oppo_find_5_mini_6819,726979,1379,3937,16,28,20,0,0.0,Excel Benchmark
oppo_r1_r829t_5922,412178,778,2134,16,30,20,0,0.0,Excel Benchmark
oppo_find_5_5161,12000,50,200,21,40,20,0,0.0,Estimated
oppo_r819_5631,141928,528,1384,16,30,20,0,0.0,Excel Benchmark
oppo_r601_5167,382595,1795,4185,16,28,20,0,0.0,Excel Benchmark
oppo_u705t_ulike_2_5166,730082,1882,6446,16,23,20,0,0.0,Excel Benchmark
oppo_r811_real_5168,382595,1795,4185,16,23,20,0,0.0,Excel Benchmark
oppo_r821t_find_muse_5763,30000,100,400,16,28,20,0,0.0,Estimated
oppo_t29_5169,151085,285,655,16,23,25,0,0.0,Excel Benchmark
oppo_r815t_clover_5898,141928,528,1384,16,28,20,0,0.0,Excel Benchmark
oppo_r817_real_5170,151085,285,655,16,28,20,0,0.0,Excel Benchmark
oppo_u701_ulike_5172,265646,646,2738,16,28,20,0,0.0,Excel Benchmark
oppo_k14_turbo_5g_14560,534603,203,409,50,58,75,0,0.0,Excel Benchmark
oppo_find_x9__5g_14101,564243,1843,5329,80,55,95,0,0.0,Excel Benchmark
oppo_f27_pro_13101,620000,950,2800,55,70,70,0,0.0,Excel Benchmark
oppo_n1_5724,518750,950,2650,21,40,25,0,0.0,Excel Benchmark
oppo_k10_energy_11713,630000,1080,3000,50,55,50,0,0.0,Excel Benchmark
oppo_k14_turbo_pro_5g_14559,307040,1240,2520,65,58,75,0,0.0,Excel Benchmark
oppo_find_5171,231241,241,2041,16,38,20,0,0.0,Estimated
orange_neva_jet_5g_9981,580000,750,2600,75,50,60,0,0.0,Excel Benchmark
orange_gova_6142,231241,241,2041,16,28,20,0,0.0,Estimated
orange_rono_6553,231241,241,2041,16,30,20,0,0.0,Estimated
orange_reyo_6143,30000,100,400,16,28,20,0,0.0,Estimated
orange_hiro_5857,30000,100,400,16,28,20,0,0.0,Estimated
orange_monte_carlo_4619,231241,241,2041,16,23,20,0,0.0,Estimated
orange_san_diego_4588,170000,350,1300,16,23,20,0,0.0,Excel Benchmark
orange_san_francisco_ii_4330,231241,241,2041,16,23,20,0,0.0,Estimated
orange_sydney_4617,231241,241,2041,16,23,20,0,0.0,Estimated
orange_malibu_4407,231241,241,2041,16,23,20,0,0.0,Estimated
orange_miami_4616,231241,241,2041,16,23,20,0,0.0,Estimated
orange_stockholm_4082,231241,241,2041,16,23,20,0,0.0,Estimated
orange_dallas_4615,231241,241,2041,16,23,20,0,0.0,Estimated
orange_atlanta_4145,231241,241,2041,16,23,20,0,0.0,Estimated
orange_rio_ii_4084,231241,241,2041,16,23,20,0,0.0,Estimated
orange_tahiti_4427,50000,150,500,16,28,35,0,0.0,Estimated
orange_barcelona_4083,231241,241,2041,16,23,20,0,0.0,Estimated
orange_san_francisco_4081,374909,1309,2727,16,38,20,0,0.0,Excel Benchmark
orange_rio_4618,231241,241,2041,16,23,20,0,0.0,Estimated
oscal_tank_1_5g_14230,620000,950,2800,55,60,70,0,0.0,Excel Benchmark
oscal_pilot_8_5g_14822,320000,600,1800,55,58,70,0,0.0,Excel Benchmark
oscal_pilot_6_14835,374219,619,2657,55,60,55,0,0.0,Excel Benchmark
oscal_pad_100_13859,410830,1030,2890,23,28,50,0,0.0,Excel Benchmark
oscal_pilot_3_13935,110000,270,950,53,60,65,0,0.0,Excel Benchmark
oscal_marine_1_13850,410830,1030,2890,23,35,45,0,0.0,Excel Benchmark
oscal_tiger_8_5g_14155,120000,250,900,25,45,50,0,0.0,Excel Benchmark
oscal_pad_80_wifi_13644,457479,1879,6437,23,28,50,0,0.0,Excel Benchmark
oscal_marine_2_13851,410830,1030,2890,23,35,55,0,0.0,Excel Benchmark
oscal_pad_90_13645,457479,1879,6437,23,28,50,0,0.0,Excel Benchmark
oscal_flat_2c_13640,422760,960,4680,23,30,45,0,0.0,Excel Benchmark
oscal_elite_1_13058,400000,700,1900,16,60,65,0,0.0,Excel Benchmark
oscal_tiger_13_13457,260880,1080,4040,40,40,50,0,0.0,Excel Benchmark
oscal_modern_8_13051,250000,480,1450,43,35,55,0,0.0,Excel Benchmark
oscal_pilot_2_13057,400000,700,1900,63,60,70,0,0.0,Excel Benchmark
oscal_pad_18_12739,250000,480,1450,21,28,55,0,0.0,Excel Benchmark
oscal_pad_70_wifi_13643,707392,1192,3376,23,28,50,0,0.0,Excel Benchmark
oscal_pad_16_12793,457479,1879,6437,21,28,50,0,0.0,Excel Benchmark
oscal_pilot_1_13642,364852,652,1756,53,50,65,0,0.0,Excel Benchmark
oscal_tiger_10_12681,457479,1879,6437,38,35,45,0,0.0,Excel Benchmark
oscal_s70_pro_12592,340000,600,1850,23,30,50,0,0.0,Excel Benchmark
oscal_c30_pro_12409,340000,600,1850,18,35,45,0,0.0,Excel Benchmark
oscal_pad_15_12595,457479,1879,6437,28,28,50,0,0.0,Excel Benchmark
oscal_spider_8_12594,250000,480,1450,28,28,65,0,0.0,Excel Benchmark
oscal_flat_2_13639,457479,1879,6437,23,35,45,0,0.0,Excel Benchmark
oscal_pad_60_12406,231241,241,2041,16,28,50,0,0.0,Estimated
oscal_s80_12115,280000,520,1550,18,40,65,0,0.0,Excel Benchmark
oscal_pad_70_12407,231241,241,2041,23,28,50,0,0.0,Estimated
oscal_c70_12267,457479,1879,6437,38,30,45,0,0.0,Excel Benchmark
oscal_pad_13_12241,457479,1879,6437,23,28,50,0,0.0,Excel Benchmark
oscal_c80_11872,457479,1879,6437,38,35,50,0,0.0,Excel Benchmark
oscal_pad_10_12057,457479,1879,6437,23,28,50,0,0.0,Excel Benchmark
oscal_tiger_12_12701,400000,700,1900,36,60,60,0,0.0,Excel Benchmark
oukitel_wp100_plus_14848,374219,619,2657,53,60,75,0,0.0,Excel Benchmark
oukitel_wp68_air_5g_14824,447999,399,997,53,45,70,0,0.0,Excel Benchmark
oukitel_c17_plus_14823,410830,1030,2890,43,50,50,0,0.0,Excel Benchmark
oukitel_wp500_ultra_5g_14764,1460000,1432,4663,60,60,70,0,0.0,Excel Benchmark
oukitel_c67_14758,410830,1030,2890,43,45,50,0,0.0,Excel Benchmark
oukitel_wp500_5g_14761,1460000,1432,4663,60,60,70,0,0.0,Excel Benchmark
oukitel_c26_14719,410830,1030,2890,21,33,45,0,0.0,Excel Benchmark
oukitel_c62_gt_14720,410830,1030,2890,21,35,45,0,0.0,Excel Benchmark
oukitel_wp23s_14723,410830,1030,2890,21,28,55,0,0.0,Excel Benchmark
oukitel_g7_14722,410830,1030,2890,23,33,55,0,0.0,Excel Benchmark
oukitel_g6_14721,410830,1030,2890,43,33,55,0,0.0,Excel Benchmark
oukitel_wp61_plus_5g_14726,447999,399,997,55,60,70,0,0.0,Excel Benchmark
oukitel_wp66_5g_14730,447999,399,997,53,55,65,0,0.0,Excel Benchmark
oukitel_wp61_5g_14725,447999,399,997,53,60,70,0,0.0,Excel Benchmark
oukitel_wp61_ultra_5g_14727,447999,399,997,53,60,70,0,0.0,Excel Benchmark
oukitel_rt10_5g_14731,30000,110,420,53,48,65,0,0.0,Estimated
oukitel_c17_14482,359494,894,4482,21,28,45,0,0.0,Excel Benchmark
oukitel_c7_14331,100000,250,850,21,28,45,0,0.0,Excel Benchmark
oukitel_wp55_s_14333,374219,619,2657,53,55,65,0,0.0,Excel Benchmark
oukitel_rt10_industry_5g_14462,30000,110,420,48,48,65,0,0.0,Estimated
oukitel_wp60_5g_14335,447999,399,997,55,50,65,0,0.0,Excel Benchmark
oukitel_wp62_5g_14336,447999,399,997,53,55,65,0,0.0,Excel Benchmark
oukitel_wp58_5g_14334,722446,1446,4138,43,45,65,0,0.0,Excel Benchmark
oukitel_c69_14254,410830,1030,2890,43,50,55,0,0.0,Excel Benchmark
oukitel_c3_14257,359494,894,4482,21,28,45,0,0.0,Excel Benchmark
oukitel_c2_14256,359494,894,4482,21,28,45,0,0.0,Excel Benchmark
oukitel_c5_14258,359494,894,4482,21,28,45,0,0.0,Excel Benchmark
oukitel_c62_pro_14262,457479,1879,6437,21,35,45,0,0.0,Excel Benchmark
oukitel_c6_5g_14261,110000,270,950,41,35,45,0,0.0,Excel Benchmark
oukitel_c62_14263,457479,1879,6437,21,35,45,0,0.0,Excel Benchmark
oukitel_p1_pro_14255,374219,619,2657,50,70,50,0,0.0,Excel Benchmark
oukitel_c65_pro_14264,457479,1879,6437,43,35,45,0,0.0,Excel Benchmark
oukitel_c65_14265,457479,1879,6437,43,35,45,0,0.0,Excel Benchmark
oukitel_ot6_pro_14249,410830,1030,2890,16,28,50,0,0.0,Excel Benchmark
oukitel_wp200_5g_14186,180000,330,1200,55,70,70,0,0.0,Excel Benchmark
oukitel_wp56_5g_14187,620000,950,2800,55,60,70,0,0.0,Excel Benchmark
oukitel_wp55_ultra_5g_14188,447999,399,997,53,55,65,0,0.0,Excel Benchmark
oukitel_g5_14190,359494,894,4482,21,28,50,0,0.0,Excel Benchmark
oukitel_wp210_5g_14185,180000,330,1200,55,70,70,0,0.0,Excel Benchmark
oukitel_c72_14759,410830,1030,2890,38,35,50,0,0.0,Excel Benchmark
oukitel_g3_14191,359494,894,4482,21,28,50,0,0.0,Excel Benchmark
oukitel_c61_14164,410830,1030,2890,21,35,45,0,0.0,Excel Benchmark
oukitel_c1_pro_14165,457479,1879,6437,21,28,45,0,0.0,Excel Benchmark
oukitel_wp53_14189,410830,1030,2890,21,28,55,0,0.0,Excel Benchmark
oukitel_c60_14163,457479,1879,6437,21,35,55,0,0.0,Excel Benchmark
oukitel_wp300_14034,447999,399,997,55,60,70,0,0.0,Excel Benchmark
oukitel_wp100_titan_14032,270000,540,1650,55,55,75,0,0.0,Excel Benchmark
oukitel_wp55_14030,447999,399,997,55,55,65,0,0.0,Excel Benchmark
oukitel_wp23_plus_14031,457479,1879,6437,21,28,50,0,0.0,Excel Benchmark
oukitel_wp55_pro_14029,447999,399,997,55,55,65,0,0.0,Excel Benchmark
oukitel_wp39_pro_14028,110000,270,950,48,40,65,0,0.0,Excel Benchmark
oukitel_wp35_pro_14027,110000,270,950,48,40,65,0,0.0,Excel Benchmark
oukitel_ot9_13511,457479,1879,6437,21,28,50,0,0.0,Excel Benchmark
oukitel_c68_14332,410830,1030,2890,43,50,55,0,0.0,Excel Benchmark
oukitel_bt103_13512,231241,241,2041,16,28,20,0,0.0,Estimated
oukitel_wp200_pro_14033,180000,330,1200,55,70,70,0,0.0,Excel Benchmark
oukitel_c59_14162,457479,1879,6437,21,35,55,0,0.0,Excel Benchmark
oukitel_c58_pro_13488,457479,1879,6437,43,30,45,0,0.0,Excel Benchmark
oukitel_p1_13486,400000,700,1900,50,55,50,0,0.0,Excel Benchmark
oukitel_wp35_s_13458,280000,520,1550,43,30,55,0,0.0,Excel Benchmark
oukitel_rt3_pro_13459,364852,652,1756,23,33,45,0,0.0,Excel Benchmark
oukitel_c58_13487,457479,1879,6437,21,30,45,0,0.0,Excel Benchmark
oukitel_rt9_13371,457479,1879,6437,33,28,55,0,0.0,Excel Benchmark
oukitel_bt101_13442,231241,241,2041,16,28,20,0,0.0,Estimated
oukitel_c57_pro_13440,100000,250,850,21,28,35,0,0.0,Excel Benchmark
oukitel_wp36_pro_13510,418068,668,1804,21,30,50,0,0.0,Excel Benchmark
oukitel_g2_13312,457479,1879,6437,21,28,50,0,0.0,Excel Benchmark
oukitel_wp28_e_13229,457479,1879,6437,21,30,55,0,0.0,Excel Benchmark
oukitel_g1_13311,457479,1879,6437,36,28,55,0,0.0,Excel Benchmark
oukitel_c53_13228,100000,250,850,21,30,35,0,0.0,Excel Benchmark
oukitel_ot11_13227,457479,1879,6437,21,28,50,0,0.0,Excel Benchmark
oukitel_wp32_pro_13314,457479,1879,6437,21,28,50,0,0.0,Excel Benchmark
oukitel_wp52_13193,420000,700,2000,38,30,55,0,0.0,Excel Benchmark
oukitel_wp39_13189,420000,700,2000,48,40,55,0,0.0,Excel Benchmark
oukitel_ot12_13313,457479,1879,6437,21,28,50,0,0.0,Excel Benchmark
oukitel_c57s_13441,100000,250,850,21,28,35,0,0.0,Excel Benchmark
oukitel_c50_13140,420000,700,2000,41,30,45,0,0.0,Excel Benchmark
oukitel_wp28_s_13230,457479,1879,6437,21,30,55,0,0.0,Excel Benchmark
oukitel_c51_13094,457479,1879,6437,21,30,45,0,0.0,Excel Benchmark
oukitel_wp38_13093,418068,668,1804,21,30,55,0,0.0,Excel Benchmark
oukitel_c37_13096,418068,668,1804,48,40,50,0,0.0,Excel Benchmark
oukitel_wp50_13141,420000,700,2000,38,30,55,0,0.0,Excel Benchmark
oukitel_c38_13095,418068,668,1804,48,40,50,0,0.0,Excel Benchmark
oukitel_wp36_12894,418068,668,1804,21,30,50,0,0.0,Excel Benchmark
oukitel_ot6_12893,405205,405,1015,16,28,50,0,0.0,Excel Benchmark
oukitel_ot8_12782,457479,1879,6437,23,28,55,0,0.0,Excel Benchmark
oukitel_wp30_pro_12669,379989,389,2967,55,55,80,0,0.0,Excel Benchmark
oukitel_rt8_12895,400000,700,1900,48,33,65,0,0.0,Excel Benchmark
oukitel_ot5_12670,400000,700,1900,23,28,55,0,0.0,Excel Benchmark
oukitel_rt7_5g_12672,370000,580,1750,48,28,65,0,0.0,Excel Benchmark
oukitel_bt80_12972,231241,241,2041,16,38,20,0,0.0,Estimated
oukitel_wp23pro_12650,457479,1879,6437,21,30,50,0,0.0,Excel Benchmark
oukitel_bt50_12944,231241,241,2041,16,43,20,0,0.0,Estimated
oukitel_wp35_13009,420000,700,2000,48,40,55,0,0.0,Excel Benchmark
oukitel_wp27_12651,400000,700,1900,45,55,50,0,0.0,Excel Benchmark
oukitel_bt10_12678,231241,241,2041,16,38,20,0,0.0,Estimated
oukitel_bt20_12679,231241,241,2041,16,38,20,0,0.0,Estimated
oukitel_wp26_12653,290000,530,1550,43,40,50,0,0.0,Excel Benchmark
oukitel_okt3_12671,250000,480,1450,23,28,50,0,0.0,Excel Benchmark
oukitel_rt6_12673,418068,668,1804,28,28,65,0,0.0,Excel Benchmark
oukitel_wp28_12652,231241,241,2041,31,30,55,0,0.0,Estimated
oukitel_wp32_12649,395416,416,2048,16,50,50,0,0.0,Excel Benchmark
oukitel_wp22_12655,290000,530,1550,45,40,50,0,0.0,Excel Benchmark
oukitel_c36_12657,457479,1879,6437,21,30,45,0,0.0,Excel Benchmark
oukitel_wp21_ultra_12656,400000,700,1900,43,55,75,0,0.0,Excel Benchmark
oukitel_wp23_12654,340000,600,1850,21,30,50,0,0.0,Excel Benchmark
oukitel_wp33_pro_12781,420000,700,2000,48,40,65,0,0.0,Excel Benchmark
oukitel_c33_12660,457479,1879,6437,36,30,45,0,0.0,Excel Benchmark
oukitel_k16_12659,418068,668,1804,38,30,25,0,0.0,Excel Benchmark
oukitel_c32_12661,457479,1879,6437,21,30,45,0,0.0,Excel Benchmark
oukitel_wp20_12664,502465,1665,4795,16,50,50,0,0.0,Excel Benchmark
oukitel_c35_12658,250000,480,1450,38,30,45,0,0.0,Excel Benchmark
oukitel_wp17_12666,360000,630,1800,50,45,50,0,0.0,Excel Benchmark
oukitel_c31_pro_12662,130000,300,950,21,30,45,0,0.0,Excel Benchmark
oukitel_wp18_pro_12667,130000,300,950,21,50,55,0,0.0,Excel Benchmark
oukitel_c31_12663,502465,1665,4795,21,30,45,0,0.0,Excel Benchmark
oukitel_rt2_12676,418068,668,1804,28,28,65,0,0.0,Excel Benchmark
oukitel_rt3_12675,130000,300,950,28,28,45,0,0.0,Excel Benchmark
oukitel_wp19_12665,360000,630,1800,50,45,65,0,0.0,Excel Benchmark
oukitel_rt1_12677,130000,300,950,28,28,50,0,0.0,Excel Benchmark
oukitel_rt5_12674,418068,668,1804,28,28,55,0,0.0,Excel Benchmark
palm_pixi_plus_3250,244070,270,610,16,23,20,0,0.0,Excel Benchmark
palm_phone_pvg100_9290,50000,150,550,18,30,20,0,0.0,Estimated
palm_pixi_2937,244070,270,610,16,23,20,0,0.0,Excel Benchmark
palm_pre_plus_3249,231241,241,2041,16,23,40,0,0.0,Estimated
palm_treo_pro_2494,771801,1801,6203,16,23,20,0,0.0,Excel Benchmark
palm_treo_500v_2100,231241,241,2041,16,23,20,0,0.0,Estimated
palm_pre_2726,231241,241,2041,16,23,40,0,0.0,Estimated
palm_treo_750_1909,231241,241,2041,16,23,20,0,0.0,Estimated
palm_treo_750v_1704,231241,241,2041,16,23,20,0,0.0,Estimated
palm_centro_2241,231241,241,2041,16,23,20,0,0.0,Estimated
palm_pre_2_cdma_3589,231241,241,2041,16,23,20,0,0.0,Estimated
palm_pre_2_3559,231241,241,2041,16,23,40,0,0.0,Estimated
palm_treo_600_622,524522,322,2766,16,23,20,0,0.0,Excel Benchmark
palm_treo_650_907,231241,241,2041,16,23,20,0,0.0,Estimated
palm_treo_180_623,231241,241,2041,16,23,20,0,0.0,Estimated
palm_treo_270_621,231241,241,2041,16,23,20,0,0.0,Estimated
palm_treo_680_1741,231241,241,2041,16,23,20,0,0.0,Estimated
panasonic_eluga_i7__2019__9756,231241,241,2041,18,50,35,0,0.0,Estimated
panasonic_p85_nxt_9389,20000,80,300,16,30,35,0,0.0,Estimated
panasonic_eluga_ray_800_9618,231241,241,2041,23,40,35,0,0.0,Estimated
panasonic_eluga_ray_600_9362,70000,180,650,23,50,35,0,0.0,Excel Benchmark
panasonic_eluga_z1_pro_9383,130000,300,950,23,30,35,0,0.0,Excel Benchmark
panasonic_eluga_x1_pro_9356,240000,450,1400,28,40,45,0,0.0,Excel Benchmark
panasonic_p90_9245,70000,180,650,16,30,20,0,0.0,Excel Benchmark
panasonic_eluga_i7_9176,70000,180,650,18,50,35,0,0.0,Excel Benchmark
panasonic_p95_9192,20000,80,300,16,30,20,0,0.0,Estimated
panasonic_eluga_ray_550_9149,70000,180,650,23,50,25,0,0.0,Excel Benchmark
panasonic_p101_9172,80000,200,700,16,28,20,0,0.0,Excel Benchmark
panasonic_p100_9062,70000,180,650,16,30,20,0,0.0,Excel Benchmark
panasonic_eluga_i9_8960,70000,180,650,21,30,20,0,0.0,Excel Benchmark
panasonic_eluga_ray_530_9376,231241,241,2041,21,50,25,0,0.0,Estimated
panasonic_eluga_c_8954,240000,500,1550,21,30,25,0,0.0,Excel Benchmark
panasonic_eluga_i5_8932,70000,180,650,21,30,20,0,0.0,Excel Benchmark
panasonic_p91_8939,70000,180,650,16,28,20,0,0.0,Excel Benchmark
panasonic_eluga_a4_8931,70000,180,650,21,30,45,0,0.0,Excel Benchmark
panasonic_eluga_ray_700_8869,240000,500,1550,21,40,45,0,0.0,Excel Benchmark
panasonic_eluga_i2_activ_8816,70000,180,650,16,30,20,0,0.0,Excel Benchmark
panasonic_eluga_a3_pro_8813,240000,500,1550,23,30,35,0,0.0,Excel Benchmark
panasonic_eluga_i4_8875,70000,180,650,16,30,25,0,0.0,Excel Benchmark
panasonic_eluga_ray_500_8870,70000,180,650,21,30,35,0,0.0,Excel Benchmark
panasonic_eluga_a3_8812,70000,180,650,23,30,35,0,0.0,Excel Benchmark
panasonic_p55_max_8771,70000,180,650,21,30,45,0,0.0,Excel Benchmark
panasonic_p9_8851,70000,180,650,16,28,20,0,0.0,Excel Benchmark
panasonic_eluga_ray_8688,70000,180,650,21,30,35,0,0.0,Excel Benchmark
panasonic_eluga_ray_x_8650,70000,180,650,21,30,35,0,0.0,Excel Benchmark
panasonic_eluga_ray_max_8649,45000,140,500,23,40,30,0,0.0,Estimated
panasonic_p99_8878,231241,241,2041,16,30,20,0,0.0,Estimated
panasonic_eluga_pulse_x_8661,231241,241,2041,21,30,25,0,0.0,Estimated
panasonic_eluga_i3_mega_8708,455515,715,1945,21,30,35,0,0.0,Excel Benchmark
panasonic_p85_8689,231241,241,2041,16,30,35,0,0.0,Estimated
panasonic_p55_novo_8421,231241,241,2041,21,30,20,0,0.0,Estimated
panasonic_eluga_mark_2_8671,240000,500,1550,21,30,25,0,0.0,Excel Benchmark
panasonic_p88_8476,70000,180,650,21,30,20,0,0.0,Excel Benchmark
panasonic_eluga_arc_2_8240,231241,241,2041,16,30,20,0,0.0,Estimated
panasonic_p77_8399,928945,2145,7235,16,30,20,0,0.0,Excel Benchmark
panasonic_eluga_pulse_8662,231241,241,2041,21,30,20,0,0.0,Estimated
panasonic_eluga_a2_8166,555381,1381,4943,16,30,35,0,0.0,Excel Benchmark
panasonic_eluga_note_8196,231241,241,2041,21,40,25,0,0.0,Estimated
panasonic_eluga_tapp_8392,231241,241,2041,16,30,20,0,0.0,Estimated
panasonic_eluga_arc_8107,35000,120,450,16,30,20,0,0.0,Estimated
panasonic_p66_7994,231241,241,2041,16,30,25,0,0.0,Estimated
panasonic_eluga_mark_7792,536428,1028,3884,21,30,20,0,0.0,Excel Benchmark
panasonic_eluga_i3_8109,231241,241,2041,21,30,20,0,0.0,Estimated
panasonic_eluga_switch_7649,527508,2108,5124,23,40,20,0,0.0,Excel Benchmark
panasonic_eluga_turbo_7993,240000,500,1550,21,30,20,0,0.0,Excel Benchmark
panasonic_eluga_l2_7502,231241,241,2041,16,28,20,0,0.0,Estimated
panasonic_eluga_i2_7503,231241,241,2041,16,30,20,0,0.0,Estimated
panasonic_eluga_i2__2016__8108,231241,241,2041,16,30,20,0,0.0,Estimated
panasonic_eluga_icon_7484,231241,241,2041,23,30,25,0,0.0,Estimated
panasonic_eluga_z_7486,231241,241,2041,21,40,20,0,0.0,Estimated
panasonic_eluga_l_4g_7487,35000,120,450,16,30,20,0,0.0,Estimated
panasonic_t50_7992,231241,241,2041,16,28,20,0,0.0,Estimated
panasonic_eluga_s_mini_7361,231241,241,2041,16,30,20,0,0.0,Estimated
panasonic_p61_7015,231241,241,2041,16,30,20,0,0.0,Estimated
panasonic_t45_7501,555381,1381,4943,16,28,20,0,0.0,Excel Benchmark
panasonic_t40_7109,231241,241,2041,16,28,20,0,0.0,Estimated
panasonic_p55_7014,231241,241,2041,16,30,20,0,0.0,Estimated
panasonic_lumix_smart_camera_cm1_6675,90000,220,750,18,40,25,0,0.0,Excel Benchmark
panasonic_eluga_i_6818,231241,241,2041,16,30,20,0,0.0,Estimated
panasonic_eluga_u2_7067,35000,120,450,21,40,20,0,0.0,Estimated
panasonic_eluga_a_6574,15000,60,250,16,28,20,0,0.0,Estimated
panasonic_p81_6427,664363,1963,4689,21,30,20,0,0.0,Excel Benchmark
panasonic_t41_7191,231241,241,2041,16,28,20,0,0.0,Estimated
panasonic_t21_5771,231241,241,2041,16,30,20,0,0.0,Estimated
panasonic_t11_5769,141928,528,1384,16,28,20,0,0.0,Excel Benchmark
panasonic_eluga_s_7202,231241,241,2041,16,30,20,0,0.0,Estimated
panasonic_eluga_u_6541,30000,110,420,21,30,20,0,0.0,Estimated
panasonic_p41_6728,412178,778,2134,16,28,20,0,0.0,Excel Benchmark
panasonic_eluga_dl1_4560,45000,140,500,16,38,20,0,0.0,Estimated
panasonic_eluga_power_4584,222259,659,2777,16,30,20,0,0.0,Excel Benchmark
panasonic_toughpad_fz_a1_4323,231241,241,2041,16,28,40,0,0.0,Estimated
panasonic_p51_5469,141928,528,1384,16,30,20,0,0.0,Excel Benchmark
panasonic_t31_5815,30000,100,400,16,23,20,0,0.0,Estimated
panasonic_toughpad_jt_b1_4324,231241,241,2041,16,28,20,0,0.0,Estimated
panasonic_vs7_1047,231241,241,2041,16,23,20,0,0.0,Estimated
panasonic_p11_5770,15000,60,250,16,30,20,0,0.0,Estimated
panasonic_vs2_1236,231241,241,2041,16,23,20,0,0.0,Estimated
panasonic_kx_tu311_4655,231241,241,2041,16,23,20,0,0.0,Estimated
panasonic_mx7_1060,231241,241,2041,16,23,20,0,0.0,Estimated
panasonic_vs3_1059,231241,241,2041,16,23,20,0,0.0,Estimated
panasonic_mx6_1061,231241,241,2041,16,23,20,0,0.0,Estimated
panasonic_kx_tu301_4652,231241,241,2041,16,23,20,0,0.0,Estimated
panasonic_sc3_1071,231241,241,2041,16,23,20,0,0.0,Estimated
panasonic_a210_1070,231241,241,2041,16,23,20,0,0.0,Estimated
panasonic_x800_993,231241,241,2041,16,23,20,0,0.0,Estimated
panasonic_z800_912,231241,241,2041,16,23,20,0,0.0,Estimated
panasonic_sa7_1063,231241,241,2041,16,23,20,0,0.0,Estimated
panasonic_x700_683,231241,241,2041,16,23,20,0,0.0,Estimated
panasonic_x500_820,231241,241,2041,16,23,20,0,0.0,Estimated
panasonic_sa6_1062,231241,241,2041,16,23,20,0,0.0,Estimated
panasonic_x300_710,231241,241,2041,16,23,20,0,0.0,Estimated
panasonic_x100_817,231241,241,2041,16,23,20,0,0.0,Estimated
panasonic_x200_818,231241,241,2041,16,23,20,0,0.0,Estimated
panasonic_a500_816,231241,241,2041,16,23,20,0,0.0,Estimated
panasonic_a200_911,231241,241,2041,16,23,20,0,0.0,Estimated
panasonic_a100_series_711,231241,241,2041,16,23,20,0,0.0,Estimated
panasonic_p341i_672,231241,241,2041,16,23,20,0,0.0,Estimated
panasonic_x11_625,231241,241,2041,16,23,20,0,0.0,Estimated
panasonic_vs6_1297,231241,241,2041,16,23,20,0,0.0,Estimated
panasonic_g51_556,231241,241,2041,16,23,20,0,0.0,Estimated
panasonic_x88_600,231241,241,2041,16,23,20,0,0.0,Estimated
panasonic_x66_456,231241,241,2041,16,23,20,0,0.0,Estimated
panasonic_x400_819,231241,241,2041,16,23,20,0,0.0,Estimated
panasonic_g60_411,231241,241,2041,16,23,20,0,0.0,Estimated
panasonic_g50_410,231241,241,2041,16,23,20,0,0.0,Estimated
panasonic_gd55_372,231241,241,2041,16,23,20,0,0.0,Estimated
panasonic_x70_412,231241,241,2041,16,23,20,0,0.0,Estimated
panasonic_gd67_321,231241,241,2041,16,23,20,0,0.0,Estimated
panasonic_g70_557,231241,241,2041,16,23,20,0,0.0,Estimated
panasonic_x68_x77_772,231241,241,2041,16,23,20,0,0.0,Estimated
panasonic_gd75_269,231241,241,2041,16,23,20,0,0.0,Estimated
panasonic_gd92_125,231241,241,2041,16,28,20,0,0.0,Estimated
panasonic_gd95_242,231241,241,2041,16,28,20,0,0.0,Estimated
panasonic_gd93_126,231241,241,2041,16,28,20,0,0.0,Estimated
panasonic_gd87_322,231241,241,2041,16,23,20,0,0.0,Estimated
panasonic_gd35_268,231241,241,2041,16,23,20,0,0.0,Estimated
panasonic_gd30_122,231241,241,2041,16,23,20,0,0.0,Estimated
panasonic_g600_121,231241,241,2041,16,23,20,0,0.0,Estimated
panasonic_gd90_124,231241,241,2041,16,28,20,0,0.0,Estimated
panasonic_gd70_123,231241,241,2041,16,23,20,0,0.0,Estimated
pantech_discover_5238,12000,50,200,16,25,20,0,0.0,Estimated
pantech_vega_r3_im_a850l_5021,12000,50,200,21,30,20,0,0.0,Estimated
pantech_breeze_iv_6504,593007,1807,4221,16,23,20,0,0.0,Excel Benchmark
pantech_vega_no_6_5268,12000,50,200,21,40,25,0,0.0,Estimated
pantech_renue_4896,84100,300,1700,16,23,20,0,0.0,Excel Benchmark
pantech_vega_racer_2_im_a830l_4738,12000,50,200,16,30,20,0,0.0,Estimated
pantech_marauder_4895,231241,241,2041,16,23,20,0,0.0,Estimated
pantech_burst_4429,170000,350,1300,16,38,20,0,0.0,Excel Benchmark
pantech_vega_lte_ex_im_a820l_4428,231241,241,2041,16,28,20,0,0.0,Estimated
pantech_element_4426,427076,2076,6028,16,23,50,0,0.0,Excel Benchmark
pantech_link_ii_4292,231241,241,2041,16,23,20,0,0.0,Estimated
pantech_pocket_p9060_4245,231241,241,2041,16,23,20,0,0.0,Estimated
pantech_flex__p8010_5008,12000,50,200,16,38,20,0,0.0,Estimated
pantech_pursuit_ii_4038,593007,1807,4221,16,23,20,0,0.0,Excel Benchmark
pantech_breakout_4294,231241,241,2041,16,23,20,0,0.0,Estimated
pantech_breeze_iii_4075,231241,241,2041,16,23,20,0,0.0,Estimated
pantech_vega_xpress_im_a720l_3699,30000,100,350,16,23,20,0,0.0,Estimated
pantech_crux_3629,231241,241,2041,16,23,20,0,0.0,Estimated
pantech_hotshot_4293,231241,241,2041,16,23,20,0,0.0,Estimated
pantech_laser_p9050_3543,231241,241,2041,16,38,20,0,0.0,Estimated
pantech_p4000_3456,231241,241,2041,16,23,20,0,0.0,Estimated
pantech_sky_izar_im_a630k_3419,374909,1309,2727,16,23,20,0,0.0,Excel Benchmark
pantech_link_4291,231241,241,2041,16,23,20,0,0.0,Estimated
pantech_p1000_3457,231241,241,2041,16,23,20,0,0.0,Estimated
pantech_s902_3637,231241,241,2041,16,23,20,0,0.0,Estimated
pantech_impact_3013,231241,241,2041,16,23,20,0,0.0,Estimated
pantech_c790_reveal_3012,231241,241,2041,16,23,20,0,0.0,Estimated
pantech_matrix_pro_2763,231241,241,2041,16,23,20,0,0.0,Estimated
pantech_jest_4295,231241,241,2041,16,23,20,0,0.0,Estimated
pantech_jest_ii_4296,231241,241,2041,16,23,20,0,0.0,Estimated
pantech_matrix_2558,231241,241,2041,16,23,20,0,0.0,Estimated
pantech_pursuit_3393,231241,241,2041,16,23,20,0,0.0,Estimated
pantech_ease_3405,231241,241,2041,16,23,20,0,0.0,Estimated
pantech_slate_2574,231241,241,2041,16,23,20,0,0.0,Estimated
pantech_pg_3300_1777,231241,241,2041,16,23,20,0,0.0,Estimated
pantech_pg_1800_1586,231241,241,2041,16,23,20,0,0.0,Estimated
pantech_pg_1600_1590,231241,241,2041,16,23,20,0,0.0,Estimated
pantech_u_4000_1778,231241,241,2041,16,23,20,0,0.0,Estimated
pantech_pg_1300_1584,231241,241,2041,16,23,20,0,0.0,Estimated
pantech_pg_1900_1580,231241,241,2041,16,23,20,0,0.0,Estimated
pantech_pg_3600v_1511,231241,241,2041,16,23,20,0,0.0,Estimated
pantech_pu_5000_1591,231241,241,2041,16,23,20,0,0.0,Estimated
pantech_pg_3500_1384,231241,241,2041,16,23,20,0,0.0,Estimated
pantech_pg_3600_1385,231241,241,2041,16,23,20,0,0.0,Estimated
pantech_pg_3900_1583,231241,241,2041,16,23,20,0,0.0,Estimated
pantech_duo_2205,231241,241,2041,16,23,20,0,0.0,Estimated
pantech_pg_8000_1375,231241,241,2041,16,23,20,0,0.0,Estimated
pantech_pg_1500_1383,231241,241,2041,16,23,20,0,0.0,Estimated
pantech_pg_2800_1560,231241,241,2041,16,23,20,0,0.0,Estimated
pantech_pg_1200_1287,231241,241,2041,16,23,20,0,0.0,Estimated
pantech_pg_3200_1151,231241,241,2041,16,23,20,0,0.0,Estimated
pantech_pg_1400_1376,231241,241,2041,16,23,20,0,0.0,Estimated
pantech_gf500_1096,231241,241,2041,16,23,20,0,0.0,Estimated
pantech_pg3000_1095,231241,241,2041,16,23,20,0,0.0,Estimated
pantech_gf100_1018,231241,241,2041,16,23,20,0,0.0,Estimated
pantech_pg_6200_1558,231241,241,2041,16,23,20,0,0.0,Estimated
pantech_g670_926,231241,241,2041,16,23,20,0,0.0,Estimated
pantech_pg_1000s_1152,231241,241,2041,16,23,20,0,0.0,Estimated
pantech_gf200_805,231241,241,2041,16,23,20,0,0.0,Estimated
pantech_pg_6100_1258,231241,241,2041,16,23,20,0,0.0,Estimated
pantech_gb300_887,231241,241,2041,16,23,20,0,0.0,Estimated
pantech_gb100_886,231241,241,2041,16,23,20,0,0.0,Estimated
pantech_g600_790,231241,241,2041,16,23,20,0,0.0,Estimated
pantech_g800_771,231241,241,2041,16,23,20,0,0.0,Estimated
pantech_g700_770,231241,241,2041,16,23,20,0,0.0,Estimated
pantech_gi100_806,231241,241,2041,16,23,20,0,0.0,Estimated
pantech_g500_769,231241,241,2041,16,23,20,0,0.0,Estimated
pantech_g300_768,231241,241,2041,16,28,20,0,0.0,Estimated
pantech_q80_766,231241,241,2041,16,28,20,0,0.0,Estimated
pantech_g900_791,231241,241,2041,16,23,20,0,0.0,Estimated
pantech_g200_767,231241,241,2041,16,28,20,0,0.0,Estimated
pantech_gb200_925,231241,241,2041,16,23,20,0,0.0,Estimated
parla_sonic_3_5s_7423,487344,744,3032,16,23,20,0,0.0,Excel Benchmark
parla_sonic_3_5_5855,230000,480,1500,16,23,20,0,0.0,Excel Benchmark
parla_gala_5011,231241,241,2041,16,23,20,0,0.0,Estimated
parla_minu_5854,231241,241,2041,16,23,20,0,0.0,Estimated
parla_spriz_5013,231241,241,2041,16,23,20,0,0.0,Estimated
parla_zum_bianco_5858,231241,241,2041,16,23,20,0,0.0,Estimated
parla_zum_5014,231241,241,2041,16,23,20,0,0.0,Estimated
parla_minu_p123_6826,231241,241,2041,16,23,20,0,0.0,Estimated
parla_mist_5012,231241,241,2041,16,23,20,0,0.0,Estimated
parla_minu_p124_7916,231241,241,2041,16,23,20,0,0.0,Estimated
philips_s6310_essence_20_13554,457479,1879,6437,38,35,45,0,0.0,Excel Benchmark
philips_s6206_13557,457479,1879,6437,33,35,40,0,0.0,Excel Benchmark
philips_s6210_essence_10_13556,457479,1879,6437,23,35,45,0,0.0,Excel Benchmark
philips_ph2_11281,180000,400,1000,21,30,25,0,0.0,Excel Benchmark
philips_s7710_omni_10_13553,507378,1978,5734,53,35,50,0,0.0,Excel Benchmark
philips_ph1_11277,180000,400,1000,21,50,40,0,0.0,Excel Benchmark
philips_v377_8010,231241,241,2041,16,30,45,0,0.0,Estimated
philips_s337_8008,231241,241,2041,16,23,20,0,0.0,Estimated
philips_s616_8012,231241,241,2041,21,40,25,0,0.0,Estimated
philips_i908_8017,231241,241,2041,21,40,25,0,0.0,Estimated
philips_v787_8011,231241,241,2041,21,40,45,0,0.0,Estimated
philips_i928_8015,231241,241,2041,21,40,25,0,0.0,Estimated
philips_s396_8018,928945,2145,7235,18,30,20,0,0.0,Excel Benchmark
philips_s308_6503,231241,241,2041,16,23,20,0,0.0,Estimated
philips_v526_8016,231241,241,2041,21,30,45,0,0.0,Estimated
philips_w8578_6297,231241,241,2041,16,23,20,0,0.0,Estimated
philips_w3500_5924,231241,241,2041,16,23,20,0,0.0,Estimated
philips_s388_7061,231241,241,2041,16,28,20,0,0.0,Estimated
philips_s309_8009,231241,241,2041,16,23,20,0,0.0,Estimated
philips_w9588_5926,231241,241,2041,16,28,20,0,0.0,Estimated
philips_w6610_6380,231241,241,2041,16,28,45,0,0.0,Estimated
philips_w8568_5804,231241,241,2041,16,28,20,0,0.0,Estimated
philips_w8555_5867,231241,241,2041,21,35,25,0,0.0,Estimated
philips_w3568_5800,231241,241,2041,16,23,20,0,0.0,Estimated
philips_t3566_5790,231241,241,2041,16,23,20,0,0.0,Estimated
philips_w7555_5900,231241,241,2041,16,28,20,0,0.0,Estimated
philips_w8500_5801,231241,241,2041,16,23,20,0,0.0,Estimated
philips_x2560_5788,231241,241,2041,16,23,20,0,0.0,Estimated
philips_x2301_5784,231241,241,2041,16,23,20,0,0.0,Estimated
philips_x1560_5799,231241,241,2041,16,23,20,0,0.0,Estimated
philips_x1510_5782,231241,241,2041,16,23,20,0,0.0,Estimated
philips_e1500_5781,231241,241,2041,16,23,20,0,0.0,Estimated
philips_w6500_5802,231241,241,2041,16,23,20,0,0.0,Estimated
philips_d833_5780,231241,241,2041,16,28,20,0,0.0,Estimated
philips_w8510_5742,141928,528,1384,16,25,25,0,0.0,Excel Benchmark
philips_w6360_5695,231241,241,2041,16,23,20,0,0.0,Estimated
philips_w5510_5696,231241,241,2041,16,23,20,0,0.0,Estimated
philips_t939_5697,231241,241,2041,16,23,20,0,0.0,Estimated
philips_w8560_5743,141928,528,1384,21,35,25,0,0.0,Excel Benchmark
philips_w832_5131,151085,285,655,16,28,20,0,0.0,Excel Benchmark
philips_x2300_5783,231241,241,2041,16,23,20,0,0.0,Estimated
philips_w737_5211,12000,50,200,16,23,20,0,0.0,Estimated
philips_w736_5130,151085,285,655,16,23,20,0,0.0,Excel Benchmark
philips_w8355_5248,12000,50,200,16,23,25,0,0.0,Estimated
philips_w536_5128,151085,285,655,16,23,20,0,0.0,Excel Benchmark
philips_t539_5123,231241,241,2041,16,23,20,0,0.0,Estimated
philips_w6350_5129,231241,241,2041,16,23,20,0,0.0,Estimated
philips_w337_5127,231241,241,2041,16,23,20,0,0.0,Estimated
philips_w930_4875,625334,734,2002,16,23,20,0,0.0,Excel Benchmark
philips_e133_5122,231241,241,2041,16,23,20,0,0.0,Estimated
philips_x130_4855,231241,241,2041,16,23,20,0,0.0,Estimated
philips_w732_4884,265646,646,2738,16,28,20,0,0.0,Excel Benchmark
philips_x333_4876,231241,241,2041,16,23,20,0,0.0,Estimated
philips_x331_4827,231241,241,2041,16,23,20,0,0.0,Estimated
philips_d633_4826,231241,241,2041,16,23,20,0,0.0,Estimated
philips_w7376_5789,231241,241,2041,16,23,20,0,0.0,Estimated
philips_w632_4761,625334,734,2002,16,23,20,0,0.0,Excel Benchmark
philips_x332_4828,231241,241,2041,16,23,20,0,0.0,Estimated
philips_w820_4644,231241,241,2041,16,23,20,0,0.0,Estimated
philips_w635_4719,215427,227,481,16,23,20,0,0.0,Excel Benchmark
philips_w727_4434,231241,241,2041,16,23,20,0,0.0,Estimated
philips_x528_4646,231241,241,2041,16,23,20,0,0.0,Estimated
philips_d822_4462,231241,241,2041,16,23,20,0,0.0,Estimated
philips_x125_4433,231241,241,2041,16,23,20,0,0.0,Estimated
philips_x623_4379,231241,241,2041,16,28,20,0,0.0,Estimated
philips_t129_4645,231241,241,2041,16,23,20,0,0.0,Estimated
philips_x622_4340,231241,241,2041,16,23,20,0,0.0,Estimated
philips_w626_4394,625334,734,2002,16,23,20,0,0.0,Excel Benchmark
philips_w625_4339,231241,241,2041,16,23,20,0,0.0,Estimated
philips_x223_4328,231241,241,2041,16,23,20,0,0.0,Estimated
philips_d813_4267,231241,241,2041,16,23,20,0,0.0,Estimated
philips_w725_4266,231241,241,2041,16,23,20,0,0.0,Estimated
philips_w920_4362,231241,241,2041,16,23,20,0,0.0,Estimated
philips_x525_4268,231241,241,2041,16,23,20,0,0.0,Estimated
philips_w715_4080,231241,241,2041,16,23,20,0,0.0,Estimated
philips_x526_4079,231241,241,2041,16,38,20,0,0.0,Estimated
philips_d613_4041,231241,241,2041,16,38,20,0,0.0,Estimated
philips_v726_4363,523522,1322,4766,16,23,20,0,0.0,Excel Benchmark
philips_xenium_x519_4028,231241,241,2041,16,38,20,0,0.0,Estimated
philips_f322_3954,231241,241,2041,16,23,20,0,0.0,Estimated
philips_d612_3942,231241,241,2041,16,23,20,0,0.0,Estimated
philips_x516_3843,231241,241,2041,16,23,20,0,0.0,Estimated
philips_x815_3825,231241,241,2041,16,23,20,0,0.0,Estimated
philips_x518_3826,231241,241,2041,16,23,20,0,0.0,Estimated
philips_x216_3760,231241,241,2041,16,23,20,0,0.0,Estimated
philips_x128_3950,231241,241,2041,16,23,20,0,0.0,Estimated
philips_xenium_x713_3728,231241,241,2041,16,23,20,0,0.0,Estimated
philips_t910_3715,231241,241,2041,16,23,20,0,0.0,Estimated
philips_x116_3700,231241,241,2041,16,23,20,0,0.0,Estimated
philips_v816_3714,231241,241,2041,16,23,20,0,0.0,Estimated
philips_d812_3764,231241,241,2041,16,23,20,0,0.0,Estimated
philips_xenium_x513_3611,231241,241,2041,16,23,20,0,0.0,Estimated
philips_d900_3527,231241,241,2041,16,23,20,0,0.0,Estimated
philips_f610_3426,231241,241,2041,16,23,20,0,0.0,Estimated
philips_f515_3842,231241,241,2041,16,23,20,0,0.0,Estimated
philips_x712_3425,231241,241,2041,16,38,20,0,0.0,Estimated
philips_x703_3363,231241,241,2041,16,23,20,0,0.0,Estimated
philips_f718_3663,231241,241,2041,16,23,20,0,0.0,Estimated
philips_xenium_x523_3925,231241,241,2041,16,23,20,0,0.0,Estimated
philips_x809_3263,231241,241,2041,16,23,20,0,0.0,Estimated
philips_xenium_k600_3050,231241,241,2041,16,23,20,0,0.0,Estimated
philips_x510_3278,231241,241,2041,16,23,20,0,0.0,Estimated
philips_x606_3279,231241,241,2041,16,38,20,0,0.0,Estimated
philips_x605_3262,231241,241,2041,16,23,20,0,0.0,Estimated
philips_xenium_x503_3344,231241,241,2041,16,23,20,0,0.0,Estimated
philips_v900_2986,231241,241,2041,16,23,20,0,0.0,Estimated
philips_xenium_f511_3599,231241,241,2041,16,23,20,0,0.0,Estimated
philips_x100_3145,231241,241,2041,16,23,20,0,0.0,Estimated
philips_d908_3070,231241,241,2041,16,23,20,0,0.0,Estimated
philips_c702_3096,231241,241,2041,16,23,20,0,0.0,Estimated
philips_xenium_x806_2985,231241,241,2041,16,23,20,0,0.0,Estimated
philips_x312_3259,231241,241,2041,16,23,20,0,0.0,Estimated
philips_x320_3038,231241,241,2041,16,23,20,0,0.0,Estimated
philips_x650_3037,231241,241,2041,16,23,20,0,0.0,Estimated
philips_xenium_x501_2984,231241,241,2041,16,23,20,0,0.0,Estimated
philips_xenium_k700_2983,231241,241,2041,16,23,20,0,0.0,Estimated
philips_e102_2913,231241,241,2041,16,23,20,0,0.0,Estimated
philips_x550_2938,231241,241,2041,16,23,20,0,0.0,Estimated
philips_x603_3098,231241,241,2041,16,23,20,0,0.0,Estimated
philips_x630_2865,231241,241,2041,16,23,20,0,0.0,Estimated
philips_v808_2904,231241,241,2041,16,23,20,0,0.0,Estimated
philips_c700_2942,231241,241,2041,16,23,20,0,0.0,Estimated
philips_tm700_2864,231241,241,2041,16,23,20,0,0.0,Estimated
philips_c600_2841,231241,241,2041,16,23,20,0,0.0,Estimated
philips_xenium_x600_2775,231241,241,2041,16,23,20,0,0.0,Estimated
philips_w186_2840,231241,241,2041,16,23,20,0,0.0,Estimated
philips_e210_2777,231241,241,2041,16,23,20,0,0.0,Estimated
philips_xenium_x520_2776,231241,241,2041,16,23,20,0,0.0,Estimated
philips_xenium_x530_2746,231241,241,2041,16,38,20,0,0.0,Estimated
philips_xenium_x700_2772,231241,241,2041,16,23,20,0,0.0,Estimated
philips_x710_2653,231241,241,2041,16,23,20,0,0.0,Estimated
philips_xenium_x830_2892,231241,241,2041,16,23,20,0,0.0,Estimated
philips_x620_2649,231241,241,2041,16,23,20,0,0.0,Estimated
philips_e100_2544,231241,241,2041,16,23,20,0,0.0,Estimated
philips_193_2549,231241,241,2041,16,23,20,0,0.0,Estimated
philips_x500_2538,231241,241,2041,16,23,20,0,0.0,Estimated
philips_xenium_x300_2522,231241,241,2041,16,23,20,0,0.0,Estimated
philips_x800_2372,231241,241,2041,16,23,20,0,0.0,Estimated
philips_m600_2354,231241,241,2041,16,23,20,0,0.0,Estimated
philips_298_2420,231241,241,2041,16,23,20,0,0.0,Estimated
philips_xenium_9_9v_2341,231241,241,2041,16,23,20,0,0.0,Estimated
philips_192_2342,231241,241,2041,16,23,20,0,0.0,Estimated
philips_xenium_9_9q_2516,231241,241,2041,16,23,20,0,0.0,Estimated
philips_x810_2828,231241,241,2041,16,23,20,0,0.0,Estimated
philips_191_2386,231241,241,2041,16,23,20,0,0.0,Estimated
philips_xenium_9_9u_2239,231241,241,2041,16,23,20,0,0.0,Estimated
philips_692_2202,231241,241,2041,16,23,20,0,0.0,Estimated
philips_699_dual_sim_2081,231241,241,2041,16,23,20,0,0.0,Estimated
philips_392_2238,231241,241,2041,16,23,20,0,0.0,Estimated
philips_892_2080,231241,241,2041,16,23,20,0,0.0,Estimated
philips_xenium_9_9j_2316,231241,241,2041,16,23,20,0,0.0,Estimated
philips_390_1987,231241,241,2041,16,23,20,0,0.0,Estimated
philips_399_2048,231241,241,2041,16,23,20,0,0.0,Estimated
philips_xenium_9_9w_2089,231241,241,2041,16,23,20,0,0.0,Estimated
philips_xenium_9_9r_1957,231241,241,2041,16,38,20,0,0.0,Estimated
philips_m200_2531,231241,241,2041,16,23,20,0,0.0,Estimated
philips_xenium_9_9k_2190,231241,241,2041,16,23,20,0,0.0,Estimated
philips_xenium_9_9m_1980,231241,241,2041,16,23,20,0,0.0,Estimated
philips_xenium_9_9h_2074,231241,241,2041,16,23,20,0,0.0,Estimated
philips_292_2049,231241,241,2041,16,23,20,0,0.0,Estimated
philips_290_1956,231241,241,2041,16,23,20,0,0.0,Estimated
philips_580_1815,231241,241,2041,16,23,20,0,0.0,Estimated
philips_s890_1724,231241,241,2041,16,23,20,0,0.0,Estimated
philips_180_1727,231241,241,2041,16,23,20,0,0.0,Estimated
philips_xenium_9_9z_2091,231241,241,2041,16,23,20,0,0.0,Estimated
philips_xenium_9_9f_1836,231241,241,2041,16,38,20,0,0.0,Estimated
philips_680_1612,231241,241,2041,16,23,20,0,0.0,Estimated
philips_s900_1598,231241,241,2041,16,23,20,0,0.0,Estimated
philips_s880_1594,231241,241,2041,16,23,20,0,0.0,Estimated
philips_xenium_9_9g_1835,231241,241,2041,16,38,20,0,0.0,Estimated
philips_xenium_9_9s_1697,231241,241,2041,16,38,20,0,0.0,Estimated
philips_588_1559,231241,241,2041,16,23,20,0,0.0,Estimated
philips_s660_1712,231241,241,2041,16,23,20,0,0.0,Estimated
philips_xenium_9_9a_1520,231241,241,2041,16,38,20,0,0.0,Estimated
philips_xenium_9_9d_1521,231241,241,2041,16,23,20,0,0.0,Estimated
philips_s800_1404,231241,241,2041,16,23,20,0,0.0,Estimated
philips_s220_1773,231241,241,2041,16,23,20,0,0.0,Estimated
philips_598_1923,231241,241,2041,16,38,20,0,0.0,Estimated
philips_s200_1491,231241,241,2041,16,23,20,0,0.0,Estimated
philips_960_1230,231241,241,2041,16,23,20,0,0.0,Estimated
philips_768_1386,231241,241,2041,16,23,20,0,0.0,Estimated
philips_xenium_9_9t_1542,231241,241,2041,16,23,20,0,0.0,Estimated
philips_160_1272,231241,241,2041,16,23,20,0,0.0,Estimated
philips_968_1229,231241,241,2041,16,23,20,0,0.0,Estimated
philips_868_1183,231241,241,2041,16,23,20,0,0.0,Estimated
philips_362_1184,231241,241,2041,16,23,20,0,0.0,Estimated
philips_760_1017,231241,241,2041,16,23,20,0,0.0,Estimated
philips_568_916,231241,241,2041,16,23,20,0,0.0,Estimated
philips_xenium_9_9i_1270,231241,241,2041,16,23,20,0,0.0,Estimated
philips_655_866,231241,241,2041,16,23,20,0,0.0,Estimated
philips_766_1182,231241,241,2041,16,23,20,0,0.0,Estimated
philips_162_1064,231241,241,2041,16,23,20,0,0.0,Estimated
philips_650_803,231241,241,2041,16,23,20,0,0.0,Estimated
philips_859_868,231241,241,2041,16,23,20,0,0.0,Estimated
philips_xenium_9_9e_1271,231241,241,2041,16,23,20,0,0.0,Estimated
philips_759_684,231241,241,2041,16,23,20,0,0.0,Estimated
philips_855_642,231241,241,2041,16,23,20,0,0.0,Estimated
philips_755_682,231241,241,2041,16,23,20,0,0.0,Estimated
philips_659_844,231241,241,2041,16,38,20,0,0.0,Estimated
philips_550_688,231241,241,2041,16,23,20,0,0.0,Estimated
philips_639_607,231241,241,2041,16,38,20,0,0.0,Estimated
philips_535_594,231241,241,2041,16,23,20,0,0.0,Estimated
philips_355_681,231241,241,2041,16,23,20,0,0.0,Estimated
philips_636_852,231241,241,2041,16,28,20,0,0.0,Estimated
philips_530_447,231241,241,2041,16,23,20,0,0.0,Estimated
philips_350_516,231241,241,2041,16,23,20,0,0.0,Estimated
philips_xenium_9_98_1180,231241,241,2041,16,23,20,0,0.0,Estimated
philips_630_402,231241,241,2041,16,23,20,0,0.0,Estimated
philips_fisio_625_355,231241,241,2041,16,23,20,0,0.0,Estimated
philips_fisio_825_356,231241,241,2041,16,23,20,0,0.0,Estimated
philips_fisio_121_304,231241,241,2041,16,23,20,0,0.0,Estimated
philips_330_401,231241,241,2041,16,23,20,0,0.0,Estimated
philips_fisio_120_303,231241,241,2041,16,23,20,0,0.0,Estimated
philips_fisio_620_305,231241,241,2041,16,23,20,0,0.0,Estimated
philips_xenium_9_9____422,231241,241,2041,16,23,20,0,0.0,Estimated
philips_fisio_820_306,231241,241,2041,16,23,20,0,0.0,Estimated
philips_xenium_153,231241,241,2041,16,23,20,0,0.0,Estimated
philips_fisio_610_236,231241,241,2041,16,23,20,0,0.0,Estimated
philips_xenium_9_9_235,231241,241,2041,16,23,20,0,0.0,Estimated
philips_azalis_268_234,231241,241,2041,16,23,20,0,0.0,Estimated
philips_azalis_238_206,231241,241,2041,16,23,20,0,0.0,Estimated
philips_ozeo_8_8_233,231241,241,2041,16,23,20,0,0.0,Estimated
philips_savvy_vogue_150,231241,241,2041,16,23,20,0,0.0,Estimated
philips_genie_2000_237,231241,241,2041,16,23,20,0,0.0,Estimated
philips_genie_db_149,231241,241,2041,16,23,35,0,0.0,Estimated
philips_genie_sport_148,231241,241,2041,16,23,35,0,0.0,Estimated
philips_genie_147,231241,241,2041,16,23,35,0,0.0,Estimated
philips_ozeo_152,231241,241,2041,16,23,20,0,0.0,Estimated
philips_savvy_db_151,231241,241,2041,16,23,20,0,0.0,Estimated
philips_diga_145,231241,241,2041,16,23,20,0,0.0,Estimated
philips_spark_144,231241,241,2041,16,23,20,0,0.0,Estimated
philips_fizz_143,231241,241,2041,16,23,20,0,0.0,Estimated
philips_savvy_146,231241,241,2041,16,23,20,0,0.0,Estimated
plum_ram_plus_lte_11346,240288,888,4464,16,28,20,0,0.0,Excel Benchmark
plum_ram_10_lte_11345,240288,888,4464,16,28,20,0,0.0,Excel Benchmark
plum_gator_6_11132,55000,150,550,16,50,35,0,0.0,Excel Benchmark
plum_tag_2_3g_9503,713281,1281,4643,16,23,20,0,0.0,Excel Benchmark
plum_ram_9_11131,30000,100,400,16,28,20,0,0.0,Estimated
plum_phantom_2_9495,55000,150,550,16,28,20,0,0.0,Excel Benchmark
plum_optimax_13_9494,50000,150,500,16,28,40,0,0.0,Estimated
plum_ram_8_9398,225121,1121,5163,16,23,20,0,0.0,Excel Benchmark
plum_gator_5_9377,55000,150,550,21,30,25,0,0.0,Excel Benchmark
plum_tag_3g_9145,514538,1138,4214,16,23,20,0,0.0,Excel Benchmark
plum_gator_7_11076,397584,984,3752,16,50,45,0,0.0,Excel Benchmark
plum_optimax_11_9130,50000,150,500,16,28,25,0,0.0,Estimated
plum_flipper_2_9493,100000,250,900,16,23,20,0,0.0,Excel Benchmark
plum_flipper_lte_11347,231241,241,2041,16,28,20,0,0.0,Estimated
plum_compass_2_9127,50000,150,500,16,23,20,0,0.0,Estimated
plum_optimax_12_9129,799860,2060,5980,16,23,20,0,0.0,Excel Benchmark
plum_axe_4_8969,50000,150,500,16,28,20,0,0.0,Estimated
plum_flipper__2018__9126,100000,250,900,16,23,20,0,0.0,Excel Benchmark
plum_gator_4_8936,55000,150,550,21,30,45,0,0.0,Excel Benchmark
plum_compass_lte_8968,70000,180,650,16,23,20,0,0.0,Excel Benchmark
plum_optimax_2_9128,231241,241,2041,16,23,20,0,0.0,Estimated
plum_ram_6_8734,225121,1121,5163,16,23,20,0,0.0,Excel Benchmark
plum_phantom_8882,55000,150,550,23,30,20,0,0.0,Excel Benchmark
plum_ram_7___3g_8483,225121,1121,5163,16,23,20,0,0.0,Excel Benchmark
plum_play_8485,583878,478,1234,16,23,20,0,0.0,Excel Benchmark
plum_hero_8479,100000,250,900,16,23,20,0,0.0,Excel Benchmark
plum_axe_plus_2_8112,55000,150,550,16,23,20,0,0.0,Excel Benchmark
plum_gator_3_8407,55000,150,550,16,28,20,0,0.0,Excel Benchmark
plum_optimax_10_8089,799860,2060,5980,16,28,40,0,0.0,Excel Benchmark
plum_optimax_8_0_8088,55000,150,550,16,28,25,0,0.0,Excel Benchmark
plum_optimax_7_0_8087,799860,2060,5980,16,28,20,0,0.0,Excel Benchmark
plum_ram_4_8042,100000,250,900,16,23,20,0,0.0,Excel Benchmark
plum_star_8041,100000,250,900,16,23,20,0,0.0,Excel Benchmark
plum_might_plus_ii_7991,55000,150,550,16,28,20,0,0.0,Excel Benchmark
plum_axe_lte_7798,55000,150,550,16,28,20,0,0.0,Excel Benchmark
plum_boot_2_7796,100000,250,900,16,23,20,0,0.0,Excel Benchmark
plum_check_lte_7797,55000,150,550,16,30,20,0,0.0,Excel Benchmark
plum_ram_3g_7795,735760,1960,6680,16,23,20,0,0.0,Excel Benchmark
plum_sync_4_0b_7435,30000,100,400,16,23,20,0,0.0,Estimated
plum_compass_8480,50000,150,500,16,30,20,0,0.0,Estimated
plum_gator_plus_ii_7434,231241,241,2041,16,28,20,0,0.0,Estimated
plum_coach_pro_7012,726979,1379,3937,16,30,20,0,0.0,Excel Benchmark
plum_ram_plus_7433,100000,250,900,16,23,20,0,0.0,Excel Benchmark
plum_trigger_plus_iii_7011,30000,100,400,16,23,20,0,0.0,Estimated
plum_sync_5_0_6616,30000,100,400,16,23,20,0,0.0,Estimated
plum_sync_4_0_6615,30000,100,400,16,23,20,0,0.0,Estimated
plum_might_pro_6613,726979,1379,3937,16,28,20,0,0.0,Excel Benchmark
plum_link_plus_6617,238411,411,3033,16,28,20,0,0.0,Excel Benchmark
plum_trigger_pro_6532,30000,100,400,16,28,20,0,0.0,Estimated
plum_might_lte_6755,30000,110,420,16,28,20,0,0.0,Estimated
plum_z708_6497,676354,1754,6062,16,28,25,0,0.0,Excel Benchmark
plum_sync_3_5_6614,30000,100,400,16,23,20,0,0.0,Estimated
plum_coach_plus_6390,676354,1754,6062,16,28,20,0,0.0,Excel Benchmark
plum_trigger_plus_6533,30000,100,400,16,23,20,0,0.0,Estimated
plum_gator_6496,30000,100,400,16,28,25,0,0.0,Estimated
plum_axe_plus_6386,30000,100,400,16,23,20,0,0.0,Estimated
plum_coach_plus_ii_6612,726979,1379,3937,16,30,20,0,0.0,Excel Benchmark
plum_check_plus_6387,30000,100,400,16,28,20,0,0.0,Estimated
plum_trigger_z104_5827,231241,241,2041,16,23,20,0,0.0,Estimated
plum_slick_6359,534570,770,3110,16,23,20,0,0.0,Excel Benchmark
plum_velocity_ii_5819,385219,1619,3657,16,23,20,0,0.0,Excel Benchmark
plum_bar_3g_5820,229013,613,3639,16,23,20,0,0.0,Excel Benchmark
plum_sync_5818,30000,100,400,16,23,20,0,0.0,Estimated
plum_boot_6360,100000,250,900,16,23,20,0,0.0,Excel Benchmark
plum_ten_3g_5589,385269,1669,4807,16,28,50,0,0.0,Excel Benchmark
plum_link_ii_5588,231241,241,2041,16,23,25,0,0.0,Estimated
plum_volt_3g_5587,141928,528,1384,16,40,20,0,0.0,Excel Benchmark
plum_might_plus_6388,30000,100,400,16,28,20,0,0.0,Estimated
plum_mouse_5586,231241,241,2041,16,23,20,0,0.0,Estimated
plum_dazzle_5585,231241,241,2041,16,23,20,0,0.0,Estimated
plum_z710_5416,151085,285,655,16,23,25,0,0.0,Excel Benchmark
plum_glow_5414,231241,241,2041,16,23,20,0,0.0,Estimated
plum_trigger_5415,265646,646,2738,16,23,20,0,0.0,Excel Benchmark
plum_panther_5413,231241,241,2041,16,23,20,0,0.0,Estimated
plum_pilot_plus_6389,726979,1379,3937,16,28,20,0,0.0,Excel Benchmark
plum_caliber_ii_5412,779732,1532,5396,16,23,20,0,0.0,Excel Benchmark
plum_signal_5200,95000,240,850,16,23,20,0,0.0,Excel Benchmark
plum_hammer_5199,231241,241,2041,16,23,20,0,0.0,Estimated
plum_flipper_5198,231241,241,2041,16,23,20,0,0.0,Estimated
plum_link_5063,231241,241,2041,16,23,20,0,0.0,Estimated
plum_debut_4767,30000,100,350,16,23,35,0,0.0,Estimated
plum_axe_4764,265646,646,2738,16,23,20,0,0.0,Excel Benchmark
plum_ram_5584,231241,241,2041,16,23,20,0,0.0,Estimated
plum_axe_ii_5817,30000,100,400,16,23,20,0,0.0,Estimated
plum_wicked_4657,231241,241,2041,16,23,20,0,0.0,Estimated
plum_flix_4766,625334,734,2002,16,23,20,0,0.0,Excel Benchmark
plum_orbit_4743,523522,1322,4766,16,23,20,0,0.0,Excel Benchmark
plum_caliber_4152,625334,734,2002,16,23,20,0,0.0,Excel Benchmark
plum_velocity_4186,523522,1322,4766,16,23,20,0,0.0,Excel Benchmark
plum_galactic_4153,231241,241,2041,16,23,20,0,0.0,Estimated
plum_geo_4940,231241,241,2041,16,23,20,0,0.0,Estimated
plum_tracer_ii_4183,691410,1610,5630,16,23,20,0,0.0,Excel Benchmark
plum_capacity_4765,625334,734,2002,16,23,20,0,0.0,Excel Benchmark
plum_tingle_4182,231241,241,2041,16,23,20,0,0.0,Estimated
plum_genius_4154,231241,241,2041,16,23,20,0,0.0,Estimated
plum_blast_4150,231241,241,2041,16,23,20,0,0.0,Estimated
plum_whiz_4187,231241,241,2041,16,23,20,0,0.0,Estimated
plum_switch_4936,779732,1532,5396,16,23,20,0,0.0,Excel Benchmark
plum_stubby_4181,231241,241,2041,16,23,20,0,0.0,Estimated
plum_might_4768,265646,646,2738,16,23,20,0,0.0,Excel Benchmark
plum_inspire_4155,231241,241,2041,16,23,20,0,0.0,Estimated
plum_stubby_ii_4366,231241,241,2041,16,23,20,0,0.0,Estimated
plum_profile_4365,231241,241,2041,16,23,20,0,0.0,Estimated
plum_boom_4151,231241,241,2041,16,23,20,0,0.0,Estimated
plum_spare_4180,231241,241,2041,16,23,20,0,0.0,Estimated
plum_snap_4179,231241,241,2041,16,23,20,0,0.0,Estimated
plum_tweek_4364,231241,241,2041,16,23,20,0,0.0,Estimated
plum_kazzom_4156,231241,241,2041,16,23,20,0,0.0,Estimated
plum_bubby_4938,231241,241,2041,16,23,20,0,0.0,Estimated
plum_trip_4185,231241,241,2041,16,23,20,0,0.0,Estimated
plum_strike_4189,95000,240,850,16,23,20,0,0.0,Excel Benchmark
plum_trion_4184,231241,241,2041,16,23,20,0,0.0,Estimated
plum_buzz_4937,231241,241,2041,16,23,20,0,0.0,Estimated
posh_memo_pro_lte_l600_8537,455515,715,1945,16,30,20,0,0.0,Excel Benchmark
posh_ultra_max_lte_l550_8535,70000,180,650,16,30,20,0,0.0,Excel Benchmark
posh_equal_plus_x700_8536,799860,2060,5980,16,28,20,0,0.0,Excel Benchmark
posh_optima_lte_l530_8178,240000,500,1550,21,30,25,0,0.0,Excel Benchmark
posh_icon_hd_x551_8177,55000,150,550,16,30,20,0,0.0,Excel Benchmark
posh_volt_lte_l540_8176,928945,2145,7235,16,30,35,0,0.0,Excel Benchmark
posh_volt_max_lte_l640_8175,240000,500,1550,23,28,50,0,0.0,Excel Benchmark
posh_primo_plus_c353_7622,462081,2081,5043,16,23,20,0,0.0,Excel Benchmark
posh_kick_lite_s410_7620,30000,100,400,16,28,20,0,0.0,Estimated
posh_icon_s510_7619,30000,100,400,16,28,20,0,0.0,Estimated
posh_equal_pro_lte_l700_8174,351364,764,3092,16,30,20,0,0.0,Excel Benchmark
posh_ultra_5_0_lte_l500_7494,35000,120,450,16,30,20,0,0.0,Estimated
posh_micro_x_s240_7493,30000,100,400,16,23,20,0,0.0,Estimated
posh_titan_max_hd_e550_7495,541964,1364,4892,21,30,20,0,0.0,Excel Benchmark
posh_titan_max_hd_e600_7169,664363,1963,4689,21,30,25,0,0.0,Excel Benchmark
posh_titan_hd_e500_7170,541964,1364,4892,21,30,20,0,0.0,Excel Benchmark
posh_equal_s700_7171,676354,1754,6062,16,23,20,0,0.0,Excel Benchmark
posh_kick_x511_7621,726979,1379,3937,16,28,20,0,0.0,Excel Benchmark
posh_kick_pro_lte_l520_8179,928945,2145,7235,16,30,20,0,0.0,Excel Benchmark
posh_memo_s580_7173,30000,100,400,16,23,20,0,0.0,Estimated
posh_equal_lite_w700_7172,709119,1519,3357,16,23,20,0,0.0,Excel Benchmark
posh_revel_pro_x510_7176,726979,1379,3937,16,23,20,0,0.0,Excel Benchmark
posh_pegasus_4g_s400_7179,30000,100,400,16,23,20,0,0.0,Estimated
posh_orion_mini_s350_7180,30000,100,400,16,23,20,0,0.0,Estimated
posh_orion_s450_7178,30000,100,400,16,28,20,0,0.0,Estimated
posh_pegasus_plus_c351_7181,440710,910,4530,16,23,20,0,0.0,Excel Benchmark
posh_orion_pro_x500_7175,726979,1379,3937,16,28,20,0,0.0,Excel Benchmark
posh_revel_s500_7177,30000,100,400,16,23,20,0,0.0,Estimated
posh_lynx_a100_7182,100000,250,900,16,23,20,0,0.0,Excel Benchmark
posh_orion_max_x550_7174,726979,1379,3937,16,28,20,0,0.0,Excel Benchmark
prestigio_multiphone_5504_duo_6875,726979,1379,3937,16,28,20,0,0.0,Excel Benchmark
prestigio_multiphone_5503_duo_6874,412178,778,2134,16,28,35,0,0.0,Excel Benchmark
prestigio_multipad_4_quantum_10_1_3g_6208,238411,411,3033,16,28,50,0,0.0,Excel Benchmark
prestigio_multiphone_8500_duo_6526,200000,350,1300,16,30,20,0,0.0,Excel Benchmark
prestigio_multiphone_7600_duo_6205,231241,241,2041,23,30,20,0,0.0,Estimated
prestigio_multiphone_5508_duo_6876,664363,1963,4689,21,30,20,0,0.0,Excel Benchmark
prestigio_multipad_4_quantum_9_7_colombia_6207,238411,411,3033,16,28,50,0,0.0,Excel Benchmark
prestigio_multiphone_8400_duo_6527,200000,350,1300,16,28,20,0,0.0,Excel Benchmark
prestigio_multiphone_5501_duo_6203,231241,241,2041,16,23,20,0,0.0,Estimated
prestigio_multiphone_5500_duo_6202,30000,100,400,16,23,20,0,0.0,Estimated
prestigio_multiphone_5451_duo_6201,231241,241,2041,16,23,20,0,0.0,Estimated
prestigio_multiphone_5450_duo_6200,231241,241,2041,16,23,20,0,0.0,Estimated
prestigio_multiphone_5430_duo_5721,353457,257,2571,16,28,20,0,0.0,Excel Benchmark
prestigio_multiphone_5400_duo_5720,231241,241,2041,16,23,20,0,0.0,Estimated
prestigio_multiphone_5300_duo_5719,12000,50,200,16,23,20,0,0.0,Estimated
prestigio_multiphone_5044_duo_5718,141928,528,1384,16,30,20,0,0.0,Excel Benchmark
prestigio_multiphone_3400_duo_5888,30000,100,400,16,23,20,0,0.0,Estimated
prestigio_multiphone_5000_duo_5717,588057,857,4371,16,23,20,0,0.0,Excel Benchmark
prestigio_multiphone_7500_6204,553760,1960,4680,23,40,20,0,0.0,Excel Benchmark
prestigio_multiphone_4505_duo_5716,588057,857,4371,16,23,20,0,0.0,Excel Benchmark
prestigio_multiphone_4500_duo_5715,588057,857,4371,16,28,20,0,0.0,Excel Benchmark
prestigio_multiphone_4322_duo_5714,588057,857,4371,16,23,20,0,0.0,Excel Benchmark
prestigio_multiphone_4300_duo_5713,265646,646,2738,16,28,20,0,0.0,Excel Benchmark
prestigio_multiphone_4055_duo_5712,588057,857,4371,16,23,20,0,0.0,Excel Benchmark
prestigio_multiphone_4040_duo_5709,265646,646,2738,16,23,20,0,0.0,Excel Benchmark
prestigio_multiphone_3540_duo_5708,265646,646,2738,16,23,20,0,0.0,Excel Benchmark
prestigio_multipad_4_ultra_quad_8_0_3g_6206,526906,1906,5518,16,28,40,0,0.0,Excel Benchmark
prestigio_multipad_4_ultimate_8_0_3g_5658,526906,1906,5518,16,28,40,0,0.0,Excel Benchmark
prestigio_multipad_7_0_prime_duo_3g_5657,385269,1669,4807,16,23,25,0,0.0,Excel Benchmark
prestigio_multipad_4_quantum_10_1_5656,238411,411,3033,16,28,50,0,0.0,Excel Benchmark
prestigio_multiphone_4044_duo_5710,588057,857,4371,16,23,20,0,0.0,Excel Benchmark
prestigio_multipad_4_quantum_9_7_5655,238411,411,3033,16,28,50,0,0.0,Excel Benchmark
prestigio_multipad_2_pro_duo_8_0_3g_5582,385269,1669,4807,16,28,45,0,0.0,Excel Benchmark
prestigio_multipad_4_quantum_7_85_5654,238411,411,3033,16,28,40,0,0.0,Excel Benchmark
prestigio_multipad_10_1_ultimate_5578,231241,241,2041,16,23,50,0,0.0,Estimated
prestigio_multipad_2_ultra_duo_8_0_5581,231241,241,2041,16,28,35,0,0.0,Estimated
prestigio_multipad_2_prime_duo_8_0_5576,231241,241,2041,16,28,35,0,0.0,Estimated
prestigio_multipad_note_8_0_3g_5583,231241,241,2041,16,28,50,0,0.0,Estimated
prestigio_multipad_8_0_ultra_duo_5574,231241,241,2041,16,23,50,0,0.0,Estimated
prestigio_multipad_10_1_ultimate_3g_5579,231241,241,2041,16,23,50,0,0.0,Estimated
prestigio_multipad_7_0_prime_3g_5577,265646,646,2738,16,23,25,0,0.0,Excel Benchmark
prestigio_multipad_7_0_pro_duo_5570,231241,241,2041,16,28,35,0,0.0,Estimated
prestigio_multipad_8_0_hd_5569,231241,241,2041,16,23,45,0,0.0,Estimated
prestigio_multipad_7_0_prime_duo_5572,231241,241,2041,16,28,25,0,0.0,Estimated
prestigio_multipad_7_0_hd___5567,231241,241,2041,16,23,35,0,0.0,Estimated
prestigio_multipad_7_0_ultra_duo_5575,231241,241,2041,16,28,35,0,0.0,Estimated
prestigio_multipad_7_0_ultra___5565,231241,241,2041,16,23,25,0,0.0,Estimated
prestigio_multipad_7_0_ultra___new_5568,231241,241,2041,16,23,25,0,0.0,Estimated
prestigio_multipad_7_0_prime___5563,231241,241,2041,16,23,20,0,0.0,Estimated
prestigio_multipad_7_0_pro_5561,231241,241,2041,16,23,25,0,0.0,Estimated
prestigio_multipad_8_0_pro_duo_5571,231241,241,2041,16,23,40,0,0.0,Estimated
prestigio_multipad_7_0_prime_5562,231241,241,2041,16,23,20,0,0.0,Estimated
prestigio_multipad_2_ultra_duo_8_0_3g_5580,385269,1669,4807,16,28,40,0,0.0,Excel Benchmark
prestigio_multipad_7_0_hd_5566,231241,241,2041,16,23,35,0,0.0,Estimated
prestigio_multipad_9_7_ultra_duo_5573,231241,241,2041,16,28,50,0,0.0,Estimated
prestigio_multipad_7_0_ultra_5564,231241,241,2041,16,23,25,0,0.0,Estimated
qmobile_noir_a1_8757,240000,500,1550,28,40,35,0,0.0,Excel Benchmark
qmobile_noir_e2_8758,240000,500,1550,23,30,35,0,0.0,Excel Benchmark
qmobile_m6_lite_8761,70000,180,650,21,30,35,0,0.0,Excel Benchmark
qmobile_m6_8760,240000,500,1550,23,50,45,0,0.0,Excel Benchmark
qmobile_king_kong_max_8762,240000,500,1550,21,30,35,0,0.0,Excel Benchmark
qmobile_m350_pro_8764,55000,150,550,16,30,45,0,0.0,Excel Benchmark
qmobile_e1_8765,928945,2145,7235,16,30,35,0,0.0,Excel Benchmark
qmobile_noir_s6_plus_8766,55000,150,550,16,30,20,0,0.0,Excel Benchmark
qmobile_noir_z14_8354,240000,500,1550,23,40,25,0,0.0,Excel Benchmark
qmobile_noir_s4_8358,55000,150,550,18,30,25,0,0.0,Excel Benchmark
qmobile_noir_lt750_8357,455515,715,1945,16,30,20,0,0.0,Excel Benchmark
qmobile_energy_x2_8763,55000,150,550,16,30,45,0,0.0,Excel Benchmark
qmobile_noir_z12_pro_8353,240000,500,1550,23,40,25,0,0.0,Excel Benchmark
qmobile_j7_pro_8759,70000,180,650,23,30,25,0,0.0,Excel Benchmark
qmobile_noir_lt700_pro_8356,455515,715,1945,21,30,20,0,0.0,Excel Benchmark
qmobile_noir_lt680_8355,928945,2145,7235,16,30,35,0,0.0,Excel Benchmark
qmobile_noir_a6_8360,455515,715,1945,21,30,20,0,0.0,Excel Benchmark
qmobile_noir_j7_8767,359621,1621,4663,21,30,25,0,0.0,Excel Benchmark
qmobile_noir_z10_7874,240000,500,1550,21,40,20,0,0.0,Excel Benchmark
qmobile_noir_s5_7500,412178,778,2134,18,40,20,0,0.0,Excel Benchmark
qmobile_noir_s9_8027,541964,1364,4892,21,30,25,0,0.0,Excel Benchmark
qmobile_noir_z12_7985,240000,500,1550,21,40,25,0,0.0,Excel Benchmark
qmobile_noir_z9_7429,35000,120,450,16,40,20,0,0.0,Estimated
qmobile_linq_l15_7458,412178,778,2134,16,30,20,0,0.0,Excel Benchmark
qmobile_noir_e8_7787,471272,1072,3016,35,60,25,0,0.0,Excel Benchmark
qmobile_noir_s2_7786,55000,150,550,16,30,20,0,0.0,Excel Benchmark
qmobile_t200_bolt_7332,520704,2104,5112,16,23,20,0,0.0,Excel Benchmark
qmobile_power3_7413,231241,241,2041,16,23,20,0,0.0,Estimated
qmobile_noir_s1_7396,726979,1379,3937,16,28,20,0,0.0,Excel Benchmark
qmobile_noir_z9_plus_8026,240000,500,1550,21,40,25,0,0.0,Excel Benchmark
qmobile_noir_x950_7317,240000,500,1550,21,40,20,0,0.0,Excel Benchmark
qmobile_noir_i8_7340,726979,1379,3937,16,28,20,0,0.0,Excel Benchmark
qmobile_explorer_3g_7380,231241,241,2041,16,23,20,0,0.0,Estimated
qmobile_qtab_v10_7405,228791,791,3173,16,28,40,0,0.0,Excel Benchmark
qmobile_t50_bolt_7386,487344,744,3032,16,23,20,0,0.0,Excel Benchmark
qmobile_noir_x350_7326,534665,1865,4395,16,23,20,0,0.0,Excel Benchmark
qmobile_noir_x450_7324,726979,1379,3937,16,23,20,0,0.0,Excel Benchmark
qmobile_noir_z8_plus_7314,35000,120,450,21,30,20,0,0.0,Estimated
qmobile_noir_lt600_7335,30000,110,420,16,25,20,0,0.0,Estimated
qmobile_noir_m300_7334,412178,778,2134,16,30,45,0,0.0,Excel Benchmark
qmobile_linq_x70_7403,412178,778,2134,16,28,20,0,0.0,Excel Benchmark
qmobile_noir_z7_7384,664363,1963,4689,16,40,20,0,0.0,Excel Benchmark
qmobile_noir_lt250_7336,571923,1523,5369,16,30,20,0,0.0,Excel Benchmark
qmobile_noir_lt150_7337,712116,1116,5148,16,23,20,0,0.0,Excel Benchmark
qmobile_noir_x600_7321,541964,1364,4892,16,25,20,0,0.0,Excel Benchmark
qmobile_noir_x60_7329,412178,778,2134,16,28,20,0,0.0,Excel Benchmark
qmobile_linq_l10_7342,288299,699,3897,16,30,20,0,0.0,Excel Benchmark
qmobile_noir_a750_7407,141928,528,1384,21,30,20,0,0.0,Excel Benchmark
qmobile_a1_7397,412178,778,2134,16,28,20,0,0.0,Excel Benchmark
qmobile_noir_z8_7315,35000,120,450,21,30,20,0,0.0,Estimated
qmobile_w1_7331,200000,350,1300,16,23,20,0,0.0,Excel Benchmark
qmobile_noir_x80_7328,30000,100,400,16,28,20,0,0.0,Estimated
qmobile_linq_x300_7394,726979,1379,3937,16,28,20,0,0.0,Excel Benchmark
qmobile_noir_x35_7330,30000,100,400,16,23,20,0,0.0,Estimated
qmobile_noir_x550_7322,412178,778,2134,16,30,20,0,0.0,Excel Benchmark
qmobile_noir_x900_7318,664363,1963,4689,21,30,20,0,0.0,Excel Benchmark
qmobile_noir_i6_metal_hd_8359,55000,150,550,16,30,20,0,0.0,Excel Benchmark
qmobile_linq_x100_7343,412178,778,2134,16,23,20,0,0.0,Excel Benchmark
qmobile_noir_x90_7327,30000,100,400,16,23,20,0,0.0,Estimated
qmobile_noir_x700_7320,541964,1364,4892,16,30,20,0,0.0,Excel Benchmark
qmobile_noir_a115_atv_7393,30000,100,400,16,23,20,0,0.0,Estimated
qmobile_noir_x800_7319,541964,1364,4892,16,30,20,0,0.0,Excel Benchmark
qmobile_b100tv_7416,231241,241,2041,16,23,20,0,0.0,Estimated
qmobile_noir_x400_7325,412178,778,2134,16,23,20,0,0.0,Excel Benchmark
qmobile_noir_m90_7333,412178,778,2134,16,23,35,0,0.0,Excel Benchmark
qmobile_b800_7415,231241,241,2041,16,23,20,0,0.0,Estimated
qmobile_noir_i12_7341,412178,778,2134,21,30,20,0,0.0,Excel Benchmark
qmobile_noir_z5_7383,85000,200,700,23,40,20,0,0.0,Excel Benchmark
qmobile_noir_x500_7323,412178,778,2134,16,30,20,0,0.0,Excel Benchmark
qmobile_noir_i7_7389,726979,1379,3937,16,28,20,0,0.0,Excel Benchmark
qmobile_qtab_x50_7404,396788,1388,3964,16,28,40,0,0.0,Excel Benchmark
qmobile_e990_sirocco_edition_7414,231241,241,2041,16,23,20,0,0.0,Estimated
qmobile_noir_a110_7411,30000,100,400,16,23,20,0,0.0,Estimated
qmobile_noir_i6_7388,412178,778,2134,16,23,20,0,0.0,Excel Benchmark
qmobile_noir_z6_7316,664363,1963,4689,21,50,20,0,0.0,Excel Benchmark
qmobile_noir_a8i_7392,30000,100,400,16,23,20,0,0.0,Estimated
qmobile_noir_a75_7387,30000,100,400,16,23,20,0,0.0,Estimated
qmobile_noir_i5i_7339,726979,1379,3937,16,23,20,0,0.0,Excel Benchmark
qmobile_noir_i10_7391,726979,1379,3937,16,28,20,0,0.0,Excel Benchmark
qmobile_noir_i5_7338,726979,1379,3937,16,28,20,0,0.0,Excel Benchmark
qmobile_noir_v4_7385,141928,528,1384,16,30,20,0,0.0,Excel Benchmark
qmobile_noir_a500_7409,489685,885,4455,16,23,20,0,0.0,Excel Benchmark
qmobile_noir_a15_3d_7412,588057,857,4371,16,23,20,0,0.0,Excel Benchmark
qmobile_noir_z4_7382,553760,1960,4680,21,40,20,0,0.0,Excel Benchmark
qmobile_noir_a120_7410,30000,100,400,16,23,20,0,0.0,Estimated
qmobile_noir_i9_7390,412178,778,2134,16,30,20,0,0.0,Excel Benchmark
qmobile_noir_z3_7381,141928,528,1384,16,40,20,0,0.0,Excel Benchmark
qmobile_noir_a950_7406,704124,1524,4372,16,40,20,0,0.0,Excel Benchmark
qmobile_noir_a550_7408,412178,778,2134,16,28,20,0,0.0,Excel Benchmark
qmobile_m800_7417,231241,241,2041,16,23,20,0,0.0,Estimated
qtek_9600_1588,231241,241,2041,16,23,20,0,0.0,Estimated
qtek_a9100_2523,259101,1101,3103,16,23,20,0,0.0,Excel Benchmark
qtek_8500_1483,259101,1101,3103,16,23,20,0,0.0,Excel Benchmark
qtek_8310_1253,259101,1101,3103,16,23,20,0,0.0,Excel Benchmark
qtek_9000_1264,231241,241,2041,16,23,20,0,0.0,Estimated
qtek_8300_1252,259101,1101,3103,16,23,20,0,0.0,Excel Benchmark
qtek_9100_1257,259101,1101,3103,16,23,20,0,0.0,Excel Benchmark
qtek_8100_1173,270000,540,1650,16,23,20,0,0.0,Excel Benchmark
qtek_8600_1585,231241,241,2041,16,23,20,0,0.0,Estimated
qtek_s100_1172,231241,241,2041,16,23,20,0,0.0,Estimated
qtek_s200_1417,259101,1101,3103,16,23,20,0,0.0,Excel Benchmark
qtek_8010_1169,270000,540,1650,16,23,20,0,0.0,Excel Benchmark
qtek_2020i_1168,231241,241,2041,16,23,20,0,0.0,Estimated
qtek_2020_1167,231241,241,2041,16,23,20,0,0.0,Estimated
qtek_s110_1255,231241,241,2041,16,23,20,0,0.0,Estimated
qtek_8080_1166,230000,480,1500,16,23,20,0,0.0,Excel Benchmark
qtek_1010_1164,231241,241,2041,16,23,20,0,0.0,Estimated
qtek_7070_1163,231241,241,2041,16,23,20,0,0.0,Estimated
qtek_9090_1171,231241,241,2041,16,23,20,0,0.0,Estimated
qtek_8020_1170,270000,540,1650,16,23,20,0,0.0,Excel Benchmark
qtek_8060_1165,230000,480,1500,16,23,20,0,0.0,Excel Benchmark
razer_phone_2_9363,286076,9110,2200,55,70,60,0,0.0,GSMArena Lab
razer_phone_8923,291142,6728,1800,40,65,40,0,0.0,GSMArena Lab
realme_c100i__india__14900,490939,1339,2817,16,50,50,0,0.0,Excel Benchmark
realme_16x_5g_14871,110000,270,950,43,55,70,0,0.0,Excel Benchmark
realme_p4s_5g_14885,30000,110,420,65,70,75,0,0.0,Estimated
realme_p4r_5g_14706,110000,270,950,43,55,70,0,0.0,Excel Benchmark
realme_watch_s5_14686,231241,241,2041,16,43,20,0,0.0,Estimated
realme_c100x_14628,490939,1339,2817,41,50,70,0,0.0,Excel Benchmark
realme_16t_5g_14674,649327,2016,950,48,60,70,0,22.72,GSMArena Lab
realme_narzo_100x_5g_14787,110000,270,950,43,55,70,0,0.0,Excel Benchmark
realme_narzo_100_lite_5g_14593,110000,270,950,21,55,50,0,0.0,Excel Benchmark
realme_p4x_14744,490939,1339,2817,41,50,70,0,0.0,Excel Benchmark
realme_note_80_14537,490939,1339,2817,16,35,50,0,0.0,Excel Benchmark
realme_c100_5g_14585,110000,270,950,41,55,70,0,0.0,Excel Benchmark
realme_c100_14586,498841,841,4323,43,55,50,0,0.0,Excel Benchmark
realme_narzo_power_5g_14515,30000,110,420,65,65,75,0,0.0,Estimated
realme_16_5g_14419,30000,110,420,53,75,70,0,0.0,Estimated
realme_p4_lite_14490,490939,1339,2817,21,40,50,0,0.0,Excel Benchmark
realme_p4_lite_5g_14545,110000,270,950,21,55,50,0,0.0,Excel Benchmark
realme_c100i_14655,490939,1339,2817,16,45,50,0,0.0,Excel Benchmark
realme_c85_14435,220000,400,1400,43,60,70,0,0.0,Excel Benchmark
realme_c83_5g_14532,110000,270,950,21,55,50,0,0.0,Excel Benchmark
realme_neo8_5g_14408,400000,500,2200,80,70,75,0,0.0,Excel Benchmark
realme_p3_lite_5g_14360,110000,270,950,38,50,70,0,0.0,Excel Benchmark
realme_16_pro__5g_14363,1413772,3982,4398,85,65,75,1794,18.3,GSMArena Lab
realme_16_pro_5g_14400,270000,540,1650,70,70,75,0,0.0,Excel Benchmark
realme_pad_3_5g_14401,270000,540,1650,18,48,70,0,0.0,Excel Benchmark
realme_narzo_90_5g_14345,30000,110,420,53,75,70,0,0.0,Estimated
realme_c85_5g_14274,110000,270,950,43,60,70,0,0.0,Excel Benchmark
realme_c85_pro_14275,220000,400,1400,43,75,70,0,0.0,Excel Benchmark
realme_p3_lite_14361,490939,1339,2817,41,50,50,0,0.0,Excel Benchmark
realme_15x_5g__india__14173,110000,270,950,53,60,70,0,0.0,Excel Benchmark
realme_gt8_pro_5g__china__14245,3873902,10694,4749,95,90,100,2262,20.4,GSMArena Lab
realme_15t_5g_14105,30000,110,420,53,75,70,0,0.0,Estimated
realme_15_5g__global__14318,270000,540,1650,70,80,75,0,0.0,Excel Benchmark
realme_p4_power_5g_14451,30000,110,420,65,65,75,0,25.58,Estimated
realme_narzo_90x_5g_14346,110000,270,950,43,60,70,0,0.0,Excel Benchmark
realme_watch_5_14109,231241,241,2041,16,43,20,0,0.0,Estimated
realme_15_pro_5g_14017,1095837,3630,4398,70,70,75,1862,17.07,GSMArena Lab
realme_p4_pro_5g_14086,1078117,3542,4398,70,70,75,0,0.0,GSMArena Lab
realme_15_lite_5g_14159,270000,540,1650,65,85,70,0,0.0,Excel Benchmark
realme_note_70_14436,490939,1339,2817,21,35,50,0,0.0,Excel Benchmark
realme_15_5g_14018,270000,540,1650,70,70,75,0,0.0,Excel Benchmark
realme_note_70t_14007,490939,1339,2817,21,35,50,0,0.0,Excel Benchmark
realme_p4_5g_14087,30000,110,420,50,80,75,0,0.0,Estimated
realme_c73_5g_13928,110000,270,950,38,50,50,0,0.0,Excel Benchmark
realme_narzo_80_lite_14023,490939,1339,2817,21,40,50,0,0.0,Excel Benchmark
realme_gt8_5g__china__14246,613027,1827,6281,85,90,75,0,0.0,Excel Benchmark
realme_neo7_turbo_5g_13916,30000,110,420,65,65,75,0,0.0,Estimated
realme_c71_13931,490939,1339,2817,41,50,70,0,0.0,Excel Benchmark
realme_gt7_5g_13788,30000,110,420,65,70,75,0,0.0,Estimated
realme_narzo_80_pro_5g_13782,30000,110,420,65,70,75,0,0.0,Estimated
realme_narzo_80x_5g_13771,30000,110,420,41,60,70,0,0.0,Estimated
realme_c75x_13750,191778,378,934,41,50,65,0,0.0,Excel Benchmark
realme_14_pro_lite_13706,50000,150,550,65,70,65,0,0.0,Estimated
realme_p3_13715,463623,1223,2469,50,70,70,0,0.0,Excel Benchmark
realme_p3_ultra_13734,1403612,4169,1800,65,58,75,1862,16.78,GSMArena Lab
realme_gt_7_5g_13863,2141861,7412,420,90,60,80,1451,21.1,GSMArena Lab
realme_c75_5g_13837,110000,270,950,38,50,70,0,0.0,Excel Benchmark
realme_14_13729,463623,1223,2469,65,85,70,0,0.0,Excel Benchmark
realme_p4x_5g_14329,30000,110,420,45,65,70,0,0.0,Estimated
realme_narzo_80_lite_5g_13952,110000,270,950,38,50,50,0,0.0,Excel Benchmark
realme_14t_13748,110000,270,950,48,85,70,0,0.0,Excel Benchmark
realme_gt7_pro_racing_13664,613027,1827,6281,65,65,80,0,0.0,Excel Benchmark
realme_14_pro_13586,270000,540,1650,65,75,70,0,0.0,Excel Benchmark
realme_neo7_13540,2038810,2207,7408,60,65,75,0,0.0,Excel Benchmark
realme_14x__india__13555,110000,270,950,43,50,70,0,0.0,Excel Benchmark
realme_neo7x_13677,463623,1223,2469,50,85,70,0,0.0,Excel Benchmark
realme_14x_13646,110000,270,950,43,50,45,0,0.0,Excel Benchmark
realme_gt_7t_5g_13869,30000,110,420,70,65,80,0,0.0,Estimated
realme_p3x_13665,30000,110,420,43,60,70,0,0.0,Estimated
realme_gt_7_pro_13470,2746604,9509,6281,85,65,80,2336,17.52,GSMArena Lab
realme_p1_speed_13414,270000,540,1650,50,70,65,0,0.0,Excel Benchmark
realme_c75_13522,498841,841,4323,43,50,70,0,0.0,Excel Benchmark
realme_neo7_se_13676,30000,110,420,65,65,75,0,0.0,Estimated
realme_14_pro__13585,765537,2627,1483,85,63,75,1168,14.17,GSMArena Lab
realme_note_60x_13558,160000,350,1100,16,40,45,0,0.0,Excel Benchmark
realme_note_60_13283,160000,350,1100,36,35,45,0,0.0,Excel Benchmark
realme_p2_pro_13332,50000,150,550,65,70,70,0,0.0,Estimated
realme_v60_pro_13529,110000,270,950,43,50,65,0,0.0,Excel Benchmark
realme_13__13255,270000,540,1650,65,70,70,0,0.0,Excel Benchmark
realme_pad_2_lite_13333,400000,700,1900,16,33,50,0,0.0,Excel Benchmark
realme_13_13289,110000,270,950,63,60,65,0,0.0,Excel Benchmark
realme_13_4g_13252,220000,400,1400,58,70,70,0,0.0,Excel Benchmark
realme_13_pro_13240,50000,150,550,65,70,65,0,0.0,Estimated
realme_13_pro__13196,663084,2685,550,80,70,70,1398,13.65,GSMArena Lab
realme_gt6__china__13104,1903140,2115,6608,60,65,75,1483,0.0,Excel Benchmark
realme_v60_13165,110000,270,950,33,50,45,0,0.0,Excel Benchmark
realme_12_4g_13172,220000,400,1400,58,70,70,0,0.0,Excel Benchmark
realme_gt_6_13103,1540147,5085,5020,70,65,75,0,14.53,GSMArena Lab
realme_c63_13090,160000,350,1100,43,40,65,0,0.0,Excel Benchmark
realme_narzo_n61_13232,160000,350,1100,36,35,45,0,0.0,Excel Benchmark
realme_c61__india__13162,160000,350,1100,36,35,45,0,0.0,Excel Benchmark
realme_watch_s2_13241,231241,241,2041,16,43,20,0,0.0,Estimated
realme_c63_5g_13260,110000,270,950,33,50,45,0,0.0,Excel Benchmark
realme_narzo_70_12955,620000,950,2800,48,70,65,0,0.0,Excel Benchmark
realme_c61_13236,160000,350,1100,41,35,45,0,0.0,Excel Benchmark
realme_gt_neo6_12991,575540,1740,5020,65,65,75,0,0.0,Excel Benchmark
realme_p3_pro_13667,144561,561,1483,65,58,75,0,0.0,Excel Benchmark
realme_narzo_n65_13047,110000,270,950,43,50,45,0,0.0,Excel Benchmark
realme_p1_pro_12935,560000,943,2804,65,70,65,0,0.0,Excel Benchmark
realme_narzo_n63_13120,160000,350,1100,43,40,65,0,0.0,Excel Benchmark
realme_narzo_70x_12954,420000,700,2000,43,60,65,0,0.0,Excel Benchmark
realme_p1_12936,620000,950,2800,48,70,65,0,0.0,Excel Benchmark
realme_12_lite_12947,220000,400,1400,48,50,60,0,0.0,Excel Benchmark
realme_gt_neo6_se_12898,240000,500,1550,65,65,70,0,0.0,Excel Benchmark
realme_gt_6t_13010,1413668,3845,1550,65,65,75,1046,15.02,GSMArena Lab
realme_c65_12908,280000,520,1550,43,40,65,0,0.0,Excel Benchmark
realme_12x__india__12914,420000,700,2000,43,60,65,0,0.0,Excel Benchmark
realme_c51s_13130,160000,350,1100,41,40,60,0,0.0,Excel Benchmark
realme_12_12861,420000,700,2000,48,60,65,0,0.0,Excel Benchmark
realme_12_pro__12804,660920,2732,550,85,70,70,802,13.4,GSMArena Lab
realme_12_pro_12810,560000,943,2804,80,70,70,0,0.0,Excel Benchmark
realme_note_50_12799,160000,350,1100,21,40,45,0,0.0,Excel Benchmark
realme_v50s_12703,420000,700,2000,23,55,45,0,0.0,Excel Benchmark
realme_gt5_240w_12529,1539080,1926,5226,60,70,70,1100,0.0,Excel Benchmark
realme_narzo_60x_12542,420000,700,2000,43,60,60,0,0.0,Excel Benchmark
realme_narzo_70_pro_12878,620000,950,2800,58,70,70,0,0.0,Excel Benchmark
realme_narzo_70_turbo_13294,270000,540,1650,50,70,65,0,0.0,Excel Benchmark
realme_c67_12728,420000,700,2000,43,60,60,0,0.0,Excel Benchmark
realme_c65_5g_12963,110000,270,950,43,50,45,0,0.0,Excel Benchmark
realme_11x_12519,420000,700,2000,43,60,60,0,0.0,Excel Benchmark
realme_11_4g_12445,400000,700,1900,53,65,70,0,0.0,Excel Benchmark
realme_12x_12890,420000,700,2000,43,50,45,0,0.0,Excel Benchmark
realme_11_12444,420000,700,2000,53,60,70,0,0.0,Excel Benchmark
realme_12__12821,614150,2343,2800,60,70,70,1148,13.05,GSMArena Lab
realme_c53__india__12419,160000,350,1100,43,50,50,0,0.0,Excel Benchmark
realme_c51_12527,160000,350,1100,41,40,60,0,0.0,Excel Benchmark
realme_c67_4g_12741,220000,400,1400,48,50,60,0,0.0,Excel Benchmark
realme_c53_12310,160000,350,1100,43,50,60,0,0.0,Excel Benchmark
realme_narzo_60_pro_12396,620000,950,2800,45,70,70,0,0.0,Excel Benchmark
realme_gt3_12120,1074427,3898,5762,60,65,70,974,0.0,GSMArena Lab
realme_11_pro__12246,605783,2207,2800,75,70,70,793,0.0,GSMArena Lab
realme_gt5_12528,1539080,1926,5226,60,70,75,0,0.0,Excel Benchmark
realme_10t_12174,120000,250,900,43,45,50,0,0.0,Excel Benchmark
realme_narzo_60_12395,380000,600,1700,48,55,60,0,0.0,Excel Benchmark
realme_gt5_pro_12646,1981149,6783,6608,90,80,90,1660,14.27,GSMArena Lab
realme_11__china__12262,380000,600,1700,43,65,60,0,0.0,Excel Benchmark
realme_c33_2023_12173,160000,350,1100,36,30,45,0,0.0,Excel Benchmark
realme_gt_neo_5_12066,336254,1654,5762,60,70,75,0,0.0,Excel Benchmark
realme_v30_12114,390305,1505,5315,21,35,45,0,0.0,Excel Benchmark
realme_10s_12029,120000,250,900,43,45,60,0,0.0,Excel Benchmark
realme_narzo_n55_12227,257263,1452,1600,43,50,60,0,0.0,GSMArena Lab
realme_pad_2_12426,400000,700,1900,16,43,65,0,0.0,Excel Benchmark
realme_11_pro_12261,585966,2319,2800,45,70,70,790,13.23,GSMArena Lab
realme_v20_12025,520000,800,2300,21,30,45,0,0.0,Excel Benchmark
realme_10_pro__11952,522376,2371,3414,55,70,70,809,0.0,GSMArena Lab
realme_10_5g_11951,520000,800,2300,43,45,60,0,0.0,Excel Benchmark
realme_c30s_11878,231241,241,2041,16,30,45,0,0.0,Estimated
realme_watch_3_pro_11854,231241,241,2041,16,43,20,0,0.0,Estimated
realme_c33_11849,160000,350,1100,36,30,45,0,0.0,Excel Benchmark
realme_10_11950,385829,1762,1900,48,65,60,610,0.0,GSMArena Lab
realme_watch_3_11719,231241,241,2041,16,33,20,0,0.0,Estimated
realme_techlife_watch_r100_11638,231241,241,2041,16,28,20,0,0.0,Estimated
realme_gt2_explorer_master_11613,1045876,4021,5762,53,65,70,798,0.0,GSMArena Lab
realme_c30_11621,160000,350,1100,16,30,45,0,0.0,Excel Benchmark
realme_gt_neo_3t_11609,726007,3180,3300,50,75,70,803,0.0,GSMArena Lab
realme_10_pro_11978,401860,2021,2200,53,60,60,619,0.0,GSMArena Lab
realme_gt_neo_5_240w_12067,336254,1654,5762,60,70,70,0,0.0,Excel Benchmark
realme_9i_5g_11769,120000,250,900,43,45,50,0,0.0,Excel Benchmark
realme_narzo_n53_12280,160000,350,1100,43,35,60,0,0.0,Excel Benchmark
realme_narzo_50_pro_11532,761458,2058,5974,43,55,60,0,0.0,Excel Benchmark
realme_narzo_50_5g_11518,120000,250,900,38,50,60,0,0.0,Excel Benchmark
realme_pad_x_11552,395824,2026,2200,23,28,65,496,0.0,GSMArena Lab
realme_c55_12159,257263,1452,1600,38,50,60,659,0.0,GSMArena Lab
realme_9_5g_11514,420000,750,2200,48,60,50,0,0.0,Excel Benchmark
realme_v23i_12026,520000,800,2300,23,35,45,0,0.0,Excel Benchmark
realme_q5_11480,420000,750,2200,48,60,70,0,0.0,Excel Benchmark
realme_narzo_50i_prime_11630,160000,350,1100,16,30,45,0,0.0,Excel Benchmark
realme_q5_pro_11475,750000,1000,3300,50,75,70,0,0.0,Excel Benchmark
realme_gt_neo_3_150w_11597,819348,4079,900,60,65,70,0,0.0,GSMArena Lab
realme_c31_11437,160000,350,1100,21,30,45,0,0.0,Excel Benchmark
realme_narzo_50a_prime_11435,160000,350,1100,43,45,50,0,0.0,Excel Benchmark
realme_q5i_11474,120000,250,900,23,50,60,0,0.0,Excel Benchmark
realme_pad_mini_11446,250000,480,1450,16,28,55,0,0.0,Excel Benchmark
realme_9_5g__india__11415,120000,250,900,43,45,50,0,0.0,Excel Benchmark
realme_9_11465,290097,1601,1350,53,55,60,647,0.0,GSMArena Lab
realme_9_5g_speed_11414,630000,1080,3000,45,60,50,0,0.0,Excel Benchmark
realme_narzo_50_11377,380000,650,1850,48,55,60,0,0.0,Excel Benchmark
realme_v25_11400,420000,750,2200,48,55,60,0,0.0,Excel Benchmark
realme_9_pro_11317,401894,2020,2200,48,55,60,567,0.0,GSMArena Lab
realme_c35_11353,250000,480,1450,43,40,50,0,0.0,Excel Benchmark
realme_techlife_watch_s100_11420,231241,241,2041,16,33,20,0,0.0,Estimated
realme_9i_11259,229368,1581,1350,48,45,60,0,0.0,GSMArena Lab
realme_gt_neo5_se_12187,1150000,1400,4200,50,68,70,0,0.0,Excel Benchmark
realme_gt2_11307,810512,3487,3500,65,75,70,846,0.0,GSMArena Lab
realme_q3t_11208,630000,1080,3000,45,65,50,0,0.0,Excel Benchmark
realme_gt_neo_3_11436,819348,4079,900,60,65,70,796,0.0,GSMArena Lab
realme_narzo_50i_11123,231241,241,2041,16,30,45,0,0.0,Estimated
realme_q3s_11156,630000,1080,3000,45,65,50,0,0.0,Excel Benchmark
realme_watch_t1_11164,231241,241,2041,16,38,20,0,0.0,Estimated
realme_gt_neo2t_11163,15000,60,250,50,75,65,0,0.0,Estimated
realme_v11s_5g_11122,120000,250,900,23,30,50,0,0.0,Excel Benchmark
realme_gt2_pro_11228,966251,3501,3860,75,80,70,778,0.0,GSMArena Lab
realme_narzo_50a_11071,280000,520,1550,43,35,55,0,0.0,Excel Benchmark
realme_9_pro__11327,495096,2335,5974,65,55,60,613,0.0,GSMArena Lab
realme_8s_5g_11078,383409,7314,900,48,50,60,530,0.0,GSMArena Lab
realme_gt_explorer_master_11023,717879,3050,3300,65,75,65,805,0.0,GSMArena Lab
realme_gt_neo2_11074,726039,3185,3300,50,75,70,659,0.0,GSMArena Lab
realme_8i_11069,380000,650,1850,48,60,50,540,0.0,Excel Benchmark
realme_v23_11477,120000,250,900,38,50,60,0,0.0,Excel Benchmark
realme_c25s_10936,280000,520,1550,38,30,55,0,0.0,Excel Benchmark
realme_pad_11084,226474,1236,1500,18,28,55,455,0.0,GSMArena Lab
realme_c21y_10999,560143,1743,4029,21,30,45,0,0.0,Excel Benchmark
realme_narzo_30_10911,360000,630,1800,45,50,50,0,0.0,Excel Benchmark
realme_gt_neo_flash_10921,15000,60,250,50,65,65,0,0.0,Estimated
realme_q3_pro_carnival_10923,620000,1050,2900,55,70,60,0,0.0,Excel Benchmark
realme_watch_2_pro_10917,231241,241,2041,16,33,20,0,0.0,Estimated
realme_gt_master_11001,529263,2917,3000,55,75,60,634,0.0,GSMArena Lab
realme_watch_2_10888,231241,241,2041,16,33,20,0,0.0,Estimated
realme_8_5g_10846,361505,1784,2300,43,45,50,0,0.0,GSMArena Lab
realme_q3_pro_5g_10871,680000,950,3100,50,65,45,0,0.0,Excel Benchmark
realme_q3i_5g_10872,520000,800,2300,43,45,50,0,0.0,Excel Benchmark
realme_c25y_11109,560143,1743,4029,43,30,50,0,0.0,Excel Benchmark
realme_gt_neo_10812,15000,60,250,50,65,60,0,0.0,Estimated
realme_x7_max_5g_10883,680671,13105,250,50,75,60,640,0.0,GSMArena Lab
realme_q3_5g_10870,380000,650,2000,45,55,50,0,0.0,Excel Benchmark
realme_v13_5g_10822,520000,800,2300,38,45,50,0,0.0,Excel Benchmark
realme_narzo_30_5g_10928,520000,800,2300,43,45,50,0,0.0,Excel Benchmark
realme_c11__2021__10890,100000,250,850,16,30,45,0,0.0,Excel Benchmark
realme_c25_10793,250000,480,1450,38,30,55,0,0.0,Excel Benchmark
realme_c20a_10901,350000,620,1900,16,30,45,0,0.0,Excel Benchmark
realme_v11_5g_10722,520000,800,2300,25,30,50,0,0.0,Excel Benchmark
realme_c21_10759,350000,620,1900,21,30,45,0,0.0,Excel Benchmark
realme_c20_10690,350000,620,1900,16,30,45,0,0.0,Excel Benchmark
realme_x7__india__10717,85000,200,700,50,50,55,0,0.0,Excel Benchmark
realme_x7_pro_ultra_10826,650000,900,3000,55,65,65,0,0.0,Excel Benchmark
realme_v15_5g_10664,85000,200,700,50,50,55,0,0.0,Excel Benchmark
realme_7i__global__10650,280000,520,1550,38,30,55,0,0.0,Excel Benchmark
realme_7_5g_10590,318535,8096,700,25,55,50,571,0.0,GSMArena Lab
realme_watch_s_10570,231241,241,2041,16,28,20,0,0.0,Estimated
realme_narzo_30a_10748,280000,520,1550,23,30,55,0,0.0,Excel Benchmark
realme_watch_s_pro_10651,231241,241,2041,16,38,20,0,0.0,Estimated
realme_q2_10506,85000,200,700,45,55,50,0,0.0,Excel Benchmark
realme_narzo_30_pro_5g_10736,85000,200,700,45,55,50,0,0.0,Excel Benchmark
realme_8_10810,298328,6779,1800,25,60,50,657,0.0,GSMArena Lab
realme_8_pro_10809,286666,1678,1600,25,50,60,0,0.0,GSMArena Lab
realme_c15_qualcomm_edition_10560,170000,350,1300,18,30,55,0,0.0,Excel Benchmark
realme_narzo_20a_10457,170000,350,1300,25,30,45,0,0.0,Excel Benchmark
realme_7_pro_10400,278414,1811,1600,30,50,65,585,0.0,GSMArena Lab
realme_narzo_20_pro_10455,360000,630,1800,25,45,65,0,0.0,Excel Benchmark
realme_q2_pro_10505,85000,200,700,25,55,60,0,0.0,Excel Benchmark
realme_7_10495,292828,1681,1800,25,45,50,0,0.0,GSMArena Lab
realme_gt_5g_10689,810433,3555,3500,50,65,65,650,0.0,GSMArena Lab
realme_narzo_20_10456,280000,520,1550,38,30,55,0,0.0,Excel Benchmark
realme_c17_10439,170000,350,1300,18,35,50,0,0.0,Excel Benchmark
realme_c12_10369,350000,620,1900,21,30,50,0,0.0,Excel Benchmark
realme_x7_10408,85000,200,700,30,50,60,0,0.0,Excel Benchmark
realme_v3_10409,370000,580,1750,25,30,50,0,0.0,Excel Benchmark
realme_v5_5g_10352,370000,580,1750,25,45,50,0,0.0,Excel Benchmark
realme_6i__india__10331,340000,600,1750,25,45,40,0,0.0,Excel Benchmark
realme_c11_10308,350000,620,1900,21,30,45,0,0.0,Excel Benchmark
realme_x3_10198,600000,770,2700,18,55,40,0,0.0,Excel Benchmark
realme_c15_10326,350000,620,1900,18,30,55,0,0.0,Excel Benchmark
realme_c3i_10310,192223,1262,1450,21,30,45,0,0.0,GSMArena Lab
realme_x50_pro_player_10248,700000,900,3100,18,55,60,0,0.0,Excel Benchmark
realme_q2i_10507,370000,580,1750,25,30,50,0,0.0,Excel Benchmark
realme_7i_10430,160000,330,1200,23,35,50,0,0.0,Excel Benchmark
realme_6s_10268,340000,600,1750,25,45,40,0,0.0,Excel Benchmark
realme_narzo_10309,340000,600,1750,25,45,40,0,0.0,Excel Benchmark
realme_narzo_10_10145,260000,500,1500,23,30,50,0,0.0,Excel Benchmark
realme_x50_5g_10319,350000,620,1900,18,55,40,0,0.0,Excel Benchmark
realme_x3_superzoom_10250,477905,2579,2700,18,55,40,437,0.0,GSMArena Lab
realme_7__asia__10416,360000,630,1800,25,45,50,525,0.0,Excel Benchmark
realme_watch_10262,231241,241,2041,16,28,20,0,0.0,Estimated
realme_6i_10130,202275,5890,1500,23,30,50,528,0.0,GSMArena Lab
realme_x7_pro_10380,650000,900,3000,30,65,65,0,0.0,Excel Benchmark
realme_6_pro_10114,268785,7027,1600,18,45,40,421,0.0,GSMArena Lab
realme_c3_10056,192223,1262,1450,21,30,45,0,0.0,GSMArena Lab
realme_narzo_10a_10234,250000,480,1450,21,30,45,0,0.0,Excel Benchmark
realme_5i_10010,170000,350,1300,20,30,45,0,0.0,Excel Benchmark
realme_c3__3_cameras__10089,250000,480,1450,21,30,45,0,0.0,Excel Benchmark
realme_c2_2020_9957,130000,300,950,21,30,35,0,0.0,Excel Benchmark
realme_x50m_5g_10197,350000,620,1900,18,55,40,0,0.0,Excel Benchmark
realme_5s_9969,168635,5596,1300,18,30,45,0,0.0,GSMArena Lab
realme_c2s_10015,130000,300,950,21,30,35,0,0.0,Excel Benchmark
realme_x2_9879,257443,6926,1700,30,50,40,432,0.0,GSMArena Lab
realme_6_10113,288931,7815,1750,25,45,40,451,0.0,GSMArena Lab
realme_xt_9813,185193,6102,1550,25,50,40,447,0.0,GSMArena Lab
realme_x50_pro_5g_10097,592447,3175,3100,18,55,60,635,0.0,GSMArena Lab
realme_x50_5g__china__9990,350000,620,1900,18,55,40,0,0.0,Excel Benchmark
realme_5_pro_9801,182765,6106,1550,25,40,40,512,0.0,GSMArena Lab
realme_3i_9768,240000,450,1400,26,30,35,0,0.0,Excel Benchmark
realme_5_9802,139516,5707,1300,18,30,45,485,0.0,GSMArena Lab
realme_x_9700,230000,5915,1500,45,50,30,0,0.0,Excel Benchmark
realme_q_9838,250000,500,1550,25,40,40,0,0.0,Excel Benchmark
realme_3_pro_9669,155647,5881,1500,28,40,40,0,0.0,GSMArena Lab
realme_3_9558,132764,4936,1400,26,30,35,0,0.0,GSMArena Lab
realme_c2_9670,130000,300,950,21,30,35,0,0.0,Excel Benchmark
realme_x2_pro_9904,467653,10373,2700,25,65,55,0,0.0,GSMArena Lab
realme_u1_9413,144436,6004,1500,21,40,25,0,0.0,GSMArena Lab
realme_2_9299,75434,3881,750,23,30,35,0,0.0,GSMArena Lab
realme_1_9200,138524,5741,1400,23,40,25,0,0.0,GSMArena Lab
realme_x9_pro_10964,750000,1000,3300,30,55,65,0,0.0,Excel Benchmark
realme_v21_11409,231241,241,2041,23,30,45,0,0.0,Estimated
realme_c1_9346,75000,200,750,21,30,35,0,0.0,Excel Benchmark
realme_xt_730g_9863,280000,550,1700,25,50,40,0,0.0,Excel Benchmark
realme_x9_10688,231241,241,2041,38,50,65,0,0.0,Estimated
realme_2_pro_9345,132958,5531,1300,35,40,25,0,0.0,GSMArena Lab
realme_c1__2019__9539,75000,200,750,21,30,35,0,0.0,Excel Benchmark
rugone_xever_7_pro_5g_14386,447999,399,997,68,70,60,0,0.0,Excel Benchmark
rugone_xever_7_5g_14387,447999,399,997,68,70,60,0,0.0,Excel Benchmark
rugone_xever_8_14648,15000,60,250,53,60,45,0,0.0,Estimated
sagem_puma_phone_3140,231241,241,2041,16,23,20,0,0.0,Estimated
sagem_roland_garros_2329,231241,241,2041,16,23,20,0,0.0,Estimated
sagem_my421z_2563,231241,241,2041,16,23,20,0,0.0,Estimated
sagem_my411c_oxbow_2514,231241,241,2041,16,23,20,0,0.0,Estimated
sagem_mymobiletv_2_2328,231241,241,2041,16,23,20,0,0.0,Estimated
sagem_my855c_2304,231241,241,2041,16,23,20,0,0.0,Estimated
sagem_my721z_2301,231241,241,2041,16,23,20,0,0.0,Estimated
sagem_my429x_2297,231241,241,2041,16,23,20,0,0.0,Estimated
sagem_my521x_2300,231241,241,2041,16,23,20,0,0.0,Estimated
sagem_my721x_2302,231241,241,2041,16,23,20,0,0.0,Estimated
sagem_p9522_porsche_3210,231241,241,2041,16,38,20,0,0.0,Estimated
sagem_my810x_2512,231241,241,2041,16,23,20,0,0.0,Estimated
sagem_my312x_2294,231241,241,2041,16,23,20,0,0.0,Estimated
sagem_my234x_2293,231241,241,2041,16,23,20,0,0.0,Estimated
sagem_my519x_2299,231241,241,2041,16,23,20,0,0.0,Estimated
sagem_p9521_porsche_3209,231241,241,2041,16,38,20,0,0.0,Estimated
sagem_my231x_2292,231241,241,2041,16,23,20,0,0.0,Estimated
sagem_my230x_2291,231241,241,2041,16,23,20,0,0.0,Estimated
sagem_my220x_2290,231241,241,2041,16,23,20,0,0.0,Estimated
sagem_my750x_2303,231241,241,2041,16,23,20,0,0.0,Estimated
sagem_my900c_1505,231241,241,2041,16,23,20,0,0.0,Estimated
sagem_my419x_2296,231241,241,2041,16,23,20,0,0.0,Estimated
sagem_my411c_2295,231241,241,2041,16,23,20,0,0.0,Estimated
sagem_my850c_2133,231241,241,2041,16,23,20,0,0.0,Estimated
sagem_my800x_1504,231241,241,2041,16,23,20,0,0.0,Estimated
sagem_my700x_1432,231241,241,2041,16,23,20,0,0.0,Estimated
sagem_my421x_2298,231241,241,2041,16,23,20,0,0.0,Estimated
sagem_my501x_2134,231241,241,2041,16,23,20,0,0.0,Estimated
sagem_my511x_2135,231241,241,2041,16,23,20,0,0.0,Estimated
sagem_my500x_1604,231241,241,2041,16,23,20,0,0.0,Estimated
sagem_my600x_1710,231241,241,2041,16,23,20,0,0.0,Estimated
sagem_my501c_1789,231241,241,2041,16,38,20,0,0.0,Estimated
sagem_my411x_2142,231241,241,2041,16,23,20,0,0.0,Estimated
sagem_my600v_1793,231241,241,2041,16,23,20,0,0.0,Estimated
sagem_my226x_2513,231241,241,2041,16,23,20,0,0.0,Estimated
sagem_my405x_1503,231241,241,2041,16,23,20,0,0.0,Estimated
sagem_my401c_2140,231241,241,2041,16,23,20,0,0.0,Estimated
sagem_my730c_2905,231241,241,2041,16,23,20,0,0.0,Estimated
sagem_my400v_1876,231241,241,2041,16,23,20,0,0.0,Estimated
sagem_my401z_2141,231241,241,2041,16,23,20,0,0.0,Estimated
sagem_my400x_1421,231241,241,2041,16,23,20,0,0.0,Estimated
sagem_my302x_2144,231241,241,2041,16,23,20,0,0.0,Estimated
sagem_my301x_2143,231241,241,2041,16,23,20,0,0.0,Estimated
sagem_my300x_1334,231241,241,2041,16,23,20,0,0.0,Estimated
sagem_my200c_1875,231241,241,2041,16,23,20,0,0.0,Estimated
sagem_my101x_2187,231241,241,2041,16,23,20,0,0.0,Estimated
sagem_my300c_2119,231241,241,2041,16,23,20,0,0.0,Estimated
sagem_my401x_2139,231241,241,2041,16,23,20,0,0.0,Estimated
sagem_my210x_2189,231241,241,2041,16,23,20,0,0.0,Estimated
sagem_my150x_2188,231241,241,2041,16,23,20,0,0.0,Estimated
sagem_vs4_1605,231241,241,2041,16,23,20,0,0.0,Estimated
sagem_vs3_1370,231241,241,2041,16,23,20,0,0.0,Estimated
sagem_my901c_2132,231241,241,2041,16,23,20,0,0.0,Estimated
sagem_my215x_1832,231241,241,2041,16,23,20,0,0.0,Estimated
sagem_vs1_1181,231241,241,2041,16,23,20,0,0.0,Estimated
sagem_my_v_56_1242,231241,241,2041,16,23,20,0,0.0,Estimated
sagem_myw_7_1451,231241,241,2041,16,23,20,0,0.0,Estimated
sagem_my_v_76_1227,231241,241,2041,16,23,20,0,0.0,Estimated
sagem_my_v_85_1319,231241,241,2041,16,23,20,0,0.0,Estimated
sagem_my_c2_3_1453,231241,241,2041,16,23,20,0,0.0,Estimated
sagem_mymobiletv_1452,231241,241,2041,16,23,20,0,0.0,Estimated
sagem_my100x_1456,231241,241,2041,16,23,20,0,0.0,Estimated
sagem_my_c3_2_1076,231241,241,2041,16,23,20,0,0.0,Estimated
sagem_my_c5_3_1737,231241,241,2041,16,23,20,0,0.0,Estimated
sagem_my_z_55_1220,231241,241,2041,16,23,20,0,0.0,Estimated
sagem_my_x6_2_1139,231241,241,2041,16,23,20,0,0.0,Estimated
sagem_my_x_4_860,231241,241,2041,16,23,20,0,0.0,Estimated
sagem_vs2_1205,231241,241,2041,16,23,20,0,0.0,Estimated
sagem_my_c5_2_903,231241,241,2041,16,23,20,0,0.0,Estimated
sagem_my200x_1455,231241,241,2041,16,23,20,0,0.0,Estimated
sagem_my_x1_2_1069,231241,241,2041,16,23,20,0,0.0,Estimated
sagem_my_s_7_722,231241,241,2041,16,23,20,0,0.0,Estimated
sagem_my_c2_2_934,231241,241,2041,16,23,20,0,0.0,Estimated
sagem_my_z_3_906,231241,241,2041,16,23,20,0,0.0,Estimated
sagem_sg_321i_728,231241,241,2041,16,23,20,0,0.0,Estimated
sagem_my_x_8_859,231241,241,2041,16,23,20,0,0.0,Estimated
sagem_my_x5_2_727,231241,241,2041,16,23,20,0,0.0,Estimated
sagem_my_x2_2_1068,231241,241,2041,16,23,20,0,0.0,Estimated
sagem_my_c_3b_630,231241,241,2041,16,23,20,0,0.0,Estimated
sagem_my_v_75_670,231241,241,2041,16,23,20,0,0.0,Estimated
sagem_my_v_65_569,231241,241,2041,16,23,20,0,0.0,Estimated
sagem_my_x_7_624,231241,241,2041,16,23,20,0,0.0,Estimated
sagem_my_c_1_568,231241,241,2041,16,23,20,0,0.0,Estimated
sagem_myz_5_1454,231241,241,2041,16,23,20,0,0.0,Estimated
sagem_my_c_4_864,231241,241,2041,16,23,20,0,0.0,Estimated
sagem_my_c_2_555,231241,241,2041,16,23,20,0,0.0,Estimated
sagem_my_x3_2_631,231241,241,2041,16,23,20,0,0.0,Estimated
sagem_my_c_3s_644,231241,241,2041,16,23,20,0,0.0,Estimated
sagem_my_x_2_473,231241,241,2041,16,23,20,0,0.0,Estimated
sagem_my_g5_359,231241,241,2041,16,23,20,0,0.0,Estimated
sagem_my_x_3_358,231241,241,2041,16,23,20,0,0.0,Estimated
sagem_mw_3026_273,231241,241,2041,16,23,20,0,0.0,Estimated
sagem_my_3078_346,231241,241,2041,16,23,20,0,0.0,Estimated
sagem_mw_3052_272,231241,241,2041,16,23,20,0,0.0,Estimated
sagem_my_c_6_489,231241,241,2041,16,23,20,0,0.0,Estimated
sagem_my_x_5_320,231241,241,2041,16,23,20,0,0.0,Estimated
sagem_mw_x1_247,231241,241,2041,16,23,20,0,0.0,Estimated
sagem_my_v_55_821,231241,241,2041,16,23,20,0,0.0,Estimated
sagem_wa_3050_246,231241,241,2041,16,23,20,0,0.0,Estimated
sagem_my_x_1w_563,231241,241,2041,16,23,20,0,0.0,Estimated
sagem_my_x_6_423,231241,241,2041,16,23,20,0,0.0,Estimated
sagem_mw_3020_245,231241,241,2041,16,23,20,0,0.0,Estimated
sagem_my_c_5w_484,231241,241,2041,16,23,20,0,0.0,Estimated
sagem_mc_3000_244,231241,241,2041,16,23,20,0,0.0,Estimated
sagem_mw_3042_271,231241,241,2041,16,23,20,0,0.0,Estimated
sagem_mc_940_166,231241,241,2041,16,23,20,0,0.0,Estimated
sagem_mc_939_wap_182,231241,241,2041,16,23,20,0,0.0,Estimated
sagem_mc_936_181,231241,241,2041,16,23,20,0,0.0,Estimated
sagem_mc_850_162,231241,241,2041,16,23,20,0,0.0,Estimated
sagem_rc_922_164,231241,241,2041,16,23,20,0,0.0,Estimated
sagem_mc_825_fm_161,231241,241,2041,16,23,20,0,0.0,Estimated
sagem_mc_912_163,231241,241,2041,16,23,20,0,0.0,Estimated
sagem_my_c4_2_1217,231241,241,2041,16,23,20,0,0.0,Estimated
sagem_rc_750_159,231241,241,2041,16,23,20,0,0.0,Estimated
sagem_rc_730_158,231241,241,2041,16,23,20,0,0.0,Estimated
sagem_mc_950_168,231241,241,2041,16,23,20,0,0.0,Estimated
sagem_mc_932_165,231241,241,2041,16,23,20,0,0.0,Estimated
sagem_mc_959_167,231241,241,2041,16,23,20,0,0.0,Estimated
sagem_mc_820_160,231241,241,2041,16,23,20,0,0.0,Estimated
sagem_mw_3040_258,231241,241,2041,16,23,20,0,0.0,Estimated
samsung_galaxy_f70_pro_5g_14856,446395,1595,5585,58,65,70,0,0.0,Excel Benchmark
samsung_galaxy_z_fold_wide_5g_14673,2947517,10619,5196,63,75,80,1525,13.98,GSMArena Lab
samsung_galaxy_watch9_14813,526623,223,469,16,58,40,0,0.0,Excel Benchmark
samsung_galaxy_z_flip8_5g_14803,2477554,10466,5196,58,85,60,1470,14.23,GSMArena Lab
samsung_galaxy_a57_5g_14379,1363464,4411,1350,58,75,65,1309,13.98,GSMArena Lab
samsung_galaxy_a27_5g_14606,885852,2973,5585,58,65,50,800,12.68,GSMArena Lab
samsung_galaxy_a37_5g_14378,912055,3345,1700,58,75,65,1246,13.82,GSMArena Lab
samsung_galaxy_s26_ultra_5g_14320,3892165,11566,5196,23,95,85,1480,16.38,GSMArena Lab
samsung_galaxy_s26_5g_14456,3064672,10824,5196,78,85,60,1383,15.33,GSMArena Lab
samsung_galaxy_s26__5g_14457,3142032,10982,5196,78,95,80,1498,16.42,GSMArena Lab
samsung_galaxy_z_fold8_ultra_5g_14802,2970196,11124,5196,83,75,85,1432,13.1,GSMArena Lab
samsung_galaxy_f70e_5g_14459,110000,270,950,43,50,55,0,0.0,Excel Benchmark
samsung_galaxy_m17_5g_14221,580000,900,2600,56,65,50,0,0.0,Excel Benchmark
samsung_galaxy_a07_5g_14409,110000,270,950,43,50,55,0,0.0,Excel Benchmark
samsung_galaxy_z_trifold_5g_14292,650366,1366,4898,83,75,85,0,0.0,Excel Benchmark
samsung_galaxy_f07_14205,400000,700,1900,43,35,50,0,0.0,Excel Benchmark
samsung_galaxy_s26_fe_5g_14870,517368,1968,5704,78,75,80,0,0.0,Excel Benchmark
samsung_galaxy_watch_ultra2_14805,526623,223,469,16,58,40,0,0.0,Excel Benchmark
samsung_galaxy_a17_14157,400000,700,1900,56,55,50,0,0.0,Excel Benchmark
samsung_galaxy_tab_a11_14141,400000,700,1900,16,33,45,0,0.0,Excel Benchmark
samsung_galaxy_tab_s11_5g_14058,30000,110,420,23,65,70,0,0.0,Estimated
samsung_galaxy_tab_s11_ultra_5g_14057,30000,110,420,23,65,70,0,13.42,Estimated
samsung_galaxy_f17_5g_14107,580000,900,2600,56,65,50,0,0.0,Excel Benchmark
samsung_galaxy_m47_5g_14749,446395,1595,5585,58,65,70,0,0.0,Excel Benchmark
samsung_galaxy_m17e_5g_14534,110000,270,950,43,50,55,0,0.0,Excel Benchmark
samsung_galaxy_tab_a11__14192,270000,540,1650,16,33,55,0,0.0,Excel Benchmark
samsung_galaxy_a17_5g_14041,435787,2048,2600,56,60,50,738,11.8,GSMArena Lab
samsung_galaxy_f36_5g_14009,780000,1015,4349,58,65,50,0,0.0,Excel Benchmark
samsung_galaxy_z_fold7_13826,1995132,9152,4898,83,75,60,1408,11.73,GSMArena Lab
samsung_galaxy_z_flip7_fe_5g_13844,1355845,6108,420,58,85,60,1444,10.15,GSMArena Lab
samsung_galaxy_watch8_13997,369735,935,4605,16,58,40,0,0.0,Excel Benchmark
samsung_galaxy_a07_14066,394421,1941,1900,43,35,50,468,12.73,GSMArena Lab
samsung_galaxy_tab_s10_lite_5g_14059,780000,1015,4349,16,33,55,0,0.0,Excel Benchmark
samsung_galaxy_z_flip7_13712,1513134,7433,5704,58,85,60,1471,11.87,GSMArena Lab
samsung_galaxy_watch8_classic_13998,369735,935,4605,16,58,40,0,0.0,Excel Benchmark
samsung_galaxy_m56_5g_13801,340000,600,1700,58,65,65,0,0.0,Excel Benchmark
samsung_galaxy_m07_14100,400000,700,1900,43,35,50,0,0.0,Excel Benchmark
samsung_galaxy_tab_s10_fe_13761,169969,369,1907,23,55,70,0,0.0,Excel Benchmark
samsung_galaxy_tab_s10_fe__13760,169969,369,1907,23,33,70,0,0.0,Excel Benchmark
samsung_galaxy_xcover7_pro_13780,144561,561,1483,43,55,35,0,0.0,Excel Benchmark
samsung_galaxy_f56_5g_13855,340000,600,1700,58,65,65,0,0.0,Excel Benchmark
samsung_galaxy_s25_fe_5g_14042,1521140,6948,420,78,75,80,1247,11.95,GSMArena Lab
samsung_galaxy_a36_13497,613492,2917,5585,58,75,65,1233,11.63,GSMArena Lab
samsung_galaxy_f16_13721,110000,270,950,41,60,50,0,0.0,Excel Benchmark
samsung_galaxy_m16_13680,110000,270,950,41,60,50,0,0.0,Excel Benchmark
samsung_galaxy_a26_13679,579811,2768,4349,58,65,50,777,10.73,GSMArena Lab
samsung_galaxy_a06_5g_13662,110000,270,950,43,35,50,0,0.0,Excel Benchmark
samsung_galaxy_tab_active5_pro_13790,144561,561,1483,25,43,50,0,0.0,Excel Benchmark
samsung_galaxy_z_fold_special_13452,1903140,2115,6608,83,85,60,0,0.0,Excel Benchmark
samsung_galaxy_s25_13610,2193701,10050,4898,78,85,60,1395,13.15,GSMArena Lab
samsung_galaxy_s25__13609,2133477,9669,4898,78,95,80,1449,14.43,GSMArena Lab
samsung_galaxy_m06_13681,110000,270,950,43,40,50,0,0.0,Excel Benchmark
samsung_galaxy_m36_5g_13967,780000,1015,4349,58,65,50,0,0.0,Excel Benchmark
samsung_galaxy_a16_13383,387422,1920,1900,41,55,50,808,14.72,GSMArena Lab
samsung_galaxy_s24_fe_13262,1548896,6299,420,78,75,65,1372,11.8,GSMArena Lab
samsung_galaxy_tab_s10_ultra_13362,2038810,2207,7408,23,55,70,0,0.0,Excel Benchmark
samsung_galaxy_m55s_13354,700000,1050,3200,70,75,65,0,0.0,Excel Benchmark
samsung_galaxy_tab_s10__13363,2038810,2207,7408,23,55,70,0,0.0,Excel Benchmark
samsung_galaxy_f05_13345,280000,520,1550,43,30,50,0,0.0,Excel Benchmark
samsung_galaxy_s25_ultra_13322,2207809,9846,4898,23,95,85,1417,14.82,GSMArena Lab
samsung_galaxy_m05_13327,280000,520,1550,43,30,50,0,0.0,Excel Benchmark
samsung_galaxy_a56_13603,908689,3899,1907,58,75,65,1213,12.13,GSMArena Lab
samsung_galaxy_f14_4g_13247,200000,380,1350,41,45,50,0,0.0,Excel Benchmark
samsung_galaxy_watch_ultra_13127,369735,935,4605,16,38,40,0,0.0,Excel Benchmark
samsung_galaxy_f06_5g_13663,110000,270,950,43,35,50,0,0.0,Excel Benchmark
samsung_galaxy_m35_13006,780000,1015,4349,58,75,55,0,0.0,Excel Benchmark
samsung_galaxy_watch7_13128,369735,935,4605,16,58,40,0,0.0,Excel Benchmark
samsung_galaxy_z_fold6_13147,1608744,6757,6608,78,75,60,1630,11.52,GSMArena Lab
samsung_galaxy_a06_13265,247675,1273,1550,43,30,50,564,13.83,GSMArena Lab
samsung_galaxy_f55_12885,700000,1050,3200,70,75,65,0,0.0,Excel Benchmark
samsung_galaxy_m55_12896,700000,1050,3200,70,75,65,0,0.0,Excel Benchmark
samsung_galaxy_a35_12705,603441,2740,4349,58,75,50,1024,12.43,GSMArena Lab
samsung_galaxy_tab_s6_lite__2024__12897,550000,850,2500,16,28,50,0,0.0,Excel Benchmark
samsung_galaxy_watch_fe_13112,124531,531,2393,16,38,40,0,0.0,Excel Benchmark
samsung_galaxy_m15_12833,420000,700,2000,41,60,55,0,0.0,Excel Benchmark
samsung_galaxy_s24_ultra_12771,1823822,7076,6608,23,95,85,1447,13.82,GSMArena Lab
samsung_galaxy_a16_5g_13346,435895,2090,2600,41,60,50,824,12.13,GSMArena Lab
samsung_galaxy_a55_12824,726158,3259,1700,70,75,50,1010,13.45,GSMArena Lab
samsung_galaxy_tab_active5_12785,780000,1015,4349,23,43,45,0,0.0,Excel Benchmark
samsung_galaxy_f15_12831,420000,700,2000,41,55,55,0,0.0,Excel Benchmark
samsung_galaxy_m14_4g_12862,200000,380,1350,41,45,50,0,0.0,Excel Benchmark
samsung_galaxy_s25_edge_13506,2147084,9391,4898,68,75,50,1416,12.1,GSMArena Lab
samsung_galaxy_z_flip6_13192,1400594,6265,6608,58,85,60,1475,10.58,GSMArena Lab
samsung_galaxy_a15_5g_12638,364663,1747,2000,41,60,50,786,14.52,GSMArena Lab
samsung_galaxy_c55_12945,700000,1050,3200,70,75,65,0,0.0,Excel Benchmark
samsung_galaxy_a15_12637,375314,1928,1900,41,60,50,808,15.47,GSMArena Lab
samsung_galaxy_s24__12772,1774819,5987,6608,78,95,80,1452,12.5,GSMArena Lab
samsung_galaxy_xcover7_12784,420000,700,2000,41,45,35,0,0.0,Excel Benchmark
samsung_galaxy_s23_fe_12520,1129280,3550,250,78,75,65,985,8.47,GSMArena Lab
samsung_galaxy_tab_a9_12616,400000,700,1900,16,28,45,0,0.0,Excel Benchmark
samsung_galaxy_a05_12583,280000,520,1550,43,30,50,0,0.0,Excel Benchmark
samsung_galaxy_z_fold5_12418,1519358,4824,5226,78,55,60,1257,12.02,GSMArena Lab
samsung_galaxy_a25_12555,480771,2023,2500,58,75,50,1030,10.32,GSMArena Lab
samsung_galaxy_z_flip5_12252,1507319,5478,5226,38,75,50,1101,9.48,GSMArena Lab
samsung_x400_436,231241,241,2041,16,23,20,0,0.0,Estimated
samsung_galaxy_tab_a9__12617,420000,750,2200,16,33,50,0,0.0,Excel Benchmark
samsung_e400_435,231241,241,2041,16,38,20,0,0.0,Estimated
samsung_s200_455,231241,241,2041,16,23,20,0,0.0,Estimated
samsung_d100_490,231241,241,2041,16,38,20,0,0.0,Estimated
samsung_galaxy_a05s_12584,316956,1457,1350,41,45,50,468,11.53,GSMArena Lab
samsung_v200_417,231241,241,2041,16,23,20,0,0.0,Estimated
samsung_z100_537,231241,241,2041,16,23,20,0,0.0,Estimated
samsung_galaxy_f34_12453,550000,850,2500,58,75,55,0,0.0,Excel Benchmark
samsung_s500_520,231241,241,2041,16,23,20,0,0.0,Estimated
samsung_p100_457,231241,241,2041,16,28,20,0,0.0,Estimated
samsung_s300_375,231241,241,2041,16,23,20,0,0.0,Estimated
samsung_galaxy_s24_12773,1696727,5833,6608,78,85,60,1401,12.1,GSMArena Lab
samsung_p400_377,231241,241,2041,16,23,20,0,0.0,Estimated
samsung_t200_379,231241,241,2041,16,23,20,0,0.0,Estimated
samsung_galaxy_tab_s9_fe_12517,780000,1015,4349,18,55,70,0,0.0,Excel Benchmark
samsung_s100_313,231241,241,2041,16,23,20,0,0.0,Estimated
samsung_a800_347,231241,241,2041,16,23,20,0,0.0,Estimated
samsung_t500_378,231241,241,2041,16,28,20,0,0.0,Estimated
samsung_v100_314,231241,241,2041,16,23,20,0,0.0,Estimated
samsung_q300_312,231241,241,2041,16,23,20,0,0.0,Estimated
samsung_t100_308,231241,241,2041,16,23,20,0,0.0,Estimated
samsung_t700_376,231241,241,2041,16,23,20,0,0.0,Estimated
samsung_a500_311,231241,241,2041,16,23,20,0,0.0,Estimated
samsung_n500_328,231241,241,2041,16,23,20,0,0.0,Estimated
samsung_n300_261,231241,241,2041,16,23,20,0,0.0,Estimated
samsung_galaxy_tab_s9_fe__12609,780000,1015,4349,18,33,70,0,0.0,Excel Benchmark
samsung_t400_374,231241,241,2041,16,23,20,0,0.0,Estimated
samsung_a300_260,231241,241,2041,16,23,20,0,0.0,Estimated
samsung_n400_277,231241,241,2041,16,23,20,0,0.0,Estimated
samsung_q105_293,231241,241,2041,16,23,20,0,0.0,Estimated
samsung_a200_259,231241,241,2041,16,23,20,0,0.0,Estimated
samsung_a400_276,231241,241,2041,16,23,20,0,0.0,Estimated
samsung_r210_290,231241,241,2041,16,23,20,0,0.0,Estimated
samsung_n620_309,231241,241,2041,16,23,20,0,0.0,Estimated
samsung_n105_292,231241,241,2041,16,23,20,0,0.0,Estimated
samsung_n100_212,231241,241,2041,16,23,20,0,0.0,Estimated
samsung_watch_phone_418,231241,241,2041,16,38,20,0,0.0,Estimated
samsung_sgh_2400_54,231241,241,2041,16,23,20,0,0.0,Estimated
samsung_r200_289,231241,241,2041,16,23,20,0,0.0,Estimated
samsung_a110_207,231241,241,2041,16,23,20,0,0.0,Estimated
samsung_a100_55,231241,241,2041,16,23,20,0,0.0,Estimated
samsung_m100_208,231241,241,2041,16,23,20,0,0.0,Estimated
samsung_q100_229,231241,241,2041,16,23,20,0,0.0,Estimated
samsung_sgh_2100_52,231241,241,2041,16,23,20,0,0.0,Estimated
samsung_r220_291,231241,241,2041,16,23,20,0,0.0,Estimated
samsung_sgh_800_50,231241,241,2041,16,23,20,0,0.0,Estimated
samsung_q200_307,231241,241,2041,16,23,20,0,0.0,Estimated
samsung_galaxy_a04_core_11616,374707,1507,4321,16,30,45,0,0.0,Excel Benchmark
samsung_galaxy_a72_5g_10647,380000,650,2000,30,70,50,0,0.0,Excel Benchmark
samsung_sgh_2200_53,231241,241,2041,16,23,20,0,0.0,Estimated
samsung_sgh_250_47,231241,241,2041,16,23,20,0,0.0,Estimated
samsung_galaxy_s21_10693,20000,80,300,78,75,60,0,0.0,Estimated
samsung_galaxy_tab_s9_12439,1539080,1926,5226,23,55,70,0,0.0,Excel Benchmark
samsung_galaxy_watch6_12437,360701,701,3903,16,58,40,0,0.0,Excel Benchmark
samsung_sgh_600_49,231241,241,2041,16,23,20,0,0.0,Estimated
samsung_sgh_810_51,231241,241,2041,16,23,20,0,0.0,Estimated
samsung_galaxy_tab_s9_ultra_12217,1533645,4835,5226,23,55,70,642,11.05,GSMArena Lab
samsung_sgh_500_48,231241,241,2041,16,23,20,0,0.0,Estimated
samsung_galaxy_a24_4g_12176,398005,1890,1900,56,65,50,1012,0.0,GSMArena Lab
samsung_galaxy_f54_12239,780000,1015,4349,75,65,50,0,0.0,Excel Benchmark
samsung_galaxy_watch6_classic_12438,360701,701,3903,16,58,40,0,0.0,Excel Benchmark
samsung_galaxy_a54_12070,506678,2703,4349,70,75,50,980,11.25,GSMArena Lab
samsung_galaxy_m54_12189,780000,1015,4349,75,65,55,0,0.0,Excel Benchmark
samsung_galaxy_a34_12074,472126,2316,3414,53,75,50,1009,0.0,GSMArena Lab
samsung_galaxy_f14_12175,580000,900,2600,41,45,55,0,0.0,Excel Benchmark
samsung_galaxy_s23_ultra_12024,1241531,4927,5226,23,85,85,1274,13.4,GSMArena Lab
samsung_galaxy_f04_12054,340000,600,1850,21,30,45,0,0.0,Excel Benchmark
samsung_galaxy_a14_12151,260000,500,1500,41,40,45,0,0.0,Excel Benchmark
samsung_galaxy_m14_12160,580000,900,2600,41,45,50,0,0.0,Excel Benchmark
samsung_galaxy_a04e_11945,340000,600,1850,21,30,45,0,0.0,Excel Benchmark
samsung_galaxy_m04_12022,340000,600,1850,21,30,45,0,0.0,Excel Benchmark
samsung_galaxy_tab_a7_10_4__2022__11988,646900,1100,4100,16,28,50,0,0.0,Excel Benchmark
samsung_galaxy_a04s_11803,145123,1100,4321,41,35,45,389,0.0,GSMArena Lab
samsung_galaxy_tab_active4_pro_11840,630000,1080,3000,25,28,50,0,0.0,Excel Benchmark
samsung_galaxy_a14_5g_12004,307886,1727,2600,41,45,45,519,0.0,GSMArena Lab
samsung_galaxy_m34_5g_11290,550000,850,2500,58,75,55,0,0.0,Excel Benchmark
samsung_galaxy_watch5_11748,124531,531,2393,16,38,40,0,0.0,Excel Benchmark
samsung_galaxy_a23_5g_11736,318821,1940,2200,18,55,50,508,0.0,GSMArena Lab
samsung_galaxy_m13_5g_11633,520000,800,2300,41,35,45,0,0.0,Excel Benchmark
samsung_galaxy_s23_12082,1231075,4950,5226,78,75,50,1198,11.45,GSMArena Lab
samsung_galaxy_z_fold4_11737,964530,3981,5762,78,65,60,1000,0.0,GSMArena Lab
samsung_galaxy_tab_s9__12440,1539080,1926,5226,23,55,70,0,0.0,Excel Benchmark
samsung_galaxy_a13__sm_a137__11665,260000,500,1500,18,40,45,0,0.0,Excel Benchmark
samsung_galaxy_a04_11817,340000,600,1850,41,30,45,0,0.0,Excel Benchmark
samsung_galaxy_s23__12083,1234077,5073,5226,78,75,80,1205,13.85,GSMArena Lab
samsung_galaxy_m13_11564,374707,1507,4321,43,40,45,0,0.0,Excel Benchmark
samsung_galaxy_z_flip4_11538,800001,3913,5762,38,75,50,919,0.0,GSMArena Lab
samsung_galaxy_tab_s6_lite__2022__11524,300000,570,1750,16,28,50,0,0.0,Excel Benchmark
samsung_galaxy_m13__india__11654,374707,1507,4321,43,40,50,0,0.0,Excel Benchmark
samsung_galaxy_s20_fe_2022_11459,700000,900,3100,65,65,65,0,0.0,Excel Benchmark
samsung_galaxy_a53_5g_11268,379313,1891,2500,30,70,50,830,0.0,GSMArena Lab
samsung_galaxy_f23_11406,380000,650,2000,45,55,50,0,0.0,Excel Benchmark
samsung_galaxy_a33_5g_11429,394918,1900,2500,18,55,50,728,0.0,GSMArena Lab
samsung_galaxy_f13_11624,374707,1507,4321,43,40,50,0,0.0,Excel Benchmark
samsung_galaxy_m33_11404,550000,850,2500,20,55,50,0,0.0,Excel Benchmark
samsung_galaxy_xcover6_pro_11600,630000,1080,3000,43,55,40,0,0.0,Excel Benchmark
samsung_galaxy_m23_11403,380000,650,2000,45,55,50,0,0.0,Excel Benchmark
samsung_galaxy_s22_5g_11253,881428,3682,250,78,75,50,982,0.0,GSMArena Lab
samsung_galaxy_s22__5g_11252,886916,3528,250,78,75,80,1214,0.0,GSMArena Lab
samsung_galaxy_a73_5g_11257,630000,1080,3000,30,70,50,0,0.0,Excel Benchmark
samsung_s342i_1148,231241,241,2041,16,23,20,0,0.0,Estimated
samsung_galaxy_a13_11402,136286,588,4321,18,40,45,587,0.0,GSMArena Lab
samsung_galaxy_s22_ultra_5g_11251,968359,3657,250,23,85,85,1266,0.0,GSMArena Lab
samsung_s410i_1315,231241,241,2041,16,38,20,0,0.0,Estimated
samsung_sch_b100_1024,231241,241,2041,16,23,20,0,0.0,Estimated
samsung_galaxy_m53_11439,550000,800,2600,30,65,50,802,0.0,Excel Benchmark
samsung_p730_707,231241,241,2041,16,38,20,0,0.0,Estimated
samsung_d488_1003,231241,241,2041,16,23,20,0,0.0,Estimated
samsung_p710_715,231241,241,2041,16,23,20,0,0.0,Estimated
samsung_e810_716,231241,241,2041,16,23,20,0,0.0,Estimated
samsung_z110_1080,231241,241,2041,16,23,20,0,0.0,Estimated
samsung_d710_718,816513,2113,5139,16,23,20,0,0.0,Excel Benchmark
samsung_galaxy_a23_11373,273554,1632,1350,18,45,50,464,0.0,GSMArena Lab
samsung_d500_900,231241,241,2041,16,23,20,0,0.0,Estimated
samsung_c200_917,231241,241,2041,16,23,20,0,0.0,Estimated
samsung_x140_1102,231241,241,2041,16,23,20,0,0.0,Estimated
samsung_e630_932,231241,241,2041,16,23,20,0,0.0,Estimated
samsung_i530_834,231241,241,2041,16,38,20,0,0.0,Estimated
samsung_e850_964,231241,241,2041,16,23,20,0,0.0,Estimated
samsung_i250_807,231241,241,2041,16,23,20,0,0.0,Estimated
samsung_x910_720,231241,241,2041,16,23,20,0,0.0,Estimated
samsung_x900_719,231241,241,2041,16,23,20,0,0.0,Estimated
samsung_i505_643,231241,241,2041,16,38,20,0,0.0,Estimated
samsung_x610_800,231241,241,2041,16,23,20,0,0.0,Estimated
samsung_i500_440,231241,241,2041,16,23,20,0,0.0,Estimated
samsung_e330_833,231241,241,2041,16,23,20,0,0.0,Estimated
samsung_i700_441,231241,241,2041,16,23,20,0,0.0,Estimated
samsung_e800_709,231241,241,2041,16,23,20,0,0.0,Estimated
samsung_d428_1005,231241,241,2041,16,23,20,0,0.0,Estimated
samsung_e300_717,231241,241,2041,16,23,20,0,0.0,Estimated
samsung_z107_1014,231241,241,2041,16,38,20,0,0.0,Estimated
samsung_e600_606,231241,241,2041,16,23,20,0,0.0,Estimated
samsung_z105_675,231241,241,2041,16,23,20,0,0.0,Estimated
samsung_c110_721,231241,241,2041,16,23,20,0,0.0,Estimated
samsung_e410_608,231241,241,2041,16,23,20,0,0.0,Estimated
samsung_x450_614,231241,241,2041,16,23,20,0,0.0,Estimated
samsung_e310_832,231241,241,2041,16,23,20,0,0.0,Estimated
samsung_x600_511,231241,241,2041,16,23,20,0,0.0,Estimated
samsung_p705_531,231241,241,2041,16,38,20,0,0.0,Estimated
samsung_p510_687,231241,241,2041,16,38,20,0,0.0,Estimated
samsung_x120_799,231241,241,2041,16,38,20,0,0.0,Estimated
samsung_e715_486,231241,241,2041,16,38,20,0,0.0,Estimated
samsung_e700_558,231241,241,2041,16,38,20,0,0.0,Estimated
samsung_x460_870,231241,241,2041,16,23,20,0,0.0,Estimated
samsung_p500_438,231241,241,2041,16,38,20,0,0.0,Estimated
samsung_x410_437,231241,241,2041,16,23,20,0,0.0,Estimated
samsung_c100_444,231241,241,2041,16,23,20,0,0.0,Estimated
samsung_galaxy_watch5_pro_11749,124531,531,2393,16,38,40,0,0.0,Excel Benchmark
samsung_d700_439,231241,241,2041,16,23,20,0,0.0,Estimated
samsung_e610_765,231241,241,2041,16,23,20,0,0.0,Estimated
samsung_galaxy_tab_s8_11343,1120000,1610,3860,23,43,70,0,0.0,Excel Benchmark
samsung_e100_526,231241,241,2041,16,28,20,0,0.0,Estimated
samsung_d410_545,231241,241,2041,16,23,20,0,0.0,Estimated
samsung_galaxy_s21_fe_5g_10954,719696,3049,3500,65,65,65,792,0.0,GSMArena Lab
samsung_galaxy_tab_a8_10_5__2021__11265,260000,500,1500,16,28,50,0,0.0,Excel Benchmark
samsung_galaxy_a03_11244,457479,1879,6437,36,30,45,0,0.0,Excel Benchmark
samsung_galaxy_a13_5g_11149,520000,800,2300,41,35,45,0,0.0,Excel Benchmark
samsung_galaxy_a03_core_11215,100000,250,850,16,30,45,0,0.0,Excel Benchmark
samsung_galaxy_f42_5g_11124,520000,800,2300,43,45,45,0,0.0,Excel Benchmark
samsung_galaxy_m52_5g_11110,504424,2796,3000,55,65,50,777,0.0,GSMArena Lab
samsung_galaxy_m32_5g_11062,370000,580,1750,18,30,45,0,0.0,Excel Benchmark
samsung_galaxy_z_flip3_5g_11044,682223,3441,3500,38,75,45,935,0.0,GSMArena Lab
samsung_galaxy_tab_s8__11342,1120000,1610,3860,23,55,70,0,0.0,Excel Benchmark
samsung_x430_588,231241,241,2041,16,23,20,0,0.0,Estimated
samsung_galaxy_a03s_10937,103465,889,1850,21,30,45,488,0.0,GSMArena Lab
samsung_galaxy_a12__india__11087,374707,1507,4321,18,30,45,0,0.0,Excel Benchmark
samsung_galaxy_a52s_5g_11039,506432,11060,3000,30,70,45,800,0.0,GSMArena Lab
samsung_galaxy_watch4_11045,124531,531,2393,16,38,40,0,0.0,Excel Benchmark
samsung_x100_494,231241,241,2041,16,23,20,0,0.0,Estimated
samsung_galaxy_f22_10996,260000,500,1500,16,50,50,0,0.0,Excel Benchmark
samsung_e105_462,231241,241,2041,16,23,20,0,0.0,Estimated
samsung_galaxy_m22_11011,260000,500,1500,16,50,50,0,0.0,Excel Benchmark
samsung_galaxy_tab_s8_ultra_11274,1120000,1610,3860,23,55,70,0,0.0,Excel Benchmark
samsung_galaxy_a22_5g_10873,242155,6913,2300,38,45,45,385,0.0,GSMArena Lab
samsung_galaxy_tab_s7_fe_10922,355430,1904,2000,16,28,70,522,0.0,GSMArena Lab
samsung_galaxy_m42_5g_10848,380000,650,2000,25,40,45,0,0.0,Excel Benchmark
samsung_galaxy_f52_5g_10900,380000,650,2000,25,55,45,0,0.0,Excel Benchmark
samsung_galaxy_z_fold3_5g_10906,752218,12719,3500,53,65,60,922,0.0,GSMArena Lab
samsung_galaxy_m32_10887,260000,500,1500,23,60,50,0,0.0,Excel Benchmark
samsung_galaxy_a22_10948,185358,5464,1500,16,50,45,597,0.0,GSMArena Lab
samsung_galaxy_watch4_classic_11046,124531,531,2393,16,38,40,0,0.0,Excel Benchmark
samsung_galaxy_m21_2021_11015,872563,2163,7289,40,50,50,0,0.0,Excel Benchmark
samsung_galaxy_quantum_2_10850,600000,770,2700,58,85,45,0,0.0,Excel Benchmark
samsung_galaxy_a72_10469,279342,6483,1600,30,60,50,825,0.0,GSMArena Lab
samsung_galaxy_a32_10753,286666,1277,1500,23,60,45,814,0.0,GSMArena Lab
samsung_galaxy_f12_10825,374707,1507,4321,18,35,50,0,0.0,Excel Benchmark
samsung_galaxy_a52_10641,261282,5865,1600,30,60,45,794,0.0,GSMArena Lab
samsung_galaxy_m12_10860,374707,1507,4321,18,35,45,0,0.0,Excel Benchmark
samsung_galaxy_f02s_10824,75000,200,750,21,30,45,0,0.0,Excel Benchmark
samsung_galaxy_tab_a7_lite_10933,130000,300,950,16,28,45,0,0.0,Excel Benchmark
samsung_galaxy_f62_10740,550000,850,2600,30,50,55,0,0.0,Excel Benchmark
samsung_galaxy_m12__india__10578,374707,1507,4321,18,35,50,0,0.0,Excel Benchmark
samsung_galaxy_a52_5g_10631,386474,1820,2000,30,70,45,787,0.0,GSMArena Lab
samsung_galaxy_s21_5g_10626,584055,3238,300,78,75,60,856,0.0,GSMArena Lab
samsung_galaxy_a32_5g_10648,226561,1673,1750,18,35,45,497,0.0,GSMArena Lab
samsung_galaxy_a12_10604,107189,1034,1850,18,30,45,472,0.0,GSMArena Lab
samsung_galaxy_m02s_10663,75000,200,750,21,30,45,0,0.0,Excel Benchmark
samsung_galaxy_a02_10708,80000,200,700,21,30,45,0,0.0,Excel Benchmark
samsung_galaxy_m62_10749,550000,850,2600,30,50,55,0,0.0,Excel Benchmark
samsung_p300_1351,231241,241,2041,16,23,20,0,0.0,Estimated
samsung_galaxy_a02s_10603,90811,495,750,21,30,45,406,0.0,GSMArena Lab
samsung_e370_1554,231241,241,2041,16,23,20,0,0.0,Estimated
samsung_e360_1343,231241,241,2041,16,38,20,0,0.0,Estimated
samsung_e770_1344,231241,241,2041,16,38,20,0,0.0,Estimated
samsung_galaxy_xcover_5_10718,374707,1507,4321,26,30,25,0,0.0,Excel Benchmark
samsung_zv30_1342,231241,241,2041,16,38,20,0,0.0,Estimated
samsung_zv10_1357,231241,241,2041,16,38,20,0,0.0,Estimated
samsung_galaxy_s21__5g_10625,622276,3476,300,78,75,65,883,0.0,GSMArena Lab
samsung_s500i_1341,231241,241,2041,16,38,20,0,0.0,Estimated
samsung_s400i_1477,231241,241,2041,16,23,20,0,0.0,Estimated
samsung_z320i_1398,231241,241,2041,16,23,20,0,0.0,Estimated
samsung_galaxy_s21_ultra_5g_10596,657150,3518,300,23,85,70,1023,0.0,GSMArena Lab
samsung_serene_1314,231241,241,2041,16,23,20,0,0.0,Estimated
samsung_d600_1103,231241,241,2041,16,23,20,0,0.0,Estimated
samsung_p850_1113,231241,241,2041,16,38,20,0,0.0,Estimated
samsung_galaxy_a12_nacho_11041,374707,1507,4321,18,30,45,0,0.0,Excel Benchmark
samsung_d510_1130,231241,241,2041,16,23,20,0,0.0,Estimated
samsung_e730_1115,231241,241,2041,16,38,20,0,0.0,Estimated
samsung_galaxy_m02_10709,80000,200,700,21,30,45,0,0.0,Excel Benchmark
samsung_x660_1316,231241,241,2041,16,23,20,0,0.0,Estimated
samsung_x670_1545,231241,241,2041,16,23,20,0,0.0,Estimated
samsung_z500_1050,231241,241,2041,16,38,20,0,0.0,Estimated
samsung_x650_1567,231241,241,2041,16,23,20,0,0.0,Estimated
samsung_x490_1419,231241,241,2041,16,23,20,0,0.0,Estimated
samsung_z300_1049,231241,241,2041,16,38,20,0,0.0,Estimated
samsung_d550_1206,231241,241,2041,16,23,20,0,0.0,Estimated
samsung_x200_1317,231241,241,2041,16,23,20,0,0.0,Estimated
samsung_x150_1381,231241,241,2041,16,23,20,0,0.0,Estimated
samsung_e860_1340,231241,241,2041,16,23,20,0,0.0,Estimated
samsung_i750_1125,231241,241,2041,16,23,20,0,0.0,Estimated
samsung_d720_1052,231241,241,2041,16,23,20,0,0.0,Estimated
samsung_e720_1021,231241,241,2041,16,38,20,0,0.0,Estimated
samsung_x700_1298,231241,241,2041,16,23,20,0,0.0,Estimated
samsung_e880_1143,231241,241,2041,16,23,20,0,0.0,Estimated
samsung_p860_1114,231241,241,2041,16,23,20,0,0.0,Estimated
samsung_e350_1048,231241,241,2041,16,23,20,0,0.0,Estimated
samsung_e620_1126,231241,241,2041,16,23,20,0,0.0,Estimated
samsung_e750_1127,231241,241,2041,16,38,20,0,0.0,Estimated
samsung_z140_1142,231241,241,2041,16,23,20,0,0.0,Estimated
samsung_i300_1104,231241,241,2041,16,23,20,0,0.0,Estimated
samsung_z700_1105,231241,241,2041,16,38,20,0,0.0,Estimated
samsung_d730_1124,231241,241,2041,16,23,20,0,0.0,Estimated
samsung_z130_1051,231241,241,2041,16,23,20,0,0.0,Estimated
samsung_e530_1129,231241,241,2041,16,38,20,0,0.0,Estimated
samsung_c230_1208,231241,241,2041,16,23,20,0,0.0,Estimated
samsung_x640_1023,231241,241,2041,16,23,20,0,0.0,Estimated
samsung_c210_1265,231241,241,2041,16,23,20,0,0.0,Estimated
samsung_c120_1380,231241,241,2041,16,23,20,0,0.0,Estimated
samsung_x620_1141,231241,241,2041,16,23,20,0,0.0,Estimated
samsung_e340_1078,231241,241,2041,16,23,20,0,0.0,Estimated
samsung_galaxy_m31_prime_10496,872563,2163,7289,30,50,50,0,0.0,Excel Benchmark
samsung_galaxy_f41_10498,872563,2163,7289,55,50,50,0,0.0,Excel Benchmark
samsung_galaxy_tab_active3_10476,120000,250,900,23,28,45,0,0.0,Excel Benchmark
samsung_x800_1131,231241,241,2041,16,23,20,0,0.0,Estimated
samsung_galaxy_s20_fe_5g_10377,543986,3296,3100,65,65,65,822,0.0,GSMArena Lab
samsung_galaxy_s20_fe_10428,600000,900,2800,65,65,65,0,0.0,Excel Benchmark
samsung_galaxy_m51_10148,266620,1774,1700,30,50,55,677,0.0,GSMArena Lab
samsung_x810_1209,231241,241,2041,16,23,20,0,0.0,Estimated
samsung_galaxy_a42_5g_10412,324686,1910,2604,25,40,45,570,0.0,GSMArena Lab
samsung_galaxy_m21s_10580,872563,2163,7289,55,50,50,0,0.0,Excel Benchmark
samsung_galaxy_note20_ultra_5g_10261,508760,2603,2800,83,75,65,1024,0.0,GSMArena Lab
samsung_galaxy_note20_5g_10325,600000,900,2800,63,50,60,0,0.0,Excel Benchmark
samsung_galaxy_note20_10338,600000,900,2800,63,50,60,0,0.0,Excel Benchmark
samsung_galaxy_tab_a7_10_4__2020__10411,160000,330,1200,16,28,50,0,0.0,Excel Benchmark
samsung_galaxy_watch3_10315,273383,983,2749,16,38,40,0,0.0,Excel Benchmark
samsung_e640_1128,231241,241,2041,16,38,20,0,0.0,Estimated
samsung_galaxy_tab_s7__10336,566786,2690,3100,25,55,70,484,0.0,GSMArena Lab
samsung_galaxy_m01s_10335,130000,300,950,28,30,35,0,0.0,Excel Benchmark
samsung_galaxy_z_flip_5g_10244,700000,900,3100,38,50,45,0,0.0,Excel Benchmark
samsung_galaxy_a51_5g_uw_10371,350000,620,1900,30,50,40,0,0.0,Excel Benchmark
samsung_galaxy_z_fold2_5g_10342,564907,12607,3100,53,55,65,714,0.0,GSMArena Lab
samsung_galaxy_m01_core_10316,80000,200,700,16,30,25,0,0.0,Excel Benchmark
samsung_x480_1022,231241,241,2041,16,23,20,0,0.0,Estimated
samsung_e760_1251,231241,241,2041,16,38,20,0,0.0,Estimated
samsung_galaxy_tab_s7_10337,700000,900,3100,25,45,70,0,0.0,Excel Benchmark
samsung_galaxy_a21s_10239,107157,1100,4321,16,30,45,490,0.0,GSMArena Lab
samsung_galaxy_a01_core_10314,80000,200,700,16,30,25,0,0.0,Excel Benchmark
samsung_galaxy_a21_10172,340000,600,1850,16,30,35,0,0.0,Excel Benchmark
samsung_galaxy_tab_a_8_4__2020__10483,502863,463,1189,16,28,45,0,0.0,Excel Benchmark
samsung_galaxy_m31s_10333,872563,2163,7289,55,50,55,0,0.0,Excel Benchmark
samsung_galaxy_j2_core__2020__10208,40000,130,480,16,28,20,0,0.0,Estimated
samsung_galaxy_a71_5g_10146,312889,1289,2667,30,50,45,0,0.0,Excel Benchmark
samsung_galaxy_note20_ultra_10355,600000,900,2800,83,75,65,0,0.0,Excel Benchmark
samsung_galaxy_tab_s6_lite__2020__10158,872563,2163,7289,16,28,50,0,0.0,Excel Benchmark
samsung_galaxy_a11_10132,75000,200,750,28,30,35,0,0.0,Excel Benchmark
samsung_galaxy_m31_10079,872563,2163,7289,55,50,50,0,0.0,Excel Benchmark
samsung_galaxy_m21_10111,872563,2163,7289,40,50,50,0,0.0,Excel Benchmark
samsung_galaxy_a_quantum_10243,312889,1289,2667,30,50,45,0,0.0,Excel Benchmark
samsung_galaxy_m01_10216,65000,180,650,21,30,35,0,0.0,Excel Benchmark
samsung_galaxy_s20__5g_10041,600000,900,2800,78,85,65,0,0.0,Excel Benchmark
samsung_galaxy_m11_10124,75000,200,750,28,30,45,0,0.0,Excel Benchmark
samsung_galaxy_s20__10080,500114,2703,2800,78,85,65,797,0.0,GSMArena Lab
samsung_galaxy_a41_10138,170044,1175,1450,31,50,25,624,0.0,GSMArena Lab
samsung_galaxy_s20_5g_uw_10254,700000,900,3100,78,85,60,0,0.0,Excel Benchmark
samsung_galaxy_s20_5g_10044,600000,900,2800,78,85,60,0,0.0,Excel Benchmark
samsung_galaxy_a51_5g_10157,316007,1867,2667,30,50,40,642,0.0,GSMArena Lab
samsung_galaxy_s20_ultra_5g_10040,514485,12191,2800,83,85,85,894,0.0,GSMArena Lab
samsung_galaxy_s20_10081,525029,12557,2800,78,85,60,814,0.0,GSMArena Lab
samsung_galaxy_z_flip_10054,600000,770,2700,38,50,45,596,0.0,Excel Benchmark
samsung_galaxy_xcover_pro_10001,872563,2163,7289,21,40,35,0,0.0,Excel Benchmark
samsung_galaxy_note10_lite_10003,341212,6103,900,65,50,45,622,0.0,GSMArena Lab
samsung_c240_1616,231241,241,2041,16,23,20,0,0.0,Estimated
samsung_c400_1707,231241,241,2041,16,23,20,0,0.0,Estimated
samsung_c170_2010,231241,241,2041,16,23,20,0,0.0,Estimated
samsung_c140_1830,231241,241,2041,16,23,20,0,0.0,Estimated
samsung_d830_1600,231241,241,2041,16,23,20,0,0.0,Estimated
samsung_c180_2041,231241,241,2041,16,23,20,0,0.0,Estimated
samsung_galaxy_s20_ultra_10084,600000,900,2800,83,85,85,0,0.0,Excel Benchmark
samsung_d900i_1989,231241,241,2041,16,23,20,0,0.0,Estimated
samsung_galaxy_a71_5g_uw_10276,350000,620,1900,30,50,45,0,0.0,Excel Benchmark
samsung_d900_1587,231241,241,2041,16,23,20,0,0.0,Estimated
samsung_x820_1556,231241,241,2041,16,23,20,0,0.0,Estimated
samsung_e500_825,231241,241,2041,16,38,20,0,0.0,Estimated
samsung_e380_1624,231241,241,2041,16,23,20,0,0.0,Estimated
samsung_d870_1506,231241,241,2041,16,23,20,0,0.0,Estimated
samsung_d780_flip_1507,231241,241,2041,16,38,20,0,0.0,Estimated
samsung_z400_1510,231241,241,2041,16,23,20,0,0.0,Estimated
samsung_z550_1509,231241,241,2041,16,23,20,0,0.0,Estimated
samsung_e900_1508,231241,241,2041,16,23,20,0,0.0,Estimated
samsung_zv40_1642,231241,241,2041,16,23,20,0,0.0,Estimated
samsung_i310_1496,231241,241,2041,16,23,20,0,0.0,Estimated
samsung_z560_1439,231241,241,2041,16,23,20,0,0.0,Estimated
samsung_i320_1442,231241,241,2041,16,23,20,0,0.0,Estimated
samsung_p920_1599,231241,241,2041,16,23,20,0,0.0,Estimated
samsung_p900_1427,231241,241,2041,16,23,20,0,0.0,Estimated
samsung_t629_2754,231241,241,2041,16,23,20,0,0.0,Estimated
samsung_p910_1440,231241,241,2041,16,38,20,0,0.0,Estimated
samsung_d520_1441,231241,241,2041,16,23,20,0,0.0,Estimated
samsung_z710_1450,231241,241,2041,16,23,20,0,0.0,Estimated
samsung_z520_1447,231241,241,2041,16,23,20,0,0.0,Estimated
samsung_z230_1725,231241,241,2041,16,23,20,0,0.0,Estimated
samsung_d300_1478,231241,241,2041,16,23,20,0,0.0,Estimated
samsung_z310_1445,231241,241,2041,16,23,20,0,0.0,Estimated
samsung_z330_1448,231241,241,2041,16,23,20,0,0.0,Estimated
samsung_z150_1444,231241,241,2041,16,23,20,0,0.0,Estimated
samsung_x680_1620,231241,241,2041,16,23,20,0,0.0,Estimated
samsung_x630_1619,231241,241,2041,16,23,20,0,0.0,Estimated
samsung_zv50_1592,231241,241,2041,16,23,20,0,0.0,Estimated
samsung_c130_1608,231241,241,2041,16,23,20,0,0.0,Estimated
samsung_galaxy_a31_10149,151815,5096,1450,23,50,45,635,0.0,GSMArena Lab
samsung_z350_1446,231241,241,2041,16,23,20,0,0.0,Estimated
samsung_e870_1424,231241,241,2041,16,38,20,0,0.0,Estimated
samsung_x300_1479,231241,241,2041,16,23,20,0,0.0,Estimated
samsung_x160_1555,231241,241,2041,16,23,20,0,0.0,Estimated
samsung_galaxy_tab_s6_5g_10004,600000,770,2700,25,40,50,0,0.0,Excel Benchmark
samsung_i300x_1408,231241,241,2041,16,23,20,0,0.0,Estimated
samsung_e780_1617,231241,241,2041,16,38,20,0,0.0,Estimated
samsung_z540_1354,231241,241,2041,16,23,20,0,0.0,Estimated
samsung_z510_1353,231241,241,2041,16,23,20,0,0.0,Estimated
samsung_galaxy_s10_lite_9917,459497,11151,2600,60,50,60,705,0.0,GSMArena Lab
samsung_galaxy_a01_9999,65000,180,650,21,30,25,0,0.0,Excel Benchmark
samsung_d800_1355,231241,241,2041,16,23,20,0,0.0,Estimated
samsung_galaxy_a51_9963,175363,5401,7289,30,50,35,636,0.0,GSMArena Lab
samsung_d820_1356,231241,241,2041,16,23,20,0,0.0,Estimated
samsung_galaxy_a71_9995,263396,7039,1650,30,50,45,515,0.0,GSMArena Lab
samsung_galaxy_a70s_9899,240000,500,1550,55,50,45,0,0.0,Excel Benchmark
samsung_d810_1416,231241,241,2041,16,23,20,0,0.0,Estimated
samsung_z600_1449,816513,2113,5139,16,38,20,0,0.0,Excel Benchmark
samsung_galaxy_a20s_9852,75000,200,750,28,30,35,0,0.0,Excel Benchmark
samsung_galaxy_m30s_9818,180321,5566,7289,40,50,50,642,0.0,GSMArena Lab
samsung_x210_1579,231241,241,2041,16,23,20,0,0.0,Estimated
samsung_galaxy_fold_5g_9851,580000,750,2600,63,40,55,0,0.0,Excel Benchmark
samsung_galaxy_a50s_9806,154761,5295,7289,45,50,35,0,0.0,GSMArena Lab
samsung_galaxy_a30s_9796,502863,463,1189,28,40,35,0,0.0,Excel Benchmark
samsung_galaxy_a90_5g_9795,580000,750,2600,45,50,45,0,0.0,Excel Benchmark
samsung_galaxy_m10s_9861,160000,350,1100,23,40,35,0,0.0,Excel Benchmark
samsung_galaxy_note10_5g_9789,550000,850,2600,63,50,50,0,0.0,Excel Benchmark
samsung_galaxy_note10__5g_9787,550000,850,2600,63,60,75,0,0.0,Excel Benchmark
samsung_galaxy_note10_9788,452400,10353,2600,63,50,50,789,0.0,GSMArena Lab
samsung_galaxy_watch_active2_aluminum_9786,273383,983,2749,16,38,40,0,0.0,Excel Benchmark
samsung_galaxy_fold_9523,363016,11028,2600,63,40,55,557,0.0,GSMArena Lab
samsung_galaxy_a10s_9793,130000,300,950,28,30,35,0,0.0,Excel Benchmark
samsung_galaxy_note10__9732,438622,10403,2600,63,60,75,794,0.0,GSMArena Lab
samsung_galaxy_a10e_9790,160000,350,1100,16,30,25,0,0.0,Excel Benchmark
samsung_galaxy_tab_a_8_0__2019__9760,266035,1235,4505,16,28,45,0,0.0,Excel Benchmark
samsung_galaxy_watch_active_9589,273383,983,2749,16,38,40,0,0.0,Excel Benchmark
samsung_galaxy_view2_9672,160000,350,1100,16,40,50,0,0.0,Excel Benchmark
samsung_c160_1922,231241,241,2041,16,23,20,0,0.0,Estimated
samsung_galaxy_s10_5g_9588,180000,330,1200,63,60,65,0,0.0,Excel Benchmark
samsung_galaxy_tab_active_pro_9850,230000,480,1500,25,33,50,0,0.0,Excel Benchmark
samsung_galaxy_s10__9535,399901,10387,1200,63,60,55,0,0.0,GSMArena Lab
samsung_galaxy_m30_9505,101651,4188,1189,28,50,45,640,0.0,GSMArena Lab
samsung_galaxy_s10e_9537,389694,10081,1200,48,50,45,0,0.0,GSMArena Lab
samsung_galaxy_m40_9721,240000,500,1550,45,40,25,0,0.0,Excel Benchmark
samsung_galaxy_tab_s6_9781,580000,750,2600,25,38,50,0,0.0,Excel Benchmark
samsung_galaxy_a2_core_9636,750000,1000,3300,16,28,20,0,0.0,Excel Benchmark
samsung_galaxy_xcover_4s_9730,200000,400,1300,26,30,20,0,0.0,Excel Benchmark
samsung_galaxy_s10_9536,328366,10174,1200,63,60,45,0,0.0,GSMArena Lab
samsung_galaxy_m20_9506,108658,4160,1189,23,40,45,0,0.0,GSMArena Lab
samsung_galaxy_a40_9642,106388,4112,1189,26,50,25,548,0.0,GSMArena Lab
samsung_galaxy_a50_9554,144574,5396,3773,21,50,35,551,0.0,GSMArena Lab
samsung_galaxy_a60_9616,209933,6582,1550,45,40,25,690,0.0,GSMArena Lab
samsung_galaxy_a80_9659,207502,6934,1650,33,50,30,607,0.0,GSMArena Lab
samsung_galaxy_a30_9579,96550,4146,1189,33,50,35,548,0.0,GSMArena Lab
samsung_galaxy_a20e_9661,160000,350,1100,23,30,25,0,0.0,Excel Benchmark
samsung_galaxy_a20_9640,160000,350,1100,23,40,35,0,0.0,Excel Benchmark
samsung_galaxy_xcover_fieldpro_9937,120000,250,900,28,50,40,0,0.0,Excel Benchmark
samsung_galaxy_tab_a_8_0___s_pen__2019__9651,502863,463,1189,16,28,35,0,0.0,Excel Benchmark
samsung_galaxy_m10_9508,64144,3662,3300,21,30,25,0,0.0,GSMArena Lab
samsung_e840_1866,231241,241,2041,16,23,20,0,0.0,Estimated
samsung_galaxy_tab_advanced2_9264,750000,1000,3300,16,28,50,0,0.0,Excel Benchmark
samsung_galaxy_watch_active2_9784,273383,983,2749,16,38,40,0,0.0,Excel Benchmark
samsung_e740_1870,231241,241,2041,16,23,20,0,0.0,Estimated
samsung_e590_1869,231241,241,2041,16,23,20,0,0.0,Estimated
samsung_galaxy_a10_9580,160000,350,1100,21,30,25,0,0.0,Excel Benchmark
samsung_galaxy_a70_9646,167750,6584,1550,50,50,45,0,0.0,GSMArena Lab
samsung_p110_1868,231241,241,2041,16,23,20,0,0.0,Estimated
samsung_galaxy_tab_s5e_9581,152610,5684,1500,25,38,55,0,0.0,GSMArena Lab
samsung_e210_2082,231241,241,2041,16,38,20,0,0.0,Estimated
samsung_e200_1919,231241,241,2041,16,23,20,0,0.0,Estimated
samsung_c270_2751,231241,241,2041,16,23,20,0,0.0,Estimated
samsung_c260_1920,231241,241,2041,16,23,20,0,0.0,Estimated
samsung_e830_1867,231241,241,2041,16,23,20,0,0.0,Estimated
samsung_c520_1971,231241,241,2041,16,23,20,0,0.0,Estimated
samsung_c275_2737,231241,241,2041,16,23,20,0,0.0,Estimated
samsung_e230_2083,231241,241,2041,16,23,20,0,0.0,Estimated
samsung_f300_1805,231241,241,2041,16,23,20,0,0.0,Estimated
samsung_p940_1809,231241,241,2041,16,38,20,0,0.0,Estimated
samsung_c250_1921,231241,241,2041,16,23,20,0,0.0,Estimated
samsung_galaxy_tab_a_10_1__2019__9582,502863,463,1189,16,28,50,0,0.0,Excel Benchmark
samsung_i617_blackjack_ii_2213,231241,241,2041,16,23,20,0,0.0,Estimated
samsung_c450_2042,231241,241,2041,16,23,20,0,0.0,Estimated
samsung_e790_1850,231241,241,2041,16,23,20,0,0.0,Estimated
samsung_x550_2131,231241,241,2041,16,23,20,0,0.0,Estimated
samsung_i600_1807,230000,480,1500,16,23,20,0,0.0,Excel Benchmark
samsung_x520_1771,231241,241,2041,16,23,20,0,0.0,Estimated
samsung_p930_1808,231241,241,2041,16,23,20,0,0.0,Estimated
samsung_e250_1772,231241,241,2041,16,23,20,0,0.0,Estimated
samsung_x530_1769,231241,241,2041,16,23,20,0,0.0,Estimated
samsung_c300_1768,231241,241,2041,16,23,20,0,0.0,Estimated
samsung_e490_1784,231241,241,2041,16,23,20,0,0.0,Estimated
samsung_i607_blackjack_2212,230000,480,1500,16,23,20,0,0.0,Excel Benchmark
samsung_e570_1756,231241,241,2041,16,38,20,0,0.0,Estimated
samsung_e690_1796,231241,241,2041,16,23,20,0,0.0,Estimated
samsung_x830_1681,231241,241,2041,16,23,20,0,0.0,Estimated
samsung_f500_1806,231241,241,2041,16,23,20,0,0.0,Estimated
samsung_e390_1770,231241,241,2041,16,23,20,0,0.0,Estimated
samsung_m300_1992,231241,241,2041,16,23,20,0,0.0,Estimated
samsung_e898_1779,231241,241,2041,16,23,20,0,0.0,Estimated
samsung_z620_1676,231241,241,2041,16,38,20,0,0.0,Estimated
samsung_z650i_1782,231241,241,2041,16,23,20,0,0.0,Estimated
samsung_p310_1682,231241,241,2041,16,23,20,0,0.0,Estimated
samsung_e480_1783,231241,241,2041,16,23,20,0,0.0,Estimated
samsung_p200_1643,231241,241,2041,16,23,20,0,0.0,Estimated
samsung_s401i_1629,231241,241,2041,16,23,20,0,0.0,Estimated
samsung_s501i_1630,231241,241,2041,16,23,20,0,0.0,Estimated
samsung_e890_1797,231241,241,2041,16,23,20,0,0.0,Estimated
samsung_z360_2069,231241,241,2041,16,23,20,0,0.0,Estimated
samsung_e420_1757,231241,241,2041,16,38,20,0,0.0,Estimated
samsung_z370_1675,231241,241,2041,16,23,20,0,0.0,Estimated
samsung_z720_1677,231241,241,2041,16,23,20,0,0.0,Estimated
samsung_x540_1816,231241,241,2041,16,23,20,0,0.0,Estimated
samsung_x500_1615,231241,241,2041,16,38,20,0,0.0,Estimated
samsung_galaxy_a8s_9432,230000,480,1500,38,40,30,0,0.0,Excel Benchmark
samsung_galaxy_a6s_9352,170000,350,1300,23,40,25,0,0.0,Excel Benchmark
samsung_galaxy_a9__2018__9344,140500,5763,1300,18,50,30,0,0.0,GSMArena Lab
samsung_galaxy_tab_s4_10_5_9262,300000,420,1800,25,38,55,0,0.0,Excel Benchmark
samsung_galaxy_j6__9334,40000,130,480,23,30,25,0,0.0,Estimated
samsung_galaxy_note9_9163,315447,9026,900,58,60,55,0,0.0,GSMArena Lab
samsung_d840_1614,231241,241,2041,16,23,20,0,0.0,Estimated
samsung_galaxy_j2_core_9255,643645,845,4335,16,28,20,0,0.0,Excel Benchmark
samsung_galaxy_j4__9335,40000,130,480,21,30,25,0,0.0,Estimated
samsung_galaxy_tab_a_10_5_9263,75000,200,750,16,28,50,0,0.0,Excel Benchmark
samsung_galaxy_watch_9289,273383,983,2749,16,38,40,0,0.0,Excel Benchmark
samsung_galaxy_tab_a_8_0__2018__9665,40000,130,480,16,28,45,0,0.0,Estimated
samsung_galaxy_on6_9260,750000,1000,3300,23,40,25,0,0.0,Excel Benchmark
samsung_galaxy_j4_core_9397,40000,130,480,16,30,25,0,0.0,Estimated
samsung_galaxy_a8_star__a9_star__9220,170000,350,1300,28,50,25,0,0.0,Excel Benchmark
samsung_galaxy_j7__2018__9234,750000,1000,3300,26,25,25,0,0.0,Excel Benchmark
samsung_galaxy_j8_9205,75000,200,750,33,40,25,0,0.0,Excel Benchmark
samsung_galaxy_j4_9204,643645,845,4335,21,40,25,0,0.0,Excel Benchmark
samsung_galaxy_j6_9203,750000,1000,3300,23,40,25,0,0.0,Excel Benchmark
samsung_galaxy_a6___2018__9156,69899,3905,750,26,50,25,0,0.0,GSMArena Lab
samsung_galaxy_a6__2018__9155,63632,3718,3300,33,40,25,0,0.0,GSMArena Lab
samsung_galaxy_j7_prime_2_9135,750000,1000,3300,21,40,25,0,0.0,Excel Benchmark
samsung_galaxy_s9_8966,250156,8830,900,43,60,65,0,0.0,GSMArena Lab
samsung_galaxy_j2_pro__2018__8904,40000,130,480,16,38,20,0,0.0,Estimated
samsung_galaxy_a8___2018__8790,200000,400,1300,26,50,30,0,0.0,Excel Benchmark
samsung_galaxy_tab_active2_8897,750000,1000,3300,16,28,35,0,0.0,Excel Benchmark
samsung_galaxy_j2__2017__8900,498566,1566,5498,16,38,20,0,0.0,Excel Benchmark
samsung_galaxy_tab_a_8_0__2017__8725,40000,130,480,16,28,45,0,0.0,Estimated
samsung_galaxy_c7__2017__8789,231241,241,2041,33,50,25,0,0.0,Estimated
samsung_gear_sport_8839,607354,754,3062,16,38,40,0,0.0,Excel Benchmark
samsung_galaxy_s_light_luxury_9202,170000,350,1300,28,50,65,0,0.0,Excel Benchmark
samsung_galaxy_note8_8505,201065,6784,2000,53,60,45,0,0.0,GSMArena Lab
samsung_galaxy_s9__8967,246660,8883,900,58,60,65,0,0.0,GSMArena Lab
samsung_galaxy_note_fe_8683,350000,550,1800,38,60,45,0,0.0,Excel Benchmark
samsung_galaxy_a8__2018__8886,200000,4418,1300,26,50,30,0,0.0,Excel Benchmark
samsung_galaxy_j7_duo_9153,200000,400,1300,23,40,25,0,0.0,Excel Benchmark
samsung_galaxy_j7_max_8684,240000,3509,1550,26,35,25,0,0.0,Excel Benchmark
samsung_galaxy_a7__2018__9340,123883,4446,1300,21,50,25,0,0.0,GSMArena Lab
samsung_galaxy_j3__2018__8928,643645,845,4335,16,30,20,0,0.0,Excel Benchmark
samsung_galaxy_j7_pro_8561,750000,3768,3300,26,50,25,0,0.0,Excel Benchmark
samsung_galaxy_s8_active_8676,300000,6314,1800,38,60,55,0,0.0,Excel Benchmark
samsung_galaxy_s8_8161,199022,6656,2000,38,60,65,0,0.0,GSMArena Lab
samsung_galaxy_c5_pro_8437,100000,250,900,28,50,20,0,0.0,Excel Benchmark
samsung_x510_1762,231241,241,2041,16,23,20,0,0.0,Estimated
samsung_galaxy_j7_v_8778,95000,240,850,16,30,25,0,0.0,Excel Benchmark
samsung_galaxy_j7__2017__8675,750000,3779,3300,26,50,25,0,0.0,Excel Benchmark
samsung_galaxy_s8__8523,380000,6754,2000,38,60,65,0,0.0,Excel Benchmark
samsung_gear_s3_classic_lte_8627,530683,283,649,16,38,40,0,0.0,Excel Benchmark
samsung_galaxy_folder2_9331,40000,130,480,16,23,20,0,0.0,Estimated
samsung_galaxy_j5__2017__8705,750000,3667,3300,26,40,25,0,0.0,Excel Benchmark
samsung_f330_2090,231241,241,2041,16,23,20,0,0.0,Estimated
samsung_armani_2046,231241,241,2041,16,23,20,0,0.0,Estimated
samsung_i450_2076,584360,560,1480,16,23,20,0,0.0,Excel Benchmark
samsung_f250_2186,231241,241,2041,16,23,20,0,0.0,Estimated
samsung_z4_8682,231241,241,2041,16,28,20,0,0.0,Estimated
samsung_a737_2214,231241,241,2041,16,23,20,0,0.0,Estimated
samsung_a517_2215,231241,241,2041,16,23,20,0,0.0,Estimated
samsung_j750_2161,231241,241,2041,16,23,20,0,0.0,Estimated
samsung_galaxy_j3__2017__8438,643645,845,4335,21,25,20,0,0.0,Excel Benchmark
samsung_t509_2383,231241,241,2041,16,23,20,0,0.0,Estimated
samsung_t639_2384,231241,241,2041,16,23,20,0,0.0,Estimated
samsung_t439_2217,231241,241,2041,16,23,20,0,0.0,Estimated
samsung_t409_2381,231241,241,2041,16,23,20,0,0.0,Estimated
samsung_t429_2382,231241,241,2041,16,23,20,0,0.0,Estimated
samsung_t739_katalyst_2216,231241,241,2041,16,23,20,0,0.0,Estimated
samsung_l600_2047,231241,241,2041,16,23,20,0,0.0,Estimated
samsung_j400_2224,231241,241,2041,16,23,20,0,0.0,Estimated
samsung_p260_2045,231241,241,2041,16,23,20,0,0.0,Estimated
samsung_g600_2039,231241,241,2041,16,23,20,0,0.0,Estimated
samsung_t729_blast_2380,231241,241,2041,16,23,20,0,0.0,Estimated
samsung_i550_2115,45000,140,500,16,23,20,0,0.0,Estimated
samsung_b500_2318,231241,241,2041,16,23,20,0,0.0,Estimated
samsung_m110_2196,231241,241,2041,16,23,20,0,0.0,Estimated
samsung_z630_2044,231241,241,2041,16,23,20,0,0.0,Estimated
samsung_t539_beat_2379,231241,241,2041,16,23,20,0,0.0,Estimated
samsung_l760_2025,231241,241,2041,16,23,20,0,0.0,Estimated
samsung_f700_1849,231241,241,2041,16,23,20,0,0.0,Estimated
samsung_m610_2111,231241,241,2041,16,23,20,0,0.0,Estimated
samsung_m600_2092,231241,241,2041,16,23,20,0,0.0,Estimated
samsung_s720i_2043,231241,241,2041,16,23,20,0,0.0,Estimated
samsung_f210_2014,231241,241,2041,16,23,20,0,0.0,Estimated
samsung_b100_2317,231241,241,2041,16,23,20,0,0.0,Estimated
samsung_j200_2093,231241,241,2041,16,23,20,0,0.0,Estimated
samsung_z240_1969,231241,241,2041,16,23,20,0,0.0,Estimated
samsung_z170_2030,231241,241,2041,16,23,20,0,0.0,Estimated
samsung_j600_1970,231241,241,2041,16,23,20,0,0.0,Estimated
samsung_s730i_2034,231241,241,2041,16,23,20,0,0.0,Estimated
samsung_j610_2164,231241,241,2041,16,23,20,0,0.0,Estimated
samsung_f200_2016,231241,241,2041,16,23,20,0,0.0,Estimated
samsung_zv60_2035,231241,241,2041,16,23,20,0,0.0,Estimated
samsung_e950_2015,231241,241,2041,16,38,20,0,0.0,Estimated
samsung_u600_1851,231241,241,2041,16,23,20,0,0.0,Estimated
samsung_u300_1853,231241,241,2041,16,38,20,0,0.0,Estimated
samsung_i400_1967,45000,140,500,16,23,20,0,0.0,Estimated
samsung_u100_1854,231241,241,2041,16,23,20,0,0.0,Estimated
samsung_f510_1855,231241,241,2041,16,23,20,0,0.0,Estimated
samsung_i520_1906,45000,140,500,16,23,20,0,0.0,Estimated
samsung_galaxy_tab_s3_9_7_8554,180000,330,1200,23,38,55,0,0.0,Excel Benchmark
samsung_galaxy_xcover_4_8577,643645,845,4335,21,30,20,0,0.0,Excel Benchmark
samsung_galaxy_j3_emerge_8486,45000,140,500,16,25,20,0,0.0,Estimated
samsung_a411_2138,231241,241,2041,16,23,20,0,0.0,Estimated
samsung_galaxy_c7_pro_8435,100000,4037,900,28,50,30,0,0.0,Excel Benchmark
samsung_i620_1998,230000,480,1500,16,23,20,0,0.0,Excel Benchmark
samsung_galaxy_a7__2017__8335,798122,1922,5566,28,50,30,0,0.0,Excel Benchmark
samsung_galaxy_grand_prime_plus_8385,70000,180,650,16,28,20,0,0.0,Excel Benchmark
samsung_f520_1856,231241,241,2041,16,23,20,0,0.0,Estimated
samsung_galaxy_j2_prime_8424,70000,180,650,16,28,20,0,0.0,Excel Benchmark
samsung_galaxy_a8__2016__7801,200000,400,1300,23,50,25,0,0.0,Excel Benchmark
samsung_galaxy_on8_8367,110000,250,850,21,50,25,0,0.0,Excel Benchmark
samsung_u700_1852,231241,241,2041,16,23,20,0,0.0,Estimated
samsung_gear_s3_classic_8309,530683,283,649,16,38,40,0,0.0,Excel Benchmark
samsung_gear_s3_frontier_8308,530683,283,649,16,38,40,0,0.0,Excel Benchmark
samsung_galaxy_c9_pro_8347,476041,2041,6923,28,50,40,0,0.0,Excel Benchmark
samsung_galaxy_a3__2017__8336,750000,1000,3300,23,40,20,0,0.0,Excel Benchmark
samsung_i710_1916,231241,241,2041,16,23,20,0,0.0,Estimated
samsung_galaxy_j7_prime_8314,750000,1000,3300,23,40,25,0,0.0,Excel Benchmark
samsung_galaxy_note7__usa__8242,180000,330,1200,38,60,45,0,0.0,Excel Benchmark
samsung_z2_8288,425999,399,1997,16,23,20,0,0.0,Excel Benchmark
samsung_galaxy_on7_pro_8140,35000,120,450,21,25,25,0,0.0,Estimated
samsung_galaxy_on5_pro_8192,498566,1566,5498,16,25,20,0,0.0,Excel Benchmark
samsung_galaxy_j5_prime_8342,643645,845,4335,21,30,20,0,0.0,Excel Benchmark
samsung_galaxy_a5__2017__8494,798122,1922,5566,28,50,30,0,0.0,Excel Benchmark
samsung_gear_s3_frontier_lte_8307,530683,283,649,16,38,40,0,0.0,Excel Benchmark
samsung_galaxy_j1_mini_prime_8397,425999,399,1997,16,23,20,0,0.0,Excel Benchmark
samsung_galaxy_j2__2016__8083,207866,866,4398,16,40,20,0,0.0,Excel Benchmark
samsung_galaxy_xcover_3_g389f_8455,498566,1566,5498,16,28,20,0,0.0,Excel Benchmark
samsung_galaxy_s7_active_8004,180000,330,1200,38,60,55,0,0.0,Excel Benchmark
samsung_galaxy_note7_8082,350000,550,1800,38,60,45,0,0.0,Excel Benchmark
samsung_galaxy_c7_8046,95000,240,850,23,50,30,0,0.0,Excel Benchmark
samsung_galaxy_j_max_8186,207866,866,4398,16,23,35,0,0.0,Excel Benchmark
samsung_galaxy_c5_8047,692191,2191,5373,23,50,25,0,0.0,Excel Benchmark
samsung_galaxy_on7__2016__8265,95000,240,850,23,40,30,0,0.0,Excel Benchmark
samsung_galaxy_j7__2016__7870,692191,2191,5373,21,40,25,0,0.0,Excel Benchmark
samsung_galaxy_j5__2016__7869,35000,120,450,21,40,25,0,0.0,Estimated
samsung_galaxy_tab_j_8227,207866,866,4398,16,23,35,0,0.0,Excel Benchmark
samsung_galaxy_tab_a_7_0__2016__7880,35000,120,450,16,28,35,0,0.0,Estimated
samsung_galaxy_tab_a_10_1__2016__8090,750000,1000,3300,16,28,50,0,0.0,Excel Benchmark
samsung_galaxy_j3_pro_8126,35000,120,450,16,40,20,0,0.0,Estimated
samsung_galaxy_j1_nxt_7768,425999,399,1997,16,23,20,0,0.0,Excel Benchmark
samsung_galaxy_j2_pro__2016__8228,207866,866,4398,16,40,20,0,0.0,Excel Benchmark
samsung_gear_s2_classic_3g_7934,607354,754,3062,16,38,40,0,0.0,Excel Benchmark
samsung_z3_corporate_8170,35000,120,450,16,40,20,0,0.0,Estimated
samsung_galaxy_a7__2016__7759,110000,250,850,36,50,30,0,0.0,Excel Benchmark
samsung_galaxy_a5__2016__7789,110000,250,850,36,50,25,0,0.0,Excel Benchmark
samsung_galaxy_j1__2016__7864,425999,399,1997,16,38,20,0,0.0,Excel Benchmark
samsung_galaxy_s7_edge_7945,180000,330,1200,38,60,45,0,0.0,Excel Benchmark
samsung_l870_2387,231241,241,2041,16,23,20,0,0.0,Estimated
samsung_galaxy_s7_edge__usa__7961,180000,330,1200,38,60,45,0,0.0,Excel Benchmark
samsung_galaxy_s7_7821,350000,550,1800,38,60,45,0,0.0,Excel Benchmark
samsung_impact_b_2442,231241,241,2041,16,23,20,0,0.0,Estimated
samsung_galaxy_a9__2016__7641,130000,300,1100,38,50,40,0,0.0,Excel Benchmark
samsung_v820l_2757,231241,241,2041,16,23,20,0,0.0,Estimated
samsung_b300_2463,231241,241,2041,16,23,20,0,0.0,Estimated
samsung_impact_sf_2443,231241,241,2041,16,23,20,0,0.0,Estimated
samsung_d780_2340,231241,241,2041,16,23,20,0,0.0,Estimated
samsung_g400_soul_2314,231241,241,2041,16,23,20,0,0.0,Estimated
samsung_l810v_steel_2410,231241,241,2041,16,23,20,0,0.0,Estimated
samsung_galaxy_a9_pro__2016__7903,130000,300,1100,38,50,50,0,0.0,Excel Benchmark
samsung_u800_soul_b_2389,231241,241,2041,16,23,20,0,0.0,Estimated
samsung_impact_2441,231241,241,2041,16,23,20,0,0.0,Estimated
samsung_f110_2315,231241,241,2041,16,23,20,0,0.0,Estimated
samsung_galaxy_tab_e_8_0_7879,35000,120,450,16,23,45,0,0.0,Estimated
samsung_m310_2423,231241,241,2041,16,23,20,0,0.0,Estimated
samsung_b110_2358,231241,241,2041,16,23,20,0,0.0,Estimated
samsung_u900_soul_2243,231241,241,2041,16,23,20,0,0.0,Estimated
samsung_f480_2268,231241,241,2041,16,23,20,0,0.0,Estimated
samsung_b200_2359,231241,241,2041,16,23,20,0,0.0,Estimated
samsung_p960_2259,231241,241,2041,16,23,20,0,0.0,Estimated
samsung_p220_2404,231241,241,2041,16,38,20,0,0.0,Estimated
samsung_j700_2262,231241,241,2041,16,23,20,0,0.0,Estimated
samsung_f400_2261,231241,241,2041,16,23,20,0,0.0,Estimated
samsung_i200_2260,231241,241,2041,16,23,20,0,0.0,Estimated
samsung_j630_2323,231241,241,2041,16,23,20,0,0.0,Estimated
samsung_galaxy_s7__usa__7960,180000,330,1200,38,60,45,0,0.0,Excel Benchmark
samsung_j150_2263,231241,241,2041,16,23,20,0,0.0,Estimated
samsung_p180_2403,231241,241,2041,16,23,20,0,0.0,Estimated
samsung_g810_2257,45000,140,500,31,23,20,0,0.0,Estimated
samsung_a827_access_2408,231241,241,2041,16,23,20,0,0.0,Estimated
samsung_e251_2265,231241,241,2041,16,23,20,0,0.0,Estimated
samsung_a437_2376,231241,241,2041,16,23,20,0,0.0,Estimated
samsung_j210_2324,231241,241,2041,16,23,20,0,0.0,Estimated
samsung_l770_2264,231241,241,2041,16,23,20,0,0.0,Estimated
samsung_a127_2375,231241,241,2041,16,23,20,0,0.0,Estimated
samsung_a746_2373,231241,241,2041,16,23,20,0,0.0,Estimated
samsung_i640_2289,231241,241,2041,16,23,20,0,0.0,Estimated
samsung_l170_2219,231241,241,2041,16,23,20,0,0.0,Estimated
samsung_a711_2450,231241,241,2041,16,23,20,0,0.0,Estimated
samsung_sph_i325_ace_2320,120000,280,1000,16,23,20,0,0.0,Excel Benchmark
samsung_g800_2145,231241,241,2041,31,23,20,0,0.0,Estimated
samsung_m620_2360,231241,241,2041,16,23,20,0,0.0,Estimated
samsung_a727_2378,231241,241,2041,16,23,20,0,0.0,Estimated
samsung_l320_2234,231241,241,2041,16,38,20,0,0.0,Estimated
samsung_c500_2546,231241,241,2041,16,23,20,0,0.0,Estimated
samsung_serenata_2130,231241,241,2041,16,23,20,0,0.0,Estimated
samsung_i780_2124,231241,241,2041,16,23,20,0,0.0,Estimated
samsung_galaxy_a3__2016__7791,35000,120,450,21,40,20,0,0.0,Estimated
samsung_a117_2374,231241,241,2041,16,23,20,0,0.0,Estimated
samsung_i560_2154,45000,140,500,16,23,20,0,0.0,Estimated
samsung_l310_2233,231241,241,2041,16,23,20,0,0.0,Estimated
samsung_galaxy_express_prime_8022,498566,1566,5498,16,40,20,0,0.0,Excel Benchmark
samsung_galaxy_view_7704,110000,250,850,16,35,65,0,0.0,Excel Benchmark
samsung_galaxy_j3__2016__7760,440417,1217,4451,16,40,20,0,0.0,Excel Benchmark
samsung_galaxy_j1_ace_7673,472865,2065,4995,16,38,20,0,0.0,Excel Benchmark
samsung_d880_duos_2156,231241,241,2041,16,23,20,0,0.0,Estimated
samsung_z3_7273,270000,540,1650,16,40,20,0,0.0,Excel Benchmark
samsung_gear_s2_3g_7585,448811,811,3233,16,38,40,0,0.0,Excel Benchmark
samsung_f490_2203,231241,241,2041,16,23,20,0,0.0,Estimated
samsung_galaxy_on5_7648,498566,1566,5498,16,25,20,0,0.0,Excel Benchmark
samsung_gear_s2_7678,607354,754,3062,16,38,40,0,0.0,Excel Benchmark
samsung_galaxy_note5__usa__7504,200000,400,1300,38,60,45,0,0.0,Excel Benchmark
samsung_galaxy_note5_7431,200000,400,1300,38,60,45,0,0.0,Excel Benchmark
samsung_gear_s2_classic_7677,607354,754,3062,16,38,40,0,0.0,Excel Benchmark
samsung_galaxy_s6_edge___usa__7505,200000,400,1300,38,60,45,0,0.0,Excel Benchmark
samsung_galaxy_s6_edge__duos_7509,200000,400,1300,38,60,45,0,0.0,Excel Benchmark
samsung_galaxy_s6_edge__7467,200000,400,1300,38,60,45,0,0.0,Excel Benchmark
samsung_galaxy_s5_neo_6506,110000,250,850,21,50,20,0,0.0,Excel Benchmark
samsung_galaxy_folder_7453,231241,241,2041,16,23,20,0,0.0,Estimated
samsung_galaxy_tab_s2_9_7_7438,120000,250,900,16,38,45,0,0.0,Excel Benchmark
samsung_galaxy_a8_7249,536428,1028,3884,21,50,25,0,0.0,Excel Benchmark
samsung_galaxy_note5_duos_7508,200000,400,1300,38,60,45,0,0.0,Excel Benchmark
samsung_galaxy_tab_s2_8_0_7439,230000,480,1500,16,38,35,0,0.0,Excel Benchmark
samsung_galaxy_v_plus_7395,231241,241,2041,16,23,20,0,0.0,Estimated
samsung_t819_2220,231241,241,2041,16,23,20,0,0.0,Estimated
samsung_galaxy_s4_mini_i9195i_7468,35000,120,450,16,38,20,0,0.0,Estimated
samsung_galaxy_tab_4_10_1__2015__6980,35000,120,450,16,23,50,0,0.0,Estimated
samsung_galaxy_a8_duos_7506,536428,1028,3884,21,50,25,0,0.0,Excel Benchmark
samsung_a717_2377,231241,241,2041,16,38,20,0,0.0,Estimated
samsung_galaxy_tab_e_9_6_7295,231241,241,2041,16,23,50,0,0.0,Estimated
samsung_xcover_550_7119,348164,1564,4492,16,23,20,0,0.0,Excel Benchmark
samsung_galaxy_tab_3_v_7134,231241,241,2041,16,23,25,0,0.0,Estimated
samsung_galaxy_tab_a_9_7___s_pen_7443,231241,241,2041,16,23,50,0,0.0,Estimated
samsung_galaxy_s6_active_7114,200000,400,1300,38,60,45,0,0.0,Excel Benchmark
samsung_galaxy_tab_a_8_0___s_pen__2015__8883,231241,241,2041,16,23,35,0,0.0,Estimated
samsung_galaxy_tab_a_8_0__2015__7121,231241,241,2041,16,23,35,0,0.0,Estimated
samsung_galaxy_tab_a_9_7_7122,231241,241,2041,16,23,50,0,0.0,Estimated
samsung_galaxy_xcover_3_6990,658007,807,4221,16,28,20,0,0.0,Excel Benchmark
samsung_galaxy_s6_edge__usa__7166,200000,400,1300,38,60,40,0,0.0,Excel Benchmark
samsung_metro_360_7751,231241,241,2041,16,23,20,0,0.0,Estimated
samsung_galaxy_s6__usa__7164,200000,400,1300,38,60,40,0,0.0,Excel Benchmark
samsung_galaxy_s6_duos_7377,200000,400,1300,38,60,40,0,0.0,Excel Benchmark
samsung_galaxy_s6_edge_7079,200000,400,1300,38,60,40,0,0.0,Excel Benchmark
samsung_galaxy_j1_6907,526161,2161,6283,16,23,20,0,0.0,Excel Benchmark
samsung_galaxy_j5_7184,35000,120,450,21,40,20,0,0.0,Estimated
samsung_galaxy_on7_7679,35000,120,450,21,25,25,0,0.0,Estimated
samsung_galaxy_j7_7185,536428,1028,3884,21,40,25,0,0.0,Excel Benchmark
samsung_u810_renown_2609,231241,241,2041,16,23,20,0,0.0,Estimated
samsung_galaxy_j2_7357,498566,1566,5498,16,38,20,0,0.0,Excel Benchmark
samsung_galaxy_s6_6849,200000,400,1300,38,60,40,0,0.0,Excel Benchmark
samsung_guru_plus__7794,231241,241,2041,16,23,20,0,0.0,Estimated
samsung_z1_6894,472171,2171,7313,16,28,20,0,0.0,Excel Benchmark
samsung_t219_2767,231241,241,2041,16,23,20,0,0.0,Estimated
samsung_i770_saga_2608,575204,604,1612,16,23,20,0,0.0,Excel Benchmark
samsung_a777_2600,231241,241,2041,16,23,20,0,0.0,Estimated
samsung_e1410_2647,231241,241,2041,16,23,20,0,0.0,Estimated
samsung_e2510_2584,231241,241,2041,16,23,20,0,0.0,Estimated
samsung_e1117_2742,231241,241,2041,16,23,20,0,0.0,Estimated
samsung_t119_2765,231241,241,2041,16,23,20,0,0.0,Estimated
samsung_a867_eternity_2607,231241,241,2041,16,23,20,0,0.0,Estimated
samsung_e1110_2583,231241,241,2041,16,23,20,0,0.0,Estimated
samsung_t459_gravity_2588,231241,241,2041,16,23,20,0,0.0,Estimated
samsung_f275_3200,231241,241,2041,16,23,20,0,0.0,Estimated
samsung_f270_beat_2543,231241,241,2041,16,23,20,0,0.0,Estimated
samsung_galaxy_j1_4g_7034,231241,241,2041,16,23,20,0,0.0,Estimated
samsung_t919_behold_2587,231241,241,2041,16,23,20,0,0.0,Estimated
samsung_i7110_2559,231241,241,2041,16,38,20,0,0.0,Estimated
samsung_m8800_pixon_2535,482256,1256,4568,16,23,20,0,0.0,Excel Benchmark
samsung_galaxy_j7_nxt_8785,750000,1000,3300,21,40,25,0,0.0,Excel Benchmark
samsung_t339_2593,231241,241,2041,16,23,20,0,0.0,Estimated
samsung_m3200_beat_s_2528,231241,241,2041,16,23,20,0,0.0,Estimated
samsung_i907_epix_2566,231241,241,2041,16,23,20,0,0.0,Estimated
samsung_t229_2592,231241,241,2041,16,23,20,0,0.0,Estimated
samsung_c510_2545,231241,241,2041,16,23,20,0,0.0,Estimated
samsung_m7500_emporio_armani_2529,231241,241,2041,16,38,20,0,0.0,Estimated
samsung_a637_2551,231241,241,2041,16,23,20,0,0.0,Estimated
samsung_a237_2518,231241,241,2041,16,23,20,0,0.0,Estimated
samsung_a837_rugby_2530,231241,241,2041,16,23,20,0,0.0,Estimated
samsung_b210_2510,231241,241,2041,16,23,20,0,0.0,Estimated
samsung_m3510_beat_b_2509,231241,241,2041,16,23,20,0,0.0,Estimated
samsung_s3600_2539,231241,241,2041,16,23,20,0,0.0,Estimated
samsung_p270_2722,231241,241,2041,16,23,20,0,0.0,Estimated
samsung_b2700_2507,231241,241,2041,16,23,20,0,0.0,Estimated
samsung_a767_propel_2565,231241,241,2041,16,23,20,0,0.0,Estimated
samsung_f268_2506,231241,241,2041,16,23,20,0,0.0,Estimated
samsung_galaxy_tab_3_lite_7_0_ve_7110,207866,866,4398,16,23,25,0,0.0,Excel Benchmark
samsung_t109_2550,231241,241,2041,16,23,20,0,0.0,Estimated
samsung_m200_2508,231241,241,2041,16,23,20,0,0.0,Estimated
samsung_e200_eco_2505,231241,241,2041,16,23,20,0,0.0,Estimated
samsung_d980_2500,231241,241,2041,16,23,20,0,0.0,Estimated
samsung_m150_2466,231241,241,2041,16,23,20,0,0.0,Estimated
samsung_s7330_2487,231241,241,2041,16,23,20,0,0.0,Estimated
samsung_i8510_innov8_2471,231241,241,2041,16,23,20,0,0.0,Estimated
samsung_b130_2499,231241,241,2041,16,23,20,0,0.0,Estimated
samsung_m130_2489,231241,241,2041,16,23,20,0,0.0,Estimated
samsung_l700_2435,231241,241,2041,16,23,20,0,0.0,Estimated
samsung_m140_2490,231241,241,2041,16,23,20,0,0.0,Estimated
samsung_b320_2548,231241,241,2041,16,23,20,0,0.0,Estimated
samsung_c6620_2575,231241,241,2041,16,23,20,0,0.0,Estimated
samsung_j800_luxe_2436,231241,241,2041,16,23,20,0,0.0,Estimated
samsung_e215_2502,231241,241,2041,16,23,20,0,0.0,Estimated
samsung_galaxy_a7_duos_7132,536428,1028,3884,21,50,20,0,0.0,Excel Benchmark
samsung_galaxy_e5_6906,35000,120,450,16,40,20,0,0.0,Estimated
samsung_galaxy_e7_6879,35000,120,450,21,40,20,0,0.0,Estimated
samsung_galaxy_core_prime_6716,35000,120,450,16,23,20,0,0.0,Estimated
samsung_b510_2501,231241,241,2041,16,23,20,0,0.0,Estimated
samsung_galaxy_grand_max_6905,35000,120,450,21,30,20,0,0.0,Estimated
samsung_galaxy_a5_6761,35000,120,450,21,40,20,0,0.0,Estimated
samsung_galaxy_a5_duos_6802,35000,120,450,21,40,20,0,0.0,Estimated
samsung_galaxy_grand_prime_duos_tv_6790,35000,120,450,16,23,20,0,0.0,Estimated
samsung_galaxy_a3_duos_6803,35000,120,450,16,38,20,0,0.0,Estimated
samsung_i740_2472,231241,241,2041,16,23,20,0,0.0,Estimated
samsung_galaxy_s5_plus_6748,647046,2046,4938,23,50,40,0,0.0,Excel Benchmark
samsung_galaxy_pocket_2_4881,462081,2081,5043,16,23,20,0,0.0,Excel Benchmark
samsung_galaxy_v_6725,231241,241,2041,16,23,20,0,0.0,Estimated
samsung_galaxy_grand_prime_6708,35000,120,450,16,23,20,0,0.0,Estimated
samsung_galaxy_a7_6763,536428,1028,3884,21,50,20,0,0.0,Excel Benchmark
samsung_galaxy_note_4_duos_6749,647046,2046,4938,38,60,25,0,0.0,Excel Benchmark
samsung_galaxy_note_4_6434,647046,2046,4938,38,60,25,0,0.0,Excel Benchmark
samsung_galaxy_note_4__usa__6758,647046,2046,4938,38,60,25,0,0.0,Excel Benchmark
samsung_galaxy_mega_2_6482,300377,1177,5331,16,30,20,0,0.0,Excel Benchmark
samsung_gear_s_6620,30000,110,420,16,38,20,0,0.0,Estimated
samsung_galaxy_tab_active_lte_6658,30000,110,420,16,28,35,0,0.0,Estimated
samsung_galaxy_a3_6762,35000,120,450,16,38,20,0,0.0,Estimated
samsung_gear_2_neo_7715,607354,754,3062,16,38,20,0,0.0,Excel Benchmark
samsung_galaxy_gear_7716,559466,466,1198,16,38,20,0,0.0,Excel Benchmark
samsung_galaxy_alpha__s801__6580,90000,220,750,18,40,20,0,0.0,Excel Benchmark
samsung_gear_live_7714,30000,110,420,16,38,20,0,0.0,Estimated
samsung_galaxy_alpha_6573,45000,140,500,18,40,20,0,0.0,Estimated
samsung_i900_omnia_2422,231241,241,2041,16,23,20,0,0.0,Estimated
samsung_galaxy_s5_mini_duos_6563,231241,241,2041,16,40,20,0,0.0,Estimated
samsung_galaxy_avant_6542,30000,110,420,16,23,20,0,0.0,Estimated
samsung_guru_music_2_6651,231241,241,2041,16,23,20,0,0.0,Estimated
samsung_galaxy_s_duos_3_6662,231241,241,2041,16,23,20,0,0.0,Estimated
samsung_galaxy_ace_nxt_6534,231241,241,2041,16,23,20,0,0.0,Estimated
samsung_galaxy_tab_4_8_0__2015__6969,35000,120,450,16,23,35,0,0.0,Estimated
samsung_galaxy_note_edge_6631,647046,2046,4938,38,38,25,0,0.0,Excel Benchmark
samsung_gear_2_7717,607354,754,3062,16,38,20,0,0.0,Excel Benchmark
samsung_galaxy_s5_mini_6252,172502,302,1706,16,40,20,0,0.0,Excel Benchmark
samsung_galaxy_ace_4_lte_g313_6478,231241,241,2041,16,23,20,0,0.0,Estimated
samsung_galaxy_young_2_6480,231241,241,2041,16,23,20,0,0.0,Estimated
samsung_metro_312_6650,231241,241,2041,16,23,20,0,0.0,Estimated
samsung_galaxy_ace_style_lte_g357_6706,35000,120,450,16,38,20,0,0.0,Estimated
samsung_galaxy_core_ii_6331,231241,241,2041,16,23,20,0,0.0,Estimated
samsung_galaxy_s5_lte_a_g906s_6450,647046,2046,4938,23,60,40,0,0.0,Excel Benchmark
samsung_galaxy_s5_sport_6460,90000,220,750,23,50,20,0,0.0,Excel Benchmark
samsung_galaxy_tab_active_6659,30000,110,420,16,28,35,0,0.0,Estimated
samsung_galaxy_tab_s_8_4_6439,272390,590,3570,16,38,40,0,0.0,Excel Benchmark
samsung_galaxy_s5_lte_a_g901f_6576,647046,2046,4938,23,50,20,0,0.0,Excel Benchmark
samsung_galaxy_tab_s_8_4_lte_6435,85000,200,700,16,38,40,0,0.0,Excel Benchmark
samsung_galaxy_ace_4_6479,231241,241,2041,16,23,20,0,0.0,Estimated
samsung_i637_jack_2798,231241,241,2041,16,23,20,0,0.0,Estimated
samsung_galaxy_star_2_plus_6391,231241,241,2041,16,23,20,0,0.0,Estimated
samsung_s5200_2806,231241,241,2041,16,23,20,0,0.0,Estimated
samsung_c3060r_2804,231241,241,2041,16,23,20,0,0.0,Estimated
samsung_s3310_2812,231241,241,2041,16,23,20,0,0.0,Estimated
samsung_j165_2797,231241,241,2041,16,23,20,0,0.0,Estimated
samsung_a177_2796,231241,241,2041,16,23,20,0,0.0,Estimated
samsung_e1360_2784,231241,241,2041,16,23,20,0,0.0,Estimated
samsung_e1210_2783,231241,241,2041,16,23,20,0,0.0,Estimated
samsung_a877_impression_2760,231241,241,2041,16,38,20,0,0.0,Estimated
samsung_a167_2799,231241,241,2041,16,23,20,0,0.0,Estimated
samsung_a657_2781,231241,241,2041,16,23,20,0,0.0,Estimated
samsung_b2100_xplorer_2747,231241,241,2041,16,23,20,0,0.0,Estimated
samsung_galaxy_tab_s_10_5_lte_6235,85000,200,700,16,38,50,0,0.0,Excel Benchmark
samsung_i6210_2823,231241,241,2041,16,38,20,0,0.0,Estimated
samsung_s5230_star_2739,231241,241,2041,16,23,20,0,0.0,Estimated
samsung_propel_pro_2758,231241,241,2041,16,23,20,0,0.0,Estimated
samsung_i8910_omnia_hd_2691,231241,241,2041,16,38,20,0,0.0,Estimated
samsung_m6710_beat_disc_2692,231241,241,2041,16,23,20,0,0.0,Estimated
samsung_galaxy_star_2_6481,629166,2166,6298,16,23,20,0,0.0,Excel Benchmark
samsung_s8300_ultratouch_2667,482256,1256,4568,16,38,20,0,0.0,Excel Benchmark
samsung_s5600_preston_2738,231241,241,2041,16,23,20,0,0.0,Estimated
samsung_m7600_beat_dj_2684,231241,241,2041,16,38,20,0,0.0,Estimated
samsung_s3500_2696,231241,241,2041,16,23,20,0,0.0,Estimated
samsung_s3110_2697,231241,241,2041,16,23,20,0,0.0,Estimated
samsung_t349_2807,231241,241,2041,16,23,20,0,0.0,Estimated
samsung_s7350_ultra_s_2693,231241,241,2041,16,23,20,0,0.0,Estimated
samsung_c5220_2749,231241,241,2041,16,23,20,0,0.0,Estimated
samsung_t929_memoir_2663,231241,241,2041,16,23,20,0,0.0,Estimated
samsung_i7410_2698,231241,241,2041,16,23,20,0,0.0,Estimated
samsung_c3010_2707,231241,241,2041,16,23,20,0,0.0,Estimated
samsung_c3110_2655,231241,241,2041,16,23,20,0,0.0,Estimated
samsung_s7220_ultra_b_2695,231241,241,2041,16,38,20,0,0.0,Estimated
samsung_a257_magnet_2795,231241,241,2041,16,23,20,0,0.0,Estimated
samsung_e1120_2711,231241,241,2041,16,23,20,0,0.0,Estimated
samsung_e1100_2673,231241,241,2041,16,23,20,0,0.0,Estimated
samsung_c3050_stratus_2706,231241,241,2041,16,23,20,0,0.0,Estimated
samsung_c6625_2723,231241,241,2041,16,23,20,0,0.0,Estimated
samsung_e2210b_2712,231241,241,2041,16,23,20,0,0.0,Estimated
samsung_e1310_2710,231241,241,2041,16,23,20,0,0.0,Estimated
samsung_b520_2652,231241,241,2041,16,23,20,0,0.0,Estimated
samsung_b5702_2702,231241,241,2041,16,23,20,0,0.0,Estimated
samsung_c5212_2709,231241,241,2041,16,23,20,0,0.0,Estimated
samsung_i7500_galaxy_2791,15000,60,250,16,38,20,0,0.0,Estimated
samsung_sch_w699_3247,231241,241,2041,16,23,20,0,0.0,Estimated
samsung_s9402_ego_2616,231241,241,2041,16,38,20,0,0.0,Estimated
samsung_w299_duos_3246,231241,241,2041,16,23,20,0,0.0,Estimated
samsung_i9301i_galaxy_s3_neo_6433,30000,110,420,16,40,20,0,0.0,Estimated
samsung_e2100b_2674,231241,241,2041,16,23,20,0,0.0,Estimated
samsung_galaxy_w_6404,231241,241,2041,16,25,25,0,0.0,Estimated
samsung_galaxy_k_zoom_6210,846322,2122,5166,46,40,20,0,0.0,Excel Benchmark
samsung_z_6403,231241,241,2041,16,40,20,0,0.0,Estimated
samsung_galaxy_s5_active_6356,90000,220,750,23,50,20,0,0.0,Excel Benchmark
samsung_w259_duos_3463,231241,241,2041,16,23,20,0,0.0,Estimated
samsung_p250_2782,231241,241,2041,16,23,20,0,0.0,Estimated
samsung_galaxy_beam2_6328,231241,241,2041,16,23,20,0,0.0,Estimated
samsung_ativ_se_6245,85000,200,700,21,50,20,0,0.0,Excel Benchmark
samsung_s3030_tobi_2610,231241,241,2041,16,23,20,0,0.0,Estimated
samsung_i9300i_galaxy_s3_neo_6289,30000,110,420,16,40,20,0,0.0,Estimated
samsung_galaxy_tab_4_7_0_3g_6250,180000,750,1400,16,23,35,0,0.0,Excel Benchmark
samsung_galaxy_tab_4_7_0_lte_6241,172502,302,1706,16,23,35,0,0.0,Excel Benchmark
samsung_galaxy_tab_4_8_0_6249,30000,110,420,16,23,35,0,0.0,Estimated
samsung_galaxy_tab_4_10_1_6247,30000,110,420,16,23,50,0,0.0,Estimated
samsung_galaxy_tab_4_10_1_3g_6246,231241,241,2041,16,23,50,0,0.0,Estimated
samsung_galaxy_tab_4_8_0_lte_6240,231241,241,2041,16,23,35,0,0.0,Estimated
samsung_galaxy_tab_4_8_0_3g_6248,231241,241,2041,16,23,35,0,0.0,Estimated
samsung_i8200_galaxy_s_iii_mini_ve_6190,231241,241,2041,16,38,20,0,0.0,Estimated
samsung_galaxy_s5_duos_6272,90000,220,750,23,50,40,0,0.0,Excel Benchmark
samsung_galaxy_s5__octa_core__6237,478465,1665,3795,23,50,40,0,0.0,Excel Benchmark
samsung_galaxy_s5__usa__6338,90000,220,750,23,50,40,0,0.0,Excel Benchmark
samsung_galaxy_core_lite_lte_6432,231241,241,2041,16,23,20,0,0.0,Estimated
samsung_galaxy_s5_6033,90000,220,750,23,50,40,0,0.0,Excel Benchmark
samsung_galaxy_core_lte_g386w_6846,231241,241,2041,16,23,20,0,0.0,Estimated
samsung_galaxy_core_lte_6099,231241,241,2041,16,23,20,0,0.0,Estimated
samsung_e1272_6170,231241,241,2041,16,23,20,0,0.0,Estimated
samsung_galaxy_tab_4_7_0_6251,180000,750,1400,16,23,35,0,0.0,Excel Benchmark
samsung_galaxy_star_trios_s5283_6054,402467,1267,3601,16,23,20,0,0.0,Excel Benchmark
samsung_s5611_6505,231241,241,2041,16,23,20,0,0.0,Estimated
samsung_galaxy_note_3_neo_duos_6015,30000,110,420,16,40,25,0,0.0,Estimated
samsung_galaxy_ace_style_6284,231241,241,2041,16,23,20,0,0.0,Estimated
samsung_e1125_2675,231241,241,2041,16,23,20,0,0.0,Estimated
samsung_galaxy_tab_3_lite_7_0_3g_5975,130000,550,1000,16,23,25,0,0.0,Excel Benchmark
samsung_galaxy_note_pro_12_2_lte_5945,85000,200,700,16,28,50,0,0.0,Excel Benchmark
samsung_galaxy_tab_3_lite_7_0_5969,130000,550,1000,16,23,25,0,0.0,Excel Benchmark
samsung_galaxy_note_pro_12_2_3g_5944,272390,590,3570,16,28,50,0,0.0,Excel Benchmark
samsung_galaxy_tab_pro_12_2_lte_5943,85000,200,700,16,28,50,0,0.0,Excel Benchmark
samsung_galaxy_note_pro_12_2_6048,272390,590,3570,16,28,50,0,0.0,Excel Benchmark
samsung_galaxy_tab_4_10_1_lte_6239,231241,241,2041,16,23,50,0,0.0,Estimated
samsung_e1070_2672,231241,241,2041,16,23,20,0,0.0,Estimated
samsung_galaxy_tab_pro_12_2_6212,272390,590,3570,16,28,50,0,0.0,Excel Benchmark
samsung_galaxy_tab_pro_10_1_lte_5941,85000,200,700,16,28,50,0,0.0,Excel Benchmark
samsung_galaxy_tab_s_10_5_6438,272390,590,3570,16,38,50,0,0.0,Excel Benchmark
samsung_galaxy_tab_pro_10_1_5940,272390,590,3570,16,28,50,0,0.0,Excel Benchmark
samsung_galaxy_tab_pro_12_2_3g_5942,272390,590,3570,16,28,50,0,0.0,Excel Benchmark
samsung_g3812b_galaxy_s3_slim_6209,231241,241,2041,16,23,20,0,0.0,Estimated
samsung_galaxy_s4_active_lte_a_5889,85000,200,700,21,35,20,0,0.0,Excel Benchmark
samsung_t939_behold_2_2955,231241,241,2041,16,38,20,0,0.0,Estimated
samsung_galaxy_core_advance_5904,231241,241,2041,16,23,20,0,0.0,Estimated
samsung_galaxy_tab_pro_8_4_5946,85000,200,700,16,28,40,0,0.0,Excel Benchmark
samsung_galaxy_camera_2_gc200_5928,231241,241,2041,31,30,20,0,0.0,Estimated
samsung_vodafone_360_h1_2954,231241,241,2041,16,38,20,0,0.0,Estimated
samsung_galaxy_grand_neo_5958,628755,1955,4665,16,23,20,0,0.0,Excel Benchmark
samsung_w880_amoled_12m_2948,231241,241,2041,31,38,20,0,0.0,Estimated
samsung_b3210_corbytxt_2943,231241,241,2041,16,23,20,0,0.0,Estimated
samsung_b5310_corbypro_2944,231241,241,2041,16,23,20,0,0.0,Estimated
samsung_galaxy_tab_pro_8_4_3g_lte_6049,85000,200,700,16,28,40,0,0.0,Excel Benchmark
samsung_b7330_omniapro_2940,231241,241,2041,16,23,20,0,0.0,Estimated
samsung_vodafone_360_m1_2953,231241,241,2041,16,23,20,0,0.0,Estimated
samsung_e1080t_2941,231241,241,2041,16,23,20,0,0.0,Estimated
samsung_s5510_2952,231241,241,2041,16,23,20,0,0.0,Estimated
samsung_e1085t_2988,231241,241,2041,16,23,20,0,0.0,Estimated
samsung_s5230w_star_wifi_2935,231241,241,2041,16,23,20,0,0.0,Estimated
samsung_galaxy_note_3_neo_5961,846322,2122,5166,16,40,25,0,0.0,Excel Benchmark
samsung_s7550_blue_earth_2931,231241,241,2041,16,23,20,0,0.0,Estimated
samsung_s3650_corby_2908,231241,241,2041,16,23,20,0,0.0,Estimated
samsung_b3310_2907,231241,241,2041,16,23,20,0,0.0,Estimated
samsung_u450_doubletake_3440,231241,241,2041,16,23,20,0,0.0,Estimated
samsung_c3212_2902,231241,241,2041,16,23,20,0,0.0,Estimated
samsung_i220_code_3441,231241,241,2041,16,23,20,0,0.0,Estimated
samsung_galaxy_j_5887,85000,200,700,23,50,20,0,0.0,Excel Benchmark
samsung_r520_trill_3443,231241,241,2041,16,23,20,0,0.0,Estimated
samsung_r860_caliber_3442,231241,241,2041,16,23,20,0,0.0,Estimated
samsung_u960_rogue_3472,231241,241,2041,16,38,20,0,0.0,Estimated
samsung_m900_moment_3464,231241,241,2041,16,38,20,0,0.0,Estimated
samsung_i350_intrepid_3465,231241,241,2041,16,23,20,0,0.0,Estimated
samsung_m850_instinct_hd_3466,231241,241,2041,16,23,20,0,0.0,Estimated
samsung_s3100_2901,231241,241,2041,16,23,20,0,0.0,Estimated
samsung_f480i_2987,231241,241,2041,16,23,20,0,0.0,Estimated
samsung_a887_solstice_2891,231241,241,2041,16,23,20,0,0.0,Estimated
samsung_t559_comeback_2883,231241,241,2041,16,23,20,0,0.0,Estimated
samsung_s9110_2885,231241,241,2041,16,23,20,0,0.0,Estimated
samsung_t469_gravity_2_2884,231241,241,2041,16,23,20,0,0.0,Estimated
samsung_s5600v_blade_2860,231241,241,2041,16,23,20,0,0.0,Estimated
samsung_t746_impact_2870,231241,241,2041,16,23,20,0,0.0,Estimated
samsung_s6700_2855,231241,241,2041,16,23,20,0,0.0,Estimated
samsung_c5510_2856,231241,241,2041,16,23,20,0,0.0,Estimated
samsung_w850_3349,745019,1419,3057,16,38,20,0,0.0,Excel Benchmark
samsung_m2310_2853,231241,241,2041,16,23,20,0,0.0,Estimated
samsung_s8000_jet_2835,745019,1419,3057,16,38,20,0,0.0,Excel Benchmark
samsung_s5233t_3235,231241,241,2041,16,23,20,0,0.0,Estimated
samsung_m2510_2854,231241,241,2041,16,23,20,0,0.0,Estimated
samsung_i8000_omnia_ii_2836,231241,241,2041,16,38,20,0,0.0,Estimated
samsung_b7320_omniapro_2838,411432,1232,2496,16,23,20,0,0.0,Excel Benchmark
samsung_b7300_omnialite_2837,231241,241,2041,16,23,20,0,0.0,Estimated
samsung_b7610_omniapro_2834,231241,241,2041,16,38,20,0,0.0,Estimated
samsung_u450_intensity_3471,231241,241,2041,16,23,20,0,0.0,Estimated
samsung_m2710_beat_twist_2816,231241,241,2041,16,23,20,0,0.0,Estimated
samsung_e2120_2900,231241,241,2041,16,23,20,0,0.0,Estimated
samsung_s5050_2808,231241,241,2041,16,38,20,0,0.0,Estimated
samsung_e1107_crest_solar_2829,231241,241,2041,16,23,20,0,0.0,Estimated
samsung_galaxy_win_pro_g3812_5886,231241,241,2041,16,28,20,0,0.0,Estimated
samsung_galaxy_grand_2_5862,30000,110,420,16,25,20,0,0.0,Estimated
samsung_c3590_5846,231241,241,2041,16,23,20,0,0.0,Estimated
samsung_galaxy_express_2_5803,12000,50,200,16,23,20,0,0.0,Estimated
samsung_galaxy_light_5786,231241,241,2041,16,28,20,0,0.0,Estimated
samsung_i9230_galaxy_golden_5814,30000,110,420,16,38,20,0,0.0,Estimated
samsung_galaxy_fresh_s7390_5841,231241,241,2041,16,23,20,0,0.0,Estimated
samsung_galaxy_fame_lite_duos_s6792l_6216,231241,241,2041,16,23,20,0,0.0,Estimated
samsung_galaxy_fame_lite_s6790_6213,231241,241,2041,16,23,20,0,0.0,Estimated
samsung_galaxy_core_plus_5842,231241,241,2041,16,23,20,0,0.0,Estimated
samsung_galaxy_s_duos_2_s7582_5876,306560,760,4080,16,23,20,0,0.0,Excel Benchmark
samsung_i6220_star_tv_2930,231241,241,2041,16,23,20,0,0.0,Estimated
samsung_galaxy_star_pro_s7260_5749,231241,241,2041,16,23,20,0,0.0,Estimated
samsung_galaxy_note_10_1__2014__5677,85000,200,700,16,28,50,0,0.0,Excel Benchmark
samsung_galaxy_round_g910s_5766,85000,200,700,23,50,20,0,0.0,Excel Benchmark
samsung_gravity_q_t289_5599,231241,241,2041,16,23,20,0,0.0,Estimated
samsung_ativ_s_neo_5548,231241,241,2041,16,25,20,0,0.0,Estimated
samsung_galaxy_prevail_2_5597,700000,900,3100,16,23,20,0,0.0,Excel Benchmark
samsung_galaxy_note_3_5665,85000,200,700,23,50,25,0,0.0,Excel Benchmark
samsung_t659_scarlet_2933,231241,241,2041,16,23,20,0,0.0,Estimated
samsung_galaxy_s_ii_tv_6785,231241,241,2041,16,23,20,0,0.0,Estimated
samsung_galaxy_s4_zoom_5447,100000,250,900,51,38,20,0,0.0,Excel Benchmark
samsung_i9190_galaxy_s4_mini_5375,30000,110,420,16,38,20,0,0.0,Estimated
samsung_m8910_pixon12_2813,231241,241,2041,16,38,20,0,0.0,Estimated
samsung_i9295_galaxy_s4_active_5446,679242,1042,2926,16,35,20,0,0.0,Excel Benchmark
samsung_ch_t_333_5634,231241,241,2041,16,23,20,0,0.0,Estimated
samsung_galaxy_exhibit_t599_5468,708967,1767,4101,16,28,20,0,0.0,Excel Benchmark
samsung_galaxy_tab_3_10_1_p5200_5490,50000,150,500,16,23,50,0,0.0,Estimated
samsung_galaxy_tab_3_8_0_5456,25000,90,350,16,23,35,0,0.0,Estimated
samsung_galaxy_tab_3_7_0_5422,130000,550,1000,16,23,35,0,0.0,Excel Benchmark
samsung_galaxy_mega_6_3_i9200_5398,30000,110,420,16,30,25,0,0.0,Estimated
samsung_galaxy_ace_3_5479,277292,1092,3076,16,23,20,0,0.0,Excel Benchmark
samsung_galaxy_trend_ii_duos_s7572_5394,231241,241,2041,16,23,20,0,0.0,Estimated
samsung_galaxy_tab_3_10_1_p5220_5491,50000,150,500,16,23,50,0,0.0,Estimated
samsung_galaxy_win_i8550_5392,95000,240,850,16,23,20,0,0.0,Excel Benchmark
samsung_galaxy_star_s5280_5314,231241,241,2041,16,23,20,0,0.0,Estimated
samsung_i9500_galaxy_s4_5125,35000,120,450,21,50,40,0,0.0,Estimated
samsung_galaxy_mega_5_8_i9150_5396,231241,241,2041,16,23,20,0,0.0,Estimated
samsung_i9502_galaxy_s4_5420,35000,120,450,21,50,40,0,0.0,Estimated
samsung_galaxy_note_8_0_5252,100000,250,800,16,23,40,0,0.0,Excel Benchmark
samsung_galaxy_y_plus_s5303_5357,231241,241,2041,16,23,20,0,0.0,Estimated
samsung_galaxy_tab_3_10_1_p5210_5478,50000,150,500,16,23,50,0,0.0,Estimated
samsung_galaxy_note_8_0_wi_fi_5253,100000,250,800,16,23,40,0,0.0,Excel Benchmark
samsung_i9506_galaxy_s4_5542,85000,200,700,21,50,40,0,0.0,Excel Benchmark
samsung_rex_80_s5222r_5300,231241,241,2041,16,23,20,0,0.0,Estimated
samsung_galaxy_s4_cdma_5388,679242,1042,2926,21,50,40,0,0.0,Excel Benchmark
samsung_galaxy_pocket_neo_s5310_5391,231241,241,2041,16,23,20,0,0.0,Estimated
samsung_galaxy_a_3294,45000,140,500,16,38,20,0,0.0,Estimated
samsung_i6500u_galaxy_3002,231241,241,2041,16,38,20,0,0.0,Estimated
samsung_i9000_galaxy_s_3115,449037,1837,5311,16,38,20,0,0.0,Excel Benchmark
samsung_galaxy_core_i8260_5419,12000,50,200,16,23,20,0,0.0,Estimated
samsung_corby_tv_f339_3272,231241,241,2041,16,23,20,0,0.0,Estimated
samsung_galaxy_tab_3_7_0_wifi_5423,130000,550,1000,16,23,35,0,0.0,Excel Benchmark
samsung_e1170_3332,231241,241,2041,16,23,20,0,0.0,Estimated
samsung_rex_60_c3312r_5298,231241,241,2041,16,23,20,0,0.0,Estimated
samsung_a687_strive_3232,231241,241,2041,16,23,20,0,0.0,Estimated
samsung_a697_sunburst_3231,231241,241,2041,16,23,20,0,0.0,Estimated
samsung_rex_70_s3802_5299,231241,241,2041,16,23,20,0,0.0,Estimated
samsung_s3650w_corby_3047,231241,241,2041,16,23,20,0,0.0,Estimated
samsung_s8500_wave_3146,449037,1837,5311,16,38,20,0,0.0,Excel Benchmark
samsung_metro_tv_3273,231241,241,2041,16,23,20,0,0.0,Estimated
samsung_i8520_galaxy_beam_3150,231241,241,2041,16,38,20,0,0.0,Estimated
samsung_b3410w_ch_t_3151,231241,241,2041,16,23,20,0,0.0,Estimated
samsung_m3710_corby_beat_3091,231241,241,2041,16,23,20,0,0.0,Estimated
samsung_e2550_monte_slider_3148,231241,241,2041,16,23,20,0,0.0,Estimated
samsung_s5620_monte_3117,231241,241,2041,16,23,20,0,0.0,Estimated
samsung_s5550_shark_2_3074,231241,241,2041,16,38,20,0,0.0,Estimated
samsung_s3550_shark_3_3085,231241,241,2041,16,23,20,0,0.0,Estimated
samsung_e2370_xcover_3152,231241,241,2041,16,23,20,0,0.0,Estimated
samsung_w9705_3243,231241,241,2041,16,23,20,0,0.0,Estimated
samsung_s5350_shark_3086,231241,241,2041,16,23,20,0,0.0,Estimated
samsung_e1150_3194,231241,241,2041,16,23,20,0,0.0,Estimated
samsung_m2520_beat_techno_3084,231241,241,2041,16,23,20,0,0.0,Estimated
samsung_rex_90_s5292_5301,231241,241,2041,16,23,20,0,0.0,Estimated
samsung_c6112_3018,231241,241,2041,16,23,20,0,0.0,Estimated
samsung_s7070_diva_3030,231241,241,2041,16,23,20,0,0.0,Estimated
samsung_c3510_genoa_3068,231241,241,2041,16,23,20,0,0.0,Estimated
samsung_i9505_galaxy_s4_5371,679242,1042,2926,21,50,40,0,0.0,Excel Benchmark
samsung_c3730c_3048,231241,241,2041,16,23,20,0,0.0,Estimated
samsung_m3310l_3347,231241,241,2041,16,23,20,0,0.0,Estimated
samsung_a897_mythic_2996,231241,241,2041,16,23,20,0,0.0,Estimated
samsung_t139_3123,231241,241,2041,16,23,20,0,0.0,Estimated
samsung_c3200_monte_bar_3149,231241,241,2041,16,23,20,0,0.0,Estimated
samsung_a797_flight_3011,231241,241,2041,16,23,20,0,0.0,Estimated
samsung_b5722_3017,231241,241,2041,16,23,20,0,0.0,Estimated
samsung_s5500_eco_2995,231241,241,2041,16,23,20,0,0.0,Estimated
samsung_c5130_2994,231241,241,2041,16,23,20,0,0.0,Estimated
samsung_s5630c_3003,231241,241,2041,16,23,20,0,0.0,Estimated
samsung_s5560_marvel_2989,231241,241,2041,16,23,20,0,0.0,Estimated
samsung_m5650_lindy_3049,231241,241,2041,16,23,20,0,0.0,Estimated
samsung_i5700_galaxy_spica_2965,231241,241,2041,16,23,20,0,0.0,Estimated
samsung_s3370_3234,231241,241,2041,16,23,20,0,0.0,Estimated
samsung_a886_forever_3088,231241,241,2041,16,23,20,0,0.0,Estimated
samsung_t401g_2975,231241,241,2041,16,23,20,0,0.0,Estimated
samsung_e1130b_2977,231241,241,2041,16,23,20,0,0.0,Estimated
samsung_e1160_2978,231241,241,2041,16,23,20,0,0.0,Estimated
samsung_metro_e2202_5312,231241,241,2041,16,23,20,0,0.0,Estimated
samsung_e2130_2992,231241,241,2041,16,23,20,0,0.0,Estimated
samsung_m715_t_omnia_ii_3350,231241,241,2041,16,38,20,0,0.0,Estimated
samsung_galaxy_young_s6310_5280,215427,227,481,16,23,20,0,0.0,Excel Benchmark
samsung_galaxy_express_i8730_5271,30000,110,420,16,38,20,0,0.0,Estimated
samsung_s7710_galaxy_xcover_2_5263,231241,241,2041,16,23,20,0,0.0,Estimated
samsung_m3310_3016,231241,241,2041,16,23,20,0,0.0,Estimated
samsung_e1390_2979,231241,241,2041,16,23,20,0,0.0,Estimated
samsung_b3410_2993,231241,241,2041,16,23,20,0,0.0,Estimated
samsung_b7620_giorgio_armani_2966,231241,241,2041,16,38,20,0,0.0,Estimated
samsung_galaxy_grand_i9082_5163,231241,241,2041,16,23,20,0,0.0,Estimated
samsung_galaxy_grand_i9080_5162,231241,241,2041,16,23,20,0,0.0,Estimated
samsung_e1282t_5362,231241,241,2041,16,23,20,0,0.0,Estimated
samsung_e1207t_5361,231241,241,2041,16,23,20,0,0.0,Estimated
samsung_star_deluxe_duos_s5292_5059,231241,241,2041,16,23,20,0,0.0,Estimated
samsung_s5150_diva_folder_3031,231241,241,2041,16,23,20,0,0.0,Estimated
samsung_galaxy_axiom_r830_5144,231241,241,2041,16,23,20,0,0.0,Estimated
samsung_galaxy_note_lte_10_1_n8020_5151,100000,250,800,16,28,50,0,0.0,Excel Benchmark
samsung_galaxy_fame_s6810_5279,231241,241,2041,16,23,20,0,0.0,Estimated
samsung_galaxy_discover_s730m_5111,402467,1267,3601,16,23,20,0,0.0,Excel Benchmark
samsung_galaxy_premier_i9260_5047,484857,1657,5771,16,40,20,0,0.0,Excel Benchmark
samsung_google_nexus_10_p8110_5084,579032,832,3296,16,28,50,0,0.0,Excel Benchmark
samsung_comment_2_r390c_5079,231241,241,2041,16,23,20,0,0.0,Estimated
samsung_galaxy_stratosphere_ii_i415_5124,12000,50,200,16,38,20,0,0.0,Estimated
samsung_galaxy_music_s6010_5026,231241,241,2041,16,23,20,0,0.0,Estimated
samsung_galaxy_rugby_pro_i547_5019,12000,50,200,16,38,20,0,0.0,Estimated
samsung_galaxy_music_duos_s6012_5027,231241,241,2041,16,23,20,0,0.0,Estimated
samsung_ativ_odyssey_i930_5221,12000,50,200,16,38,20,0,0.0,Estimated
samsung_galaxy_express_i437_5018,12000,50,200,16,38,20,0,0.0,Estimated
samsung_ch_t_357_4931,231241,241,2041,16,23,20,0,0.0,Estimated
samsung_a997_rugby_iii_5146,231241,241,2041,16,23,20,0,0.0,Estimated
samsung_ativ_tab_p8510_5081,764727,1527,3381,16,28,50,0,0.0,Excel Benchmark
samsung_i9305_galaxy_s_iii_5001,100000,250,800,16,40,20,0,0.0,Excel Benchmark
samsung_galaxy_victory_4g_lte_l300_4992,12000,50,200,16,23,20,0,0.0,Estimated
samsung_galaxy_pop_shv_e220_5272,100000,250,800,16,40,20,0,0.0,Excel Benchmark
samsung_galaxy_s_relay_4g_t699_4914,12000,50,200,16,38,20,0,0.0,Estimated
samsung_galaxy_pocket_duos_s5302_4965,231241,241,2041,16,23,20,0,0.0,Estimated
samsung_champ_neo_duos_c3262_4999,231241,241,2041,16,23,20,0,0.0,Estimated
samsung_galaxy_rush_m830_4957,700000,900,3100,16,23,20,0,0.0,Excel Benchmark
samsung_galaxy_note_ii_n7100_4854,100000,250,800,16,40,25,0,0.0,Excel Benchmark
samsung_galaxy_reverb_m950_4953,700000,900,3100,16,28,20,0,0.0,Excel Benchmark
samsung_ativ_s_i8750_4960,12000,50,200,16,40,20,0,0.0,Estimated
samsung_galaxy_camera_gc100_4961,100000,250,800,31,30,20,0,0.0,Excel Benchmark
samsung_galaxy_stellar_4g_i200_4954,12000,50,200,16,23,20,0,0.0,Estimated
samsung_galaxy_note_10_1_n8000_4573,100000,250,800,16,23,50,0,0.0,Excel Benchmark
samsung_galaxy_note_10_1_n8010_4670,100000,250,800,16,28,50,0,0.0,Excel Benchmark
samsung_array_m390_4909,160893,493,2279,16,23,20,0,0.0,Excel Benchmark
samsung_manhattan_e3300_5342,231241,241,2041,16,23,20,0,0.0,Estimated
samsung_e2262_5341,231241,241,2041,16,23,20,0,0.0,Estimated
samsung_i9105_galaxy_s_ii_plus_5213,555985,1185,3355,16,38,20,0,0.0,Excel Benchmark
samsung_galaxy_s_duos_s7562_4883,215427,227,481,16,23,20,0,0.0,Excel Benchmark
samsung_galaxy_s_lightray_4g_r940_4900,20000,80,300,16,38,20,0,0.0,Estimated
samsung_e1260b_5311,231241,241,2041,16,23,20,0,0.0,Estimated
samsung_r580_profile_3671,231241,241,2041,16,23,20,0,0.0,Estimated
samsung_i909_galaxy_s_3487,449037,1837,5311,16,38,20,0,0.0,Excel Benchmark
samsung_galaxy_note_ii_cdma_5152,100000,250,800,16,40,25,0,0.0,Excel Benchmark
samsung_a220_f_nori_3750,231241,241,2041,16,23,20,0,0.0,Estimated
samsung_r570_messenger_iii_3614,231241,241,2041,16,23,20,0,0.0,Estimated
samsung_m130k_galaxy_k_3584,449037,1837,5311,16,38,20,0,0.0,Excel Benchmark
samsung_mesmerize_i500_3580,449037,1837,5311,16,38,20,0,0.0,Excel Benchmark
samsung_galaxy_551_3515,374909,1309,2727,16,23,20,0,0.0,Excel Benchmark
samsung_r360_freeform_ii_3579,231241,241,2041,16,23,20,0,0.0,Estimated
samsung_i8190_galaxy_s_iii_mini_5033,708967,1767,4101,16,38,20,0,0.0,Excel Benchmark
samsung_xcover_271_3415,231241,241,2041,16,23,20,0,0.0,Estimated
samsung_c3752_4638,231241,241,2041,16,23,20,0,0.0,Estimated
samsung_m920_transform_3581,231241,241,2041,16,23,20,0,0.0,Estimated
samsung_r900_craft_3531,231241,241,2041,16,38,20,0,0.0,Estimated
samsung_a200k_nori_f_3752,231241,241,2041,16,23,20,0,0.0,Estimated
samsung_s7230e_wave_723_3493,231241,241,2041,16,23,20,0,0.0,Estimated
samsung_s5530_3368,231241,241,2041,16,23,20,0,0.0,Estimated
samsung_c3750_4087,231241,241,2041,16,23,20,0,0.0,Estimated
samsung_u360_gusto_3482,231241,241,2041,16,23,20,0,0.0,Estimated
samsung_fascinate_3492,449037,1837,5311,16,38,20,0,0.0,Excel Benchmark
samsung_t669_gravity_t_3336,231241,241,2041,16,23,20,0,0.0,Estimated
samsung_galaxy_tab_2_7_0_i705_4923,12000,50,200,16,28,35,0,0.0,Estimated
samsung_a927_flight_ii_3467,231241,241,2041,16,23,20,0,0.0,Estimated
samsung____smiley_3334,231241,241,2041,16,23,20,0,0.0,Estimated
samsung_b7350_omnia_pro_4_3401,231241,241,2041,16,23,20,0,0.0,Estimated
samsung_e2152_3448,231241,241,2041,16,23,20,0,0.0,Estimated
samsung_i897_captivate_3408,449037,1837,5311,16,38,20,0,0.0,Excel Benchmark
samsung_c5010_squash_3333,231241,241,2041,16,23,20,0,0.0,Estimated
samsung_u320_haven_3433,231241,241,2041,16,23,20,0,0.0,Estimated
samsung_vibrant_3416,449037,1837,5311,16,38,20,0,0.0,Excel Benchmark
samsung_u460_intensity_ii_3450,231241,241,2041,16,23,20,0,0.0,Estimated
samsung_t479_gravity_3_3335,231241,241,2041,16,23,20,0,0.0,Estimated
samsung_epic_4g_3410,449037,1837,5311,16,38,20,0,0.0,Excel Benchmark
samsung_i225_exec_3436,231241,241,2041,16,23,20,0,0.0,Estimated
samsung_r360_messenger_touch_3435,231241,241,2041,16,23,20,0,0.0,Estimated
samsung_intercept_3429,231241,241,2041,16,23,20,0,0.0,Estimated
samsung_t369_3928,231241,241,2041,16,23,20,0,0.0,Estimated
samsung_r351_freeform_3439,231241,241,2041,16,23,20,0,0.0,Estimated
samsung_m130l_galaxy_u_3490,231241,241,2041,16,38,20,0,0.0,Estimated
samsung_s5330_wave533_3399,231241,241,2041,16,23,20,0,0.0,Estimated
samsung_acclaim_3430,231241,241,2041,16,23,20,0,0.0,Estimated
samsung_e1200_pusha_4919,231241,241,2041,16,23,20,0,0.0,Estimated
samsung_a847_rugby_ii_3355,231241,241,2041,16,23,20,0,0.0,Estimated
samsung_c3300k_champ_3346,231241,241,2041,16,23,20,0,0.0,Estimated
samsung_b7722_3362,231241,241,2041,16,23,20,0,0.0,Estimated
samsung_i5800_galaxy_3_3395,231241,241,2041,16,23,20,0,0.0,Estimated
samsung_i5801_galaxy_apollo_3432,231241,241,2041,16,23,20,0,0.0,Estimated
samsung_w960_amoled_3d_3319,231241,241,2041,16,38,20,0,0.0,Estimated
samsung_i5500_galaxy_5_3371,231241,241,2041,16,23,20,0,0.0,Estimated
samsung_m110s_galaxy_s_3418,449037,1837,5311,16,38,20,0,0.0,Excel Benchmark
samsung_galaxy_chat_b5330_4866,231241,241,2041,16,23,20,0,0.0,Estimated
samsung_m570_restore_3438,231241,241,2041,16,23,20,0,0.0,Estimated
samsung_u485_intensity_iii_4865,231241,241,2041,16,23,20,0,0.0,Estimated
samsung_galaxy_i8250_4857,231241,241,2041,16,23,20,0,0.0,Estimated
samsung_galaxy_tab_8_9_4g_p7320t_4769,248158,758,3074,16,28,50,0,0.0,Excel Benchmark
samsung_m350_seek_3434,231241,241,2041,16,23,20,0,0.0,Estimated
samsung_galaxy_ace_duos_s6802_4777,231241,241,2041,16,23,20,0,0.0,Estimated
samsung_e2252_4870,231241,241,2041,16,23,20,0,0.0,Estimated
samsung_c3782_evan_4753,231241,241,2041,16,23,20,0,0.0,Estimated
samsung_s5250_wave525_3400,231241,241,2041,16,23,20,0,0.0,Estimated
samsung_c3780_4851,231241,241,2041,16,23,20,0,0.0,Estimated
samsung_omnia_m_s7530_4750,231241,241,2041,16,38,20,0,0.0,Estimated
samsung_i9500_fraser_4752,20000,80,300,16,40,20,0,0.0,Estimated
samsung_galaxy_proclaim_s720c_4754,231241,241,2041,16,23,20,0,0.0,Estimated
samsung_focus_2_i667_4745,30000,100,350,16,38,20,0,0.0,Estimated
samsung_galaxy_s_iii_t999_4804,12000,50,200,16,40,20,0,0.0,Estimated
samsung_galaxy_s_iii_cdma_4799,12000,50,200,16,40,20,0,0.0,Estimated
samsung_galaxy_s_iii_i747_4803,12000,50,200,16,40,20,0,0.0,Estimated
samsung_u380_brightside_4641,231241,241,2041,16,23,20,0,0.0,Estimated
samsung_galaxy_pocket_s5300_4612,231241,241,2041,16,23,20,0,0.0,Estimated
samsung_galaxy_pocket_plus_s5301_5461,231241,241,2041,16,23,20,0,0.0,Estimated
samsung_i8530_galaxy_beam_4566,603620,1820,4260,16,23,20,0,0.0,Excel Benchmark
samsung_galaxy_tab_2_10_1_cdma_5592,12000,50,200,16,28,50,0,0.0,Estimated
samsung_galaxy_tab_2_10_1_p5100_4567,45000,140,500,16,28,50,0,0.0,Estimated
samsung_galaxy_tab_2_10_1_p5110_4669,45000,140,500,16,28,50,0,0.0,Estimated
samsung_rugby_smart_i847_4564,646741,741,4023,16,38,20,0,0.0,Excel Benchmark
samsung_w999_4660,170000,350,1300,16,38,20,0,0.0,Excel Benchmark
samsung_galaxy_ace_2_i8160_4559,603620,1820,4260,16,28,20,0,0.0,Excel Benchmark
samsung_galaxy_ace_advance_s6800_5114,231241,241,2041,16,23,20,0,0.0,Estimated
samsung_galaxy_appeal_i827_4771,402467,1267,3601,16,23,20,0,0.0,Excel Benchmark
samsung_galaxy_mini_2_s6500_3883,215427,227,481,16,23,20,0,0.0,Excel Benchmark
samsung_i9300_galaxy_s_iii_4238,100000,250,800,16,40,20,0,0.0,Excel Benchmark
samsung_galaxy_pop_plus_s5570i_4544,374909,1309,2727,16,23,20,0,0.0,Excel Benchmark
samsung_galaxy_ace_duos_i589_4548,244070,270,610,16,23,20,0,0.0,Excel Benchmark
samsung_galaxy_tab_2_7_0_p3100_4543,45000,140,500,16,28,35,0,0.0,Estimated
samsung_c3312_duos_4403,231241,241,2041,16,23,20,0,0.0,Estimated
samsung_galaxy_ace_ii_x_s7560m_5340,231241,241,2041,16,23,20,0,0.0,Estimated
samsung_star_3_s5220_4448,231241,241,2041,16,23,20,0,0.0,Estimated
samsung_galaxy_player_70_plus_4633,231241,241,2041,16,28,20,0,0.0,Estimated
samsung_galaxy_nexus_i9250m_4432,170000,350,1300,16,40,20,0,0.0,Excel Benchmark
samsung_e2350b_5343,231241,241,2041,16,23,20,0,0.0,Estimated
samsung_galaxy_attain_4g_4431,231241,241,2041,16,23,20,0,0.0,Estimated
samsung_galaxy_tab_7_7_lte_i815_4419,20000,80,300,16,38,45,0,0.0,Estimated
samsung_galaxy_s_ii_skyrocket_hd_i757_4414,231241,241,2041,16,40,20,0,0.0,Estimated
samsung_i9070_galaxy_s_advance_4469,603620,1820,4260,16,38,20,0,0.0,Excel Benchmark
samsung_galaxy_s_blaze_4g_t769_4420,50000,150,500,16,38,20,0,0.0,Estimated
samsung_exhilarate_i577_4415,231241,241,2041,16,38,20,0,0.0,Estimated
samsung_b6520_omnia_pro_5_3402,231241,241,2041,16,23,20,0,0.0,Estimated
samsung_ch_t_350_3729,231241,241,2041,16,23,20,0,0.0,Estimated
samsung_galaxy_note_i717_4374,170000,350,1300,16,38,20,0,0.0,Excel Benchmark
samsung_galaxy_m_style_m340s_4401,231241,241,2041,16,38,20,0,0.0,Estimated
samsung_e3210_3766,231241,241,2041,16,23,20,0,0.0,Estimated
samsung_e3213_hero_4030,231241,241,2041,16,23,20,0,0.0,Estimated
samsung_galaxy_ace_s5830_3724,374909,1309,2727,16,23,20,0,0.0,Excel Benchmark
samsung_galaxy_gio_s5660_3741,267917,717,3951,16,23,20,0,0.0,Excel Benchmark
samsung_galaxy_tab_2_7_0_p3110_4671,45000,140,500,16,28,35,0,0.0,Estimated
samsung_star_3_duos_s5222_4447,231241,241,2041,16,23,20,0,0.0,Estimated
samsung_galaxy_note_t879_4952,427076,2076,6028,16,38,20,0,0.0,Excel Benchmark
samsung_i9003_galaxy_sl_3761,110000,270,950,16,28,20,0,0.0,Excel Benchmark
samsung_galaxy_nexus_lte_l700_4406,170000,350,1300,16,40,20,0,0.0,Excel Benchmark
samsung_galaxy_s_4g_t959_3719,449037,1837,5311,16,38,20,0,0.0,Excel Benchmark
samsung_s5260_star_ii_3718,231241,241,2041,16,23,20,0,0.0,Estimated
samsung_i997_infuse_4g_3705,231241,241,2041,16,38,20,0,0.0,Estimated
samsung_r910_galaxy_indulge_3774,231241,241,2041,16,23,20,0,0.0,Estimated
samsung_galaxy_mini_s5570_3725,374909,1309,2727,16,23,20,0,0.0,Excel Benchmark
samsung_droid_charge_i510_3733,449037,1837,5311,16,38,20,0,0.0,Excel Benchmark
samsung_m190s_galaxy_s_hoppin_3736,231241,241,2041,16,38,20,0,0.0,Estimated
samsung_galaxy_fit_s5670_3726,231241,241,2041,16,23,20,0,0.0,Estimated
samsung_ch_t_335_3634,231241,241,2041,16,23,20,0,0.0,Estimated
samsung_i9010_galaxy_s_giorgio_armani_3625,449037,1837,5311,16,38,20,0,0.0,Excel Benchmark
samsung_c3630_3767,231241,241,2041,16,23,20,0,0.0,Estimated
samsung_a817_solstice_ii_3617,231241,241,2041,16,23,20,0,0.0,Estimated
samsung_i100_gem_3738,231241,241,2041,16,23,20,0,0.0,Estimated
samsung_a667_evergreen_3616,231241,241,2041,16,23,20,0,0.0,Estimated
samsung_r710_suede_3753,231241,241,2041,16,23,20,0,0.0,Estimated
samsung_galaxy_ace_s5830i_4664,70613,213,2439,16,23,20,0,0.0,Excel Benchmark
samsung_e2330_3836,231241,241,2041,16,23,20,0,0.0,Estimated
samsung_galaxy_pop_i559_3879,231241,241,2041,16,23,20,0,0.0,Estimated
samsung_ch_t_322_wi_fi_4396,231241,241,2041,16,23,20,0,0.0,Estimated
samsung_c3530_3668,231241,241,2041,16,23,20,0,0.0,Estimated
samsung_ch_t_322_3588,231241,241,2041,16,23,20,0,0.0,Estimated
samsung_breeze_b209_3742,231241,241,2041,16,23,20,0,0.0,Estimated
samsung_e2530_3665,231241,241,2041,16,23,20,0,0.0,Estimated
samsung_hero_plus_b159_3743,231241,241,2041,16,23,20,0,0.0,Estimated
samsung_w169_duos_3744,231241,241,2041,16,23,20,0,0.0,Estimated
samsung_mpower_txt_m369_3746,231241,241,2041,16,23,20,0,0.0,Estimated
samsung_mpower_tv_s239_3747,231241,241,2041,16,23,20,0,0.0,Estimated
samsung_e1225_dual_sim_shift_3748,231241,241,2041,16,23,20,0,0.0,Estimated
samsung_guru_e1081t_3749,231241,241,2041,16,23,20,0,0.0,Estimated
samsung_focus_3453,508938,1538,5414,16,38,20,0,0.0,Excel Benchmark
samsung_u750_zeal_3618,231241,241,2041,16,23,20,0,0.0,Estimated
samsung_i8700_omnia_7_3537,508938,1538,5414,16,38,20,0,0.0,Excel Benchmark
samsung_continuum_i400_3615,449037,1837,5311,16,38,20,0,0.0,Excel Benchmark
samsung_galaxy_tab_cdma_p100_3673,449037,1837,5311,16,23,35,0,0.0,Excel Benchmark
samsung_galaxy_tab_t_mobile_t849_3672,449037,1837,5311,16,23,35,0,0.0,Excel Benchmark
samsung_m210s_wave2_3768,449037,1837,5311,16,28,20,0,0.0,Excel Benchmark
samsung_galaxy_tab_4g_lte_3769,449037,1837,5311,16,23,35,0,0.0,Excel Benchmark
samsung_galaxy_ace_plus_s7500_4397,215427,227,481,16,23,20,0,0.0,Excel Benchmark
samsung_s5750_wave575_3547,231241,241,2041,16,23,20,0,0.0,Estimated
samsung_galaxy_y_duos_s6102_4385,231241,241,2041,16,23,20,0,0.0,Estimated
samsung_i929_galaxy_s_ii_duos_4387,170000,350,1300,16,38,20,0,0.0,Excel Benchmark
samsung_galaxy_y_pro_duos_b5512_4371,231241,241,2041,16,23,20,0,0.0,Estimated
samsung_m370_4405,333697,497,3291,16,23,20,0,0.0,Excel Benchmark
samsung_i110_illusion_4344,231241,241,2041,16,23,20,0,0.0,Estimated
samsung_r680_repp_4350,231241,241,2041,16,23,20,0,0.0,Estimated
samsung_p1000_galaxy_tab_3370,449037,1837,5311,16,23,35,0,0.0,Excel Benchmark
samsung_e1232b_4337,231241,241,2041,16,23,20,0,0.0,Estimated
samsung_e1050_5556,231241,241,2041,16,23,20,0,0.0,Estimated
samsung_mpower_muzik_219_3745,231241,241,2041,16,23,20,0,0.0,Estimated
samsung_s8530_wave_ii_3536,449037,1837,5311,16,28,20,0,0.0,Excel Benchmark
samsung_focus_s_i937_4158,231241,241,2041,16,38,20,0,0.0,Estimated
samsung_e1252_3586,231241,241,2041,16,23,20,0,0.0,Estimated
samsung_e1230_4336,231241,241,2041,16,23,20,0,0.0,Estimated
samsung_c3350_4271,231241,241,2041,16,23,20,0,0.0,Estimated
samsung_galaxy_s_ii_skyrocket_i727_4303,50000,150,500,16,38,20,0,0.0,Estimated
samsung_c3520_4218,231241,241,2041,16,23,20,0,0.0,Estimated
samsung_c3330_champ_2_4217,231241,241,2041,16,23,20,0,0.0,Estimated
samsung_galaxy_nexus_i515_4301,170000,350,1300,16,40,20,0,0.0,Excel Benchmark
samsung_exhibit_ii_4g_t679_4277,30000,100,350,16,23,20,0,0.0,Estimated
samsung_galaxy_nexus_i9250_4219,170000,350,1300,16,40,20,0,0.0,Excel Benchmark
samsung_focus_flash_i677_4159,231241,241,2041,16,38,20,0,0.0,Estimated
samsung_i9100g_galaxy_s_ii_4327,45000,140,500,16,38,20,0,0.0,Estimated
samsung_m930_transform_ultra_4270,700000,900,3100,16,23,20,0,0.0,Excel Benchmark
samsung_t249_3582,231241,241,2041,16,23,20,0,0.0,Estimated
samsung_p6200_galaxy_tab_7_0_plus_4208,20000,80,300,16,28,35,0,0.0,Estimated
samsung_doubletime_i857_4239,504066,1066,4998,16,23,20,0,0.0,Excel Benchmark
samsung_omnia_w_i8350_4200,30000,100,350,16,38,20,0,0.0,Estimated
samsung_p6210_galaxy_tab_7_0_plus_4667,20000,80,300,16,28,35,0,0.0,Estimated
samsung_i927_captivate_glide_4071,610901,901,2503,16,38,20,0,0.0,Excel Benchmark
samsung_r730_transfix_4284,231241,241,2041,16,23,20,0,0.0,Estimated
samsung_p6810_galaxy_tab_7_7_4668,559466,466,1198,16,38,45,0,0.0,Excel Benchmark
samsung_google_nexus_s_3620,449037,1837,5311,16,38,20,0,0.0,Excel Benchmark
samsung_p6800_galaxy_tab_7_7_4136,559466,466,1198,16,38,45,0,0.0,Excel Benchmark
samsung_galaxy_note_n7000_4135,20000,80,300,16,38,20,0,0.0,Estimated
samsung_galaxy_s_ii_i777_4130,20000,80,300,16,38,20,0,0.0,Estimated
samsung_galaxy_s_ii_x_t989d_4468,427076,2076,6028,16,38,20,0,0.0,Excel Benchmark
samsung_e2600_4380,231241,241,2041,16,23,20,0,0.0,Estimated
samsung_ch_t_527_4096,231241,241,2041,16,23,20,0,0.0,Estimated
samsung_galaxy_s_ii_t989_4129,427076,2076,6028,16,38,20,0,0.0,Excel Benchmark
samsung_wave_m_s7250_4054,231241,241,2041,16,23,20,0,0.0,Estimated
samsung_galaxy_s_ii_epic_4g_touch_3956,20000,80,300,16,38,20,0,0.0,Estimated
samsung_s8600_wave_3_4126,231241,241,2041,16,38,20,0,0.0,Estimated
samsung_galaxy_s_ii_lte_i727r_4376,50000,150,500,16,38,20,0,0.0,Estimated
samsung_galaxy_s_ii_hd_lte_4198,170000,350,1300,16,40,20,0,0.0,Excel Benchmark
samsung_galaxy_tab_8_9_lte_i957_4125,231241,241,2041,16,28,50,0,0.0,Estimated
samsung_galaxy_s_ii_lte_i9210_4124,427076,2076,6028,16,38,20,0,0.0,Excel Benchmark
samsung_galaxy_y_tv_s5367_4694,231241,241,2041,16,23,20,0,0.0,Estimated
samsung_galaxy_m_pro_b7800_4115,231241,241,2041,16,23,20,0,0.0,Estimated
samsung_galaxy_w_i8150_4114,30000,100,350,16,23,20,0,0.0,Estimated
samsung_galaxy_y_pro_b5510_4116,231241,241,2041,16,23,20,0,0.0,Estimated
samsung_galaxy_y_s5360_4117,231241,241,2041,16,23,20,0,0.0,Estimated
samsung_galaxy_q_t589r_3437,231241,241,2041,16,28,20,0,0.0,Estimated
samsung_s3770_4100,231241,241,2041,16,23,20,0,0.0,Estimated
samsung_s5690_galaxy_xcover_4091,231241,241,2041,16,28,20,0,0.0,Estimated
samsung_gravity_txt_t379_4123,231241,241,2041,16,23,20,0,0.0,Estimated
samsung_galaxy_s_ii_4g_i9100m_4059,20000,80,300,16,38,20,0,0.0,Estimated
samsung_r720_admire_4269,231241,241,2041,16,23,20,0,0.0,Estimated
samsung_convoy_2_4283,231241,241,2041,16,23,20,0,0.0,Estimated
samsung_r640_character_4058,231241,241,2041,16,23,20,0,0.0,Estimated
samsung_conquer_4g_4026,170000,350,1300,16,23,20,0,0.0,Excel Benchmark
samsung_r380_freeform_iii_4039,231241,241,2041,16,23,20,0,0.0,Estimated
samsung_i9103_galaxy_r_3967,610901,901,2503,16,28,20,0,0.0,Excel Benchmark
samsung_gravity_smart_3969,231241,241,2041,16,23,20,0,0.0,Estimated
samsung_c414_4056,231241,241,2041,16,23,20,0,0.0,Estimated
samsung_e1195_4274,231241,241,2041,16,23,20,0,0.0,Estimated
samsung_trender_3991,231241,241,2041,16,23,20,0,0.0,Estimated
samsung_c3560_4093,231241,241,2041,16,23,20,0,0.0,Estimated
samsung_r260_chrono_3992,231241,241,2041,16,23,20,0,0.0,Estimated
samsung_c3322_3941,231241,241,2041,16,23,20,0,0.0,Estimated
samsung_e1182_3939,231241,241,2041,16,23,20,0,0.0,Estimated
samsung_e1190_4034,231241,241,2041,16,23,20,0,0.0,Estimated
samsung_i9001_galaxy_s_plus_3908,30000,100,350,16,38,20,0,0.0,Estimated
samsung_ch_t_220_4611,231241,241,2041,16,23,20,0,0.0,Estimated
samsung_wave_y_s5380_4127,231241,241,2041,16,23,20,0,0.0,Estimated
samsung_c6712_star_ii_duos_3921,231241,241,2041,16,23,20,0,0.0,Estimated
samsung_m580_replenish_3927,390749,1149,4247,16,23,20,0,0.0,Excel Benchmark
samsung_google_nexus_s_i9020a_3920,449037,1837,5311,16,38,20,0,0.0,Excel Benchmark
samsung_duostv_i6712_3986,231241,241,2041,16,23,20,0,0.0,Estimated
samsung_m220l_galaxy_neo_3913,231241,241,2041,16,23,20,0,0.0,Estimated
samsung_ch_t_222_3993,231241,241,2041,16,23,20,0,0.0,Estimated
samsung_google_nexus_s_i9023_3910,449037,1837,5311,16,28,20,0,0.0,Excel Benchmark
samsung_i405_stratosphere_4262,231241,241,2041,16,38,20,0,0.0,Estimated
samsung_dart_t499_4055,231241,241,2041,16,23,20,0,0.0,Estimated
samsung_p1010_galaxy_tab_wi_fi_3919,110000,270,950,16,23,35,0,0.0,Excel Benchmark
samsung_galaxy_tab_8_9_p7300_3891,248158,758,3074,16,28,50,0,0.0,Excel Benchmark
samsung_s5610_4191,231241,241,2041,16,23,20,0,0.0,Estimated
samsung_galaxy_tab_8_9_p7310_3893,248158,758,3074,16,28,50,0,0.0,Excel Benchmark
samsung_e2230_3904,231241,241,2041,16,23,20,0,0.0,Estimated
samsung_m260_factor_3878,231241,241,2041,16,23,20,0,0.0,Estimated
samsung_galaxy_pro_b7510_3850,231241,241,2041,16,23,20,0,0.0,Estimated
samsung_google_nexus_s_4g_3884,449037,1837,5311,16,38,20,0,0.0,Excel Benchmark
samsung_p7500_galaxy_tab_10_1_3g_3892,248158,758,3074,16,28,50,0,0.0,Excel Benchmark
samsung_exhibit_4g_3968,449037,1837,5311,16,38,20,0,0.0,Excel Benchmark
samsung_e2232_3940,231241,241,2041,16,23,20,0,0.0,Estimated
samsung_galaxy_s_wifi_5_0_3838,231241,241,2041,16,28,20,0,0.0,Estimated
samsung_galaxy_tab_10_1_lte_i905_4069,248158,758,3074,16,28,50,0,0.0,Excel Benchmark
samsung_s5780_wave_578_3778,231241,241,2041,16,23,20,0,0.0,Estimated
samsung_galaxy_tab_10_1_p7510_3894,248158,758,3074,16,28,50,0,0.0,Excel Benchmark
samsung_e2652w_champ_duos_3844,231241,241,2041,16,23,20,0,0.0,Estimated
samsung_p7100_galaxy_tab_10_1v_3831,248158,758,3074,16,23,50,0,0.0,Excel Benchmark
samsung_e2652_champ_duos_3845,231241,241,2041,16,23,20,0,0.0,Estimated
samsung_galaxy_prevail_3916,517730,1930,6590,16,23,20,0,0.0,Excel Benchmark
samsung_s3850_corby_ii_3765,231241,241,2041,16,23,20,0,0.0,Estimated
samsung_i9100_galaxy_s_ii_3621,20000,80,300,16,38,20,0,0.0,Estimated
sendo_x2_1065,816513,2113,5139,16,23,20,0,0.0,Excel Benchmark
sendo_sv663_943,231241,241,2041,16,23,20,0,0.0,Estimated
sendo_m570_680,231241,241,2041,16,23,20,0,0.0,Estimated
sendo_s1_1066,231241,241,2041,16,23,20,0,0.0,Estimated
sendo_s600_679,231241,241,2041,16,23,20,0,0.0,Estimated
sendo_s360_913,231241,241,2041,16,23,20,0,0.0,Estimated
sendo_s330_572,231241,241,2041,16,23,20,0,0.0,Estimated
sendo_k1_1067,231241,241,2041,16,23,20,0,0.0,Estimated
sendo_p600_875,231241,241,2041,16,23,20,0,0.0,Estimated
sendo_z100_228,231241,241,2041,16,23,20,0,0.0,Estimated
sendo_m550_393,231241,241,2041,16,23,20,0,0.0,Estimated
sendo_x_560,816513,2113,5139,16,23,20,0,0.0,Excel Benchmark
sendo_j530_472,231241,241,2041,16,23,20,0,0.0,Estimated
sendo_p200_274,231241,241,2041,16,23,20,0,0.0,Estimated
sendo_d800_218,231241,241,2041,16,23,20,0,0.0,Estimated
sendo_s200_227,231241,241,2041,16,23,20,0,0.0,Estimated
sendo_s300_530,231241,241,2041,16,23,20,0,0.0,Estimated
sendo_s230_471,231241,241,2041,16,23,20,0,0.0,Estimated
sendo_j520_275,231241,241,2041,16,23,20,0,0.0,Estimated
sewon_srd_200_797,231241,241,2041,16,23,20,0,0.0,Estimated
sewon_srs_3300_1004,231241,241,2041,16,23,20,0,0.0,Estimated
sewon_sgd_1030_795,231241,241,2041,16,23,20,0,0.0,Estimated
sewon_sgd_1050_796,231241,241,2041,16,23,20,0,0.0,Estimated
sewon_sgd_1020_794,231241,241,2041,16,23,20,0,0.0,Estimated
sewon_srd_3000_798,231241,241,2041,16,23,20,0,0.0,Estimated
sewon_sgd_1000_780,231241,241,2041,16,23,20,0,0.0,Estimated
sewon_sgd_1010_781,231241,241,2041,16,23,20,0,0.0,Estimated
sewon_sgd_106_763,231241,241,2041,16,28,20,0,0.0,Estimated
sewon_sgd_105_762,231241,241,2041,16,28,20,0,0.0,Estimated
sewon_sgd_102_749,231241,241,2041,16,28,20,0,0.0,Estimated
sewon_sg_2320cd_741,231241,241,2041,16,28,20,0,0.0,Estimated
sewon_sgd_101_746,231241,241,2041,16,28,20,0,0.0,Estimated
sewon_sg_2890cd_745,231241,241,2041,16,28,20,0,0.0,Estimated
sewon_sg_2880cs_628,231241,241,2041,16,23,20,0,0.0,Estimated
sewon_sg_2200cd_739,231241,241,2041,16,28,20,0,0.0,Estimated
sewon_sg_2000cs_626,231241,241,2041,16,23,20,0,0.0,Estimated
sewon_sg_2300cd_740,231241,241,2041,16,28,20,0,0.0,Estimated
sewon_sg_p100_617,231241,241,2041,16,23,20,0,0.0,Estimated
sewon_sg_4500_613,231241,241,2041,16,23,20,0,0.0,Estimated
sewon_sg_5000_667,231241,241,2041,16,23,20,0,0.0,Estimated
sewon_sg_2200_612,231241,241,2041,16,23,20,0,0.0,Estimated
sewon_sg_2000_611,231241,241,2041,16,23,20,0,0.0,Estimated
sewon_sg_2100cs_627,231241,241,2041,16,23,20,0,0.0,Estimated
sewon_sg_1000_610,231241,241,2041,16,23,20,0,0.0,Estimated
sharp_aquos_r11_5g_14740,351226,226,2478,48,60,60,0,0.0,Excel Benchmark
sharp_aquos_sense10_5g_14289,144561,561,1483,63,60,60,0,0.0,Excel Benchmark
sharp_aquos_r10_5g_13934,240000,500,1550,33,60,60,0,0.0,Excel Benchmark
sharp_aquos_r9_pro_13479,575540,1740,5020,53,70,70,0,0.0,Excel Benchmark
sharp_aquos_wish5_5g_13995,110000,270,950,43,45,50,0,0.0,Excel Benchmark
sharp_aquos_r9_13483,240000,500,1550,33,60,45,0,0.0,Excel Benchmark
sharp_aquos_wish4_13484,520000,800,2300,38,35,45,0,0.0,Excel Benchmark
sharp_aquos_sense8_12904,560000,943,2804,53,65,50,0,0.0,Excel Benchmark
sharp_aquos_r8s_pro_12902,1539080,1926,5226,23,75,70,0,0.0,Excel Benchmark
sharp_aquos_r7s_12605,1120000,1610,3860,23,53,50,0,0.0,Excel Benchmark
sharp_aquos_sense7_12564,420000,750,2200,18,60,40,0,0.0,Excel Benchmark
sharp_aquos_sense7_plus_12565,420000,750,2200,18,75,45,0,0.0,Excel Benchmark
sharp_aquos_v6_11867,100000,250,800,21,30,45,0,0.0,Excel Benchmark
sharp_aquos_wish_11847,340000,600,1700,23,30,25,0,0.0,Excel Benchmark
sharp_aquos_r8s_12903,1539080,1926,5226,38,75,40,0,0.0,Excel Benchmark
sharp_aquos_sense4_plus_11844,260000,510,1600,18,45,35,0,0.0,Excel Benchmark
sharp_aquos_sense9_13622,50000,150,550,63,60,60,0,0.0,Estimated
sharp_aquos_r3_11839,580000,750,2600,43,65,45,0,0.0,Excel Benchmark
sharp_aquos_r5g_11843,700000,900,3100,80,65,25,0,0.0,Excel Benchmark
sharp_aquos_zero_9512,400000,500,2200,35,60,30,0,0.0,Excel Benchmark
sharp_aquos_zero_2_10259,580000,750,2600,40,50,25,0,0.0,Excel Benchmark
sharp_aquos_sense5g_11845,320000,600,1800,20,40,45,0,0.0,Excel Benchmark
sharp_aquos_r2_compact_9406,400000,500,2200,35,55,25,0,0.0,Excel Benchmark
sharp_aquos_s3_high_9233,170000,350,1300,48,40,50,0,0.0,Excel Benchmark
sharp_aquos_zero6_11846,380000,650,2000,51,50,35,0,0.0,Excel Benchmark
sharp_aquos_b10_9275,240000,500,1550,21,45,35,0,0.0,Excel Benchmark
sharp_aquos_c10_9274,110000,270,950,23,40,25,0,0.0,Excel Benchmark
sharp_aquos_s3_9138,110000,270,950,48,40,30,0,0.0,Excel Benchmark
sharp_pi_9060,70000,180,650,23,30,25,0,0.0,Excel Benchmark
sharp_aquos_v6_plus_11868,100000,250,800,38,30,45,0,0.0,Excel Benchmark
sharp_r1s_9059,240000,500,1550,21,30,45,0,0.0,Excel Benchmark
sharp_aquos_s2_8797,110000,4046,950,23,40,25,0,0.0,Excel Benchmark
sharp_aquos_xx_7252,120000,250,900,23,35,25,0,0.0,Excel Benchmark
sharp_aquos_v_9962,300000,420,1800,40,40,25,0,0.0,Excel Benchmark
sharp_aquos_r2_9193,400000,500,2200,18,50,25,0,0.0,Excel Benchmark
sharp_aquos_v7_plus_12606,340000,600,1850,38,35,50,0,0.0,Excel Benchmark
sharp_aquos_crystal_6590,30000,110,420,16,25,20,0,0.0,Estimated
sharp_z2_8410,140000,300,1000,23,40,25,0,0.0,Excel Benchmark
sharp_sh530u_5056,151085,285,655,16,23,20,0,0.0,Excel Benchmark
sharp_se_02_4632,231241,241,2041,16,23,20,0,0.0,Estimated
sharp_ms1_8409,240000,500,1550,21,40,20,0,0.0,Excel Benchmark
sharp_aquos_s3_mini_8822,110000,270,950,28,40,25,0,0.0,Excel Benchmark
sharp_aquos_sh8298u_4149,231241,241,2041,16,28,20,0,0.0,Estimated
sharp_aquos__941sh_3142,231241,241,2041,16,23,20,0,0.0,Estimated
sharp_934sh_3052,231241,241,2041,16,23,20,0,0.0,Estimated
sharp_936sh_3053,231241,241,2041,16,23,20,0,0.0,Estimated
sharp_923sh_2762,231241,241,2041,16,23,20,0,0.0,Estimated
sharp_930sh_2768,231241,241,2041,16,23,20,0,0.0,Estimated
sharp_825sh_2761,231241,241,2041,16,23,20,0,0.0,Estimated
sharp_940sh_3143,231241,241,2041,16,23,20,0,0.0,Estimated
sharp_sx862_2371,231241,241,2041,16,23,20,0,0.0,Estimated
sharp_z3_8787,130000,300,1100,36,50,25,0,0.0,Excel Benchmark
sharp_gx33_2058,231241,241,2041,16,23,20,0,0.0,Estimated
sharp_705sh_1570,231241,241,2041,16,23,20,0,0.0,Estimated
sharp_fx_3460,231241,241,2041,16,23,20,0,0.0,Estimated
sharp_aquos_sh80f_4207,231241,241,2041,16,28,20,0,0.0,Estimated
sharp_904_1490,231241,241,2041,31,23,20,0,0.0,Estimated
sharp_550sh_1474,231241,241,2041,16,23,20,0,0.0,Estimated
sharp_770sh_1519,231241,241,2041,16,23,20,0,0.0,Estimated
sharp_gx29_1473,231241,241,2041,16,23,20,0,0.0,Estimated
sharp_aquos_crystal_2_7251,30000,110,420,16,25,20,0,0.0,Estimated
sharp_aquos_d10_9311,110000,270,950,35,40,20,0,0.0,Excel Benchmark
sharp_903_1241,231241,241,2041,31,23,20,0,0.0,Estimated
sharp_gx17_1246,231241,241,2041,16,23,20,0,0.0,Estimated
sharp_902_895,231241,241,2041,31,23,20,0,0.0,Estimated
sharp_703_1240,231241,241,2041,16,23,20,0,0.0,Estimated
sharp_gx40_1466,231241,241,2041,16,23,20,0,0.0,Estimated
sharp_tm100_714,231241,241,2041,16,23,20,0,0.0,Estimated
sharp_tm200_938,231241,241,2041,16,23,20,0,0.0,Estimated
sharp_gx30_629,231241,241,2041,16,23,20,0,0.0,Estimated
sharp_gx22_595,231241,241,2041,16,23,20,0,0.0,Estimated
sharp_gx34_2184,231241,241,2041,16,23,20,0,0.0,Estimated
sharp_880sh_2099,231241,241,2041,16,23,20,0,0.0,Estimated
sharp_gx18_2335,231241,241,2041,16,23,20,0,0.0,Estimated
sharp_gx25_gz200_924,231241,241,2041,16,23,20,0,0.0,Estimated
sharp_gx10_460,231241,241,2041,16,23,20,0,0.0,Estimated
sharp_gx10i_461,231241,241,2041,16,23,20,0,0.0,Estimated
sharp_tm150_872,231241,241,2041,16,23,20,0,0.0,Estimated
sharp_gx1_459,231241,241,2041,16,23,20,0,0.0,Estimated
sharp_gx15_gz100_779,231241,241,2041,16,23,20,0,0.0,Estimated
sharp_802_896,231241,241,2041,16,23,20,0,0.0,Estimated
sharp_gx20_510,231241,241,2041,16,23,20,0,0.0,Estimated
sharp_v801sh_645,231241,241,2041,16,23,20,0,0.0,Estimated
siemens_me75_1324,231241,241,2041,16,23,20,0,0.0,Estimated
siemens_ax72_1327,231241,241,2041,16,23,20,0,0.0,Estimated
siemens_af51_1377,231241,241,2041,16,23,20,0,0.0,Estimated
siemens_sg75_1288,231241,241,2041,16,23,20,0,0.0,Estimated
siemens_cc75_1247,231241,241,2041,16,23,20,0,0.0,Estimated
siemens_al21_1379,231241,241,2041,16,23,20,0,0.0,Estimated
siemens_s75_1212,231241,241,2041,16,23,20,0,0.0,Estimated
siemens_sl75_1213,231241,241,2041,16,23,20,0,0.0,Estimated
siemens_sfg75_1289,231241,241,2041,16,23,20,0,0.0,Estimated
siemens_c75_1186,231241,241,2041,16,23,20,0,0.0,Estimated
siemens_sp65_1135,231241,241,2041,16,23,20,0,0.0,Estimated
siemens_ap75_1326,231241,241,2041,16,23,20,0,0.0,Estimated
siemens_sxg75_1101,231241,241,2041,16,23,20,0,0.0,Estimated
siemens_m75_1100,231241,241,2041,16,23,20,0,0.0,Estimated
siemens_cx75_1099,231241,241,2041,16,23,20,0,0.0,Estimated
siemens_cf110_1248,231241,241,2041,16,23,20,0,0.0,Estimated
siemens_cl75_1097,231241,241,2041,16,23,20,0,0.0,Estimated
siemens_cf75_1098,231241,241,2041,16,23,20,0,0.0,Estimated
siemens_a75_1084,231241,241,2041,16,23,20,0,0.0,Estimated
siemens_sf65_888,231241,241,2041,16,23,20,0,0.0,Estimated
siemens_sx66_992,231241,241,2041,16,23,20,0,0.0,Estimated
siemens_sk65_861,231241,241,2041,16,23,20,0,0.0,Estimated
siemens_cx70_emoty_885,231241,241,2041,16,23,20,0,0.0,Estimated
siemens_a70_1083,231241,241,2041,16,23,20,0,0.0,Estimated
siemens_a31_1378,231241,241,2041,16,23,20,0,0.0,Estimated
siemens_a62_981,231241,241,2041,16,23,20,0,0.0,Estimated
siemens_cfx65_822,231241,241,2041,16,23,20,0,0.0,Estimated
siemens_sl65_823,231241,241,2041,16,23,20,0,0.0,Estimated
siemens_c65_702,231241,241,2041,16,23,20,0,0.0,Estimated
siemens_c72_1259,231241,241,2041,16,23,20,0,0.0,Estimated
siemens_cx65_657,231241,241,2041,16,23,20,0,0.0,Estimated
siemens_cxt65_867,231241,241,2041,16,23,20,0,0.0,Estimated
siemens_a65_849,231241,241,2041,16,23,20,0,0.0,Estimated
siemens_cf62_656,231241,241,2041,16,23,20,0,0.0,Estimated
siemens_a57_829,231241,241,2041,16,23,20,0,0.0,Estimated
siemens_penphone_649,231241,241,2041,16,28,20,0,0.0,Estimated
siemens_a51_982,231241,241,2041,16,23,20,0,0.0,Estimated
siemens_cl55_574,231241,241,2041,16,23,20,0,0.0,Estimated
siemens_st60_619,231241,241,2041,16,23,20,0,0.0,Estimated
siemens_s65_700,231241,241,2041,16,23,20,0,0.0,Estimated
siemens_xelibri_7_553,231241,241,2041,16,23,20,0,0.0,Estimated
siemens_xelibri_5_551,231241,241,2041,16,23,20,0,0.0,Estimated
siemens_cx70_869,231241,241,2041,16,23,20,0,0.0,Estimated
siemens_c62_540,231241,241,2041,16,23,20,0,0.0,Estimated
siemens_xelibri_8_554,231241,241,2041,16,23,20,0,0.0,Estimated
siemens_xelibri_6_552,231241,241,2041,16,23,20,0,0.0,Estimated
siemens_st55_480,231241,241,2041,16,23,20,0,0.0,Estimated
siemens_u15_549,231241,241,2041,16,23,20,0,0.0,Estimated
siemens_xelibri_1_506,231241,241,2041,16,23,20,0,0.0,Estimated
siemens_c60_475,231241,241,2041,16,23,20,0,0.0,Estimated
siemens_mc60_476,231241,241,2041,16,23,20,0,0.0,Estimated
siemens_a60_539,231241,241,2041,16,23,20,0,0.0,Estimated
siemens_xelibri_3_509,231241,241,2041,16,23,20,0,0.0,Estimated
siemens_u10_535,231241,241,2041,16,23,20,0,0.0,Estimated
siemens_ax75_1085,231241,241,2041,16,23,20,0,0.0,Estimated
siemens_xelibri_2_507,231241,241,2041,16,23,20,0,0.0,Estimated
siemens_s55_343,231241,241,2041,16,23,20,0,0.0,Estimated
siemens_a55_394,231241,241,2041,16,23,20,0,0.0,Estimated
siemens_sx1_395,590365,1565,3495,16,23,20,0,0.0,Excel Benchmark
siemens_cl50_337,231241,241,2041,16,23,20,0,0.0,Estimated
siemens_c55_336,231241,241,2041,16,23,20,0,0.0,Estimated
siemens_a50_335,231241,241,2041,16,23,20,0,0.0,Estimated
siemens_sl55_380,231241,241,2041,16,23,20,0,0.0,Estimated
siemens_sl42_264,231241,241,2041,16,23,20,0,0.0,Estimated
siemens_sl45i_265,231241,241,2041,16,23,20,0,0.0,Estimated
siemens_me45_263,231241,241,2041,16,23,20,0,0.0,Estimated
siemens_m65_701,231241,241,2041,16,23,20,0,0.0,Estimated
siemens_m50_324,231241,241,2041,16,23,20,0,0.0,Estimated
siemens_sl45_198,231241,241,2041,16,23,20,0,0.0,Estimated
siemens_s45_243,231241,241,2041,16,23,20,0,0.0,Estimated
siemens_s45i_323,231241,241,2041,16,23,20,0,0.0,Estimated
siemens_a52_474,231241,241,2041,16,23,20,0,0.0,Estimated
siemens_c35i_93,231241,241,2041,16,23,20,0,0.0,Estimated
siemens_m35i_94,231241,241,2041,16,23,20,0,0.0,Estimated
siemens_s35i_95,231241,241,2041,16,23,20,0,0.0,Estimated
siemens_c35_92,231241,241,2041,16,23,20,0,0.0,Estimated
siemens_a36_214,231241,241,2041,16,23,20,0,0.0,Estimated
siemens_a35_470,231241,241,2041,16,23,20,0,0.0,Estimated
siemens_a40_299,231241,241,2041,16,23,20,0,0.0,Estimated
siemens_s25_90,231241,241,2041,16,23,20,0,0.0,Estimated
siemens_m30_219,231241,241,2041,16,23,20,0,0.0,Estimated
siemens_c28_216,231241,241,2041,16,23,20,0,0.0,Estimated
siemens_c25_91,231241,241,2041,16,23,20,0,0.0,Estimated
siemens_sl10_89,231241,241,2041,16,23,20,0,0.0,Estimated
siemens_s10_86,231241,241,2041,16,23,20,0,0.0,Estimated
siemens_s11_87,231241,241,2041,16,23,20,0,0.0,Estimated
siemens_s10_active_88,231241,241,2041,16,23,20,0,0.0,Estimated
siemens_c10_84,231241,241,2041,16,23,20,0,0.0,Estimated
siemens_c11_85,231241,241,2041,16,23,20,0,0.0,Estimated
siemens_m55_407,231241,241,2041,16,23,20,0,0.0,Estimated
siemens_sx45_300,231241,241,2041,16,23,20,0,0.0,Estimated
siemens_s40_220,231241,241,2041,16,23,20,0,0.0,Estimated
siemens_xelibri_4_508,231241,241,2041,16,23,20,0,0.0,Estimated
siemens_c45_278,231241,241,2041,16,23,20,0,0.0,Estimated
sonim_xp_pro_e_5g_14273,820000,1162,3228,45,45,65,0,0.0,Excel Benchmark
sonim_xp_pro_thermal_5g_14272,820000,1162,3228,45,45,65,0,0.0,Excel Benchmark
sonim_xp400_13650,400000,700,2000,38,30,45,0,0.0,Excel Benchmark
sonim_xp3plus_11707,160000,330,1200,16,28,20,0,0.0,Excel Benchmark
sonim_xp10_13673,340000,600,1700,38,40,65,0,0.0,Excel Benchmark
sonim_xp3_11708,20000,80,300,16,28,20,0,0.0,Estimated
sonim_xp100_13652,895197,1997,5791,16,28,20,0,0.0,Excel Benchmark
sonim_xp5s_11709,411929,329,2787,16,28,25,0,0.0,Excel Benchmark
sonim_xp5plus_11710,160000,330,1200,16,28,25,0,0.0,Excel Benchmark
sonim_xp6_7224,30000,110,420,16,28,40,0,0.0,Estimated
sonim_xp8_9147,110000,270,950,18,40,45,0,0.0,Excel Benchmark
sonim_xp7_6828,30000,110,420,16,28,40,0,0.0,Estimated
sonim_xp5300_force_3g_4255,231241,241,2041,16,23,20,0,0.0,Estimated
sonim_xp3340_sentinel_4254,231241,241,2041,16,23,20,0,0.0,Estimated
sonim_xp3400_armor_4256,163225,425,1075,16,23,20,0,0.0,Excel Benchmark
sonim_xp_pro_13651,820000,1162,3228,45,45,65,0,0.0,Excel Benchmark
sonim_xp1300_core_3546,231241,241,2041,16,23,20,0,0.0,Estimated
sonim_xp3_sentinel_3417,20000,80,300,16,23,20,0,0.0,Estimated
sonim_xp2_10_spirit_3009,231241,241,2041,16,23,20,0,0.0,Estimated
sonim_xp3_20_quest_2881,231241,241,2041,16,23,20,0,0.0,Estimated
sonim_xp1_2476,231241,241,2041,16,23,20,0,0.0,Estimated
sonim_xp3_20_quest_pro_3461,231241,241,2041,16,23,20,0,0.0,Estimated
sonim_xp3_enduro_2614,231241,241,2041,16,23,20,0,0.0,Estimated
sonim_xp3300_force_3792,231241,241,2041,16,23,20,0,0.0,Estimated
sony_ericsson_xperia_arc_s_4134,30000,100,350,16,28,20,0,0.0,Estimated
sony_ericsson_xperia_neo_v_4122,30000,100,350,16,28,20,0,0.0,Estimated
sony_ericsson_xperia_ray_3972,30000,100,350,16,28,20,0,0.0,Estimated
sony_ericsson_xperia_active_3998,30000,100,350,16,28,20,0,0.0,Estimated
sony_ericsson_live_with_walkman_4111,30000,100,350,16,23,20,0,0.0,Estimated
sony_ericsson_txt_pro_3983,231241,241,2041,16,23,20,0,0.0,Estimated
sony_ericsson_xperia_mini_pro_3713,30000,100,350,16,28,20,0,0.0,Estimated
sony_ericsson_xperia_play_3608,30000,100,350,16,28,20,0,0.0,Estimated
sony_ericsson_w8_3935,374909,1309,2727,16,23,20,0,0.0,Excel Benchmark
sony_ericsson_xperia_mini_3947,30000,100,350,16,28,20,0,0.0,Estimated
sony_ericsson_xperia_neo_3734,30000,100,350,16,28,20,0,0.0,Estimated
sony_ericsson_xperia_play_cdma_3780,30000,100,350,16,28,20,0,0.0,Estimated
sony_ericsson_xperia_arc_3619,30000,100,350,16,28,20,0,0.0,Estimated
sony_ericsson_a8i_3497,231241,241,2041,16,23,20,0,0.0,Estimated
sony_ericsson_xperia_x8_3403,374909,1309,2727,16,23,20,0,0.0,Excel Benchmark
sony_ericsson_cedar_3404,231241,241,2041,16,23,20,0,0.0,Estimated
sony_ericsson_txt_3999,231241,241,2041,16,23,20,0,0.0,Estimated
sony_ericsson_yendo_3374,231241,241,2041,16,23,20,0,0.0,Estimated
sony_ericsson_bravia_s004_3343,508938,1538,5414,16,38,20,0,0.0,Excel Benchmark
sony_ericsson_zylo_3268,231241,241,2041,16,23,20,0,0.0,Estimated
sony_ericsson_s003_3342,508938,1538,5414,16,23,20,0,0.0,Excel Benchmark
sony_ericsson_mix_walkman_3984,231241,241,2041,16,23,20,0,0.0,Estimated
sony_ericsson_wt18i_3948,231241,241,2041,16,23,20,0,0.0,Estimated
sony_ericsson_spiro_3267,231241,241,2041,16,23,20,0,0.0,Estimated
sony_ericsson_xperia_x10_mini_pro_3147,374909,1309,2727,16,23,20,0,0.0,Excel Benchmark
sony_ericsson_vivaz_pro_3075,231241,241,2041,16,23,20,0,0.0,Estimated
sony_ericsson_xperia_x10_mini_3125,374909,1309,2727,16,23,20,0,0.0,Excel Benchmark
sony_ericsson_hazel_3058,231241,241,2041,16,23,20,0,0.0,Estimated
sony_ericsson_elm_3057,231241,241,2041,16,23,20,0,0.0,Estimated
sony_ericsson_xperia_x2_2926,15000,60,250,16,23,20,0,0.0,Estimated
sony_ericsson_jalou_2895,231241,241,2041,16,23,20,0,0.0,Estimated
sony_ericsson_jalou_d_g_edition_2896,231241,241,2041,16,23,20,0,0.0,Estimated
sony_ericsson_xperia_pureness_3015,231241,241,2041,16,23,20,0,0.0,Estimated
sony_ericsson_t715_2863,231241,241,2041,16,23,20,0,0.0,Estimated
sony_ericsson_xperia_pro_3779,30000,100,350,16,28,20,0,0.0,Estimated
sony_ericsson_satio__idou__2683,231241,241,2041,16,23,20,0,0.0,Estimated
sony_ericsson_c901_greenheart_2819,231241,241,2041,16,23,20,0,0.0,Estimated
sony_ericsson_s312_2773,231241,241,2041,16,23,20,0,0.0,Estimated
sony_ericsson_w205_2774,231241,241,2041,16,23,20,0,0.0,Estimated
sony_ericsson_yari_2809,231241,241,2041,16,23,20,0,0.0,Estimated
sony_ericsson_w995_2682,231241,241,2041,16,23,20,0,0.0,Estimated
sony_ericsson_w395_2669,231241,241,2041,16,23,20,0,0.0,Estimated
sony_ericsson_t707_2755,231241,241,2041,16,23,20,0,0.0,Estimated
sony_ericsson_j105_naite_2818,231241,241,2041,16,23,20,0,0.0,Estimated
sony_ericsson_w508_2641,231241,241,2041,16,23,20,0,0.0,Estimated
sony_ericsson_w715_2642,231241,241,2041,16,23,20,0,0.0,Estimated
sony_ericsson_g705_2520,231241,241,2041,16,23,20,0,0.0,Estimated
sony_ericsson_aspen_3082,374909,1309,2727,16,23,20,0,0.0,Excel Benchmark
sony_ericsson_c903_2668,231241,241,2041,16,23,20,0,0.0,Estimated
sony_ericsson_tm506_2503,231241,241,2041,16,23,20,0,0.0,Estimated
sony_ericsson_w902_2468,231241,241,2041,16,23,20,0,0.0,Estimated
sony_ericsson_c901_2671,231241,241,2041,16,23,20,0,0.0,Estimated
sony_ericsson_t700_2481,231241,241,2041,16,23,20,0,0.0,Estimated
sony_ericsson_aino_2810,231241,241,2041,16,23,20,0,0.0,Estimated
sony_ericsson_w302_2470,231241,241,2041,16,23,20,0,0.0,Estimated
sony_ericsson_s302_2429,231241,241,2041,16,23,20,0,0.0,Estimated
sony_ericsson_w705_2585,231241,241,2041,16,23,20,0,0.0,Estimated
sony_ericsson_w595s_2793,231241,241,2041,16,23,20,0,0.0,Estimated
sony_ericsson_c905_2427,231241,241,2041,16,23,20,0,0.0,Estimated
sony_ericsson_f305_2431,231241,241,2041,16,23,20,0,0.0,Estimated
sony_ericsson_xperia_x10_2964,508938,1538,5414,16,23,20,0,0.0,Excel Benchmark
sony_ericsson_w595_2469,231241,241,2041,16,23,20,0,0.0,Estimated
sony_ericsson_j132_2430,231241,241,2041,16,23,20,0,0.0,Estimated
sony_ericsson_z780_2351,231241,241,2041,16,23,20,0,0.0,Estimated
sony_ericsson_k330_2428,231241,241,2041,16,23,20,0,0.0,Estimated
sony_ericsson_vivaz_3022,231241,241,2041,16,23,20,0,0.0,Estimated
sony_ericsson_t303_2313,231241,241,2041,16,23,20,0,0.0,Estimated
sony_ericsson_w980_2249,231241,241,2041,16,23,20,0,0.0,Estimated
sony_ericsson_c902_2250,231241,241,2041,16,23,20,0,0.0,Estimated
sony_ericsson_t270_2229,231241,241,2041,16,23,20,0,0.0,Estimated
sony_ericsson_t280_2230,231241,241,2041,16,23,20,0,0.0,Estimated
sony_ericsson_g700_business_edition_2440,231241,241,2041,16,23,20,0,0.0,Estimated
sony_ericsson_z770_2252,231241,241,2041,16,23,20,0,0.0,Estimated
sony_ericsson_xperia_x1_2246,15000,60,250,16,23,20,0,0.0,Estimated
sony_ericsson_r306_radio_2227,231241,241,2041,16,23,20,0,0.0,Estimated
sony_ericsson_r300_radio_2228,231241,241,2041,16,23,20,0,0.0,Estimated
sony_ericsson_w760_2197,231241,241,2041,16,23,20,0,0.0,Estimated
sony_ericsson_z555_2199,231241,241,2041,16,38,20,0,0.0,Estimated
sony_ericsson_c702_2251,231241,241,2041,16,23,20,0,0.0,Estimated
sony_ericsson_k660_2173,231241,241,2041,16,23,20,0,0.0,Estimated
sony_ericsson_w890_2172,231241,241,2041,16,23,20,0,0.0,Estimated
sony_ericsson_g900_2247,231241,241,2041,16,23,20,0,0.0,Estimated
sony_ericsson_w380_2171,231241,241,2041,16,38,20,0,0.0,Estimated
sony_ericsson_w910_2007,231241,241,2041,16,23,20,0,0.0,Estimated
sony_ericsson_w960_2008,231241,241,2041,16,23,20,0,0.0,Estimated
sony_ericsson_c510_2640,231241,241,2041,16,23,20,0,0.0,Estimated
sony_ericsson_k630_2146,231241,241,2041,16,23,20,0,0.0,Estimated
sony_ericsson_v640_2125,231241,241,2041,16,23,20,0,0.0,Estimated
sony_ericsson_k850_2003,231241,241,2041,16,23,20,0,0.0,Estimated
sony_ericsson_g502_2350,231241,241,2041,16,23,20,0,0.0,Estimated
sony_ericsson_p1_1982,231241,241,2041,16,23,20,0,0.0,Estimated
sony_ericsson_k770_2052,231241,241,2041,16,23,20,0,0.0,Estimated
sony_ericsson_z250_2005,231241,241,2041,16,23,20,0,0.0,Estimated
sony_ericsson_t250_1985,231241,241,2041,16,23,20,0,0.0,Estimated
sony_ericsson_t650_1984,231241,241,2041,16,23,20,0,0.0,Estimated
sony_ericsson_k530_2004,231241,241,2041,16,23,20,0,0.0,Estimated
sony_ericsson_g700_2248,231241,241,2041,16,23,20,0,0.0,Estimated
sony_ericsson_k810_1839,231241,241,2041,16,23,20,0,0.0,Estimated
sony_ericsson_w350_2198,231241,241,2041,16,23,20,0,0.0,Estimated
sony_ericsson_k550_1840,231241,241,2041,16,23,20,0,0.0,Estimated
sony_ericsson_k220_1841,231241,241,2041,16,23,20,0,0.0,Estimated
sony_ericsson_w660_1924,231241,241,2041,16,23,20,0,0.0,Estimated
sony_ericsson_s500_1983,231241,241,2041,16,23,20,0,0.0,Estimated
sony_ericsson_w880_1838,231241,241,2041,16,23,20,0,0.0,Estimated
sony_ericsson_z750_1929,231241,241,2041,16,38,20,0,0.0,Estimated
sony_ericsson_k200_1842,231241,241,2041,16,23,20,0,0.0,Estimated
sony_ericsson_w580_1928,231241,241,2041,16,23,20,0,0.0,Estimated
sony_ericsson_z310_1811,231241,241,2041,16,23,20,0,0.0,Estimated
sony_ericsson_w888_1847,231241,241,2041,16,23,20,0,0.0,Estimated
sony_ericsson_w200_1824,231241,241,2041,16,23,20,0,0.0,Estimated
sony_ericsson_j110_1844,231241,241,2041,16,23,20,0,0.0,Estimated
sony_ericsson_w830_1721,231241,241,2041,16,23,20,0,0.0,Estimated
sony_ericsson_w610_1845,231241,241,2041,16,23,20,0,0.0,Estimated
sony_ericsson_w850_1563,231241,241,2041,16,23,20,0,0.0,Estimated
sony_ericsson_k618_1660,231241,241,2041,16,23,20,0,0.0,Estimated
sony_ericsson_z320_2006,231241,241,2041,16,23,20,0,0.0,Estimated
sony_ericsson_z558_1723,231241,241,2041,16,23,20,0,0.0,Estimated
sony_ericsson_z610_1665,231241,241,2041,16,38,20,0,0.0,Estimated
sony_ericsson_z710_1561,231241,241,2041,16,23,20,0,0.0,Estimated
sony_ericsson_j120_1843,231241,241,2041,16,23,20,0,0.0,Estimated
sony_ericsson_k550im_1846,231241,241,2041,16,23,20,0,0.0,Estimated
sony_ericsson_z525_1526,231241,241,2041,16,23,20,0,0.0,Estimated
sony_ericsson_v630_1569,231241,241,2041,16,23,20,0,0.0,Estimated
sony_ericsson_k800_1485,231241,241,2041,16,23,20,0,0.0,Estimated
sony_ericsson_k790_1484,231241,241,2041,16,23,20,0,0.0,Estimated
sony_ericsson_k320_1722,231241,241,2041,16,23,20,0,0.0,Estimated
sony_ericsson_p990_1318,231241,241,2041,16,23,20,0,0.0,Estimated
sony_ericsson_z550_1564,231241,241,2041,16,23,20,0,0.0,Estimated
sony_ericsson_m608_1565,231241,241,2041,16,23,20,0,0.0,Estimated
sony_ericsson_w950_1443,231241,241,2041,16,23,20,0,0.0,Estimated
sony_ericsson_k610_1431,231241,241,2041,16,23,20,0,0.0,Estimated
sony_ericsson_w810_1402,231241,241,2041,16,23,20,0,0.0,Estimated
sony_ericsson_w900_1325,231241,241,2041,16,23,20,0,0.0,Estimated
sony_ericsson_m600_1425,231241,241,2041,16,23,20,0,0.0,Estimated
sony_ericsson_w300_1486,231241,241,2041,16,23,20,0,0.0,Estimated
sony_ericsson_j100_1430,231241,241,2041,16,23,20,0,0.0,Estimated
sony_ericsson_k510_1488,231241,241,2041,16,23,20,0,0.0,Estimated
sony_ericsson_k310_1489,231241,241,2041,16,23,20,0,0.0,Estimated
sony_ericsson_w550_1245,231241,241,2041,16,23,20,0,0.0,Estimated
sony_ericsson_k205_2321,231241,241,2041,16,23,20,0,0.0,Estimated
sony_ericsson_z300_1361,231241,241,2041,16,23,20,0,0.0,Estimated
sony_ericsson_w710_1562,231241,241,2041,16,23,20,0,0.0,Estimated
sony_ericsson_s600_1203,231241,241,2041,16,23,20,0,0.0,Estimated
sony_ericsson_k608_1200,231241,241,2041,16,23,20,0,0.0,Estimated
sony_ericsson_k750_1090,231241,241,2041,16,23,20,0,0.0,Estimated
sony_ericsson_j220_1362,231241,241,2041,16,23,20,0,0.0,Estimated
sony_ericsson_d750_1112,231241,241,2041,16,23,20,0,0.0,Estimated
sony_ericsson_j300_1091,231241,241,2041,16,23,20,0,0.0,Estimated
sony_ericsson_j210_1201,231241,241,2041,16,23,20,0,0.0,Estimated
sony_ericsson_j230_1363,231241,241,2041,16,23,20,0,0.0,Estimated
sony_ericsson_v600_1189,231241,241,2041,16,23,20,0,0.0,Estimated
sony_ericsson_z530_1487,231241,241,2041,16,23,20,0,0.0,Estimated
sony_ericsson_z520_1202,231241,241,2041,16,23,20,0,0.0,Estimated
sony_ericsson_z800_1042,231241,241,2041,16,23,20,0,0.0,Estimated
sony_ericsson_k600_1043,231241,241,2041,16,23,20,0,0.0,Estimated
sony_ericsson_w600_1204,231241,241,2041,16,23,20,0,0.0,Estimated
sony_ericsson_k300_983,231241,241,2041,16,23,20,0,0.0,Estimated
sony_ericsson_t290_909,231241,241,2041,16,23,20,0,0.0,Estimated
sony_ericsson_s710_848,231241,241,2041,16,23,20,0,0.0,Estimated
sony_ericsson_k500_847,231241,241,2041,16,23,20,0,0.0,Estimated
sony_ericsson_w800_1089,231241,241,2041,16,23,20,0,0.0,Estimated
sony_ericsson_f500i_828,231241,241,2041,16,23,20,0,0.0,Estimated
sony_ericsson_s700_693,231241,241,2041,16,23,20,0,0.0,Estimated
sony_ericsson_t630_559,231241,241,2041,16,23,20,0,0.0,Estimated
sony_ericsson_z200_523,231241,241,2041,16,23,20,0,0.0,Estimated
sony_ericsson_z500_694,231241,241,2041,16,23,20,0,0.0,Estimated
sony_ericsson_p910_846,231241,241,2041,16,23,20,0,0.0,Estimated
sony_ericsson_j200_908,231241,241,2041,16,23,20,0,0.0,Estimated
sony_ericsson_v800_893,231241,241,2041,16,23,20,0,0.0,Estimated
sony_ericsson_p900_544,231241,241,2041,16,23,20,0,0.0,Estimated
sony_ericsson_w700_1527,231241,241,2041,16,23,20,0,0.0,Estimated
sony_ericsson_t310_404,231241,241,2041,16,23,20,0,0.0,Estimated
sony_ericsson_t105_483,231241,241,2041,16,23,20,0,0.0,Estimated
sony_ericsson_t600_341,231241,241,2041,16,23,20,0,0.0,Estimated
sony_ericsson_t300_340,231241,241,2041,16,23,20,0,0.0,Estimated
sony_ericsson_t200_338,231241,241,2041,16,23,20,0,0.0,Estimated
sony_ericsson_p800_326,231241,241,2041,16,23,20,0,0.0,Estimated
sony_ericsson_z1010_421,231241,241,2041,16,23,20,0,0.0,Estimated
sony_ericsson_t68i_325,231241,241,2041,16,23,20,0,0.0,Estimated
sony_ericsson_z700_327,231241,241,2041,16,23,20,0,0.0,Estimated
sony_ericsson_k700_692,664363,1963,4689,16,23,20,0,0.0,Excel Benchmark
sony_ericsson_k508_1191,231241,241,2041,16,23,20,0,0.0,Estimated
sony_ericsson_windows_phone_7_3851,231241,241,2041,16,23,20,0,0.0,Estimated
sony_ericsson_z600_524,231241,241,2041,16,23,20,0,0.0,Estimated
sony_ericsson_xperia_duo_4047,50000,150,500,16,28,20,0,0.0,Estimated
sony_ericsson_t230_446,231241,241,2041,16,23,20,0,0.0,Estimated
sony_ericsson_t100_349,231241,241,2041,16,23,20,0,0.0,Estimated
sony_ericsson_t610_405,231241,241,2041,16,23,20,0,0.0,Estimated
sony_xperia_10_viii_5g_14894,446395,1595,5585,55,65,45,1509,13.62,Excel Benchmark
sony_xperia_1_vii_5g_13843,2062177,9293,6281,63,65,70,1475,15.53,GSMArena Lab
sony_xperia_1_viii_5g_14660,3210596,9278,4749,63,65,70,1510,0.0,GSMArena Lab
sony_xperia_1_vi_13003,1612156,6119,6608,63,65,70,1310,17.45,GSMArena Lab
sony_xperia_5_v_12534,1117716,4546,5226,48,65,70,746,16.32,GSMArena Lab
sony_xperia_10_v_12264,357142,1897,2200,68,50,45,947,16.23,GSMArena Lab
sony_xperia_10_iv_11522,396008,1908,2200,53,50,50,683,0.0,GSMArena Lab
sony_xperia_pro_i_11174,725839,3540,3500,50,55,45,644,0.0,GSMArena Lab
sony_xperia_1_iv_11521,838832,3403,3860,53,55,70,602,0.0,GSMArena Lab
sony_xperia_1_v_12263,1127931,4916,5226,63,55,70,936,12.4,GSMArena Lab
sony_xperia_5_iv_11838,835038,3448,3860,38,65,65,979,0.0,GSMArena Lab
sony_xperia_1_iii_10712,607423,3515,3500,55,55,65,620,0.0,GSMArena Lab
sony_xperia_pro_10707,700000,900,3100,55,40,40,0,0.0,Excel Benchmark
sony_xperia_5_ii_10396,532655,3301,3100,55,65,40,600,0.0,GSMArena Lab
sony_xperia_10_iii_10698,286216,1738,1800,40,50,45,559,0.0,GSMArena Lab
sony_xperia_10_vi_13002,559136,2769,2804,55,50,45,1010,13.93,GSMArena Lab
sony_xperia_10_iii_lite_11064,320000,600,1800,40,50,45,0,0.0,Excel Benchmark
sony_xperia_1_ii_10096,534701,3295,3100,55,40,60,611,0.0,GSMArena Lab
sony_xperia_l4_10091,130000,300,950,23,30,25,0,0.0,Excel Benchmark
sony_xperia_5_9840,416601,10941,2600,60,50,30,630,0.0,GSMArena Lab
sony_xperia_10_plus_9591,147163,4780,1150,40,40,30,0,0.0,GSMArena Lab
sony_xperia_1_9543,418206,10985,2600,60,40,30,665,0.0,GSMArena Lab
sony_xperia_xz2_9081,281749,8466,2200,18,40,25,0,0.0,GSMArena Lab
sony_xperia_xz3_9232,295468,8607,2200,18,60,50,0,0.0,GSMArena Lab
sony_xperia_xz2_premium_9166,288101,8509,2200,28,30,50,0,0.0,GSMArena Lab
sony_xperia_l3_9592,78894,300,950,23,50,25,0,0.0,GSMArena Lab
sony_xperia_xz2_compact_9082,308651,8487,2200,18,40,25,0,0.0,GSMArena Lab
sony_xperia_xa2_8986,110000,4215,950,20,40,30,0,0.0,Excel Benchmark
sony_xperia_xa2_ultra_8985,89110,4198,950,18,40,30,0,0.0,GSMArena Lab
sony_xperia_r1__plus__8922,45000,140,500,23,30,20,0,0.0,Estimated
sony_xperia_10_9353,112198,3985,950,25,40,25,0,0.0,GSMArena Lab
sony_xperia_xa1_plus_8840,95157,3783,1550,18,40,25,0,0.0,GSMArena Lab
sony_xperia_xz1_8804,300000,6541,1800,18,40,25,0,0.0,Excel Benchmark
sony_xperia_xz1_compact_8610,255140,5596,1800,20,30,25,0,0.0,GSMArena Lab
sony_xperia_l1_8619,70000,1890,650,21,30,20,0,0.0,Excel Benchmark
sony_xperia_xz_premium_8593,300000,5460,1800,18,30,30,0,0.0,Excel Benchmark
sony_xperia_xzs_8599,170766,808,1200,18,40,25,0,0.0,GSMArena Lab
sony_xperia_xa2_plus_9268,107537,4144,950,20,40,30,0,0.0,GSMArena Lab
sony_xperia_xa1_ultra_8595,240000,3807,1550,23,40,20,0,0.0,Excel Benchmark
sony_xperia_x_compact_8292,120000,280,1000,16,30,25,0,0.0,Excel Benchmark
sony_xperia_xz_8313,180000,330,1200,18,40,25,0,0.0,Excel Benchmark
sony_xperia_e5_8113,455515,715,1945,21,30,20,0,0.0,Excel Benchmark
sony_xperia_xa_ultra_8102,240000,500,1550,23,40,20,0,0.0,Excel Benchmark
sony_xperia_10_vii_5g_14137,600667,2943,5585,55,65,45,1064,12.95,GSMArena Lab
sony_xperia_x_7948,120000,280,1000,16,40,25,0,0.0,Excel Benchmark
sony_xperia_xa_dual_7957,240000,500,1550,23,30,20,0,0.0,Excel Benchmark
sony_xperia_xa1_8596,240000,3611,1550,18,30,20,0,0.0,Excel Benchmark
sony_xperia_10_ii_10095,196545,5679,1300,35,50,30,520,0.0,GSMArena Lab
sony_xperia_xa_7950,240000,500,1550,23,30,20,0,0.0,Excel Benchmark
sony_xperia_z5_premium_7536,120000,250,900,18,28,30,0,0.0,Excel Benchmark
sony_xperia_z5_dual_7537,120000,250,900,18,40,25,0,0.0,Excel Benchmark
sony_xperia_c5_ultra_dual_7466,240000,500,1550,21,40,20,0,0.0,Excel Benchmark
sony_xperia_z5_7534,120000,250,900,18,40,25,0,0.0,Excel Benchmark
sony_xperia_m5_dual_7465,471272,1072,3016,18,40,20,0,0.0,Excel Benchmark
sony_xperia_m5_7464,471272,1072,3016,18,40,20,0,0.0,Excel Benchmark
sony_xperia_c5_ultra_7463,240000,500,1550,21,40,20,0,0.0,Excel Benchmark
sony_xperia_z5_premium_dual_7538,120000,250,900,18,28,30,0,0.0,Excel Benchmark
sony_xperia_z3__dual_7257,120000,250,900,18,40,20,0,0.0,Excel Benchmark
sony_xperia_x_performance_7949,180000,330,1200,16,40,25,0,0.0,Excel Benchmark
sony_xperia_z3__6878,120000,250,900,18,40,25,0,0.0,Excel Benchmark
sony_xperia_z4v_7296,120000,250,900,18,50,50,0,0.0,Excel Benchmark
sony_xperia_c4_dual_7228,240000,500,1550,21,40,20,0,0.0,Excel Benchmark
sony_xperia_m4_aqua_dual_7100,536428,1028,3884,21,30,20,0,0.0,Excel Benchmark
sony_xperia_m4_aqua_7068,536428,1028,3884,21,30,20,0,0.0,Excel Benchmark
sony_xperia_e4g_7059,332827,1627,5681,16,28,20,0,0.0,Excel Benchmark
sony_xperia_e4g_dual_7060,332827,1627,5681,16,28,20,0,0.0,Excel Benchmark
sony_xperia_e4_6882,412178,778,2134,16,28,20,0,0.0,Excel Benchmark
sony_xperia_e3_dual_6663,30000,110,420,16,28,20,0,0.0,Estimated
sony_xperia_e3_6634,30000,110,420,16,28,20,0,0.0,Estimated
sony_xperia_c4_7227,240000,500,1550,21,40,20,0,0.0,Excel Benchmark
sony_xperia_z4_tablet_wifi_7238,120000,250,900,16,28,55,0,0.0,Excel Benchmark
sony_xperia_z4_tablet_lte_7069,120000,250,900,16,28,55,0,0.0,Excel Benchmark
sony_xperia_e4_dual_7031,412178,778,2134,16,28,20,0,0.0,Excel Benchmark
sony_xperia_z3_6539,90000,220,750,18,40,30,0,0.0,Excel Benchmark
sony_xperia_z3_compact_6538,90000,220,750,18,30,25,0,0.0,Excel Benchmark
sony_xperia_m2_aqua_6582,30000,110,420,16,28,20,0,0.0,Estimated
sony_xperia_z5_compact_7535,120000,250,900,18,30,25,0,0.0,Excel Benchmark
sony_xperia_c3_dual_6489,30000,110,420,16,30,20,0,0.0,Estimated
sony_xperia_z2a_6456,90000,220,750,18,40,25,0,0.0,Excel Benchmark
sony_xperia_c3_6488,30000,110,420,16,30,20,0,0.0,Estimated
sony_smartwatch_3_swr50_7691,231241,241,2041,16,23,20,0,0.0,Estimated
sony_xperia_t3_6408,30000,110,420,16,30,20,0,0.0,Estimated
sony_smartwatch_2_sw2_7719,231241,241,2041,16,23,20,0,0.0,Estimated
sony_xperia_m2_dual_6162,30000,110,420,16,23,20,0,0.0,Estimated
sony_xperia_l2_8987,70000,1932,650,23,30,25,0,0.0,Excel Benchmark
sony_xperia_5_iii_10851,708394,3549,3500,55,65,40,590,0.0,GSMArena Lab
sony_xperia_z2_tablet_lte_6145,90000,220,750,16,23,55,0,0.0,Excel Benchmark
sony_xperia_z2_tablet_wi_fi_6161,90000,220,750,16,23,55,0,0.0,Excel Benchmark
sony_xperia_e1_5966,200000,350,1300,16,23,20,0,0.0,Excel Benchmark
sony_xperia_z3_tablet_compact_6633,90000,220,750,16,28,45,0,0.0,Excel Benchmark
sony_xperia_t2_ultra_5965,30000,110,420,21,30,25,0,0.0,Estimated
sony_xperia_z2_6144,90000,220,750,18,40,30,0,0.0,Excel Benchmark
sony_xperia_z1_compact_5753,85000,200,700,16,30,20,0,0.0,Excel Benchmark
sony_xperia_z1s_5950,85000,200,700,16,35,25,0,0.0,Excel Benchmark
sony_xperia_e1_dual_5967,200000,350,1300,16,23,20,0,0.0,Excel Benchmark
sony_xperia_z_ultra_5540,85000,200,700,16,40,25,0,0.0,Excel Benchmark
sony_xperia_t2_ultra_dual_5968,30000,110,420,21,30,25,0,0.0,Estimated
sony_xperia_c_5541,141928,528,1384,16,23,20,0,0.0,Excel Benchmark
sony_xperia_l_5363,30000,110,420,16,23,20,0,0.0,Estimated
sony_xperia_m_5497,12000,50,200,16,23,20,0,0.0,Estimated
sony_xperia_z1_5596,85000,200,700,16,35,25,0,0.0,Excel Benchmark
sony_xperia_tablet_z_lte_5255,12000,50,200,16,28,50,0,0.0,Estimated
sony_xperia_z_5204,12000,50,200,16,35,20,0,0.0,Estimated
sony_xperia_zr_5421,12000,50,200,16,25,20,0,0.0,Estimated
sony_xperia_e_5149,215427,227,481,16,23,20,0,0.0,Excel Benchmark
sony_xperia_t_lte_5015,12000,50,200,21,25,20,0,0.0,Estimated
sony_xperia_tablet_z_wi_fi_5326,473026,2026,6878,16,28,50,0,0.0,Excel Benchmark
sony_xperia_z3_dual_6632,90000,220,750,18,40,25,0,0.0,Excel Benchmark
sony_xperia_sp_5364,12000,50,200,16,25,20,0,0.0,Estimated
sony_xperia_v_4958,12000,50,200,21,25,20,0,0.0,Estimated
sony_xperia_tablet_s_4913,297946,946,3638,16,28,50,0,0.0,Excel Benchmark
sony_xperia_e_dual_5148,215427,227,481,16,23,20,0,0.0,Excel Benchmark
sony_xperia_j_4930,215427,227,481,16,23,20,0,0.0,Excel Benchmark
sony_xperia_m2_6146,30000,110,420,16,23,20,0,0.0,Estimated
sony_xperia_zl_5203,12000,50,200,21,35,20,0,0.0,Estimated
sony_xperia_t_4899,12000,50,200,21,25,20,0,0.0,Estimated
sony_xperia_tablet_s_3g_4993,297946,946,3638,16,28,50,0,0.0,Excel Benchmark
sony_xperia_sl_4894,50000,150,500,16,30,20,0,0.0,Estimated
sony_xperia_tipo_dual_4832,527403,1003,2809,16,23,20,0,0.0,Excel Benchmark
sony_xperia_tx_4959,12000,50,200,21,25,20,0,0.0,Estimated
sony_xperia_tipo_4718,527403,1003,2809,16,23,20,0,0.0,Excel Benchmark
sony_xperia_acro_s_4781,50000,150,500,16,30,20,0,0.0,Estimated
sony_xperia_sx_so_05d_4775,12000,50,200,16,28,20,0,0.0,Estimated
sony_xperia_z3v_6796,90000,220,750,18,40,50,0,0.0,Excel Benchmark
sony_xperia_miro_4831,402467,1267,3601,16,23,20,0,0.0,Excel Benchmark
sony_xperia_sola_4408,603620,1820,4260,16,28,20,0,0.0,Excel Benchmark
sony_xperia_neo_l_4647,30000,100,350,16,28,20,0,0.0,Estimated
sony_xperia_u_4437,603620,1820,4260,16,23,20,0,0.0,Excel Benchmark
sony_xperia_acro_hd_so_03d_4773,50000,150,500,16,30,20,0,0.0,Estimated
sony_xperia_p_4436,603620,1820,4260,16,28,20,0,0.0,Excel Benchmark
sony_xperia_ion_hspa_4798,50000,150,500,16,30,20,0,0.0,Estimated
sony_xperia_acro_hd_soi12_4772,170000,350,1300,16,30,20,0,0.0,Excel Benchmark
sony_xperia_gx_so_04d_4774,12000,50,200,21,30,20,0,0.0,Estimated
sony_xperia_s_4369,50000,150,500,16,30,20,0,0.0,Estimated
sony_xperia_lt29i_hayabusa_4734,12000,50,200,21,30,20,0,0.0,Estimated
sony_cmd_j70_280,231241,241,2041,16,23,20,0,0.0,Estimated
sony_cmd_mz5_232,231241,241,2041,16,23,20,0,0.0,Estimated
sony_cmd_j7_279,231241,241,2041,16,23,20,0,0.0,Estimated
sony_tablet_p_4648,248158,758,3074,16,23,25,0,0.0,Excel Benchmark
sony_tablet_p_3g_4139,248158,758,3074,16,23,25,0,0.0,Excel Benchmark
sony_tablet_s_4137,248158,758,3074,16,23,20,0,0.0,Excel Benchmark
sony_cmd_z5_133,231241,241,2041,16,23,20,0,0.0,Estimated
sony_cmd_j5_201,231241,241,2041,16,23,20,0,0.0,Estimated
sony_cmd_c1_131,231241,241,2041,16,28,20,0,0.0,Estimated
sony_cmd_cd5_132,231241,241,2041,16,28,20,0,0.0,Estimated
sony_cmd_z1_plus_130,231241,241,2041,16,23,20,0,0.0,Estimated
sony_cmd_z7_281,231241,241,2041,16,23,20,0,0.0,Estimated
sony_cm_dx_2000_128,231241,241,2041,16,23,20,0,0.0,Estimated
sony_xperia_ion_lte_4412,50000,150,500,16,30,20,0,0.0,Estimated
sony_xperia_5_plus_10013,580000,750,2600,20,50,40,0,0.0,Excel Benchmark
sony_xperia_h8541_8956,300000,420,1800,18,30,30,0,0.0,Excel Benchmark
sony_xperia_x_ultra_8668,170000,350,1300,16,50,30,0,0.0,Excel Benchmark
sony_xperia_e1_ii_7022,231241,241,2041,16,23,20,0,0.0,Estimated
sony_xperia_z4_ultra_6958,120000,250,900,21,40,40,0,0.0,Excel Benchmark
sony_xperia_go_4782,603620,1820,4260,16,28,20,0,0.0,Excel Benchmark
sony_xperia_z4_compact_6957,120000,250,900,18,40,30,0,0.0,Excel Benchmark
sony_d_2403_6384,30000,110,420,16,23,20,0,0.0,Estimated
sony_cmd_z1_129,231241,241,2041,16,23,20,0,0.0,Estimated
sony_tablet_s_3g_4138,248158,758,3074,16,23,20,0,0.0,Excel Benchmark
sony_xperia_c670x_5336,679242,1042,2926,16,40,20,0,0.0,Excel Benchmark
sony_cmd_j6_270,231241,241,2041,16,23,20,0,0.0,Estimated
sony_xperia_m_ultra_8058,130000,300,1100,25,40,35,0,0.0,Excel Benchmark
sony_xperia_x_premium_8049,180000,330,1200,16,30,20,0,0.0,Excel Benchmark
sony_cm_dx_1000_127,231241,241,2041,16,23,20,0,0.0,Estimated
spice_fire_one__mi_fx_1__7004,200000,350,1300,16,23,20,0,0.0,Excel Benchmark
spice_smart_flo_359__mi_359__7000,628228,828,2284,16,23,20,0,0.0,Excel Benchmark
spice_stellar_439__mi_439__6998,30000,100,400,16,23,20,0,0.0,Estimated
spice_smart_flo_508__mi_508__7002,628228,828,2284,16,28,20,0,0.0,Excel Benchmark
spice_stellar_361__mi_361__6997,30000,100,400,16,23,20,0,0.0,Estimated
spice_stellar_507__mi_507__6996,30000,100,400,16,23,20,0,0.0,Estimated
spice_stellar_509__mi_509__6995,726979,1379,3937,16,28,20,0,0.0,Excel Benchmark
spice_smart_pulse__m_9010__7005,100000,250,900,16,23,20,0,0.0,Excel Benchmark
spice_smart_flo_358__mi_358__6999,628228,828,2284,16,23,20,0,0.0,Excel Benchmark
spice_stellar_526__mi_526__6975,681353,953,3659,16,25,20,0,0.0,Excel Benchmark
spice_stellar_520n__mi_520n__6972,412178,778,2134,16,30,20,0,0.0,Excel Benchmark
spice_stellar_440__mi_440__6973,30000,100,400,16,23,20,0,0.0,Estimated
spice_stellar_470__mi_470__6971,412178,778,2134,16,23,20,0,0.0,Excel Benchmark
spice_mi_498_dream_uno_6683,412178,778,2134,16,23,20,0,0.0,Excel Benchmark
spice_mi_506_stellar_mettle_icon_6322,231241,241,2041,16,23,20,0,0.0,Estimated
spice_mi_449_3g_6745,231241,241,2041,16,23,20,0,0.0,Estimated
spice_mi_451_3g_6744,231241,241,2041,16,23,20,0,0.0,Estimated
spice_mi_356_smart_flo_mettle_3_5x_6321,231241,241,2041,16,23,20,0,0.0,Estimated
spice_smart_flo_503__mi_503__7001,628228,828,2284,16,28,20,0,0.0,Excel Benchmark
spice_mi_438_stellar_glide_6319,231241,241,2041,16,23,20,0,0.0,Estimated
spice_mi_504_smart_flo_mettle_5x_6318,231241,241,2041,16,23,20,0,0.0,Estimated
spice_mi_426_smart_flo_mettle_4_0x_6320,231241,241,2041,16,23,20,0,0.0,Estimated
spice_mi_423_smart_flo_ivory_2_5828,231241,241,2041,16,23,20,0,0.0,Estimated
spice_mi_451_smartflo_poise_6317,231241,241,2041,16,28,20,0,0.0,Estimated
spice_mi_550_pinnacle_stylus_5813,231241,241,2041,16,25,20,0,0.0,Estimated
spice_mi_502n_smart_flo_pace3_5812,231241,241,2041,16,23,20,0,0.0,Estimated
spice_mi_437_stellar_nhance_2_5810,231241,241,2041,16,23,20,0,0.0,Estimated
spice_mi_354_smartflo_space_5652,730082,1882,6446,16,23,20,0,0.0,Excel Benchmark
spice_mi_515_coolpad_5546,141928,528,1384,16,28,20,0,0.0,Excel Benchmark
spice_mi_525_pinnacle_fhd_5594,141928,528,1384,16,40,20,0,0.0,Excel Benchmark
spice_n_300_7003,628228,828,2284,16,28,20,0,0.0,Excel Benchmark
spice_mi_491_stellar_virtuoso_pro_5526,151085,285,655,16,23,20,0,0.0,Excel Benchmark
spice_mi_496_spice_coolpad_2_5865,141928,528,1384,16,23,20,0,0.0,Excel Benchmark
spice_mi_422_smartflo_pace_5524,382595,1795,4185,16,23,20,0,0.0,Excel Benchmark
spice_mi_725_stellar_slatepad_5442,231241,241,2041,16,23,25,0,0.0,Estimated
spice_mi_436_stellar_glamour_5653,30000,100,400,16,23,20,0,0.0,Estimated
spice_stellar_520__mi_520__6974,412178,778,2134,16,30,20,0,0.0,Excel Benchmark
spice_mi_502_smartflo_pace2_5441,231241,241,2041,16,23,20,0,0.0,Estimated
spice_mi_492_stellar_virtuoso_pro__5811,231241,241,2041,16,23,20,0,0.0,Estimated
spice_mi_450_smartflo_ivory_5525,730082,1882,6446,16,23,20,0,0.0,Excel Benchmark
spice_mi_535_stellar_pinnacle_pro_5440,141928,528,1384,16,28,20,0,0.0,Excel Benchmark
spice_mi_505_stellar_horizon_pro_5527,151085,285,655,16,23,20,0,0.0,Excel Benchmark
spice_mi_495_stellar_virtuoso_5222,231241,241,2041,16,23,20,0,0.0,Estimated
spice_stellar_600__mi_600__6976,726979,1379,3937,16,28,20,0,0.0,Excel Benchmark
spice_m_5665_t2_5044,231241,241,2041,16,23,20,0,0.0,Estimated
spice_mi_1010_stellar_pad_5223,231241,241,2041,16,28,50,0,0.0,Estimated
spice_m_6688_flo_magic_5040,231241,241,2041,16,23,20,0,0.0,Estimated
spice_mi_353_stellar_jazz_5523,231241,241,2041,16,23,20,0,0.0,Estimated
spice_m_5900_flo_tv_pro_5042,231241,241,2041,16,23,20,0,0.0,Estimated
spice_mi_500_stellar_horizon_5052,151085,285,655,16,23,20,0,0.0,Excel Benchmark
spice_m_5455_flo_5039,231241,241,2041,16,23,20,0,0.0,Estimated
spice_m_5365_boss_killer_5038,231241,241,2041,16,23,20,0,0.0,Estimated
spice_m_5200_boss_don_5036,231241,241,2041,16,23,20,0,0.0,Estimated
spice_mi_349_smart_flo_edge_5829,231241,241,2041,16,23,20,0,0.0,Estimated
spice_m_5460_flo_5041,231241,241,2041,16,23,20,0,0.0,Estimated
spice_m_5390_boss_double_xl_5035,231241,241,2041,16,23,20,0,0.0,Estimated
spice_m_5250_boss_item_5034,231241,241,2041,16,23,20,0,0.0,Estimated
spice_mi_355_stellar_craze_4991,625334,734,2002,16,23,20,0,0.0,Excel Benchmark
spice_m_6868n_flo_me_4786,231241,241,2041,16,23,20,0,0.0,Estimated
spice_mi_530_stellar_pinnacle_5278,231241,241,2041,16,23,20,0,0.0,Estimated
spice_m_5600_flo_tv_4785,231241,241,2041,16,23,20,0,0.0,Estimated
spice_mi_350_4343,625334,734,2002,16,23,20,0,0.0,Excel Benchmark
spice_m_6900_knight_4235,231241,241,2041,16,23,20,0,0.0,Estimated
spice_m_6868_4236,231241,241,2041,16,23,20,0,0.0,Estimated
spice_m_5363_boss_5046,231241,241,2041,16,23,20,0,0.0,Estimated
spice_m_9000_popkorn_4623,231241,241,2041,16,23,20,0,0.0,Estimated
spice_mi_280_4700,625334,734,2002,16,23,20,0,0.0,Excel Benchmark
spice_mi_425_stellar_4834,231241,241,2041,16,23,20,0,0.0,Estimated
spice_m_5350_4249,231241,241,2041,16,23,20,0,0.0,Estimated
spice_m_6450_4246,231241,241,2041,16,23,20,0,0.0,Estimated
spice_m_5400_boss_tv_5037,231241,241,2041,16,23,20,0,0.0,Estimated
spice_m_4262_4252,231241,241,2041,16,23,20,0,0.0,Estimated
spice_m_5566_flo_entertainer_5043,231241,241,2041,16,23,20,0,0.0,Estimated
spice_m_5115_4251,231241,241,2041,16,23,20,0,0.0,Estimated
spice_m_6700_4237,231241,241,2041,16,23,20,0,0.0,Estimated
spice_m_5180_4250,231241,241,2041,16,23,20,0,0.0,Estimated
spice_mi_270_3963,523522,1322,4766,16,23,20,0,0.0,Excel Benchmark
spice_m_4250_3689,231241,241,2041,16,23,20,0,0.0,Estimated
spice_m_5262_3658,231241,241,2041,16,23,20,0,0.0,Estimated
spice_qt_65_3657,231241,241,2041,16,23,20,0,0.0,Estimated
spice_mi_285_stellar_5045,625334,734,2002,16,23,20,0,0.0,Excel Benchmark
spice_mi_410_4053,30000,100,350,16,23,20,0,0.0,Estimated
spice_m_5170_3656,231241,241,2041,16,23,20,0,0.0,Estimated
spice_qt_58_3659,231241,241,2041,16,23,20,0,0.0,Estimated
spice_qt_61_3660,231241,241,2041,16,23,20,0,0.0,Estimated
spice_m_5454_3661,231241,241,2041,16,23,20,0,0.0,Estimated
spice_m_5161n_3690,231241,241,2041,16,23,20,0,0.0,Estimated
spice_qt_95_3691,231241,241,2041,16,23,20,0,0.0,Estimated
spice_m_4580n_3639,231241,241,2041,16,23,20,0,0.0,Estimated
spice_qt_68_3693,231241,241,2041,16,23,20,0,0.0,Estimated
spice_m_67_3d_3692,231241,241,2041,16,23,20,0,0.0,Estimated
spice_mi_310_3929,231241,241,2041,16,23,20,0,0.0,Estimated
spice_mi_300_3641,231241,241,2041,16,28,20,0,0.0,Estimated
spice_m_6363_3643,231241,241,2041,16,23,20,0,0.0,Estimated
spice_m_6_sports_3642,231241,241,2041,16,23,20,0,0.0,Estimated
spice_g_6565_3648,231241,241,2041,16,23,20,0,0.0,Estimated
spice_qt_56_3644,231241,241,2041,16,23,20,0,0.0,Estimated
spice_qt_60_3646,231241,241,2041,16,23,20,0,0.0,Estimated
spice_s_7000_3650,231241,241,2041,16,23,20,0,0.0,Estimated
spice_m_5055_3652,231241,241,2041,16,23,20,0,0.0,Estimated
spice_m_6800_flo_4110,231241,241,2041,16,23,20,0,0.0,Estimated
spice_mi_510_stellar_prime_5528,141928,528,1384,16,23,20,0,0.0,Excel Benchmark
spice_m_940n_3683,231241,241,2041,16,23,20,0,0.0,Estimated
spice_m_6262_3653,231241,241,2041,16,23,20,0,0.0,Estimated
spice_s_5010_3679,231241,241,2041,16,23,20,0,0.0,Estimated
spice_qt_52_3645,231241,241,2041,16,23,20,0,0.0,Estimated
spice_d_6666_3680,231241,241,2041,16,23,20,0,0.0,Estimated
spice_s_5110_3682,231241,241,2041,16,23,20,0,0.0,Estimated
spice_m_4242_3655,231241,241,2041,16,23,20,0,0.0,Estimated
spice_m_5750_4247,231241,241,2041,16,23,20,0,0.0,Estimated
spice_d_1111_3687,231241,241,2041,16,23,20,0,0.0,Estimated
spice_m_5161_3649,231241,241,2041,16,23,20,0,0.0,Estimated
spice_kt_5353_3640,231241,241,2041,16,23,20,0,0.0,Estimated
spice_m_5252_3688,231241,241,2041,16,23,20,0,0.0,Estimated
spice_m_4580_3681,231241,241,2041,16,23,20,0,0.0,Estimated
spice_s_5420_3685,231241,241,2041,16,23,20,0,0.0,Estimated
spice_s_1200_3654,231241,241,2041,31,23,20,0,0.0,Estimated
spice_qt_50_3647,231241,241,2041,16,23,20,0,0.0,Estimated
spice_s_6005_3686,231241,241,2041,16,23,20,0,0.0,Estimated
spice_mi_720_4216,231241,241,2041,16,23,35,0,0.0,Estimated
t_mobile_t_phone_3_5g_14081,446395,1595,5585,51,55,50,0,0.0,Excel Benchmark
t_mobile_revvl_7_pro_13145,560000,943,2804,23,65,70,0,0.0,Excel Benchmark
t_mobile_revvl_7_13146,560000,943,2804,38,65,45,0,0.0,Excel Benchmark
t_mobile_revvl_tab_2_14010,110000,270,950,16,28,55,0,0.0,Excel Benchmark
t_mobile_revvl_6x_12514,520000,800,2300,38,30,40,0,0.0,Excel Benchmark
t_mobile_revvl_tab_12516,520000,800,2300,18,28,50,0,0.0,Excel Benchmark
t_mobile_revvl_6_11937,520000,800,2300,21,30,40,0,0.0,Excel Benchmark
t_mobile_revvl_5g_10486,340000,600,1850,40,40,40,0,0.0,Excel Benchmark
t_mobile_revvl_4__10485,170000,350,1300,28,50,35,0,0.0,Excel Benchmark
t_mobile_revvl_v__5g_10997,520000,800,2300,28,30,50,0,0.0,Excel Benchmark
t_mobile_revvl_4_10484,502465,1665,4795,21,30,25,0,0.0,Excel Benchmark
t_mobile_revvlry__9764,140000,320,1150,43,40,30,0,0.0,Excel Benchmark
t_mobile_revvl_6x_pro_12515,520000,800,2300,23,30,45,0,0.0,Excel Benchmark
t_mobile_revvlry_9763,120000,280,1000,23,30,25,0,0.0,Excel Benchmark
t_mobile_prism_ii_5550,231241,241,2041,16,23,20,0,0.0,Estimated
t_mobile_mytouch_2_4897,30000,100,350,16,28,20,0,0.0,Estimated
t_mobile_t_tablet_2_5g_14082,503243,843,2329,18,28,50,0,0.0,Excel Benchmark
t_mobile_prism_4736,231241,241,2041,16,23,20,0,0.0,Estimated
t_mobile_springboard_4233,50000,150,500,16,23,50,0,0.0,Estimated
t_mobile_energy_4624,231241,241,2041,16,23,20,0,0.0,Estimated
t_mobile_mytouch_q_4231,30000,100,350,16,23,20,0,0.0,Estimated
t_mobile_mytouch_4g_slide_4018,231241,241,2041,16,28,20,0,0.0,Estimated
t_mobile_mytouch_4232,30000,100,350,16,38,20,0,0.0,Estimated
t_mobile_g_slate_3932,248158,758,3074,16,28,20,0,0.0,Excel Benchmark
t_mobile_move_3990,231241,241,2041,16,23,20,0,0.0,Estimated
t_mobile_vivacity_4347,231241,241,2041,16,23,20,0,0.0,Estimated
t_mobile_g2x_3888,610901,901,2503,16,28,20,0,0.0,Excel Benchmark
t_mobile_mytouch_q_2_4898,30000,100,350,16,28,20,0,0.0,Estimated
t_mobile_revvl_6_pro_11938,520000,800,2300,23,30,65,0,0.0,Excel Benchmark
t_mobile_vairy_text_ii_4031,231241,241,2041,16,23,20,0,0.0,Estimated
t_mobile_comet_3612,320486,1486,3258,16,23,20,0,0.0,Excel Benchmark
t_mobile_vibe_e200_3624,231241,241,2041,16,23,20,0,0.0,Estimated
t_mobile_revvl_8809,527958,558,2474,21,30,25,0,0.0,Excel Benchmark
t_mobile_arizona_4390,231241,241,2041,16,23,20,0,0.0,Estimated
t_mobile_pulse_mini_3167,374909,1309,2727,16,23,20,0,0.0,Excel Benchmark
t_mobile_mytouch_3g_fender_edition_3089,411432,1232,2496,16,23,20,0,0.0,Excel Benchmark
t_mobile_move_balance_4389,231241,241,2041,16,23,20,0,0.0,Estimated
t_mobile_tap_3019,231241,241,2041,16,23,20,0,0.0,Estimated
t_mobile_sidekick_4g_3874,449037,1837,5311,16,23,20,0,0.0,Excel Benchmark
t_mobile_pulse_2911,231241,241,2041,16,23,20,0,0.0,Estimated
t_mobile_g2_3518,504066,1066,4998,16,23,20,0,0.0,Excel Benchmark
t_mobile_vairy_text_3196,231241,241,2041,16,23,20,0,0.0,Estimated
t_mobile_mytouch_3g_1_2_3424,411432,1232,2496,16,23,20,0,0.0,Excel Benchmark
t_mobile_hd2_3228,508938,1538,5414,16,23,20,0,0.0,Excel Benchmark
t_mobile_mda_vario_v_2825,15000,60,250,16,23,20,0,0.0,Estimated
t_mobile_vairy_touch_ii_3190,231241,241,2041,16,23,20,0,0.0,Estimated
t_mobile_mytouch_3g_2848,411432,1232,2496,16,23,20,0,0.0,Excel Benchmark
t_mobile_mda_compact_v_2824,15000,60,250,16,23,20,0,0.0,Estimated
t_mobile_dash_3g_2887,231241,241,2041,16,23,20,0,0.0,Estimated
t_mobile_vairy_touch_2858,231241,241,2041,16,23,20,0,0.0,Estimated
t_mobile_mytouch_3g_slide_3270,231241,241,2041,16,23,20,0,0.0,Estimated
t_mobile_mda_vario_iv_2581,411432,1232,2496,16,23,20,0,0.0,Excel Benchmark
t_mobile_g2_touch_2890,15000,60,250,16,23,20,0,0.0,Estimated
t_mobile_g1_2533,411432,1232,2496,16,23,20,0,0.0,Excel Benchmark
t_mobile_shadow_2564,259101,1101,3103,16,23,20,0,0.0,Excel Benchmark
t_mobile_mytouch_4g_3520,30000,100,350,16,23,20,0,0.0,Estimated
t_mobile_shadow_2_2656,340847,1647,4741,16,23,20,0,0.0,Excel Benchmark
t_mobile_sidekick_2576,231241,241,2041,16,23,20,0,0.0,Estimated
t_mobile_sidekick_3_2578,231241,241,2041,16,23,20,0,0.0,Estimated
t_mobile_mytouch_qwerty_4770,231241,241,2041,16,28,20,0,0.0,Estimated
t_mobile_mda_compact_iv_2582,411432,1232,2496,16,23,20,0,0.0,Excel Benchmark
t_mobile_dash_2580,259101,1101,3103,16,23,20,0,0.0,Excel Benchmark
t_mobile_wing_2579,259101,1101,3103,16,23,20,0,0.0,Excel Benchmark
t_mobile_mda_basic_2648,259101,1101,3103,16,23,20,0,0.0,Excel Benchmark
t_mobile_sidekick_lx_2009_2787,231241,241,2041,16,23,20,0,0.0,Estimated
t_mobile_garminfone_3277,231241,241,2041,16,23,20,0,0.0,Estimated
t_mobile_sidekick_slide_2218,259101,1101,3103,16,23,20,0,0.0,Excel Benchmark
t_mobile_concord_4949,758234,1634,5702,16,23,20,0,0.0,Excel Benchmark
t_mobile_sidekick_lx_2577,231241,241,2041,16,23,20,0,0.0,Estimated
tcl_p80_ultra_5g_14927,30000,110,420,85,95,65,0,0.0,Estimated
tcl_p80_pro_5g_14867,30000,110,420,65,95,65,0,0.0,Estimated
tcl_p80_5g_14868,270000,540,1650,65,95,65,0,0.0,Excel Benchmark
tcl_tab_8_gen_2_14552,260000,500,1500,16,33,55,0,0.0,Excel Benchmark
tcl_tab_a1_plus_nxtpaper_14862,400000,700,2000,18,48,65,0,0.0,Excel Benchmark
tcl_k70_se_14526,150000,350,1100,16,33,25,0,0.0,Excel Benchmark
tcl_tab_11_gen_2_14550,260000,500,1500,16,28,55,0,0.0,Excel Benchmark
tcl_tab_a1_plus_14527,400000,700,2000,16,48,55,0,0.0,Excel Benchmark
tcl_tab_10l_gen_4_14466,312060,260,2580,16,28,55,0,0.0,Excel Benchmark
tcl_nxtpaper_70_pro_5g_14398,270000,540,1650,65,60,60,0,0.0,Excel Benchmark
tcl_k70_14465,374219,619,2657,43,50,45,0,0.0,Excel Benchmark
tcl_nxtpaper_11_gen_2_14295,260000,500,1500,16,33,55,0,0.0,Excel Benchmark
tcl_60_se_14020,364852,652,1756,43,35,50,0,0.0,Excel Benchmark
tcl_nxtpaper_60_ultra_5g_14085,30000,110,420,85,55,60,0,0.0,Estimated
tcl_nxtpaper_11_plus_13874,374219,619,2657,18,65,65,0,0.0,Excel Benchmark
tcl_60_xe_nxtpaper_13842,420000,700,2000,48,55,50,0,0.0,Excel Benchmark
tcl_60_5g_13829,110000,270,950,43,45,50,0,0.0,Excel Benchmark
tcl_60_se_nxtpaper_5g_13830,110000,270,950,43,50,50,0,0.0,Excel Benchmark
tcl_60_nxtpaper_4g_13831,332661,661,2783,58,50,60,0,0.0,Excel Benchmark
tcl_50_pro_nxtpaper_13300,110000,270,950,58,55,60,0,0.0,Excel Benchmark
tcl_503_13439,100000,250,850,23,30,45,0,0.0,Excel Benchmark
tcl_50_nxtpaper_13301,110000,270,950,48,55,60,0,0.0,Excel Benchmark
tcl_50_xe_nxtpaper_13302,420000,700,2000,38,35,50,0,0.0,Excel Benchmark
tcl_605_13970,364852,652,1756,41,35,50,0,0.0,Excel Benchmark
tcl_nxtpaper_14_13296,400000,700,1900,16,28,65,0,0.0,Excel Benchmark
tcl_tab_10l_gen_3_13299,837288,1888,5464,16,28,50,0,0.0,Excel Benchmark
tcl_tab_10_nxtpaper_13295,460223,1823,5269,18,28,55,0,0.0,Excel Benchmark
tcl_50_xl_nxtpaper_13173,420000,700,2000,48,55,50,0,0.0,Excel Benchmark
tcl_50_xl_13174,420000,700,2000,38,55,50,0,0.0,Excel Benchmark
tcl_50_le_13176,520000,800,2300,23,35,40,0,0.0,Excel Benchmark
tcl_50_xe_13175,420000,700,2000,38,35,50,0,0.0,Excel Benchmark
tcl_flip_13431,813148,1748,4044,16,28,20,0,0.0,Excel Benchmark
tcl_classic_13430,80000,200,700,16,28,20,0,0.0,Excel Benchmark
tcl_60r_5g_13772,110000,270,950,43,45,45,0,0.0,Excel Benchmark
tcl_flip_3_13429,813148,1748,4044,16,28,20,0,0.0,Excel Benchmark
tcl_tab_11_fe_14551,260000,500,1500,16,28,50,0,0.0,Excel Benchmark
tcl_505_12823,467813,1413,3039,41,35,45,0,0.0,Excel Benchmark
tcl_50_se_12841,300000,550,1600,43,50,60,0,0.0,Excel Benchmark
tcl_502_13943,530819,1219,3457,16,33,25,0,0.0,Excel Benchmark
tcl_tab_10l_gen2_12538,331905,1105,4115,16,28,50,0,0.0,Excel Benchmark
tcl_tab_10_gen2_12537,675530,1730,5990,16,28,50,0,0.0,Excel Benchmark
tcl_k70_power_14464,487210,1410,3030,43,50,65,0,0.0,Excel Benchmark
tcl_40_nxtpaper_5g_12536,380000,600,1700,43,40,45,611,0.0,Excel Benchmark
tcl_40_xl_12142,340000,600,1850,38,35,50,0,0.0,Excel Benchmark
tcl_40_x_12143,520000,800,2300,38,35,50,0,0.0,Excel Benchmark
tcl_nxtpaper_11_12145,240000,450,1400,18,28,55,0,0.0,Excel Benchmark
tcl_40_xe_12144,520000,800,2300,23,35,50,0,0.0,Excel Benchmark
tcl_flip_2_13428,80000,200,700,16,28,20,0,0.0,Excel Benchmark
tcl_406_12147,231241,241,2041,21,30,45,0,0.0,Estimated
tcl_501_12840,467813,1413,3039,16,28,25,0,0.0,Excel Benchmark
tcl_408_12060,100000,250,800,43,30,45,0,0.0,Excel Benchmark
tcl_403_12061,502465,1665,4795,16,28,25,0,0.0,Excel Benchmark
tcl_stylus_11604,520000,800,2300,41,45,40,0,0.0,Excel Benchmark
tcl_30_xl_11983,698709,1109,3127,16,30,50,0,0.0,Excel Benchmark
tcl_40r_11971,520000,800,2300,43,35,45,0,0.0,Excel Benchmark
tcl_40_se_12058,340000,600,1850,43,35,50,0,0.0,Excel Benchmark
tcl_tab_11_12146,240000,450,1400,18,28,55,0,0.0,Excel Benchmark
tcl_nxtpaper_12_pro_12062,218228,828,3284,21,50,55,0,0.0,Excel Benchmark
tcl_30_le_12567,223173,773,2119,23,30,25,0,0.0,Excel Benchmark
tcl_tab_10_hd_4g_11393,531760,1960,6680,16,28,45,0,0.0,Excel Benchmark
tcl_30__11386,340000,600,1850,36,55,50,0,0.0,Excel Benchmark
tcl_30_5g_11387,520000,800,2300,41,55,50,0,0.0,Excel Benchmark
tcl_30_11385,340000,600,1850,38,55,50,0,0.0,Excel Benchmark
tcl_40_nxtpaper_12535,300000,550,1600,53,45,60,0,0.0,Excel Benchmark
tcl_306_11717,100000,250,800,21,30,45,0,0.0,Excel Benchmark
tcl_30e_11383,100000,250,800,36,30,45,0,0.0,Excel Benchmark
tcl_tab_10s_5g_11392,218228,828,3284,16,28,55,0,0.0,Excel Benchmark
tcl_205_12016,100000,250,850,21,30,35,0,0.0,Excel Benchmark
tcl_tab_10l_11305,500389,789,3167,16,28,35,0,0.0,Excel Benchmark
tcl_305_11341,502465,1665,4795,21,30,45,0,0.0,Excel Benchmark
tcl_30_xe_5g_11302,520000,800,2300,23,35,45,0,0.0,Excel Benchmark
tcl_20_xe_11699,130000,300,950,21,30,50,0,0.0,Excel Benchmark
tcl_tab_8_4g_11306,217816,816,4248,16,28,35,0,0.0,Excel Benchmark
tcl_ion_x_12095,100000,250,800,21,50,25,0,0.0,Excel Benchmark
tcl_a30_11360,130000,300,950,16,50,25,0,0.0,Excel Benchmark
tcl_a3_11361,130000,300,950,16,50,25,0,0.0,Excel Benchmark
tcl_405_11987,100000,250,800,21,30,45,0,0.0,Excel Benchmark
tcl_20b_11261,130000,300,950,38,30,40,0,0.0,Excel Benchmark
tcl_50_5g_12842,420000,700,2000,43,35,50,0,0.0,Excel Benchmark
tcl_30_v_5g_11303,340000,600,1700,43,40,45,0,0.0,Excel Benchmark
tcl_20_pro_5g_10855,380000,650,2000,30,50,65,0,0.0,Excel Benchmark
tcl_20l__10854,160000,330,1200,23,45,50,0,0.0,Excel Benchmark
tcl_tab_10s_10677,675530,1730,5990,16,28,55,0,0.0,Excel Benchmark
tcl_20e_11321,130000,300,950,23,30,35,0,0.0,Excel Benchmark
tcl_20_5g_10612,320000,600,1800,40,40,45,0,0.0,Excel Benchmark
tcl_20y_11359,130000,300,950,38,30,35,0,0.0,Excel Benchmark
tcl_20_se_10675,170000,350,1300,18,30,50,0,0.0,Excel Benchmark
tcl_nxtpaper_10676,531760,1960,6680,16,45,50,0,0.0,Excel Benchmark
tcl_nxtpaper_10s_11304,675530,1730,5990,16,28,55,0,0.0,Excel Benchmark
tcl_movetime_10488,156834,234,502,16,38,20,0,0.0,Excel Benchmark
tcl_10_tabmid_10487,170000,350,1300,16,28,50,0,0.0,Excel Benchmark
tcl_10_se_10321,130000,300,950,38,30,35,0,0.0,Excel Benchmark
tcl_10_5g_uw_10559,350000,620,1900,40,40,45,0,0.0,Excel Benchmark
tcl_10_pro_10179,240000,500,1550,18,50,45,0,0.0,Excel Benchmark
tcl_plex_9841,240000,500,1550,38,40,30,0,0.0,Excel Benchmark
tcl_20_r_5g_11088,520000,800,2300,23,40,40,0,0.0,Excel Benchmark
tcl_20s_10856,170000,350,1300,25,40,45,0,0.0,Excel Benchmark
tcl_l10_pro_11081,100000,250,850,21,30,35,0,0.0,Excel Benchmark
tcl_30_se_11384,100000,250,800,38,30,45,0,0.0,Excel Benchmark
tcl_10_plus_10320,170000,350,1300,25,50,40,0,0.0,Excel Benchmark
tcl_20l_10853,160000,330,1200,23,45,50,0,0.0,Excel Benchmark
tcl_10_tabmax_10419,231241,241,2041,28,28,55,0,0.0,Estimated
tcl_10l_10180,170000,350,1300,25,40,35,0,0.0,Excel Benchmark
tcl_10_5g_10178,350000,620,1900,25,40,45,0,0.0,Excel Benchmark
tecno_camon_air_14919,15000,60,250,53,60,70,0,0.0,Estimated
tecno_camon_slim_5g_14918,270000,540,1650,68,58,70,0,0.0,Excel Benchmark
tecno_pova_8_pro_5g_14875,30000,110,420,56,70,70,0,0.0,Estimated
tecno_spark_go_3_pro_14905,490939,1339,2817,23,45,45,0,0.0,Excel Benchmark
tecno_camon_slim_14745,15000,60,250,53,60,65,0,0.0,Estimated
tecno_pova_8_5g_14714,811323,2914,1500,41,60,70,991,17.28,GSMArena Lab
tecno_pop_x_5g_14608,30000,110,420,38,45,70,0,0.0,Estimated
tecno_spark_50_5g_14566,30000,110,420,38,45,70,0,0.0,Estimated
tecno_spark_50_4g_14596,364852,652,1756,38,45,55,0,0.0,Excel Benchmark
tecno_camon_50_pro_14500,15000,60,250,83,58,70,0,0.0,Estimated
tecno_camon_50_ultra_5g_14519,944781,3134,420,85,60,70,1302,16.0,GSMArena Lab
tecno_spark_50_pro_14728,450032,1832,5296,43,45,70,0,0.0,Excel Benchmark
tecno_camon_50_14501,15000,60,250,68,58,70,0,0.0,Estimated
tecno_pova_curve_2_5g_14384,230000,480,1500,41,80,70,0,0.0,Excel Benchmark
tecno_megapad_se_14488,220000,400,1400,16,33,55,0,0.0,Excel Benchmark
tecno_spark_go_3_14420,490939,1339,2817,23,45,45,0,0.0,Excel Benchmark
tecno_megapad_pro_14244,231241,241,2041,21,33,65,0,0.0,Estimated
tecno_pova_slim_5g_14111,30000,110,420,36,70,65,0,0.0,Estimated
tecno_spark_slim_14112,15000,60,250,36,70,65,0,0.0,Estimated
tecno_spark_40_5g_14568,30000,110,420,36,45,55,0,0.0,Estimated
tecno_spark_go_5g_14074,30000,110,420,36,45,55,0,0.0,Estimated
tecno_pova_7_pro_5g_13990,270000,540,1650,38,80,90,0,0.0,Excel Benchmark
tecno_spark_40_pro__13986,455013,1903,250,46,70,85,1601,10.8,GSMArena Lab
tecno_spark_40_pro_13985,450032,1832,5296,46,70,65,0,0.0,Excel Benchmark
tecno_pova_7_ultra_5g_13976,300000,420,1800,43,78,95,0,0.0,Excel Benchmark
tecno_spark_40_4g_13984,364852,652,1756,38,45,65,0,0.0,Excel Benchmark
tecno_pova_7_13974,450032,1832,5296,48,65,70,0,0.0,Excel Benchmark
tecno_camon_40_premier_13694,1418376,4224,1800,80,70,70,658,11.6,GSMArena Lab
tecno_camon_40_pro_5g_13695,700909,3218,1650,65,70,65,1045,13.85,GSMArena Lab
tecno_pop_x_14665,490939,1339,2817,23,45,45,0,0.0,Excel Benchmark
tecno_camon_40_pro_13696,450032,1832,5296,65,65,65,0,0.0,Excel Benchmark
tecno_pova_curve_5g_13915,270000,540,1650,43,80,65,0,0.0,Excel Benchmark
tecno_spark_go_1s_13648,150000,350,1100,28,35,45,0,0.0,Excel Benchmark
tecno_spark_40c_14052,364852,652,1756,28,45,55,0,0.0,Excel Benchmark
tecno_megapad_11_13546,400000,700,1900,23,33,55,0,0.0,Excel Benchmark
tecno_pop_9_4g_13509,410830,1030,2890,28,45,45,0,0.0,Excel Benchmark
tecno_camon_30s_13426,374219,619,2657,51,75,60,0,0.0,Excel Benchmark
tecno_spark_30_5g_13384,110000,270,950,43,45,50,0,0.0,Excel Benchmark
tecno_spark_30c_5g_13385,110000,270,950,33,45,50,0,0.0,Excel Benchmark
tecno_spark_30_pro_13357,374219,619,2657,41,75,60,0,0.0,Excel Benchmark
tecno_pop_9_13358,110000,270,950,33,45,50,0,0.0,Excel Benchmark
tecno_spark_30_13356,507378,1978,5734,36,50,50,0,0.0,Excel Benchmark
tecno_megapad_13268,260000,500,1500,21,28,55,0,0.0,Excel Benchmark
tecno_spark_30c_13310,364852,652,1756,38,45,50,0,0.0,Excel Benchmark
tecno_camon_40_13697,450032,1832,5296,63,65,65,0,0.0,Excel Benchmark
tecno_camon_50_pro_5g_14538,30000,110,420,83,60,70,0,0.0,Estimated
tecno_spark_go_1_13274,410830,1030,2890,28,45,45,0,0.0,Excel Benchmark
tecno_camon_30s_pro_13242,374219,619,2657,63,75,85,0,0.0,Excel Benchmark
tecno_pova_6_neo_5g_13326,110000,270,950,43,45,50,0,0.0,Excel Benchmark
tecno_spark_go_2_13975,490939,1339,2817,28,45,45,0,0.0,Excel Benchmark
tecno_spark_20_pro_5g_13124,400000,650,1850,48,55,60,0,0.0,Excel Benchmark
tecno_spark_20p_13125,390305,1505,5315,38,35,50,0,0.0,Excel Benchmark
tecno_camon_30_pro_12846,949357,3931,1200,65,70,70,998,14.48,GSMArena Lab
tecno_pova_6_pro_12830,433321,1890,1850,53,75,75,1070,14.37,GSMArena Lab
tecno_spark_20_pro__12770,433988,1787,1900,58,75,60,549,11.93,GSMArena Lab
tecno_camon_30_premier_12845,949550,3930,1200,80,65,70,854,13.48,GSMArena Lab
tecno_phantom_v_fold2_13334,1158040,4327,4600,80,75,90,573,9.57,GSMArena Lab
tecno_pova_6_12910,400000,700,1900,53,75,75,0,0.0,Excel Benchmark
tecno_pova_6_neo_12911,400000,700,1900,38,60,65,0,0.0,Excel Benchmark
tecno_spark_20c_12710,467813,1413,3039,38,35,50,0,0.0,Excel Benchmark
tecno_spark_20_12722,280000,520,1550,58,35,50,0,0.0,Excel Benchmark
tecno_phantom_v_flip_12580,734846,2805,2967,55,75,55,818,0.0,GSMArena Lab
tecno_pova_7_5g_13991,270000,540,1650,38,60,90,0,0.0,Excel Benchmark
tecno_pova_neo_3_12394,280000,520,1550,23,35,55,0,0.0,Excel Benchmark
tecno_pova_5_12393,400000,700,1900,48,60,70,0,0.0,Excel Benchmark
tecno_camon_20_premier_12256,802232,3074,2967,75,65,65,684,0.0,GSMArena Lab
tecno_camon_20_pro_12254,400000,700,1900,53,65,60,0,0.0,Excel Benchmark
tecno_camon_20_12253,280000,520,1550,53,50,60,0,0.0,Excel Benchmark
tecno_camon_30_5g_12847,550000,850,2400,65,65,70,0,0.0,Excel Benchmark
tecno_pop_7_12202,231241,241,2041,16,30,45,0,0.0,Estimated
tecno_spark_20_pro_12747,400000,700,1900,58,55,60,0,0.0,Excel Benchmark
tecno_spark_10_5g_12179,380000,600,1700,48,35,50,0,0.0,Excel Benchmark
tecno_phantom_v_flip2_13335,775306,2544,5122,65,65,65,893,11.62,GSMArena Lab
tecno_spark_10_12178,340000,600,1850,38,35,50,0,0.0,Excel Benchmark
tecno_camon_20s_pro_5g_12933,374374,1774,5122,70,65,60,0,0.0,Excel Benchmark
tecno_camon_20_pro_5g_12255,379989,389,2967,70,65,60,0,0.0,Excel Benchmark
tecno_spark_10_pro_12156,249938,1358,1600,58,45,50,521,0.0,GSMArena Lab
tecno_camon_30_12848,400000,700,1900,63,65,70,0,0.0,Excel Benchmark
tecno_pop_7_pro_12108,502465,1665,4795,21,30,45,0,0.0,Excel Benchmark
tecno_phantom_x2_pro_12010,961576,3984,4500,75,70,65,505,0.0,GSMArena Lab
tecno_spark_go_2023_12086,502465,1665,4795,21,30,45,0,0.0,Excel Benchmark
tecno_phantom_x2_12009,973623,4027,4500,70,65,65,710,0.0,GSMArena Lab
tecno_pop_8_12644,457479,1879,6437,28,35,45,0,0.0,Excel Benchmark
tecno_pova_4_11926,400000,700,1900,38,35,55,0,0.0,Excel Benchmark
tecno_pova_4_pro_11925,400000,700,1900,38,55,70,0,0.0,Excel Benchmark
tecno_pova_neo_5g_11898,120000,250,900,38,60,55,0,0.0,Excel Benchmark
tecno_pop_6_pro_11886,502465,1665,4795,16,30,45,0,0.0,Excel Benchmark
tecno_spark_9_11694,340000,600,1850,23,35,45,0,0.0,Excel Benchmark
tecno_spark_9t_11631,340000,600,1850,33,35,45,0,0.0,Excel Benchmark
tecno_camon_19_pro_5g_11625,120000,250,900,68,55,60,0,0.0,Excel Benchmark
tecno_spark_9t__india__11732,350000,620,1900,48,45,50,0,0.0,Excel Benchmark
tecno_camon_19_11617,280000,520,1550,48,40,50,0,0.0,Excel Benchmark
tecno_camon_19_neo_11619,280000,520,1550,48,40,50,0,0.0,Excel Benchmark
tecno_spark_go_2024_12702,457479,1879,6437,23,35,45,0,0.0,Excel Benchmark
tecno_pop_5s_11352,231241,241,2041,16,30,25,0,0.0,Estimated
tecno_pova_5_pro_12448,423437,1884,1850,53,60,70,509,0.0,GSMArena Lab
tecno_pop_6_go_11782,231241,241,2041,16,28,35,0,0.0,Estimated
tecno_spark_9_pro_11603,280000,520,1550,58,40,50,0,0.0,Excel Benchmark
tecno_phantom_v_fold_12150,999348,3963,4600,65,75,65,492,0.0,GSMArena Lab
tecno_spark_8c_11340,457479,1879,6437,28,35,45,0,0.0,Excel Benchmark
tecno_pop_5x_11337,80000,200,700,16,30,35,0,0.0,Excel Benchmark
tecno_camon_19_pro_11618,348546,1734,1850,73,55,60,479,0.0,GSMArena Lab
tecno_pop_6_11781,231241,241,2041,16,30,45,0,0.0,Estimated
tecno_pova_neo_11260,100000,250,800,28,30,55,0,0.0,Excel Benchmark
tecno_camon_18t_11254,280000,520,1550,38,45,50,0,0.0,Excel Benchmark
tecno_pova_3_11553,300000,550,1600,38,45,65,0,0.0,Excel Benchmark
tecno_spark_8t_11298,350000,620,1900,48,40,45,0,0.0,Excel Benchmark
tecno_camon_18i_11192,280000,520,1550,38,35,50,0,0.0,Excel Benchmark
tecno_spark_8p_11250,250000,480,1450,48,40,45,0,0.0,Excel Benchmark
tecno_pova_5g_11289,550000,800,2600,45,55,55,0,0.0,Excel Benchmark
tecno_pop_5_lte_11296,100000,250,850,16,30,45,0,0.0,Excel Benchmark
tecno_camon_18_p_11139,380000,650,1850,58,60,60,0,0.0,Excel Benchmark
tecno_camon_18_11140,300000,550,1600,43,50,50,0,0.0,Excel Benchmark
tecno_pop_5_11032,231241,241,2041,16,30,35,0,0.0,Estimated
tecno_spark_10c_12199,457479,1879,6437,23,35,50,0,0.0,Excel Benchmark
tecno_spark_go_2021_10983,231241,241,2041,28,30,45,0,0.0,Estimated
tecno_spark_7t_10984,350000,620,1900,33,30,50,0,0.0,Excel Benchmark
tecno_phantom_x_10979,309055,1670,1800,53,55,55,405,0.0,GSMArena Lab
tecno_pova_2_10945,280000,520,1550,18,40,55,0,0.0,Excel Benchmark
tecno_camon_17_pro_10895,309107,1668,1800,20,50,50,538,0.0,GSMArena Lab
tecno_camon_17p_10896,280000,520,1550,23,45,50,0,0.0,Excel Benchmark
tecno_pop_5c_11212,50000,150,500,16,28,20,0,0.0,Estimated
tecno_spark_go_2022_11299,231241,241,2041,28,30,45,0,0.0,Estimated
tecno_spark_7p_10849,250000,480,1450,23,35,45,0,0.0,Excel Benchmark
tecno_camon_17_10897,280000,520,1550,38,35,50,0,0.0,Excel Benchmark
tecno_spark_7_10845,673292,1092,5076,23,30,50,0,0.0,Excel Benchmark
tecno_camon_16_pro_10634,250000,480,1450,16,30,50,0,0.0,Excel Benchmark
tecno_camon_16_s_10635,130000,300,950,18,30,45,0,0.0,Excel Benchmark
tecno_spark_go_2020_10637,549414,814,2242,28,30,45,0,0.0,Excel Benchmark
tecno_pova_10549,260000,500,1500,18,30,55,0,0.0,Excel Benchmark
tecno_camon_16_10503,250000,480,1450,23,30,45,0,0.0,Excel Benchmark
tecno_camon_18_premier_11138,346389,1758,1850,90,70,55,422,0.0,GSMArena Lab
tecno_spark_6_go_10636,549414,814,2242,28,30,45,0,0.0,Excel Benchmark
tecno_spark_7_pro_10884,260000,500,1500,33,35,45,0,0.0,Excel Benchmark
tecno_spark_8_pro_11297,280000,520,1550,38,45,60,0,0.0,Excel Benchmark
tecno_pop_5_pro_11326,502465,1665,4795,16,30,50,0,0.0,Excel Benchmark
tecno_camon_16_premier_10421,283847,6692,1750,18,45,55,400,0.0,GSMArena Lab
tecno_spark_5_air_10225,390305,1505,5315,28,30,45,0,0.0,Excel Benchmark
tecno_pova_neo_2_11900,280000,520,1550,23,35,55,0,0.0,Excel Benchmark
tecno_pop_4_10720,231241,241,2041,18,28,45,0,0.0,Estimated
tecno_spark_5_10221,502465,1665,4795,18,30,45,0,0.0,Excel Benchmark
tecno_camon_15_premier_10190,340000,600,1850,28,40,35,0,0.0,Excel Benchmark
tecno_spark_5_pro_10324,673292,1092,5076,18,30,45,0,0.0,Excel Benchmark
tecno_camon_15_pro_10094,340000,600,1850,28,40,35,0,0.0,Excel Benchmark
tecno_camon_15_10093,130000,300,950,23,30,45,0,0.0,Excel Benchmark
tecno_spark_6_10471,250000,480,1450,18,30,50,0,0.0,Excel Benchmark
tecno_pop_3_plus_10006,502465,1665,4795,18,30,35,0,0.0,Excel Benchmark
tecno_spark_4_lite_10007,502465,1665,4795,18,30,35,0,0.0,Excel Benchmark
tecno_pouvoir_4_10344,502465,1665,4795,18,30,50,0,0.0,Excel Benchmark
tecno_spark_6_air_10548,502465,1665,4795,28,30,55,0,0.0,Excel Benchmark
tecno_camon_12_9864,130000,300,950,28,30,35,0,0.0,Excel Benchmark
tecno_camon_12_air_10005,502465,1665,4795,23,30,35,0,0.0,Excel Benchmark
tecno_pouvoir_3_air_9868,502465,1665,4795,18,28,45,0,0.0,Excel Benchmark
tecno_pouvoir_3_plus_9867,130000,300,950,31,40,50,0,0.0,Excel Benchmark
tecno_spark_3_pro_9870,502465,1665,4795,23,30,25,0,0.0,Excel Benchmark
tecno_spark_4_10695,231241,241,2041,23,30,35,0,0.0,Estimated
tecno_camon_15_air_10189,130000,300,950,18,30,45,0,0.0,Excel Benchmark
tecno_pouvoir_3_9866,80000,200,700,21,30,45,0,0.0,Excel Benchmark
tecno_pop_2_f_9874,55000,150,550,18,28,20,0,0.0,Excel Benchmark
tecno_spark_go_9871,502465,1665,4795,16,30,25,0,0.0,Excel Benchmark
tecno_spark_8_11188,130000,300,950,28,30,45,0,0.0,Excel Benchmark
tecno_camon_iace2x_9577,502465,1665,4795,28,50,25,0,0.0,Excel Benchmark
tecno_phantom_9_9767,340000,600,1850,38,50,25,0,0.0,Excel Benchmark
tecno_camon_i4_11959,502465,1665,4795,33,30,25,0,0.0,Excel Benchmark
tecno_camon_11_9442,502465,1665,4795,33,30,25,0,0.0,Excel Benchmark
tecno_pop_1_pro_9464,55000,150,550,21,23,20,0,0.0,Excel Benchmark
tecno_f2_lte_9461,80000,200,700,16,23,20,0,0.0,Excel Benchmark
tecno_pop_1_9463,55000,150,550,16,23,20,0,0.0,Excel Benchmark
tecno_f2_9460,55000,150,550,16,23,20,0,0.0,Excel Benchmark
tecno_spark_3_9869,502465,1665,4795,23,30,25,0,0.0,Excel Benchmark
tecno_pop_1_lite_9459,55000,150,550,16,23,20,0,0.0,Excel Benchmark
tecno_pouvoir_4_pro_10345,130000,300,950,23,30,55,0,0.0,Excel Benchmark
tecno_spark_power_2_10300,130000,300,950,23,30,55,0,0.0,Excel Benchmark
tecno_pouvoir_2_pro_9458,231241,241,2041,21,45,45,0,0.0,Estimated
tecno_pop_1s_9465,80000,200,700,16,45,25,0,0.0,Excel Benchmark
tecno_pouvoir_1_9456,55000,150,550,16,25,45,0,0.0,Excel Benchmark
tecno_spark_cm_9451,70000,180,650,23,50,25,0,0.0,Excel Benchmark
tecno_camon_11_pro_9441,130000,300,950,26,30,25,0,0.0,Excel Benchmark
tecno_spark_2_9450,55000,150,550,23,50,25,0,0.0,Excel Benchmark
tecno_pop_2_plus_9875,55000,150,550,18,28,45,0,0.0,Excel Benchmark
tecno_camon_x_pro_9448,390508,1108,5124,26,40,25,0,0.0,Excel Benchmark
tecno_camon_x_9447,390508,1108,5124,33,50,25,0,0.0,Excel Benchmark
tecno_camon_cx_manchester_city_le_9446,240000,500,1550,28,40,25,0,0.0,Excel Benchmark
tecno_camon_cx_air_9445,231241,241,2041,21,30,25,0,0.0,Estimated
tecno_spark_9449,55000,150,550,21,30,25,0,0.0,Excel Benchmark
tecno_camon_cx_9444,240000,500,1550,28,40,25,0,0.0,Excel Benchmark
tecno_phantom_8_9440,240000,500,1550,30,40,25,0,0.0,Excel Benchmark
tecno_phantom_6_plus_9439,140000,300,1000,20,40,35,0,0.0,Excel Benchmark
tecno_camon_12_pro_9865,130000,300,950,33,40,25,0,0.0,Excel Benchmark
tecno_camon_cm_9443,70000,180,650,21,50,25,0,0.0,Excel Benchmark
tecno_phantom_6_9438,240000,500,1550,23,50,20,0,0.0,Excel Benchmark
tecno_spark_pro_9455,231241,241,2041,23,30,25,0,0.0,Estimated
tecno_camon_iace2_9578,502465,1665,4795,28,50,25,0,0.0,Excel Benchmark
tecno_spark_plus_9452,55000,150,550,21,30,25,0,0.0,Excel Benchmark
tecno_pouvoir_2_9457,231241,241,2041,23,45,45,0,0.0,Estimated
telit_t800_1549,231241,241,2041,16,23,20,0,0.0,Estimated
telit_t250_1548,231241,241,2041,16,23,20,0,0.0,Estimated
telit_t650_1547,231241,241,2041,16,23,20,0,0.0,Estimated
telit_t200_1546,231241,241,2041,16,23,20,0,0.0,Estimated
telit_t550_1538,231241,241,2041,16,23,20,0,0.0,Estimated
telit_t180_1661,231241,241,2041,16,23,20,0,0.0,Estimated
telit_t420_1537,231241,241,2041,16,38,20,0,0.0,Estimated
telit_t410_1536,231241,241,2041,16,38,20,0,0.0,Estimated
telit_t110_1535,231241,241,2041,16,23,20,0,0.0,Estimated
telit_t130_1581,231241,241,2041,16,23,20,0,0.0,Estimated
telit_t210_1534,231241,241,2041,16,23,20,0,0.0,Estimated
telit_t91_863,231241,241,2041,16,23,20,0,0.0,Estimated
telit_t90_862,231241,241,2041,16,38,20,0,0.0,Estimated
telit_t510_1244,231241,241,2041,16,23,20,0,0.0,Estimated
telit_c1000_1243,231241,241,2041,16,23,20,0,0.0,Estimated
telit_gu1100_1540,231241,241,2041,16,23,20,0,0.0,Estimated
telit_sp600_1539,231241,241,2041,16,23,20,0,0.0,Estimated
telit_g90_578,231241,241,2041,16,23,20,0,0.0,Estimated
telit_neo_793,231241,241,2041,16,23,20,0,0.0,Estimated
telit_x60i_792,231241,241,2041,16,23,20,0,0.0,Estimated
telit_g83_577,231241,241,2041,16,23,20,0,0.0,Estimated
telit_g80_362,231241,241,2041,16,23,20,0,0.0,Estimated
telit_gm_830_189,231241,241,2041,16,23,20,0,0.0,Estimated
telit_gm_810_188,231241,241,2041,16,23,20,0,0.0,Estimated
telit_gm_710_186,231241,241,2041,16,23,20,0,0.0,Estimated
telit_g82_361,231241,241,2041,16,23,20,0,0.0,Estimated
telit_gm_410_185,231241,241,2041,16,23,20,0,0.0,Estimated
telit_estremo_187,231241,241,2041,16,23,20,0,0.0,Estimated
telit_g40_442,231241,241,2041,16,23,20,0,0.0,Estimated
telit_gm_882_360,231241,241,2041,16,23,20,0,0.0,Estimated
tel_me__t939_695,231241,241,2041,16,23,20,0,0.0,Estimated
tel_me__t919i_529,231241,241,2041,16,45,20,0,0.0,Estimated
tel_me__t919_389,231241,241,2041,16,45,20,0,0.0,Estimated
tel_me__t909c_387,231241,241,2041,16,23,20,0,0.0,Estimated
tel_me__t909_386,231241,241,2041,16,23,20,0,0.0,Estimated
tel_me__t918_603,231241,241,2041,16,23,20,0,0.0,Estimated
tel_me__t910_388,231241,241,2041,16,23,20,0,0.0,Estimated
thuraya_one_13660,620618,1218,4454,48,60,30,0,0.0,Excel Benchmark
thuraya_sg_2520_1925,231241,241,2041,16,23,20,0,0.0,Estimated
toshiba_excite_go_6466,70000,200,700,16,28,25,0,0.0,Excel Benchmark
toshiba_excite_write_5501,450737,1537,4411,16,28,35,0,0.0,Excel Benchmark
toshiba_excite_pro_5500,450737,1537,4411,16,28,35,0,0.0,Excel Benchmark
toshiba_excite_13_at335_4691,297946,946,3638,16,28,35,0,0.0,Excel Benchmark
toshiba_excite_pure_5502,297946,946,3638,16,28,25,0,0.0,Excel Benchmark
toshiba_excite_10_se_5154,297946,946,3638,16,28,25,0,0.0,Excel Benchmark
toshiba_excite_10_at305_4692,297946,946,3638,16,28,25,0,0.0,Excel Benchmark
toshiba_excite_7_7_at275_4693,297946,946,3638,16,38,20,0,0.0,Excel Benchmark
toshiba_excite_at200_4400,45000,140,500,16,28,20,0,0.0,Estimated
toshiba_thrive_7_4203,248158,758,3074,16,28,20,0,0.0,Excel Benchmark
toshiba_thrive_3970,248158,758,3074,16,28,20,0,0.0,Excel Benchmark
toshiba_k01_3161,508938,1538,5414,16,38,20,0,0.0,Excel Benchmark
toshiba_excite_7c_at7_b8_6467,570258,858,2374,16,28,25,0,0.0,Excel Benchmark
toshiba_tg02_3159,508938,1538,5414,16,23,20,0,0.0,Excel Benchmark
toshiba_g810_2273,15000,60,250,16,23,20,0,0.0,Estimated
toshiba_tg01_2662,508938,1538,5414,16,23,20,0,0.0,Excel Benchmark
toshiba_g910___g920_2231,15000,60,250,16,23,20,0,0.0,Estimated
toshiba_g900_1905,231241,241,2041,16,23,20,0,0.0,Estimated
toshiba_g500_1904,231241,241,2041,16,23,20,0,0.0,Estimated
toshiba_ts705_1699,231241,241,2041,16,23,20,0,0.0,Estimated
toshiba_g710_2232,340847,1647,4741,16,23,20,0,0.0,Excel Benchmark
toshiba_ts605_1814,231241,241,2041,16,23,20,0,0.0,Estimated
toshiba_ts32_1812,231241,241,2041,16,23,20,0,0.0,Estimated
toshiba_904t_1618,231241,241,2041,16,23,20,0,0.0,Estimated
toshiba_windows_phone_is12t_4076,700000,900,3100,16,23,20,0,0.0,Excel Benchmark
toshiba_705t_1571,231241,241,2041,16,23,20,0,0.0,Estimated
toshiba_903t_1613,231241,241,2041,16,23,20,0,0.0,Estimated
toshiba_ts808_1700,231241,241,2041,16,23,20,0,0.0,Estimated
toshiba_ts921_1532,231241,241,2041,16,23,20,0,0.0,Estimated
toshiba_ts10_1528,231241,241,2041,16,23,20,0,0.0,Estimated
toshiba_ts803_1529,231241,241,2041,16,23,20,0,0.0,Estimated
toshiba_tx80_1813,231241,241,2041,16,38,20,0,0.0,Estimated
toshiba_ts608_1698,231241,241,2041,16,23,20,0,0.0,Estimated
toshiba_g450_2237,617493,1093,3079,16,23,20,0,0.0,Excel Benchmark
toshiba_tx62_1626,231241,241,2041,16,23,20,0,0.0,Estimated
ulefone_armor_22_pro_14890,15000,60,250,43,55,65,0,0.0,Estimated
ulefone_armor_24_pro_14891,15000,60,250,48,55,75,0,0.0,Estimated
ulefone_armor_mini_5_14694,80000,200,700,16,28,20,0,0.0,Excel Benchmark
ulefone_note_22_14685,230000,480,1500,16,28,25,0,0.0,Excel Benchmark
ulefone_tab_a12_pro_14695,270000,540,1650,21,33,55,0,0.0,Excel Benchmark
ulefone_rugking_5_pro_14544,490939,1339,2817,48,45,65,0,0.0,Excel Benchmark
ulefone_armor_27t__14476,400000,700,1900,53,55,85,0,0.0,Excel Benchmark
ulefone_armor_27t_pro__5g_14475,110000,270,950,53,55,85,0,0.0,Excel Benchmark
ulefone_rugking_pad_pro_14423,490939,1339,2817,28,38,55,0,0.0,Excel Benchmark
ulefone_rugking_pad_2_pro_14424,490939,1339,2817,38,38,55,0,0.0,Excel Benchmark
ulefone_armor_34__5g_14367,30000,110,420,55,60,75,0,0.0,Estimated
ulefone_rugking_4_pro_14340,490939,1339,2817,38,50,55,0,0.0,Excel Benchmark
ulefone_rugking_3_pro_14339,490939,1339,2817,38,50,45,0,0.0,Excel Benchmark
ulefone_armor_pad_5_ultra_5g_14269,30000,110,420,55,38,80,0,0.0,Estimated
ulefone_rugking_2_pro_14338,490939,1339,2817,21,55,40,0,0.0,Excel Benchmark
ulefone_armor_pad_5_pro_5g_14270,30000,110,420,55,38,80,0,0.0,Estimated
ulefone_armor_29_pro_thermal_5g_14104,30000,110,420,30,85,80,0,0.0,Estimated
ulefone_rugking_14102,531380,1580,3540,43,55,55,0,0.0,Excel Benchmark
ulefone_armor_29_ultra_5g_14056,2038810,2207,7408,60,70,80,0,0.0,Excel Benchmark
ulefone_armor_34_5g_14053,270000,540,1650,55,60,75,0,0.0,Excel Benchmark
ulefone_armor_33_pro_5g_13692,270000,540,1650,55,60,75,0,0.0,Excel Benchmark
ulefone_armor_30_13999,374219,619,2657,53,60,75,0,0.0,Excel Benchmark
ulefone_armor_x16_14001,507378,1978,5734,43,50,65,0,0.0,Excel Benchmark
ulefone_armor_x16_pro_5g_14000,110000,270,950,48,50,65,0,0.0,Excel Benchmark
ulefone_armor_29_pro_5g_14103,30000,110,420,55,85,80,0,0.0,Estimated
ulefone_armor_28_pro_5g_13864,270000,540,1650,55,85,100,0,0.0,Excel Benchmark
ulefone_tab_a9_pro_14160,507378,1978,5734,28,33,50,0,0.0,Excel Benchmark
ulefone_armor_33_14055,374219,619,2657,53,60,75,0,0.0,Excel Benchmark
ulefone_tab_a10_14161,410830,1030,2890,21,28,55,0,0.0,Excel Benchmark
ulefone_armor_30_pro_5g_13776,270000,540,1650,55,60,75,0,0.0,Excel Benchmark
ulefone_armor_28_ultra_thermal_13297,2038810,2207,7408,35,70,100,0,0.0,Excel Benchmark
ulefone_armor_34_pro__5g_14368,30000,110,420,55,60,75,0,0.0,Estimated
ulefone_armor_x31_13854,507378,1978,5734,43,40,55,0,0.0,Excel Benchmark
ulefone_armor_mini_4_13693,440681,681,1843,16,28,20,0,0.0,Excel Benchmark
ulefone_armor_28_ultra_13674,2038810,2207,7408,60,70,100,0,0.0,Excel Benchmark
ulefone_armor_27t_13545,400000,700,1900,53,55,85,0,0.0,Excel Benchmark
ulefone_armor_watch_pro_14422,231241,241,2041,16,43,20,0,0.0,Estimated
ulefone_armor_27_13544,400000,700,1900,53,55,85,0,0.0,Excel Benchmark
ulefone_note_20_pro_13451,457479,1879,6437,38,35,55,0,0.0,Excel Benchmark
ulefone_tab_a10_pro_13542,312060,260,2580,21,28,55,0,0.0,Excel Benchmark
ulefone_armor_x32_5g_13778,507378,1978,5734,43,60,50,0,0.0,Excel Benchmark
ulefone_armor_34_pro_13691,270000,540,1650,55,60,75,0,0.0,Excel Benchmark
ulefone_armor_mini_20_13541,400000,700,1900,53,35,85,0,0.0,Excel Benchmark
ulefone_armor_mini_20t_pro_13298,432253,2146,950,48,35,85,527,13.83,GSMArena Lab
ulefone_note_19_13450,422760,960,4680,16,30,45,0,0.0,Excel Benchmark
ulefone_armor_27t_pro_13244,110000,270,950,53,55,85,0,0.0,Excel Benchmark
ulefone_tab_w10_13449,457479,1879,6437,23,28,55,0,0.0,Excel Benchmark
ulefone_note_18_pro_13543,507378,1978,5734,48,35,50,0,0.0,Excel Benchmark
ulefone_tab_a11_pro_13195,400000,700,1900,23,33,55,0,0.0,Excel Benchmark
ulefone_tab_a11_13448,321226,226,478,23,33,55,0,0.0,Excel Benchmark
ulefone_note_23_14825,230000,480,1500,16,33,45,0,0.0,Excel Benchmark
ulefone_armor_26_ultra_12979,374374,1774,5122,30,55,100,0,0.0,Excel Benchmark
ulefone_armor_x31_pro_13589,110000,270,950,48,50,55,0,0.0,Excel Benchmark
ulefone_armor_26_ultra_walkie_talkie_12980,374374,1774,5122,30,55,100,0,0.0,Excel Benchmark
ulefone_armor_mini_20_pro_13445,110000,270,950,48,35,85,0,0.0,Excel Benchmark
ulefone_armor_pad_pro_12982,418068,668,1804,48,28,55,0,0.0,Excel Benchmark
ulefone_armor_pad_4_ultra_thermal_13447,110000,270,950,48,28,65,0,0.0,Excel Benchmark
ulefone_power_armor_16s_12870,250000,480,1450,43,50,55,0,0.0,Excel Benchmark
ulefone_armor_27_pro_13245,110000,270,950,53,55,85,0,0.0,Excel Benchmark
ulefone_armor_23_ultra_12757,374374,1774,5122,30,55,95,0,0.0,Excel Benchmark
ulefone_armor_25t_13211,400000,700,1900,53,55,85,0,0.0,Excel Benchmark
ulefone_power_armor_18t_ultra_12686,620000,950,2800,55,55,95,0,0.0,Excel Benchmark
ulefone_note_18_ultra_13059,370000,580,1750,48,45,50,0,0.0,Excel Benchmark
ulefone_note_17_pro_12815,400000,700,1900,53,70,60,0,0.0,Excel Benchmark
ulefone_armor_pad_lite_12600,217816,816,4248,21,28,50,0,0.0,Excel Benchmark
ulefone_armor_pad_4_ultra_13446,110000,270,950,48,28,65,0,0.0,Excel Benchmark
ulefone_armor_22_12556,380000,650,1850,43,55,65,0,0.0,Excel Benchmark
ulefone_power_armor_x11_12379,502465,1665,4795,26,50,50,0,0.0,Excel Benchmark
ulefone_armor_x12_12601,322750,950,3650,23,50,40,0,0.0,Excel Benchmark
ulefone_armor_x13_12475,467813,1413,3039,43,30,50,0,0.0,Excel Benchmark
ulefone_armor_pad_2_12625,400000,700,1900,43,28,65,0,0.0,Excel Benchmark
ulefone_note_16_pro_12361,457479,1879,6437,43,30,35,0,0.0,Excel Benchmark
ulefone_armor_pad_12196,100000,250,800,21,28,55,0,0.0,Excel Benchmark
ulefone_power_armor_20wt_12195,400000,700,1900,43,40,65,0,0.0,Excel Benchmark
ulefone_power_armor_18_ultra_12685,620000,950,2800,55,55,95,0,0.0,Excel Benchmark
ulefone_power_armor_19t_12194,400000,700,1900,48,55,95,0,0.0,Excel Benchmark
ulefone_armor_25t_pro_13115,110000,270,950,53,55,85,0,0.0,Excel Benchmark
ulefone_armor_x12_pro_12474,467813,1413,3039,23,50,40,0,0.0,Excel Benchmark
ulefone_armor_24_12602,380000,650,1850,48,55,75,0,0.0,Excel Benchmark
ulefone_tab_a8_12078,215546,546,3438,21,28,50,0,0.0,Excel Benchmark
ulefone_armor_17_pro_11965,400000,700,1900,48,55,90,0,0.0,Excel Benchmark
ulefone_armor_21_12360,400000,700,1900,50,55,65,0,0.0,Excel Benchmark
ulefone_power_armor_16_pro_11897,100000,250,800,28,50,55,0,0.0,Excel Benchmark
ulefone_armor_pad_3_pro_12981,418068,668,1804,48,28,75,0,0.0,Excel Benchmark
ulefone_armor_x6_pro_11714,502465,1665,4795,21,30,35,0,0.0,Excel Benchmark
ulefone_power_armor_18t_11966,550000,800,2600,55,55,95,0,0.0,Excel Benchmark
ulefone_power_armor_18_12081,550000,800,2600,55,55,95,0,0.0,Excel Benchmark
ulefone_power_armor_19_12077,400000,700,1900,48,55,95,0,0.0,Excel Benchmark
ulefone_power_armor_x11_pro_11896,100000,250,800,26,50,50,0,0.0,Excel Benchmark
ulefone_note_10p_11442,180000,400,1000,23,30,45,0,0.0,Excel Benchmark
ulefone_armor_x10_pro_11441,130000,300,950,21,50,45,0,0.0,Excel Benchmark
ulefone_note_15_12378,55000,150,550,16,30,35,0,0.0,Excel Benchmark
ulefone_armor_x10_11291,502465,1665,4795,21,50,45,0,0.0,Excel Benchmark
ulefone_armor_x32_pro_5g_13777,110000,270,950,48,60,50,0,0.0,Excel Benchmark
ulefone_note_14_12080,502465,1665,4795,26,30,40,0,0.0,Excel Benchmark
ulefone_power_armor_14_pro_11440,280000,520,1550,28,30,75,0,0.0,Excel Benchmark
ulefone_power_armor_14_11170,350000,620,1900,28,30,75,0,0.0,Excel Benchmark
ulefone_note_12p_11184,100000,250,850,23,30,50,0,0.0,Excel Benchmark
ulefone_armor_12_5g_11080,520000,800,2300,23,30,70,0,0.0,Excel Benchmark
ulefone_armor_x9_pro_11155,673292,1092,5076,21,50,45,0,0.0,Excel Benchmark
ulefone_note_6p_11183,100000,250,850,16,30,25,0,0.0,Excel Benchmark
ulefone_note_6_11065,50000,150,500,16,30,25,0,0.0,Estimated
ulefone_armor_x8i_11130,673292,1092,5076,23,50,45,0,0.0,Excel Benchmark
ulefone_power_armor_13_11066,351678,1610,1800,25,40,85,401,0.0,GSMArena Lab
ulefone_note_13p_11245,350000,620,1900,28,40,45,0,0.0,Excel Benchmark
ulefone_armor_x9_11154,673292,1092,5076,21,50,45,0,0.0,Excel Benchmark
ulefone_note_12_11680,180000,400,1000,23,30,50,0,0.0,Excel Benchmark
ulefone_armor_11_5g_10782,85000,200,700,25,30,70,0,0.0,Excel Benchmark
ulefone_armor_15_11756,350000,620,1900,33,50,55,0,0.0,Excel Benchmark
ulefone_note_11p_10711,240000,450,1400,18,30,40,0,0.0,Excel Benchmark
ulefone_note_7t_10678,502465,1665,4795,16,28,25,0,0.0,Excel Benchmark
ulefone_note_10_10710,100000,250,850,18,30,45,0,0.0,Excel Benchmark
ulefone_watch_pro_10563,231241,241,2041,16,28,40,0,0.0,Estimated
ulefone_armor_10_5g_10629,85000,200,700,25,40,65,0,0.0,Excel Benchmark
ulefone_watch_gps_10562,231241,241,2041,16,28,40,0,0.0,Estimated
ulefone_watch_10561,231241,241,2041,16,28,40,0,0.0,Estimated
ulefone_armor_x8_10493,673292,1092,5076,23,50,45,0,0.0,Excel Benchmark
ulefone_armor_9e_10441,290000,530,1550,20,40,55,0,0.0,Excel Benchmark
ulefone_armor_mini_2_10702,100000,250,900,16,28,20,0,0.0,Excel Benchmark
ulefone_armor_x5_pro_10440,130000,300,950,21,50,45,0,0.0,Excel Benchmark
ulefone_note_8p_10294,70000,180,650,16,28,20,0,0.0,Excel Benchmark
ulefone_armor_9_10322,197000,1498,1550,38,40,55,0,0.0,GSMArena Lab
ulefone_note_9p_10343,130000,300,950,23,30,40,0,0.0,Excel Benchmark
ulefone_armor_8_10383,240000,450,1400,23,30,45,0,0.0,Excel Benchmark
ulefone_armor_x7_pro_10293,110060,260,580,21,30,35,0,0.0,Excel Benchmark
ulefone_armor_8_pro_10898,240000,450,1400,23,30,45,0,0.0,Excel Benchmark
ulefone_note_8_10414,55000,150,550,16,28,20,0,0.0,Excel Benchmark
ulefone_armor_7e_10165,290000,530,1550,45,40,65,0,0.0,Excel Benchmark
ulefone_armor_11t_5g_10974,85000,200,700,25,30,70,0,0.0,Excel Benchmark
ulefone_tab_a7_10994,100000,250,850,23,28,50,0,0.0,Excel Benchmark
ulefone_armor_x5_10025,254592,392,976,26,50,45,0,0.0,Excel Benchmark
ulefone_t2_10027,270000,500,1500,28,40,60,0,0.0,Excel Benchmark
ulefone_armor_x3_10026,55000,150,550,21,50,45,0,0.0,Excel Benchmark
ulefone_armor_x6_10024,55000,150,550,16,30,35,0,0.0,Excel Benchmark
ulefone_armor_7_10020,216770,6913,1550,45,40,65,406,0.0,GSMArena Lab
ulefone_armor_5s_10028,254592,392,976,28,30,65,0,0.0,Excel Benchmark
ulefone_note_7p_10032,502465,1665,4795,21,28,25,0,0.0,Excel Benchmark
ulefone_armor_x2_10035,55000,150,550,21,50,45,0,0.0,Excel Benchmark
ulefone_s1_10036,55000,150,550,16,28,25,0,0.0,Excel Benchmark
ulefone_note_7_10033,55000,150,550,21,28,25,0,0.0,Excel Benchmark
ulefone_armor_x7_10141,110060,260,580,21,30,35,0,0.0,Excel Benchmark
ulefone_armor_6s_10021,270000,500,1500,23,40,70,0,0.0,Excel Benchmark
ulefone_armor_8_5g_10472,85000,200,700,41,30,45,0,0.0,Excel Benchmark
ulefone_note_6t_11537,502465,1665,4795,21,30,25,0,0.0,Excel Benchmark
ulefone_armor_3wt_10023,270000,500,1500,23,40,55,0,0.0,Excel Benchmark
ulefone_armor_2_10038,240000,500,1550,23,40,45,0,0.0,Excel Benchmark
ulefone_armor_6e_10031,270000,500,1500,28,40,70,0,0.0,Excel Benchmark
ulefone_armor_x_10037,80000,200,700,21,50,45,0,0.0,Excel Benchmark
ulefone_armor_3w_10022,270000,500,1500,23,40,55,0,0.0,Excel Benchmark
ulefone_s11_10034,55000,150,550,21,28,25,0,0.0,Excel Benchmark
umidigi_g100_pro_14542,364852,652,1756,43,45,55,0,0.0,Excel Benchmark
umidigi_a75x_14543,100000,250,850,21,35,45,0,0.0,Excel Benchmark
umidigi_g100x_14541,364852,652,1756,33,45,50,0,0.0,Excel Benchmark
umidigi_g9x_13963,100000,250,850,21,35,45,0,0.0,Excel Benchmark
umidigi_g100_13728,410830,1030,2890,43,45,55,0,0.0,Excel Benchmark
umidigi_g9a_13323,100000,250,850,23,30,45,0,0.0,Excel Benchmark
umidigi_note_100a_13726,410830,1030,2890,23,45,50,0,0.0,Excel Benchmark
umidigi_note_100_5g_13725,340000,600,1850,43,45,50,0,0.0,Excel Benchmark
umidigi_g9t_13325,457479,1879,6437,23,35,50,0,0.0,Excel Benchmark
umidigi_g9c_13324,467813,1413,3039,38,35,50,0,0.0,Excel Benchmark
umidigi_note_100_14271,410830,1030,2890,43,45,50,0,0.0,Excel Benchmark
umidigi_g9_tab_13331,457479,1879,6437,23,28,55,0,0.0,Excel Benchmark
umidigi_g9_5g_13284,340000,600,1850,43,35,50,0,0.0,Excel Benchmark
umidigi_g1_tab_mini_13034,405205,405,1015,16,28,45,0,0.0,Excel Benchmark
umidigi_g100a_13727,410830,1030,2890,23,45,55,0,0.0,Excel Benchmark
umidigi_g5a_13020,530819,1219,3457,21,30,45,0,0.0,Excel Benchmark
umidigi_bison_x20_13014,240000,450,1400,18,30,50,0,0.0,Excel Benchmark
umidigi_a15_13022,250000,480,1450,48,35,50,0,0.0,Excel Benchmark
umidigi_c1_plus_13025,217816,816,4248,21,30,45,0,0.0,Excel Benchmark
umidigi_g1_plus_13024,217816,816,4248,21,30,45,0,0.0,Excel Benchmark
umidigi_g5_mecha_13026,457479,1879,6437,43,30,50,0,0.0,Excel Benchmark
umidigi_a15t_13013,360000,630,1800,50,35,50,0,0.0,Excel Benchmark
umidigi_active_t1_13036,250000,480,1450,28,28,55,0,0.0,Excel Benchmark
umidigi_a15_tab_13037,250000,480,1450,23,28,55,0,0.0,Excel Benchmark
umidigi_g5_tab_13038,457479,1879,6437,23,28,50,0,0.0,Excel Benchmark
umidigi_g1_tab_13040,405205,405,1015,18,28,50,0,0.0,Excel Benchmark
umidigi_g3_13027,530819,1219,3457,21,30,45,0,0.0,Excel Benchmark
umidigi_g3_max_13029,457479,1879,6437,43,40,45,0,0.0,Excel Benchmark
umidigi_g3_tab_ultra_13033,400000,700,1900,18,28,55,0,0.0,Excel Benchmark
umidigi_f3_pro_13030,520000,800,2300,43,40,55,0,0.0,Excel Benchmark
umidigi_g6_5g_13012,420000,700,2000,41,35,45,0,0.0,Excel Benchmark
umidigi_a15c_13023,457479,1879,6437,38,35,45,0,0.0,Excel Benchmark
umidigi_g2_13031,530819,1219,3457,21,30,45,0,0.0,Excel Benchmark
umidigi_g1_max_13042,560143,1743,4029,43,30,45,0,0.0,Excel Benchmark
umidigi_c2_13032,530819,1219,3457,21,30,45,0,0.0,Excel Benchmark
umidigi_f3_5g_13060,520000,800,2300,43,30,50,0,0.0,Excel Benchmark
umidigi_c1_13062,80000,200,700,21,30,45,0,0.0,Excel Benchmark
umidigi_bison_2_pro_13063,290000,530,1550,31,40,55,0,0.0,Excel Benchmark
umidigi_bison_2_13064,290000,530,1550,31,40,55,0,0.0,Excel Benchmark
umidigi_power_7s_13065,180000,400,1000,23,30,50,0,0.0,Excel Benchmark
umidigi_g5_13021,457479,1879,6437,43,35,45,0,0.0,Excel Benchmark
umidigi_a13_pro_5g_13044,520000,800,2300,36,45,50,0,0.0,Excel Benchmark
umidigi_f3s_13069,560143,1743,4029,43,30,45,0,0.0,Excel Benchmark
umidigi_g7_tab_pro_13330,400000,700,1900,23,28,55,0,0.0,Excel Benchmark
umidigi_a13_pro_max_13041,550000,800,2600,43,45,50,0,0.0,Excel Benchmark
umidigi_g1_13061,80000,200,700,21,30,45,0,0.0,Excel Benchmark
umidigi_c1_max_13043,560143,1743,4029,43,30,45,0,0.0,Excel Benchmark
umidigi_g2_tab_13039,405205,405,1015,18,28,50,0,0.0,Excel Benchmark
umidigi_a13_pro_13074,560143,1743,4029,43,30,45,0,0.0,Excel Benchmark
umidigi_power_7_max_13067,560143,1743,4029,43,30,55,0,0.0,Excel Benchmark
umidigi_bison_gt2_5g_13075,550000,800,2600,43,45,55,0,0.0,Excel Benchmark
umidigi_f3_13068,270000,500,1500,43,30,50,0,0.0,Excel Benchmark
umidigi_bison_gt2_pro_5g_13076,550000,800,2600,43,45,55,0,0.0,Excel Benchmark
umidigi_bison_gt2_13078,360000,630,1800,41,45,55,0,0.0,Excel Benchmark
umidigi_bison_x10s_nfc_13079,180000,400,1000,23,30,50,0,0.0,Excel Benchmark
umidigi_power_7_13066,560143,1743,4029,23,30,50,0,0.0,Excel Benchmark
umidigi_a13s_13072,180000,400,1000,23,30,45,0,0.0,Excel Benchmark
umidigi_a13_13073,560143,1743,4029,23,30,45,0,0.0,Excel Benchmark
umidigi_bison_x10g_13082,180000,400,1000,23,30,50,0,0.0,Excel Benchmark
umidigi_power_5s_13083,180000,400,1000,23,30,50,0,0.0,Excel Benchmark
umidigi_f3_se_13070,560143,1743,4029,18,30,45,0,0.0,Excel Benchmark
umidigi_bison_x10_pro_13097,240000,450,1400,23,30,50,0,0.0,Excel Benchmark
umidigi_a11_pro_max_13100,260000,500,1500,36,40,45,0,0.0,Excel Benchmark
umidigi_bison_x10_13098,240000,450,1400,23,30,50,0,0.0,Excel Benchmark
umidigi_a9_pro_2021_13107,240000,450,1400,16,40,35,0,0.0,Excel Benchmark
umidigi_a9_pro_13109,240000,450,1400,16,40,35,0,0.0,Excel Benchmark
umidigi_a11_13106,100000,250,800,21,30,45,0,0.0,Excel Benchmark
umidigi_a11s_13084,180000,400,1000,23,30,45,0,0.0,Excel Benchmark
umidigi_power_5_13105,100000,250,800,23,30,50,0,0.0,Excel Benchmark
umidigi_a11_tab_13113,130000,300,950,23,23,50,0,0.0,Excel Benchmark
umidigi_bison_13110,240000,450,1400,16,40,50,0,0.0,Excel Benchmark
umidigi_bison_x10s_13081,180000,400,1000,23,30,50,0,0.0,Excel Benchmark
umidigi_one_max_9525,254592,392,976,23,30,60,0,0.0,Excel Benchmark
umidigi_f1_9524,240000,450,1400,33,40,50,0,0.0,Excel Benchmark
umidigi_bison_gt2_pro_13077,360000,630,1800,41,45,55,0,0.0,Excel Benchmark
umidigi_bison_x10g_nfc_13080,180000,400,1000,23,30,50,0,0.0,Excel Benchmark
umidigi_g3_plus_13028,457479,1879,6437,23,30,45,0,0.0,Excel Benchmark
umidigi_bison_pro_13099,260000,500,1500,36,40,50,0,0.0,Excel Benchmark
umidigi_g3_tab_13114,530819,1219,3457,18,23,50,0,0.0,Excel Benchmark
umidigi_a9_13108,100000,250,800,28,30,45,0,0.0,Excel Benchmark
unnecto_quattro_s_8281,231241,241,2041,16,23,20,0,0.0,Estimated
unnecto_neo_v_8282,231241,241,2041,16,28,20,0,0.0,Estimated
unnecto_omnia_7888,231241,241,2041,16,30,20,0,0.0,Estimated
unnecto_drone_xs_8279,231241,241,2041,16,28,20,0,0.0,Estimated
unnecto_quattro_x_7021,231241,241,2041,16,28,20,0,0.0,Estimated
unnecto_swift_7887,231241,241,2041,16,28,20,0,0.0,Estimated
unnecto_quattro_v_8280,231241,241,2041,16,28,20,0,0.0,Estimated
unnecto_bolt_8283,231241,241,2041,16,30,20,0,0.0,Estimated
unnecto_rush_6710,231241,241,2041,16,25,20,0,0.0,Estimated
unnecto_air_4_5_7016,231241,241,2041,16,28,20,0,0.0,Estimated
unnecto_drone_z_6454,231241,241,2041,16,23,20,0,0.0,Estimated
unnecto_drone_x_7019,231241,241,2041,16,28,20,0,0.0,Estimated
unnecto_air_5_0_7017,231241,241,2041,16,30,20,0,0.0,Estimated
unnecto_tap_6011,231241,241,2041,16,23,20,0,0.0,Estimated
unnecto_pro_z_6010,231241,241,2041,16,23,20,0,0.0,Estimated
unnecto_edge_6007,231241,241,2041,16,23,20,0,0.0,Estimated
unnecto_shell_6006,231241,241,2041,16,23,20,0,0.0,Estimated
unnecto_quattro_z_6455,231241,241,2041,16,28,20,0,0.0,Estimated
unnecto_blaze_6013,231241,241,2041,16,23,20,0,0.0,Estimated
unnecto_primo_2g_8278,231241,241,2041,16,23,20,0,0.0,Estimated
unnecto_pebble_6004,231241,241,2041,16,23,20,0,0.0,Estimated
unnecto_eco_6003,231241,241,2041,16,23,20,0,0.0,Estimated
unnecto_primo_6001,231241,241,2041,16,23,20,0,0.0,Estimated
unnecto_drift_6005,231241,241,2041,16,23,20,0,0.0,Estimated
unnecto_drone_6012,231241,241,2041,16,23,20,0,0.0,Estimated
unnecto_drone_xl_7020,231241,241,2041,16,28,20,0,0.0,Estimated
unnecto_pro_6008,231241,241,2041,16,23,20,0,0.0,Estimated
unnecto_primo_3g_6002,231241,241,2041,16,23,20,0,0.0,Estimated
unnecto_air_5_5_7018,231241,241,2041,21,30,20,0,0.0,Estimated
unnecto_quattro_6014,231241,241,2041,16,23,20,0,0.0,Estimated
vertu_aster_6726,90000,220,750,21,35,40,0,0.0,Excel Benchmark
vertu_constellation_4263,231241,241,2041,16,38,20,0,0.0,Estimated
vertu_ascent_ferrari_gt_3721,231241,241,2041,16,23,20,0,0.0,Estimated
vertu_constellation_quest_3590,231241,241,2041,16,23,20,0,0.0,Estimated
vertu_constellation_ayxta_2990,231241,241,2041,16,23,20,0,0.0,Estimated
vertu_ascent_ti_2752,231241,241,2041,16,23,20,0,0.0,Estimated
vertu_signature_s_2753,231241,241,2041,16,23,20,0,0.0,Estimated
vertu_ascent_2010_3264,231241,241,2041,16,23,20,0,0.0,Estimated
vertu_constellation_2006_1766,231241,241,2041,16,23,20,0,0.0,Estimated
vertu_ti_5297,231241,241,2041,16,23,20,0,0.0,Estimated
vertu_signature_touch__2015__7586,120000,250,900,16,35,50,0,0.0,Excel Benchmark
vertu_ascent_1219,231241,241,2041,16,23,20,0,0.0,Estimated
vertu_signature_touch_6374,90000,220,750,21,35,20,0,0.0,Excel Benchmark
vertu_constellation_2013_5868,231241,241,2041,21,25,20,0,0.0,Estimated
vertu_ascent_ti_damascus_steel_2822,231241,241,2041,16,23,20,0,0.0,Estimated
vertu_signature_1218,231241,241,2041,16,23,20,0,0.0,Estimated
vertu_diamond_1541,231241,241,2041,16,23,20,0,0.0,Estimated
verykool_s5036_apollo_9099,55000,150,550,16,28,20,0,0.0,Excel Benchmark
verykool_s5031_bolt_turbo_8955,55000,150,550,18,28,20,0,0.0,Excel Benchmark
verykool_sl5029_bolt_pro_lte_8940,70000,180,650,16,23,20,0,0.0,Excel Benchmark
verykool_s5029_bolt_pro_8935,55000,150,550,16,23,20,0,0.0,Excel Benchmark
verykool_s5205_orion_pro_8934,55000,150,550,18,28,20,0,0.0,Excel Benchmark
verykool_s5528_cosmo_8827,55000,150,550,16,30,25,0,0.0,Excel Benchmark
verykool_s4009_crystal_8729,549883,1483,5249,16,23,20,0,0.0,Excel Benchmark
verykool_sl5565_rocket_8800,70000,180,650,23,30,20,0,0.0,Excel Benchmark
verykool_s5034_spear_jr__8691,55000,150,550,16,30,20,0,0.0,Excel Benchmark
verykool_s5200_orion_8988,55000,150,550,16,28,20,0,0.0,Excel Benchmark
verykool_s5037_apollo_quattro_9100,55000,150,550,21,28,20,0,0.0,Excel Benchmark
verykool_s5527_alpha_pro_8828,55000,150,550,23,30,20,0,0.0,Excel Benchmark
verykool_s5027_bolt_pro_8655,50000,150,500,18,23,20,0,0.0,Estimated
verykool_s5702_royale_quattro_9101,55000,150,550,21,50,25,0,0.0,Excel Benchmark
verykool_s5526_alpha_8690,55000,150,550,16,30,20,0,0.0,Excel Benchmark
verykool_s5035_spear_8657,55000,150,550,18,30,20,0,0.0,Excel Benchmark
verykool_s5028_bolt_8656,50000,150,500,16,23,20,0,0.0,Estimated
verykool_s4513_luna_ii_8626,50000,150,500,16,28,20,0,0.0,Estimated
verykool_s5019_wave_8564,50000,150,500,16,28,20,0,0.0,Estimated
verykool_sl5050_phantom_8418,70000,180,650,23,40,20,0,0.0,Excel Benchmark
verykool_s4008_leo_v_8478,50000,150,500,16,28,20,0,0.0,Estimated
verykool_s6004_cyprus_jr__8363,55000,150,550,16,30,20,0,0.0,Excel Benchmark
verykool_s6005x_cyprus_pro_8933,55000,150,550,23,30,25,0,0.0,Excel Benchmark
verykool_s5524_maverick_iii_jr__8362,55000,150,550,16,30,20,0,0.0,Excel Benchmark
verykool_s5525_maverick_iii_8361,55000,150,550,23,30,20,0,0.0,Excel Benchmark
verykool_kolorpad_lte_tl8010_8215,665800,2000,6800,16,28,35,0,0.0,Excel Benchmark
verykool_s5530_maverick_ii_8173,55000,150,550,21,30,20,0,0.0,Excel Benchmark
verykool_s6005_cyprus_ii_8213,55000,150,550,23,30,25,0,0.0,Excel Benchmark
verykool_t7445_8730,799860,2060,5980,16,23,20,0,0.0,Excel Benchmark
verykool_sl5011_spark_lte_7921,928945,2145,7235,23,30,20,0,0.0,Excel Benchmark
verykool_sl6010_cyprus_lte_7890,928945,2145,7235,23,30,20,0,0.0,Excel Benchmark
verykool_s4007_leo_iv_8214,30000,100,400,16,28,20,0,0.0,Estimated
verykool_s5007_lotus_plus_8654,50000,150,500,16,28,20,0,0.0,Estimated
verykool_sl4502_fusion_ii_7825,555381,1381,4943,16,28,20,0,0.0,Excel Benchmark
verykool_s5025_helix_7834,55000,150,550,21,30,20,0,0.0,Excel Benchmark
verykool_s5020_giant_7833,55000,150,550,16,28,25,0,0.0,Excel Benchmark
verykool_sl5550_maverick_lte_7824,928945,2145,7235,23,30,20,0,0.0,Excel Benchmark
verykool_s5518q_maverick_7746,726979,1379,3937,16,30,20,0,0.0,Excel Benchmark
verykool_r28_denali_7488,231241,241,2041,16,23,20,0,0.0,Estimated
verykool_s5017_dorado_7482,726979,1379,3937,16,28,20,0,0.0,Excel Benchmark
verykool_sl5560_maverick_pro_8566,70000,180,650,23,30,25,0,0.0,Excel Benchmark
verykool_s5030_helix_ii_8172,55000,150,550,16,30,20,0,0.0,Excel Benchmark
verykool_sl5200_eclipse_8442,240000,500,1550,23,30,20,0,0.0,Excel Benchmark
verykool_t7440_kolorpad_ii_7483,526906,1906,5518,16,28,20,0,0.0,Excel Benchmark
verykool_s5012_orbit_7152,30000,100,400,16,28,20,0,0.0,Estimated
verykool_s5001_lotus_7835,30000,100,400,16,28,20,0,0.0,Estimated
verykool_s5021_wave_pro_8563,50000,150,500,16,28,20,0,0.0,Estimated
verykool_sl4500_fusion_7151,35000,120,450,16,28,20,0,0.0,Estimated
verykool_s5014_atlas_7108,726979,1379,3937,16,28,20,0,0.0,Excel Benchmark
verykool_s6001_cyprus_7036,726979,1379,3937,21,30,20,0,0.0,Excel Benchmark
verykool_s5017q_dorado_7747,726979,1379,3937,16,28,20,0,0.0,Excel Benchmark
verykool_s5518_maverick_7445,726979,1379,3937,16,30,20,0,0.0,Excel Benchmark
verykool_r27_6772,231241,241,2041,16,23,20,0,0.0,Estimated
verykool_s3501_lynx_6786,628228,828,2284,16,23,20,0,0.0,Excel Benchmark
verykool_s5511_juno_quatro_6760,726979,1379,3937,16,28,20,0,0.0,Excel Benchmark
verykool_s4510_luna_7117,30000,100,400,16,28,20,0,0.0,Estimated
verykool_s354_6740,30000,100,400,16,23,20,0,0.0,Estimated
verykool_s3504_mystic_ii_7472,30000,100,400,16,23,20,0,0.0,Estimated
verykool_s401_6443,231241,241,2041,16,23,20,0,0.0,Estimated
verykool_s5510_juno_6759,30000,100,400,16,28,20,0,0.0,Estimated
verykool_s352_6442,231241,241,2041,16,23,20,0,0.0,Estimated
verykool_s450_6401,231241,241,2041,16,28,20,0,0.0,Estimated
verykool_sl5000_quantum_6671,231241,241,2041,16,28,20,0,0.0,Estimated
verykool_sl5009_jet_7628,555381,1381,4943,16,28,20,0,0.0,Excel Benchmark
verykool_t742_6040,231241,241,2041,16,23,20,0,0.0,Estimated
verykool_r80l_granite_ii_5973,231241,241,2041,16,23,20,0,0.0,Estimated
verykool_i240_5959,231241,241,2041,16,23,20,0,0.0,Estimated
verykool_s4010_gazelle_6994,30000,100,400,16,23,20,0,0.0,Estimated
verykool_i129_6440,231241,241,2041,16,23,20,0,0.0,Estimated
verykool_s5015_spark_ii_7035,726979,1379,3937,16,25,20,0,0.0,Excel Benchmark
verykool_i133_5785,231241,241,2041,16,23,20,0,0.0,Estimated
verykool_s400_5744,141928,528,1384,16,23,20,0,0.0,Excel Benchmark
verykool_i127_5737,231241,241,2041,16,23,20,0,0.0,Estimated
verykool_i603_5881,231241,241,2041,16,23,20,0,0.0,Estimated
verykool_s4002_leo_6993,762718,1318,2754,16,23,20,0,0.0,Excel Benchmark
verykool_i330_sunray_7150,735760,1960,6680,16,23,20,0,0.0,Excel Benchmark
verykool_i126_5484,231241,241,2041,16,23,20,0,0.0,Estimated
verykool_s470_5707,141928,528,1384,16,30,20,0,0.0,Excel Benchmark
verykool_i316_5688,231241,241,2041,16,23,20,0,0.0,Estimated
verykool_rs75_5454,231241,241,2041,16,23,20,0,0.0,Estimated
verykool_i607_5443,231241,241,2041,16,23,20,0,0.0,Estimated
verykool_i128_5816,231241,241,2041,16,23,20,0,0.0,Estimated
verykool_s758_5350,151085,285,655,16,23,20,0,0.0,Excel Benchmark
verykool_r623_5348,231241,241,2041,16,23,20,0,0.0,Estimated
verykool_s350_5349,231241,241,2041,16,23,20,0,0.0,Estimated
verykool_i601_5347,231241,241,2041,16,23,20,0,0.0,Estimated
verykool_r25_5344,231241,241,2041,16,23,20,0,0.0,Estimated
verykool_s735_5143,231241,241,2041,16,23,20,0,0.0,Estimated
verykool_i320_5107,231241,241,2041,16,23,20,0,0.0,Estimated
verykool_i315n_5093,231241,241,2041,16,23,20,0,0.0,Estimated
verykool_s353_6016,231241,241,2041,16,23,20,0,0.0,Estimated
verykool_i121c_5346,231241,241,2041,16,23,20,0,0.0,Estimated
verykool_s732_5407,231241,241,2041,16,23,20,0,0.0,Estimated
verykool_s135_5126,231241,241,2041,16,23,20,0,0.0,Estimated
verykool_i121_5345,231241,241,2041,16,23,20,0,0.0,Estimated
verykool_i123_4902,231241,241,2041,16,23,20,0,0.0,Estimated
verykool_i675_4818,231241,241,2041,16,23,20,0,0.0,Estimated
verykool_i130_5049,231241,241,2041,16,23,20,0,0.0,Estimated
verykool_s728_5051,231241,241,2041,16,23,20,0,0.0,Estimated
verykool_s505_6400,231241,241,2041,16,30,20,0,0.0,Estimated
verykool_s351_6441,231241,241,2041,16,23,20,0,0.0,Estimated
verykool_i674_4817,231241,241,2041,16,23,20,0,0.0,Estimated
verykool_r16_4699,231241,241,2041,16,23,20,0,0.0,Estimated
verykool_s635_5064,231241,241,2041,16,23,20,0,0.0,Estimated
verykool_s700_4634,231241,241,2041,16,23,20,0,0.0,Estimated
verykool_i125_4438,231241,241,2041,16,23,20,0,0.0,Estimated
verykool_s815_4393,231241,241,2041,16,23,20,0,0.0,Estimated
verykool_r23_4368,231241,241,2041,16,23,20,0,0.0,Estimated
verykool_i285_4225,231241,241,2041,16,23,20,0,0.0,Estimated
verykool_rs90_5606,231241,241,2041,16,28,20,0,0.0,Estimated
verykool_r800_4943,231241,241,2041,16,23,25,0,0.0,Estimated
verykool_r620_4338,231241,241,2041,16,23,20,0,0.0,Estimated
verykool_i672_4763,231241,241,2041,16,23,20,0,0.0,Estimated
verykool_i800_4008,231241,241,2041,16,23,20,0,0.0,Estimated
verykool_s757_4872,625334,734,2002,16,23,20,0,0.0,Excel Benchmark
verykool_i720_4009,231241,241,2041,16,23,20,0,0.0,Estimated
verykool_i705_4010,231241,241,2041,16,23,20,0,0.0,Estimated
verykool_r80_4000,231241,241,2041,16,38,20,0,0.0,Estimated
verykool_r13_4001,231241,241,2041,16,23,20,0,0.0,Estimated
verykool_i725_4214,231241,241,2041,16,23,20,0,0.0,Estimated
verykool_i604_4631,231241,241,2041,16,23,20,0,0.0,Estimated
verykool_i650_4003,231241,241,2041,16,23,20,0,0.0,Estimated
verykool_i610_4050,231241,241,2041,16,23,20,0,0.0,Estimated
verykool_i410_4016,231241,241,2041,16,28,20,0,0.0,Estimated
verykool_cd611_4049,231241,241,2041,16,23,20,0,0.0,Estimated
verykool_i310_4015,231241,241,2041,16,23,20,0,0.0,Estimated
verykool_i315_4017,231241,241,2041,16,23,20,0,0.0,Estimated
verykool_i305_4014,231241,241,2041,16,23,20,0,0.0,Estimated
verykool_i270_4006,231241,241,2041,16,23,20,0,0.0,Estimated
verykool_i117_4012,231241,241,2041,16,23,20,0,0.0,Estimated
verykool_i122_4051,231241,241,2041,16,23,20,0,0.0,Estimated
verykool_i119_4011,231241,241,2041,16,23,20,0,0.0,Estimated
verykool_i277_4005,231241,241,2041,16,23,20,0,0.0,Estimated
verykool_i600_4004,231241,241,2041,16,23,20,0,0.0,Estimated
verykool_i625_5050,231241,241,2041,16,23,20,0,0.0,Estimated
verykool_s810_4002,231241,241,2041,16,23,20,0,0.0,Estimated
verykool_i280_4007,231241,241,2041,16,23,20,0,0.0,Estimated
verykool_i115_4013,231241,241,2041,16,23,20,0,0.0,Estimated
verykool_i605_4630,231241,241,2041,16,23,20,0,0.0,Estimated
vivo_v80_lite_5g_14892,270000,540,1650,55,65,70,0,0.0,Excel Benchmark
vivo_t5_5g_14899,685640,1840,4320,70,80,70,0,0.0,Excel Benchmark
vivo_v80_lite_5g__india__14863,646287,1087,4061,55,75,70,0,0.0,Excel Benchmark
vivo_iqoo_neo11_ultra_5g_14878,674676,1676,5828,65,90,75,0,0.0,Excel Benchmark
vivo_s2_5g_14839,646287,1087,4061,55,73,70,0,0.0,Excel Benchmark
vivo_t5e_14829,130000,300,950,16,40,45,0,0.0,Excel Benchmark
vivo_iqoo_z11s_5g__china__14880,591896,896,3488,45,70,70,0,0.0,Excel Benchmark
vivo_iqoo_z11_lite_5g_14809,110000,270,950,41,55,70,0,0.0,Excel Benchmark
vivo_v70_lite_14898,270000,540,1650,53,75,70,0,0.0,Excel Benchmark
vivo_y500_14780,270000,540,1650,53,75,70,0,0.0,Excel Benchmark
vivo_x_fold6_5g_14748,480176,1176,4328,90,75,95,0,0.0,Excel Benchmark
vivo_y31t_5g_14884,400000,700,2000,43,55,70,0,0.0,Excel Benchmark
vivo_iqoo_pad5c_14763,575540,1740,5020,16,55,70,0,0.0,Excel Benchmark
vivo_s60_5g_14692,575540,1740,5020,85,80,75,0,0.0,Excel Benchmark
vivo_t5_14697,762726,1726,4978,48,55,70,0,0.0,Excel Benchmark
vivo_y600_turbo_5g_14687,171736,736,2008,45,65,75,0,0.0,Excel Benchmark
vivo_iqoo_pad6_pro_14679,561383,983,4749,25,60,75,0,0.0,Excel Benchmark
vivo_iqoo_z11i_5g_14771,400000,700,2000,21,55,50,0,0.0,Excel Benchmark
vivo_iqoo_15t_5g_14661,151636,636,3708,70,90,75,0,0.0,Excel Benchmark
vivo_iqoo_z11_5g_14654,423846,846,3338,70,65,75,0,0.0,Excel Benchmark
vivo_t5_lite_5g_14734,110000,270,950,41,55,70,0,0.0,Excel Benchmark
vivo_s60_vitality_5g_14693,591896,896,3488,65,60,75,0,0.0,Excel Benchmark
vivo_y500s_5g_14631,400000,700,2000,43,55,70,0,0.0,Excel Benchmark
vivo_iqoo_z11_5g__india__14886,685640,1840,4320,70,80,70,0,0.0,Excel Benchmark
vivo_x300_e_5g_14826,400000,500,2200,80,70,75,0,0.0,Excel Benchmark
vivo_x300_ultra_5g_14388,4085695,11494,4749,90,80,95,1935,15.75,GSMArena Lab
vivo_x300_fe_5g_14491,3006390,9356,2200,95,75,95,1774,18.78,GSMArena Lab
vivo_y600_pro_5g__china__14634,270000,540,1650,53,53,75,0,0.0,Excel Benchmark
vivo_pad6_pro_14569,561383,983,4749,25,60,75,0,0.0,Excel Benchmark
vivo_x300s_5g_14557,564243,1843,5329,90,60,95,0,0.0,Excel Benchmark
vivo_y6t_5g_14649,400000,700,2000,21,55,50,0,0.0,Excel Benchmark
vivo_iqoo_z11_5g__china__14562,534603,203,409,65,70,75,0,0.0,Excel Benchmark
vivo_iqoo_z11x_5g__china__14563,30000,110,420,40,65,70,0,0.0,Estimated
vivo_y11_5g_14564,110000,270,950,21,55,50,0,0.0,Excel Benchmark
vivo_t5x_5g_14536,30000,110,420,50,65,70,0,0.0,Estimated
vivo_v70_fe_5g_14504,931202,2891,4061,70,65,75,1890,20.68,GSMArena Lab
vivo_y21_5g_14561,110000,270,950,41,55,70,0,0.0,Excel Benchmark
vivo_y51_pro_5g_14539,646287,1087,4061,40,55,70,0,0.0,Excel Benchmark
vivo_iqoo_z11x_5g_14531,30000,110,420,55,65,70,0,0.0,Estimated
vivo_y6_5g_14632,400000,700,2000,38,55,70,0,0.0,Excel Benchmark
vivo_x300_fe_5g__russia__14603,400000,500,2200,90,75,95,0,0.0,Excel Benchmark
vivo_v70_5g_14505,1481758,4095,4398,80,65,75,1966,16.87,GSMArena Lab
vivo_y05_14510,130000,300,950,16,55,50,0,0.0,Excel Benchmark
vivo_iqoo_z11_turbo_5g_14392,400000,500,2200,70,80,75,0,0.0,Excel Benchmark
vivo_iqoo_15_ultra_5g_14445,561383,983,4749,85,90,95,0,0.0,Excel Benchmark
vivo_iqoo_15r_5g_14483,400000,500,2200,70,80,75,0,0.0,Excel Benchmark
vivo_y60_5g_14633,400000,700,2000,21,55,50,0,0.0,Excel Benchmark
vivo_v70_elite_5g_14446,575540,1740,5020,80,65,75,0,0.0,Excel Benchmark
vivo_s50_pro_mini_5g_14356,400000,500,2200,90,55,95,0,0.0,Excel Benchmark
vivo_y21d_14508,130000,300,950,41,45,70,0,0.0,Excel Benchmark
vivo_y500_pro_5g__china__14278,30000,110,420,70,58,75,0,0.0,Estimated
vivo_iqoo_neo11_5g__china__14268,650366,1366,4898,65,80,75,0,0.0,Excel Benchmark
vivo_s50_5g_14353,575540,1740,5020,80,55,75,0,0.0,Excel Benchmark
vivo_t5_pro_5g_14599,423846,846,3338,55,78,75,0,0.0,Excel Benchmark
vivo_x300_5g_14224,3416530,9843,5329,90,75,95,1930,17.52,GSMArena Lab
vivo_x300_pro_5g_14225,3533222,10264,5329,100,75,95,2113,0.0,GSMArena Lab
vivo_v60e_5g_14194,646287,1087,4061,70,75,75,0,0.0,Excel Benchmark
vivo_pad5e_14226,575540,1740,5020,16,55,70,0,0.0,Excel Benchmark
vivo_y19s_5g_14276,110000,270,950,21,40,50,0,0.0,Excel Benchmark
vivo_v60_lite_14172,220000,400,1400,53,65,75,0,0.0,Excel Benchmark
vivo_y31_pro_5g_14144,270000,540,1650,45,65,70,0,0.0,Excel Benchmark
vivo_y500_5g__china__14097,270000,540,1650,45,85,75,0,0.0,Excel Benchmark
vivo_iqoo_15_5g_14198,3785250,10466,4749,85,90,95,1313,21.78,GSMArena Lab
vivo_v60_lite_5g_14180,646287,1087,4061,55,65,75,0,0.0,Excel Benchmark
vivo_y500i_5g_14407,400000,700,2000,41,55,70,0,0.0,Excel Benchmark
vivo_t4_pro_5g_14095,422866,1866,4398,85,75,75,0,0.0,Excel Benchmark
vivo_y400_5g_14043,400000,700,2000,53,75,75,0,0.0,Excel Benchmark
vivo_y400_14040,220000,400,1400,43,75,70,0,0.0,Excel Benchmark
vivo_t4r_5g_14035,30000,110,420,70,75,65,0,0.0,Estimated
vivo_x200t_5g_14366,30000,110,420,90,65,95,0,0.0,Estimated
vivo_y31_5g_14143,400000,700,2000,43,55,70,0,0.0,Excel Benchmark
vivo_y50_5g__china__14004,110000,270,950,21,45,70,0,0.0,Excel Benchmark
vivo_iqoo_z10_turbo__5g_14038,30000,110,420,65,80,75,0,0.0,Estimated
vivo_x_fold5_5g_13858,1883303,6483,6608,90,75,95,1916,13.35,GSMArena Lab
vivo_y400_pro_5g_13941,270000,540,1650,55,75,70,0,0.0,Excel Benchmark
vivo_iqoo_z10_lite_5g_13959,110000,270,950,41,45,50,0,0.0,Excel Benchmark
vivo_v60_5g_14021,1009011,3568,4398,80,75,75,1456,15.87,GSMArena Lab
vivo_x200_fe_5g_13847,1805009,6606,7408,80,75,75,1758,15.27,GSMArena Lab
vivo_watch_gt_2_14227,231241,241,2041,16,58,20,0,0.0,Estimated
vivo_iqoo_z10r_14024,30000,110,420,70,75,65,0,0.0,Estimated
vivo_y19s_pro_13942,160000,350,1100,41,45,70,0,0.0,Excel Benchmark
vivo_pad5_13921,2038810,2207,7408,16,55,70,0,0.0,Excel Benchmark
vivo_iqoo_neo_10_5g_13904,351226,226,2478,70,80,80,0,0.0,Excel Benchmark
vivo_iqoo_pad5_pro_13887,30000,110,420,25,60,75,0,0.0,Estimated
vivo_iqoo_pad5_13888,2038810,2207,7408,16,55,70,0,0.0,Excel Benchmark
vivo_v70_lite_5g_14710,30000,110,420,55,85,75,0,0.0,Estimated
vivo_y300_gt_5g_13857,30000,110,420,65,80,75,0,0.0,Estimated
vivo_t4_lite_5g_13961,110000,270,950,41,45,50,0,0.0,Excel Benchmark
vivo_y19_5g_13828,110000,270,950,21,40,45,0,0.0,Excel Benchmark
vivo_iqoo_z10_turbo_pro_5g_13800,351226,226,2478,65,80,80,0,0.0,Excel Benchmark
vivo_y31d_14450,762726,1726,4978,38,55,70,0,0.0,Excel Benchmark
vivo_s30_pro_mini_5g_13920,2038810,2207,7408,80,65,75,0,0.0,Excel Benchmark
vivo_t4_ultra_5g_13927,2038810,2207,7408,80,63,70,0,0.0,Excel Benchmark
vivo_pad5_pro_13808,30000,110,420,25,60,75,0,0.0,Estimated
vivo_iqoo_z10_turbo_5g_13822,30000,110,420,65,80,75,0,0.0,Estimated
vivo_y19s_gt_5g_14045,110000,270,950,41,40,45,0,0.0,Excel Benchmark
vivo_t4_5g_13781,144561,561,1483,70,70,75,0,0.0,Excel Benchmark
vivo_iqoo_z10_13755,144561,561,1483,70,75,75,0,0.0,Excel Benchmark
vivo_v50e_5g_13768,270000,540,1650,70,75,70,0,0.0,Excel Benchmark
vivo_y300_pro__13754,144561,561,1483,70,70,75,0,0.0,Excel Benchmark
vivo_y300t_5g_13766,270000,540,1650,45,65,70,0,0.0,Excel Benchmark
vivo_v50_lite_13745,110000,270,950,53,75,75,0,0.0,Excel Benchmark
vivo_x200_ultra_13762,2914061,9410,6281,95,95,95,1816,13.6,GSMArena Lab
vivo_iqoo_neo_10r_13682,575540,1740,5020,70,80,75,0,0.0,Excel Benchmark
vivo_x200s_5g_13783,30000,110,420,90,75,95,0,0.0,Estimated
vivo_iqoo_neo10_pro___china__13882,613027,1827,6281,65,90,80,0,0.0,Excel Benchmark
vivo_y300i_13713,400000,700,2000,41,45,70,0,0.0,Excel Benchmark
vivo_y04_13683,130000,300,950,21,40,45,0,0.0,Excel Benchmark
vivo_y29_4g_13670,220000,400,1400,43,55,70,0,0.0,Excel Benchmark
vivo_v50_13656,833862,3210,3228,65,75,75,1274,15.33,GSMArena Lab
vivo_pad_se_13812,400000,700,2000,16,38,50,0,0.0,Excel Benchmark
vivo_y200_4g_13655,220000,400,1400,53,75,70,0,0.0,Excel Benchmark
vivo_y39_5g_13763,400000,700,2000,43,55,70,0,0.0,Excel Benchmark
vivo_y200__asia__13629,400000,700,2000,53,75,70,0,0.0,Excel Benchmark
vivo_v50_lite_4g_13718,220000,400,1400,53,75,75,0,0.0,Excel Benchmark
vivo_y200__global__13628,380000,650,1850,48,70,60,0,0.0,Excel Benchmark
vivo_y29_13587,110000,270,950,43,55,65,0,0.0,Excel Benchmark
vivo_iqoo_neo10_pro__china__13489,30000,110,420,70,70,80,0,0.0,Estimated
vivo_s30_5g_13919,422866,1866,4398,80,65,75,0,0.0,Excel Benchmark
vivo_y29s_13717,110000,270,950,41,40,45,0,0.0,Excel Benchmark
vivo_y300_13498,400000,700,2000,53,75,70,0,0.0,Excel Benchmark
vivo_s20_pro_13527,2038810,2207,7408,80,63,70,0,0.0,Excel Benchmark
vivo_t4x_13707,270000,540,1650,45,65,70,0,0.0,Excel Benchmark
vivo_y300_plus_13427,420000,750,2200,53,75,65,0,0.0,Excel Benchmark
vivo_iqoo_z10x_5g_13773,270000,540,1650,45,65,70,0,0.0,Excel Benchmark
vivo_iqoo_neo10__china__13531,1903140,2115,6608,70,70,80,0,0.0,Excel Benchmark
vivo_s20_13528,820000,1162,3228,65,63,75,0,0.0,Excel Benchmark
vivo_x200_pro_mini_13434,30000,110,420,90,75,90,0,0.0,Estimated
vivo_x200_pro_13410,2609095,8152,420,100,75,95,1881,15.15,GSMArena Lab
vivo_y18t_13492,495201,1201,4403,43,40,45,0,0.0,Excel Benchmark
vivo_v40_lite_4g__idn__13360,220000,400,1400,53,75,70,0,0.0,Excel Benchmark
vivo_v40_lite__idn__13353,400000,700,2000,53,75,70,0,0.0,Excel Benchmark
vivo_v40e_13339,270000,540,1650,65,65,70,0,0.0,Excel Benchmark
vivo_iqoo_z9_turbo_endurance_13599,575540,1740,5020,65,60,75,0,0.0,Excel Benchmark
vivo_t3_ultra_13321,1550000,60,250,65,75,70,0,0.0,Estimated
vivo_y19s_13436,160000,350,1100,41,45,45,0,0.0,Excel Benchmark
vivo_watch_5_13813,231241,241,2041,16,48,20,0,0.0,Estimated
vivo_y200__13602,400000,700,2000,41,55,70,0,0.0,Excel Benchmark
vivo_iqoo_13_13462,2791585,9522,6281,85,85,80,1804,18.05,GSMArena Lab
vivo_y37_pro_13308,400000,700,2000,41,55,70,0,0.0,Excel Benchmark
vivo_y18i_13280,495201,1201,4403,21,40,45,0,0.0,Excel Benchmark
vivo_t3_pro_13285,820000,1162,3228,65,85,70,0,0.0,Excel Benchmark
vivo_x200_13433,2632874,8014,420,90,75,70,1563,14.85,GSMArena Lab
vivo_v40_pro_13239,1504798,5149,250,80,75,70,1307,13.75,GSMArena Lab
vivo_v40_lite_13207,560000,943,2804,55,75,65,0,0.0,Excel Benchmark
vivo_iqoo_z9_lite_13194,110000,270,950,43,40,45,0,0.0,Excel Benchmark
vivo_y300__china__13567,110000,270,950,43,75,70,0,0.0,Excel Benchmark
vivo_iqoo_watch_gt_13199,231241,241,2041,16,38,20,0,0.0,Estimated
vivo_iqoo_neo9s_pro__13187,1903140,2115,6608,65,70,75,0,0.0,Excel Benchmark
vivo_v40_13121,818546,2891,3228,65,75,70,1353,15.1,GSMArena Lab
vivo_pad3_13170,575540,1740,5020,16,55,70,0,0.0,Excel Benchmark
vivo_t3_lite_13177,110000,270,950,43,40,45,0,0.0,Excel Benchmark
vivo_y28s_13171,110000,270,950,43,40,45,0,0.0,Excel Benchmark
vivo_y58_13156,400000,700,2000,43,65,70,0,0.0,Excel Benchmark
vivo_iqoo_pad2_pro_13091,2038810,2207,7408,25,55,75,0,0.0,Excel Benchmark
vivo_y300_pro_13306,560000,943,2804,55,85,75,0,0.0,Excel Benchmark
vivo_iqoo_z9s_13273,270000,540,1650,65,75,65,0,0.0,Excel Benchmark
vivo_iqoo_pad2_13092,575540,1740,5020,16,55,70,0,0.0,Excel Benchmark
vivo_iqoo_z9s_pro_13272,820000,1162,3228,65,85,70,0,0.0,Excel Benchmark
vivo_s19_13088,820000,1162,3228,65,73,75,0,0.0,Excel Benchmark
vivo_y200_pro_13019,420000,750,2200,63,75,65,0,0.0,Excel Benchmark
vivo_s19_pro_13087,1550000,60,250,80,73,70,0,0.0,Estimated
vivo_iqoo_z9_turbo__13359,2038810,2207,7408,65,80,75,0,0.0,Excel Benchmark
vivo_iqoo_neo9s_pro_13018,2038810,2207,7408,65,70,75,0,0.0,Excel Benchmark
vivo_y200__china__13016,560000,943,2804,45,75,75,0,0.0,Excel Benchmark
vivo_watch_gt_13089,231241,241,2041,16,38,20,0,0.0,Estimated
vivo_y200t_13017,560000,943,2804,45,65,70,0,0.0,Excel Benchmark
vivo_x100_ultra_12994,2152790,6311,6608,95,95,90,1801,12.92,GSMArena Lab
vivo_x100s_12999,2038810,2207,7408,90,73,70,0,0.0,Excel Benchmark
vivo_x100s_pro_12998,2038810,2207,7408,90,73,90,0,0.0,Excel Benchmark
vivo_y18e_12978,280000,520,1550,21,40,45,0,0.0,Excel Benchmark
vivo_y18_13129,280000,520,1550,43,40,45,0,0.0,Excel Benchmark
vivo_v30_se_12970,400000,700,2000,48,75,65,0,0.0,Excel Benchmark
vivo_y03t_13277,495201,1201,4403,21,40,45,0,0.0,Excel Benchmark
vivo_v30e_12971,560000,943,2804,70,75,65,0,0.0,Excel Benchmark
vivo_iqoo_z9_turbo_12872,575540,1740,5020,65,80,75,0,0.0,Excel Benchmark
vivo_y38_12973,400000,700,2000,43,55,70,0,0.0,Excel Benchmark
vivo_iqoo_z9x_12958,560000,943,2804,45,65,70,0,0.0,Excel Benchmark
vivo_y200_gt_13015,820000,1162,3228,50,80,75,0,0.0,Excel Benchmark
vivo_y200i_12946,400000,700,2000,43,65,70,0,0.0,Excel Benchmark
vivo_iqoo_watch_12960,231241,241,2041,16,38,20,0,0.0,Estimated
vivo_iqoo_z9__china__12959,820000,1162,3228,50,80,75,0,0.0,Excel Benchmark
vivo_t3x_12938,560000,943,2804,45,65,70,0,0.0,Excel Benchmark
vivo_v30_lite__me__12907,400000,700,2000,43,75,70,0,0.0,Excel Benchmark
vivo_v30_lite_4g_12912,220000,400,1400,43,75,70,0,0.0,Excel Benchmark
vivo_v40_se_12905,400000,700,2000,48,75,65,0,0.0,Excel Benchmark
vivo_x_fold3_pro_12899,2066322,6791,6608,90,75,90,2129,13.43,GSMArena Lab
vivo_x_fold3_12900,1539080,1926,5226,90,75,70,0,0.0,Excel Benchmark
vivo_y18__india__12977,280000,520,1550,43,40,45,0,0.0,Excel Benchmark
vivo_t3_12887,15000,60,250,65,75,65,0,0.0,Estimated
vivo_iqoo_z9_12865,15000,60,250,65,75,65,0,0.0,Estimated
vivo_y28_4g_13201,280000,520,1550,43,40,70,0,0.0,Excel Benchmark
vivo_y200e_12836,400000,700,2000,48,75,65,0,0.0,Excel Benchmark
vivo_v30_pro_12829,972568,3982,1200,80,75,70,1197,13.42,GSMArena Lab
vivo_y28_12860,380000,600,1700,43,40,45,0,0.0,Excel Benchmark
vivo_iqoo_neo9_pro_12819,1539080,1926,5226,65,70,75,0,0.0,Excel Benchmark
vivo_g2_12800,380000,600,1700,21,40,45,0,0.0,Excel Benchmark
vivo_y37_13309,110000,270,950,21,40,45,0,0.0,Excel Benchmark
vivo_y100t_12839,180000,330,1200,65,55,75,0,0.0,Excel Benchmark
vivo_iqoo_neo9_12765,1539080,1926,5226,65,70,75,0,0.0,Excel Benchmark
vivo_s18_pro_12743,1550000,60,250,80,73,70,0,0.0,Estimated
vivo_v30_lite_12768,420000,750,2200,68,75,60,0,0.0,Excel Benchmark
vivo_y36i_12738,380000,600,1700,21,40,45,0,0.0,Excel Benchmark
vivo_s18e_12745,15000,60,250,65,75,65,0,0.0,Estimated
vivo_x100_pro_12694,2104997,7343,7408,90,75,90,1472,13.88,GSMArena Lab
vivo_x100_12695,2038810,2207,7408,90,73,75,0,0.0,Excel Benchmark
vivo_iqoo_neo9_pro__china__12764,2038810,2207,7408,65,70,75,0,0.0,Excel Benchmark
vivo_y100__idn__12806,400000,700,2000,43,75,70,0,0.0,Excel Benchmark
vivo_iqoo_12_pro_12690,1903140,2115,6608,85,90,95,0,0.0,Excel Benchmark
vivo_watch_3_12696,231241,241,2041,16,38,20,0,0.0,Estimated
vivo_y27s_12687,200000,380,1350,43,50,65,0,0.0,Excel Benchmark
vivo_y100__china__12635,420000,750,2200,58,75,65,0,0.0,Excel Benchmark
vivo_t2_12639,400000,700,1900,70,65,65,0,0.0,Excel Benchmark
vivo_y200__india__12632,380000,650,1850,63,70,60,0,0.0,Excel Benchmark
vivo_v29e_12633,420000,750,2200,68,75,60,0,0.0,Excel Benchmark
vivo_v30_12818,831644,2848,3228,65,65,70,1253,15.02,GSMArena Lab
vivo_iqoo_12_12691,2107464,5857,6608,85,70,75,1425,13.5,GSMArena Lab
vivo_y78t_12631,560000,943,2804,45,55,70,0,0.0,Excel Benchmark
vivo_iqoo_z8x_12610,560000,943,2804,45,55,70,0,0.0,Excel Benchmark
vivo_t2_pro_12566,15000,60,250,65,75,65,0,0.0,Estimated
vivo_iqoo_z7_pro_12484,15000,60,250,65,75,65,0,0.0,Estimated
vivo_pad_air_12462,750000,1000,3300,16,55,70,0,0.0,Excel Benchmark
vivo_pad3_pro_12901,2038810,2207,7408,23,55,75,0,0.0,Excel Benchmark
vivo_y03_12868,280000,520,1550,21,35,45,0,0.0,Excel Benchmark
vivo_y77t_12482,550000,850,2400,43,55,65,0,0.0,Excel Benchmark
vivo_y17s_12568,280000,520,1550,43,35,45,0,0.0,Excel Benchmark
vivo_y27_5g_12624,380000,600,1700,43,45,45,0,0.0,Excel Benchmark
vivo_y02t_12429,340000,600,1850,16,30,45,0,0.0,Excel Benchmark
vivo_y27_12430,280000,520,1550,43,45,65,0,0.0,Excel Benchmark
vivo_y100i_12718,380000,600,1700,43,40,65,0,0.0,Excel Benchmark
vivo_iqoo_11s_12397,1539080,1926,5226,80,90,70,0,0.0,Excel Benchmark
vivo_y100_4g_12974,220000,400,1400,43,75,70,0,0.0,Excel Benchmark
vivo_iqoo_neo_7_pro_12364,336254,1654,5762,60,75,75,0,0.0,Excel Benchmark
vivo_v29e__india__12483,420000,750,2200,63,75,65,0,0.0,Excel Benchmark
vivo_x90s_12376,1550000,60,250,85,65,70,0,0.0,Estimated
vivo_y36__india__12385,200000,380,1350,48,50,65,0,0.0,Excel Benchmark
vivo_y36_5g_12375,380000,600,1700,48,50,65,0,0.0,Excel Benchmark
vivo_s17_pro_12307,180000,330,1200,80,65,65,0,0.0,Excel Benchmark
vivo_v29_lite_12323,420000,750,2200,63,75,65,0,0.0,Excel Benchmark
vivo_v29_12461,620950,2797,3000,65,55,65,996,0.0,GSMArena Lab
vivo_s17_12308,650000,1100,3100,65,65,65,0,0.0,Excel Benchmark
vivo_iqoo_z8__china__12513,180000,330,1200,65,55,75,0,0.0,Excel Benchmark
vivo_s17t_12309,379989,389,2967,65,65,65,0,0.0,Excel Benchmark
vivo_y78_12299,420000,750,2200,63,75,65,0,0.0,Excel Benchmark
vivo_s17e_12294,15000,60,250,65,75,65,0,0.0,Estimated
vivo_iqoo_neo8_12291,336254,1654,5762,65,70,75,0,0.0,Excel Benchmark
vivo_iqoo_pad_12293,1400000,1700,4600,25,55,70,0,0.0,Excel Benchmark
vivo_iqoo_neo8_pro_12292,1550000,60,250,65,70,75,0,0.0,Estimated
vivo_y78__12242,420000,750,2200,58,75,65,0,0.0,Excel Benchmark
vivo_y78__china__12260,550000,850,2400,43,55,65,0,0.0,Excel Benchmark
vivo_t2__india__12225,420000,750,2200,63,65,60,0,0.0,Excel Benchmark
vivo_x_fold2_12203,1314521,4769,5226,85,75,90,1308,0.0,GSMArena Lab
vivo_y11__2023__12212,340000,600,1850,16,30,45,0,0.0,Excel Benchmark
vivo_v29_pro_12608,904412,3999,1200,80,53,65,1029,12.12,GSMArena Lab
vivo_iqoo_z7_12163,761458,2058,5974,60,65,60,0,0.0,Excel Benchmark
vivo_pad2_12231,1350000,1650,4500,25,55,70,0,0.0,Excel Benchmark
vivo_iqoo_z7__china__12182,777541,1541,3423,65,55,75,0,0.0,Excel Benchmark
vivo_iqoo_z7x_12183,420000,750,2200,43,55,75,0,0.0,Excel Benchmark
vivo_y02a_12211,340000,600,1850,16,30,45,0,0.0,Excel Benchmark
vivo_y35__12300,380000,600,1700,43,45,45,0,0.0,Excel Benchmark
vivo_s18_12744,820000,1162,3228,65,73,70,0,0.0,Excel Benchmark
vivo_t2x__india__12226,380000,600,1700,43,40,50,0,0.0,Excel Benchmark
vivo_y56_12125,520000,800,2300,48,40,50,0,0.0,Excel Benchmark
vivo_iqoo_z7i_12171,380000,600,1700,21,30,45,0,0.0,Excel Benchmark
vivo_y36_12374,200000,380,1350,48,50,65,0,0.0,Excel Benchmark
vivo_iqoo_z7s_12287,420000,750,2200,58,65,60,0,0.0,Excel Benchmark
vivo_iqoo_neo_7_12084,180000,330,1200,65,70,75,0,0.0,Excel Benchmark
vivo_v27_pro_12117,846767,3933,1200,65,65,65,978,0.0,GSMArena Lab
vivo_s16_12038,750000,1000,3300,65,65,65,0,0.0,Excel Benchmark
vivo_y35_5g_12019,520000,800,2300,21,30,45,0,0.0,Excel Benchmark
vivo_v27_12119,613641,2400,250,65,65,65,1055,0.0,GSMArena Lab
vivo_iqoo_neo7_racing_12050,336254,1654,5762,60,75,75,0,0.0,Excel Benchmark
vivo_y02_12003,130000,300,950,16,30,45,0,0.0,Excel Benchmark
vivo_x_flip_12240,1060911,3930,5762,70,65,55,1027,0.0,GSMArena Lab
vivo_y55s__2023__12089,520000,800,2300,43,40,50,0,0.0,Excel Benchmark
vivo_y100_12121,550000,800,2600,65,65,60,0,0.0,Excel Benchmark
vivo_x90_11990,1550000,60,250,85,55,70,0,0.0,Estimated
vivo_s16e_12039,210281,281,2643,65,75,65,0,0.0,Excel Benchmark
vivo_x90_pro__11979,1539080,1926,5226,35,85,85,0,0.0,Excel Benchmark
vivo_iqoo_neo7_se_12011,180000,330,1200,65,75,75,0,0.0,Excel Benchmark
vivo_v21s_11985,85000,200,700,70,60,50,0,0.0,Excel Benchmark
vivo_x_fold__11891,336254,1654,5762,30,65,85,0,0.0,Excel Benchmark
vivo_y73t_11914,520000,800,2300,43,40,70,0,0.0,Excel Benchmark
vivo_iqoo_neo7__china__11935,1400000,1700,4600,60,75,75,0,0.0,Excel Benchmark
vivo_y16_11874,340000,600,1850,21,30,45,0,0.0,Excel Benchmark
vivo_iqoo_11_11960,1281665,4803,5226,80,90,75,1147,0.0,GSMArena Lab
vivo_v27e_12118,400000,700,1900,70,65,65,0,0.0,Excel Benchmark
vivo_x90_pro_11989,1228735,4273,250,95,65,90,934,0.0,GSMArena Lab
vivo_y22_11852,280000,520,1550,43,35,50,0,0.0,Excel Benchmark
vivo_x80_lite_11895,461428,2023,2600,70,65,60,781,0.0,GSMArena Lab
vivo_y22s__europe__13620,200000,380,1350,43,35,50,0,0.0,Excel Benchmark
vivo_iqoo_z6x_11824,120000,250,900,43,40,70,0,0.0,Excel Benchmark
vivo_y52t_11885,520000,800,2300,23,30,45,0,0.0,Excel Benchmark
vivo_y77e__t1__11780,120000,250,900,43,40,50,0,0.0,Excel Benchmark
vivo_v25e_11833,400000,700,1900,68,65,60,0,0.0,Excel Benchmark
vivo_iqoo_11_pro_12007,1539080,1926,5226,85,90,90,0,0.0,Excel Benchmark
vivo_y02s_11697,340000,600,1850,16,30,45,0,0.0,Excel Benchmark
vivo_y22s_11809,200000,380,1350,43,35,50,0,0.0,Excel Benchmark
vivo_iqoo_9t_11658,1045901,4059,5762,75,75,70,1033,0.0,GSMArena Lab
vivo_y30_5g_11696,520000,800,2300,43,30,45,0,0.0,Excel Benchmark
vivo_y75s_11863,520000,800,2300,45,40,50,0,0.0,Excel Benchmark
vivo_s16_pro_12037,180000,330,1200,65,65,65,0,0.0,Excel Benchmark
vivo_y35_11770,200000,380,1350,48,50,65,0,0.0,Excel Benchmark
vivo_iqoo_z6__china__11800,650000,1100,3100,60,60,65,0,0.0,Excel Benchmark
vivo_y77_11650,120000,250,900,48,40,50,0,0.0,Excel Benchmark
vivo_y77__china__11661,210792,592,3576,43,55,65,0,0.0,Excel Benchmark
vivo_y77e_11767,120000,250,900,23,40,50,0,0.0,Excel Benchmark
vivo_iqoo_z6_lite_11879,380000,650,1850,43,55,50,0,0.0,Excel Benchmark
vivo_y33e_11573,520000,800,2300,23,30,45,0,0.0,Excel Benchmark
vivo_t2x_11554,652660,860,3380,50,65,70,0,0.0,Excel Benchmark
vivo_iqoo_10_11703,336254,1654,5762,75,75,70,0,0.0,Excel Benchmark
vivo_y72t_11548,520000,800,2300,43,40,55,0,0.0,Excel Benchmark
vivo_y75_11545,380000,650,1850,53,50,55,0,0.0,Excel Benchmark
vivo_t1x__india__11704,200000,380,1350,43,45,50,0,0.0,Excel Benchmark
vivo_s15_pro_11540,120000,250,900,65,75,65,0,0.0,Excel Benchmark
vivo_s15_11515,750000,1000,3300,65,75,65,0,0.0,Excel Benchmark
vivo_iqoo_neo6_se_11507,750000,1000,3300,60,70,65,0,0.0,Excel Benchmark
vivo_t1_pro_11511,630000,1080,3000,48,60,65,0,0.0,Excel Benchmark
vivo_v25_11772,461428,2023,2600,70,65,60,781,0.0,GSMArena Lab
vivo_iqoo_u5e_11637,520000,800,2300,23,30,50,0,0.0,Excel Benchmark
vivo_iqoo_neo_6_11578,730223,3076,3300,60,70,65,772,0.0,GSMArena Lab
vivo_iqoo_z6_44w_11502,200000,380,1350,48,50,65,0,0.0,Excel Benchmark
vivo_t2__china__11528,750000,1000,3300,60,75,65,0,0.0,Excel Benchmark
vivo_x80_pro_11407,1120000,1610,3860,35,85,85,1014,0.0,Excel Benchmark
vivo_iqoo_10_pro_11701,336254,1654,5762,80,80,90,0,0.0,Excel Benchmark
vivo_x80_11492,1350000,1650,4500,85,75,65,0,0.0,Excel Benchmark
vivo_y55_11744,200000,380,1350,48,50,65,0,0.0,Excel Benchmark
vivo_t1x_4g_11493,200000,380,1350,43,45,50,0,0.0,Excel Benchmark
vivo_x_note_11469,1120000,1610,3860,30,75,90,0,0.0,Excel Benchmark
vivo_v25_pro_11771,704090,2521,3380,65,75,65,805,0.0,GSMArena Lab
vivo_s15e_11484,210281,281,2643,50,55,65,0,0.0,Excel Benchmark
vivo_x_fold_11460,1120000,1610,3860,30,65,85,0,0.0,Excel Benchmark
vivo_pad_11470,750000,1000,3300,25,45,70,0,0.0,Excel Benchmark
vivo_y21g_11466,250000,480,1450,23,30,50,0,0.0,Excel Benchmark
vivo_iqoo_u5x_11443,200000,380,1350,23,30,45,0,0.0,Excel Benchmark
vivo_iqoo_z6_11416,420000,750,2200,48,55,50,0,0.0,Excel Benchmark
vivo_y33s_5g_11391,520000,800,2300,23,30,50,0,0.0,Excel Benchmark
vivo_iqoo_9_11375,852898,3503,3600,75,75,65,749,0.0,GSMArena Lab
vivo_iqoo_9_se_11374,846231,3442,3500,60,75,65,863,0.0,GSMArena Lab
vivo_t1__snapdragon_680__11512,200000,380,1350,48,50,65,0,0.0,Excel Benchmark
vivo_y33_11330,260000,500,1500,43,40,50,0,0.0,Excel Benchmark
vivo_y75_5g_11338,520000,800,2300,48,40,50,0,0.0,Excel Benchmark
vivo_v23_pro_11286,716766,12377,250,43,55,55,798,0.0,GSMArena Lab
vivo_iqoo_9__china__11310,1120000,1610,3860,80,75,90,0,0.0,Excel Benchmark
vivo_iqoo_z6_pro_11501,630000,1080,3000,50,65,65,0,0.0,Excel Benchmark
vivo_t1_5g_11351,420000,750,2200,48,55,50,0,0.0,Excel Benchmark
vivo_v23_5g_11308,476058,8421,5974,38,55,55,629,0.0,GSMArena Lab
vivo_y21t__india__11301,200000,380,1350,43,45,50,0,0.0,Excel Benchmark
vivo_y21e_11325,200000,380,1350,23,30,50,0,0.0,Excel Benchmark
vivo_y33t_11313,200000,380,1350,48,40,50,0,0.0,Excel Benchmark
vivo_y21t_11294,200000,380,1350,43,30,50,0,0.0,Excel Benchmark
vivo_s12_pro_11283,15000,60,250,43,65,55,0,0.0,Estimated
vivo_t1__snapdragon_778g__11494,630000,1080,3000,48,65,65,0,0.0,Excel Benchmark
vivo_iqoo_u5_11276,420000,750,2200,43,55,50,0,0.0,Excel Benchmark
vivo_s12_11272,680000,950,3100,43,55,55,0,0.0,Excel Benchmark
vivo_iqoo_neo5_s_11278,820000,1130,3500,60,75,65,0,0.0,Excel Benchmark
vivo_watch_2_11284,231241,241,2041,16,38,40,0,0.0,Estimated
vivo_iqoo_neo5_se_11279,750000,1000,3300,50,65,60,0,0.0,Excel Benchmark
vivo_y32_11275,200000,380,1350,23,30,50,0,0.0,Excel Benchmark
vivo_v23e_5g_11232,120000,250,900,55,50,55,0,0.0,Excel Benchmark
vivo_y55_5g_11324,520000,800,2300,43,40,50,0,0.0,Excel Benchmark
vivo_iqoo_neo6__china__11461,1120000,1610,3860,60,75,65,0,0.0,Excel Benchmark
vivo_v23e_11204,380000,650,1850,53,50,55,0,0.0,Excel Benchmark
vivo_y74s_11230,120000,250,900,43,40,55,0,0.0,Excel Benchmark
vivo_y76_5g_11231,520000,800,2300,48,40,55,0,0.0,Excel Benchmark
vivo_y76s_11209,120000,250,900,43,40,55,0,0.0,Excel Benchmark
vivo_y55s__2021__11249,520000,800,2300,43,40,55,0,0.0,Excel Benchmark
vivo_y15s_11205,340000,600,1850,23,30,45,0,0.0,Excel Benchmark
vivo_y71t_11169,120000,250,900,48,50,55,0,0.0,Excel Benchmark
vivo_t1x_11167,550000,800,2600,45,55,65,0,0.0,Excel Benchmark
vivo_t1_11166,630000,1080,3000,50,60,65,0,0.0,Excel Benchmark
vivo_y3s__2021__11165,340000,600,1850,21,30,45,0,0.0,Excel Benchmark
vivo_y15a_11213,340000,600,1850,23,30,45,0,0.0,Excel Benchmark
vivo_iqoo_z5x_11168,550000,800,2600,45,55,65,0,0.0,Excel Benchmark
vivo_y21s_11113,260000,500,1500,43,30,50,0,0.0,Excel Benchmark
vivo_iqoo_z5_11118,630000,1080,3000,50,60,65,0,0.0,Excel Benchmark
vivo_y54s_11226,520000,800,2300,23,30,50,0,0.0,Excel Benchmark
vivo_x70_pro_11085,694499,2956,250,30,75,55,993,0.0,GSMArena Lab
vivo_iqoo_9_pro_11309,997948,3708,3860,85,80,90,1000,0.0,GSMArena Lab
vivo_y50t_11219,260000,510,1600,40,40,45,0,0.0,Excel Benchmark
vivo_y20t_11150,160000,330,1200,23,30,50,0,0.0,Excel Benchmark
vivo_s10e_11158,550000,800,2600,55,50,55,0,0.0,Excel Benchmark
vivo_x70_11086,15000,60,250,30,65,55,0,0.0,Estimated
vivo_x70_pro__10833,837833,3469,3600,35,80,80,1022,0.0,GSMArena Lab
vivo_iqoo_8_pro_11057,850000,1180,3600,85,85,90,0,0.0,Excel Benchmark
vivo_iqoo_u3x_standard_11198,260000,500,1500,23,30,50,0,0.0,Excel Benchmark
vivo_s10_pro_11003,680000,950,3100,43,55,55,0,0.0,Excel Benchmark
vivo_y73_11022,360000,630,1800,50,50,50,0,0.0,Excel Benchmark
vivo_y72_5g__india__11012,340000,600,1700,38,45,50,0,0.0,Excel Benchmark
vivo_x60t_pro__10982,820000,1130,3500,35,75,55,0,0.0,Excel Benchmark
vivo_y53s_4g_11007,260000,500,1500,48,40,60,0,0.0,Excel Benchmark
vivo_v21e_5g_10968,520000,800,2300,55,50,55,0,0.0,Excel Benchmark
vivo_iqoo_8_11058,820000,1130,3500,50,65,65,0,0.0,Excel Benchmark
vivo_y53s_10956,340000,600,1700,43,45,50,0,0.0,Excel Benchmark
vivo_y70t_10946,355693,1293,4679,40,40,45,0,0.0,Excel Benchmark
vivo_y52_5g_10913,520000,800,2300,38,40,50,0,0.0,Excel Benchmark
vivo_x60s_11092,210281,281,2643,30,65,50,0,0.0,Excel Benchmark
vivo_y12s_2021_10903,65000,180,650,23,30,45,0,0.0,Excel Benchmark
vivo_y52s_t1_10889,340000,600,1700,38,45,50,0,0.0,Excel Benchmark
vivo_v21_5g_10879,365055,6516,700,70,60,50,761,0.0,GSMArena Lab
vivo_v21_10877,365055,6516,700,70,60,50,0,0.0,GSMArena Lab
vivo_v21e_10878,260000,510,1600,50,50,50,0,0.0,Excel Benchmark
vivo_y20s__g__10847,260000,500,1500,23,30,50,0,0.0,Excel Benchmark
vivo_x60t_10831,680000,950,3100,30,65,50,0,0.0,Excel Benchmark
vivo_y30g_10819,260000,480,1450,23,30,50,0,0.0,Excel Benchmark
vivo_s10_11014,680000,950,3100,38,55,55,0,0.0,Excel Benchmark
vivo_x60_10796,750000,1000,3300,30,65,50,0,0.0,Excel Benchmark
vivo_iqoo_neo5_lite_10920,750000,1000,3300,45,60,60,0,0.0,Excel Benchmark
vivo_y12a_11033,65000,180,650,23,30,45,0,0.0,Excel Benchmark
vivo_y21a_11329,130000,300,950,23,30,50,0,0.0,Excel Benchmark
vivo_iqoo_u3x_10803,340000,600,1700,25,45,50,0,0.0,Excel Benchmark
vivo_iqoo_7__india__10859,750000,1000,3300,60,75,60,0,0.0,Excel Benchmark
vivo_y72_5g_10801,520000,800,2300,50,40,50,0,0.0,Excel Benchmark
vivo_s9e_10779,180000,330,1200,70,55,50,0,0.0,Excel Benchmark
vivo_iqoo_neo5_10795,750000,1000,3300,60,75,60,0,0.0,Excel Benchmark
vivo_y01_11413,340000,600,1850,21,30,45,0,0.0,Excel Benchmark
vivo_y20g_10691,260000,500,1500,23,30,50,0,0.0,Excel Benchmark
vivo_y33s_11067,260000,500,1500,48,40,50,0,0.0,Excel Benchmark
vivo_iqoo_7_10674,820000,1130,3500,25,75,65,0,0.0,Excel Benchmark
vivo_x60_pro_10797,639612,3490,3300,30,65,50,818,0.0,GSMArena Lab
vivo_y31_10692,160000,330,1200,45,40,50,0,0.0,Excel Benchmark
vivo_y20_2021_10658,340000,600,1850,28,30,45,0,0.0,Excel Benchmark
vivo_x60__china__10657,210281,281,2643,30,65,50,0,0.0,Excel Benchmark
vivo_y20a_10659,65000,180,650,28,30,45,0,0.0,Excel Benchmark
vivo_v20_2021_10653,270000,540,1650,50,50,50,0,0.0,Excel Benchmark
vivo_y21_11063,340000,600,1850,23,30,50,0,0.0,Excel Benchmark
vivo_y31s_10660,340000,600,1700,25,45,50,0,0.0,Excel Benchmark
vivo_y30_standard_10643,340000,600,1850,23,30,45,0,0.0,Excel Benchmark
vivo_y12s_10602,340000,600,1850,23,30,45,0,0.0,Excel Benchmark
vivo_s9_10767,680000,950,3100,58,55,50,0,0.0,Excel Benchmark
vivo_iqoo_z3_10811,620000,1050,2900,50,55,55,0,0.0,Excel Benchmark
vivo_y12i_10713,65000,180,650,23,30,45,0,0.0,Excel Benchmark
vivo_x60_pro__china__10655,210281,281,2643,30,65,50,0,0.0,Excel Benchmark
vivo_y1s_10721,340000,600,1850,21,30,35,0,0.0,Excel Benchmark
vivo_s7e_10572,370000,580,1750,50,50,50,0,0.0,Excel Benchmark
vivo_s7t_10704,180000,330,1200,38,50,50,0,0.0,Excel Benchmark
vivo_y30__china__10552,170000,350,1300,23,30,50,0,0.0,Excel Benchmark
vivo_y11s_10545,170000,350,1300,23,30,45,0,0.0,Excel Benchmark
vivo_y52s_10623,370000,580,1750,40,45,50,0,0.0,Excel Benchmark
vivo_y20s_10530,170000,350,1300,23,30,50,0,0.0,Excel Benchmark
vivo_y3s_10544,340000,600,1850,23,30,45,0,0.0,Excel Benchmark
vivo_y51a_10684,160000,330,1200,45,40,50,0,0.0,Excel Benchmark
vivo_x50e_10479,350000,620,1900,30,50,50,0,0.0,Excel Benchmark
vivo_watch_10466,231241,241,2041,16,38,40,0,0.0,Estimated
vivo_y70_10531,170000,350,1300,45,50,50,0,0.0,Excel Benchmark
vivo_x51_5g_10542,350000,620,1900,30,55,50,0,0.0,Excel Benchmark
vivo_v20_pro_10462,350000,620,1900,38,50,50,0,0.0,Excel Benchmark
vivo_v20_10435,276006,1686,1600,50,50,50,621,0.0,GSMArena Lab
vivo_y20i_10395,170000,350,1300,28,30,50,0,0.0,Excel Benchmark
vivo_iqoo_5_pro_5g_10372,700000,900,3100,80,65,65,0,0.0,Excel Benchmark
vivo_y20_10394,170000,350,1300,23,30,50,0,0.0,Excel Benchmark
vivo_y73s_10504,370000,580,1750,45,50,40,0,0.0,Excel Benchmark
vivo_iqoo_u1x_10543,160000,330,1200,23,30,50,0,0.0,Excel Benchmark
vivo_iqoo_u1_10334,260000,510,1600,40,40,45,0,0.0,Excel Benchmark
vivo_y51s_10330,355693,1293,4679,40,40,45,0,0.0,Excel Benchmark
vivo_s1_prime_10366,170000,350,1300,23,50,45,0,0.0,Excel Benchmark
vivo_v19_neo_10295,240000,500,1550,30,50,45,0,0.0,Excel Benchmark
vivo_iqoo_u3_10639,85000,200,700,40,45,50,0,0.0,Excel Benchmark
vivo_iqoo_z1x_10311,350000,620,1900,45,55,60,0,0.0,Excel Benchmark
vivo_x60_pro__10696,734811,3749,3500,35,75,55,816,0.0,GSMArena Lab
vivo_iqoo_5_5g_10373,700000,900,3100,30,65,60,0,0.0,Excel Benchmark
vivo_v20_se_10467,170000,350,1300,48,50,50,0,0.0,Excel Benchmark
vivo_x50_pro__10280,621433,3411,3100,35,65,55,0,0.0,GSMArena Lab
vivo_s7_10347,350000,620,1900,38,50,50,0,0.0,Excel Benchmark
vivo_x50_10356,270000,540,1650,30,55,50,0,0.0,Excel Benchmark
vivo_y70s_10263,355693,1293,4679,45,40,45,0,0.0,Excel Benchmark
vivo_z5x__2020__10291,250000,500,1550,33,40,50,0,0.0,Excel Benchmark
vivo_x50_5g_10271,350000,620,1900,30,55,50,0,0.0,Excel Benchmark
vivo_iqoo_z1_10251,650000,900,3000,45,60,60,0,0.0,Excel Benchmark
vivo_x50_lite_10238,170000,350,1300,23,50,45,0,0.0,Excel Benchmark
vivo_y30_10230,340000,600,1850,18,30,45,0,0.0,Excel Benchmark
vivo_iqoo_neo3_5g_10201,700000,900,3100,45,60,60,0,0.0,Excel Benchmark
vivo_v19_10134,250000,500,1550,18,60,55,0,0.0,Excel Benchmark
vivo_nex_3s_5g_10122,700000,900,3100,65,50,60,0,0.0,Excel Benchmark
vivo_v19__indonesia__10121,240000,500,1550,30,50,45,0,0.0,Excel Benchmark
vivo_y50_10174,170000,350,1300,23,40,45,0,0.0,Excel Benchmark
vivo_x30_9997,312889,1289,2667,30,55,50,0,0.0,Excel Benchmark
vivo_x30_pro_9943,312889,1289,2667,30,55,50,0,0.0,Excel Benchmark
vivo_v17_9982,240000,500,1550,30,50,45,0,0.0,Excel Benchmark
vivo_y9s_9984,170000,350,1300,28,50,45,0,0.0,Excel Benchmark
vivo_iqoo_neo_855_racing_9987,600000,770,2700,30,50,55,0,0.0,Excel Benchmark
vivo_v17__russia__9966,170000,350,1300,28,50,45,0,0.0,Excel Benchmark
vivo_s5_9948,250000,500,1550,30,50,35,0,0.0,Excel Benchmark
vivo_u20_9964,215820,5857,1550,35,40,50,0,0.0,GSMArena Lab
vivo_s1_pro_9972,170000,350,1300,28,50,45,0,0.0,Excel Benchmark
vivo_y5s_9947,260000,480,1450,33,40,50,0,0.0,Excel Benchmark
vivo_z5i_9978,240000,500,1550,35,40,50,0,0.0,Excel Benchmark
vivo_y11__2019__9925,65000,180,650,23,30,45,0,0.0,Excel Benchmark
vivo_s6_5g_10151,312889,1289,2667,30,50,45,0,0.0,Excel Benchmark
vivo_z6_5g_10092,350000,620,1900,25,40,65,0,0.0,Excel Benchmark
vivo_u3_9923,240000,500,1550,35,40,50,0,0.0,Excel Benchmark
vivo_y3_9949,340000,600,1850,28,30,50,0,0.0,Excel Benchmark
vivo_v17_pro_9849,176791,6629,1550,18,50,40,504,0.0,GSMArena Lab
vivo_y19_9940,260000,480,1450,33,40,50,0,0.0,Excel Benchmark
vivo_nex_3_5g_9817,497858,11060,2700,65,50,60,610,0.0,GSMArena Lab
vivo_y3_standard_9950,65000,180,650,23,30,45,0,0.0,Excel Benchmark
vivo_u10_9890,170000,350,1300,23,30,50,0,0.0,Excel Benchmark
vivo_iqoo_pro_5g_9794,600000,770,2700,38,50,60,0,0.0,Excel Benchmark
vivo_iqoo_neo_855_9934,580000,750,2600,30,50,55,0,0.0,Excel Benchmark
vivo_iqoo_3_5g_10075,575601,13325,3100,25,55,55,848,0.0,GSMArena Lab
vivo_z5_9782,250000,500,1550,50,50,40,0,0.0,Excel Benchmark
vivo_v17_neo_9783,260000,480,1450,38,50,45,0,0.0,Excel Benchmark
vivo_nex_3_9873,600000,770,2700,50,50,60,0,0.0,Excel Benchmark
vivo_y90_9785,502465,1665,4795,16,30,35,0,0.0,Excel Benchmark
vivo_iqoo_pro_9807,600000,770,2700,38,50,60,0,0.0,Excel Benchmark
vivo_z1x_9820,250000,500,1550,50,50,40,0,0.0,Excel Benchmark
vivo_z5x_9717,230000,480,1500,33,40,50,0,0.0,Excel Benchmark
vivo_z3x_9681,170000,350,1300,28,40,25,0,0.0,Excel Benchmark
vivo_iqoo_neo_9750,400000,500,2200,23,50,40,0,0.0,Excel Benchmark
vivo_s1_pro__china__9696,240000,500,1550,50,50,30,0,0.0,Excel Benchmark
vivo_y17_9666,340000,600,1850,28,30,50,0,0.0,Excel Benchmark
vivo_y15_9719,130000,300,950,28,30,45,0,0.0,Excel Benchmark
vivo_s1__china__9649,270000,500,1500,21,40,30,0,0.0,Excel Benchmark
vivo_v15_9614,270000,500,1500,33,40,35,0,0.0,Excel Benchmark
vivo_x27_pro_9660,230000,480,1500,50,50,40,0,0.0,Excel Benchmark
vivo_z1pro_9743,184517,6001,1550,40,40,50,0,0.0,GSMArena Lab
vivo_x50_pro_10260,323736,1937,1900,30,55,50,503,0.0,GSMArena Lab
vivo_y89_9526,100000,250,900,28,40,25,0,0.0,Excel Benchmark
vivo_s1_9766,260000,480,1450,38,50,45,0,0.0,Excel Benchmark
vivo_x27_9629,230000,480,1500,45,50,40,0,0.0,Excel Benchmark
vivo_y12_9729,130000,300,950,23,30,45,0,0.0,Excel Benchmark
vivo_y93__mediatek__9496,130000,300,950,23,30,35,0,0.0,Excel Benchmark
vivo_v15_pro_9553,180774,6527,1550,50,50,30,0,0.0,GSMArena Lab
vivo_y95_9399,65000,180,650,28,30,35,0,0.0,Excel Benchmark
vivo_iqoo_9613,580000,750,2600,28,50,55,0,0.0,Excel Benchmark
vivo_y91i_9958,65000,180,650,23,30,35,0,0.0,Excel Benchmark
vivo_y93_9388,65000,180,650,23,30,35,0,0.0,Excel Benchmark
vivo_nex_dual_display_9435,346833,2009,2200,38,50,25,0,0.0,GSMArena Lab
vivo_y81i_9404,502465,1665,4795,21,30,25,0,0.0,Excel Benchmark
vivo_y3__4gb_64gb__9951,340000,600,1850,23,30,50,0,0.0,Excel Benchmark
vivo_z3i_9365,240000,450,1400,21,40,30,0,0.0,Excel Benchmark
vivo_z1_lite_9402,100000,250,900,28,40,25,0,0.0,Excel Benchmark
vivo_y71i_9358,40000,130,480,16,50,25,0,0.0,Estimated
vivo_z3_9370,230000,480,1500,21,40,25,0,0.0,Excel Benchmark
vivo_y93s_9467,130000,300,950,23,30,35,0,0.0,Excel Benchmark
vivo_v11i_9315,240000,450,1400,21,40,30,0,0.0,Excel Benchmark
vivo_x23_9312,230000,480,1500,28,50,25,0,0.0,Excel Benchmark
vivo_y83_pro_9296,130000,300,950,23,30,25,0,0.0,Excel Benchmark
vivo_y97_9316,240000,450,1400,28,40,25,0,0.0,Excel Benchmark
vivo_y91__mediatek__9520,130000,300,950,23,30,35,0,0.0,Excel Benchmark
vivo_y91i__india__9624,130000,300,950,21,30,35,0,0.0,Excel Benchmark
vivo_y83_9180,130000,300,950,23,30,25,0,0.0,Excel Benchmark
vivo_nex_a_9231,230000,480,1500,40,50,40,0,0.0,Excel Benchmark
vivo_y91_9480,65000,180,650,23,30,35,0,0.0,Excel Benchmark
vivo_v9_6gb_9258,170000,350,1300,23,40,25,0,0.0,Excel Benchmark
vivo_x21i_9201,240000,450,1400,21,50,30,0,0.0,Excel Benchmark
vivo_y81_9250,130000,300,950,21,30,25,0,0.0,Excel Benchmark
vivo_y53i_9186,40000,130,480,16,28,20,0,0.0,Estimated
vivo_z1_9212,170000,350,1300,23,40,25,0,0.0,Excel Benchmark
vivo_y71_9148,40000,130,480,21,50,25,0,0.0,Estimated
vivo_v9_youth_9167,75000,200,750,28,40,25,0,0.0,Excel Benchmark
vivo_z1i_9261,140000,320,1150,30,40,25,0,0.0,Excel Benchmark
vivo_v9_9117,100000,250,900,23,40,25,0,0.0,Excel Benchmark
vivo_v11__v11_pro__9298,170000,5535,1300,23,50,30,0,0.0,Excel Benchmark
vivo_x20_plus_ud_9005,170000,350,1300,21,50,25,0,0.0,Excel Benchmark
vivo_y65_9113,40000,130,480,21,30,25,0,0.0,Estimated
vivo_x21_ud_9123,170000,350,1300,21,50,30,0,0.0,Excel Benchmark
vivo_x20_plus_8873,170000,350,1300,21,50,25,0,0.0,Excel Benchmark
vivo_x9s_plus_8680,476041,2041,6923,21,50,40,0,0.0,Excel Benchmark
vivo_v7_8937,71167,3935,750,21,50,25,0,0.0,GSMArena Lab
vivo_v7__8853,75000,3912,750,21,50,25,0,0.0,Excel Benchmark
vivo_v5s_8664,240000,500,1550,28,30,25,0,0.0,Excel Benchmark
vivo_y69_8831,240000,500,1550,28,30,25,0,0.0,Excel Benchmark
vivo_x20_8852,170000,350,1300,21,50,25,0,0.0,Excel Benchmark
vivo_nex_s_9227,351286,9160,2200,40,50,35,0,0.0,GSMArena Lab
vivo_y55s__2017__8588,40000,130,480,21,30,20,0,0.0,Estimated
vivo_y25_8616,55000,150,550,16,28,20,0,0.0,Excel Benchmark
vivo_y55l__vivo_1603__9522,45000,140,500,16,30,20,0,0.0,Estimated
vivo_v5_plus_8528,95000,240,850,23,40,25,0,0.0,Excel Benchmark
vivo_xplay6_8436,180000,330,1200,45,60,40,0,0.0,Excel Benchmark
vivo_v5_lite__vivo_1609__8532,231241,241,2041,28,30,25,0,0.0,Estimated
vivo_x7_plus_8181,130000,300,1100,28,50,40,0,0.0,Excel Benchmark
vivo_v5_8430,240000,500,1550,28,30,25,0,0.0,Excel Benchmark
vivo_x21_9124,170000,350,1300,21,50,30,0,0.0,Excel Benchmark
vivo_v3max_8024,130000,300,1100,23,40,30,0,0.0,Excel Benchmark
vivo_x9_8433,95000,240,850,21,50,30,0,0.0,Excel Benchmark
vivo_v3_8023,487940,2140,7220,23,30,20,0,0.0,Excel Benchmark
vivo_x9_plus_8434,476041,2041,6923,21,40,40,0,0.0,Excel Benchmark
vivo_xplay5_elite_7970,180000,330,1200,25,60,30,0,0.0,Excel Benchmark
vivo_y51__2015__7785,35000,120,450,16,28,20,0,0.0,Estimated
vivo_x6s_8019,130000,300,1100,23,50,25,0,0.0,Excel Benchmark
vivo_y67_8417,240000,500,1550,28,30,25,0,0.0,Excel Benchmark
vivo_y53_8775,40000,130,480,16,28,20,0,0.0,Estimated
vivo_v1_7522,35000,120,450,21,30,20,0,0.0,Estimated
vivo_x9s_8745,130000,300,1100,21,50,25,0,0.0,Excel Benchmark
vivo_xplay5_7966,130000,300,1100,25,60,25,0,0.0,Excel Benchmark
vivo_x6s_plus_8020,130000,300,1100,23,50,30,0,0.0,Excel Benchmark
vivo_x7_8180,130000,300,1100,28,50,30,0,0.0,Excel Benchmark
vivo_x6plus_7779,240000,500,1550,23,50,30,0,0.0,Excel Benchmark
vivo_y35__2015__7519,35000,120,450,21,30,20,0,0.0,Estimated
vivo_x5max_platinum_edition_7277,240000,500,1550,21,50,35,0,0.0,Excel Benchmark
vivo_x5pro_7246,536428,1028,3884,23,50,20,0,0.0,Excel Benchmark
vivo_x5max__7104,240000,500,1550,21,50,20,0,0.0,Excel Benchmark
vivo_x6_7778,240000,500,1550,23,50,25,0,0.0,Excel Benchmark
vivo_x5_6870,536428,1028,3884,21,30,20,0,0.0,Excel Benchmark
vivo_y11_7219,602490,690,2870,16,28,20,0,0.0,Excel Benchmark
vivo_xplay3s_6800,90000,220,750,23,50,25,0,0.0,Excel Benchmark
vivo_xshot_6799,90000,220,750,40,40,20,0,0.0,Excel Benchmark
vivo_y28__2014__6881,412178,778,2134,16,28,20,0,0.0,Excel Benchmark
vivo_x5max_6865,536428,1028,3884,21,50,20,0,0.0,Excel Benchmark
vivo_y31__2015__7734,55000,150,550,16,30,20,0,0.0,Excel Benchmark
vivo_y15s__2015__7518,55000,150,550,16,28,20,0,0.0,Excel Benchmark
vivo_x3s_6801,664363,1963,4689,21,30,20,0,0.0,Excel Benchmark
vivo_y37__2015__7520,536428,1028,3884,21,30,20,0,0.0,Excel Benchmark
vivo_y15__2013__6804,412178,778,2134,16,28,20,0,0.0,Excel Benchmark
vivo_x80_pro__11408,336254,1654,5762,35,75,85,0,0.0,Excel Benchmark
vivo_v1_max_7521,536428,1028,3884,21,30,20,0,0.0,Excel Benchmark
vivo_iqoo_u6_12068,520000,800,2300,21,30,50,0,0.0,Excel Benchmark
vivo_s21_pro_13499,2038810,2207,7408,80,53,70,0,0.0,Excel Benchmark
vivo_y22__2013__6805,412178,778,2134,16,28,20,0,0.0,Excel Benchmark
vivo_xplay7_8921,300000,420,1800,45,50,20,0,0.0,Excel Benchmark
vivo_iqoo_z5__2022__11539,652660,860,3380,50,55,70,0,0.0,Excel Benchmark
vivo_y27__2014__6880,35000,120,450,16,30,20,0,0.0,Estimated
vivo_y51__2020__december__10621,170000,350,1300,45,40,50,0,0.0,Excel Benchmark
vivo_y51__2020__september__10443,170000,350,1300,23,50,45,0,0.0,Excel Benchmark
vk_mobile_vk2200_1512,231241,241,2041,16,23,20,0,0.0,Estimated
vk_mobile_vk5000_1513,231241,241,2041,16,38,20,0,0.0,Estimated
vk_mobile_vk4000_1516,231241,241,2041,16,23,20,0,0.0,Estimated
vk_mobile_vk2030_2194,231241,241,2041,16,23,20,0,0.0,Estimated
vk_mobile_vk7000_1514,231241,241,2041,16,23,20,0,0.0,Estimated
vk_mobile_vk2020_1493,231241,241,2041,16,38,20,0,0.0,Estimated
vk_mobile_vk4500_1397,231241,241,2041,16,23,20,0,0.0,Estimated
vk_mobile_vk3100_1396,231241,241,2041,16,23,20,0,0.0,Estimated
vk_mobile_vk2100_1395,231241,241,2041,16,38,20,0,0.0,Estimated
vk_mobile_vk2010_1394,231241,241,2041,16,38,20,0,0.0,Estimated
vk_mobile_vk4100_1517,231241,241,2041,16,23,20,0,0.0,Estimated
vk_mobile_vk300_1826,231241,241,2041,16,23,20,0,0.0,Estimated
vk_mobile_vk1100_1515,231241,241,2041,16,23,20,0,0.0,Estimated
vk_mobile_vk1010_1391,231241,241,2041,16,23,20,0,0.0,Estimated
vk_mobile_vk1500_1393,231241,241,2041,16,38,20,0,0.0,Estimated
vk_mobile_vk1000_1390,231241,241,2041,16,23,20,0,0.0,Estimated
vk_mobile_e100_1256,231241,241,2041,16,23,20,0,0.0,Estimated
vk_mobile_vk900_1026,231241,241,2041,16,23,20,0,0.0,Estimated
vk_mobile_vk610_1029,231241,241,2041,16,23,20,0,0.0,Estimated
vk_mobile_vk570_1254,231241,241,2041,16,23,20,0,0.0,Estimated
vk_mobile_vk2000_1291,231241,241,2041,16,23,20,0,0.0,Estimated
vk_mobile_vk700_1249,231241,241,2041,16,23,20,0,0.0,Estimated
vk_mobile_vk520_1033,231241,241,2041,16,23,20,0,0.0,Estimated
vk_mobile_vk200_1492,231241,241,2041,16,23,20,0,0.0,Estimated
vk_mobile_vk540_1032,231241,241,2041,16,23,20,0,0.0,Estimated
vk_mobile_vk500_1034,231241,241,2041,16,23,20,0,0.0,Estimated
vk_mobile_vk530_1028,231241,241,2041,16,23,20,0,0.0,Estimated
vk_mobile_vk800_1027,231241,241,2041,16,23,20,0,0.0,Estimated
vk_mobile_vk1020_1392,231241,241,2041,16,23,20,0,0.0,Estimated
vk_mobile_vk560_1031,231241,241,2041,16,23,20,0,0.0,Estimated
vk_mobile_vk580_1030,231241,241,2041,16,23,20,0,0.0,Estimated
vodafone_smart_v10_9726,266035,1235,4505,23,30,25,0,0.0,Excel Benchmark
vodafone_smart_n10_9725,348793,393,1979,23,30,20,0,0.0,Excel Benchmark
vodafone_smart_n9_9235,80000,200,700,23,50,20,0,0.0,Excel Benchmark
vodafone_smart_e8_8750,20000,80,300,16,28,20,0,0.0,Estimated
vodafone_smart_v8_8744,50000,150,550,23,40,25,0,0.0,Estimated
vodafone_tab_prime_7_8382,45000,140,500,16,28,45,0,0.0,Estimated
vodafone_smart_tab_n8_8751,638046,1046,4938,16,28,40,0,0.0,Excel Benchmark
vodafone_smart_n8_8723,70000,180,650,21,30,20,0,0.0,Excel Benchmark
vodafone_smart_prime_7_8099,20000,80,300,16,30,20,0,0.0,Estimated
vodafone_smart_e9_9484,80000,200,700,16,28,20,0,0.0,Excel Benchmark
vodafone_smart_ultra_7_8163,240000,500,1550,21,40,20,0,0.0,Excel Benchmark
vodafone_smart_n9_lite_9236,80000,200,700,16,28,20,0,0.0,Excel Benchmark
vodafone_smart_prime_6_7230,35000,120,450,16,30,20,0,0.0,Estimated
vodafone_smart_speed_6_7608,555381,1381,4943,16,28,20,0,0.0,Excel Benchmark
vodafone_smart_first_6_7231,30000,100,400,16,23,20,0,0.0,Estimated
vodafone_smart_x9_9483,75000,200,750,23,40,25,0,0.0,Excel Benchmark
vodafone_smart_first_7_8100,50000,150,500,16,23,20,0,0.0,Estimated
vodafone_smart_ultra_6_7313,536428,1028,3884,21,40,25,0,0.0,Excel Benchmark
vodafone_smart_4_power_6508,726979,1379,3937,16,28,25,0,0.0,Excel Benchmark
vodafone_smart_4_turbo_6507,30000,110,420,16,23,20,0,0.0,Estimated
vodafone_smart_tab_4g_6903,35000,120,450,16,30,35,0,0.0,Estimated
vodafone_tab_prime_6_7232,35000,120,450,16,28,40,0,0.0,Estimated
vodafone_smart_4_mini_6295,30000,100,400,16,23,20,0,0.0,Estimated
vodafone_smart_tab_iii_10_1_5896,526906,1906,5518,16,23,20,0,0.0,Excel Benchmark
vodafone_chat_655_5701,231241,241,2041,16,23,20,0,0.0,Estimated
vodafone_smart_4g_6886,30000,110,420,16,28,20,0,0.0,Estimated
vodafone_smart_iii_975_5464,265646,646,2738,16,23,20,0,0.0,Excel Benchmark
vodafone_smart_tab_ii_10_5121,50000,150,500,16,23,50,0,0.0,Estimated
vodafone_smart_tab_iii_7_5895,526906,1906,5518,16,23,20,0,0.0,Excel Benchmark
vodafone_smart_mini_5549,265646,646,2738,16,23,20,0,0.0,Excel Benchmark
vodafone_smart_platinum_7_8154,130000,300,1100,25,60,30,0,0.0,Excel Benchmark
vodafone_smart_4_6447,200000,350,1300,16,23,20,0,0.0,Excel Benchmark
vodafone_v860_smart_ii_4869,758234,1634,5702,16,23,20,0,0.0,Excel Benchmark
vodafone_smart_tab_10_4527,50000,150,500,16,23,20,0,0.0,Estimated
vodafone_155_4969,231241,241,2041,16,23,20,0,0.0,Estimated
vodafone_smart_4_max_6937,30000,110,420,21,30,25,0,0.0,Estimated
vodafone_858_smart_3955,320486,1486,3258,16,23,20,0,0.0,Excel Benchmark
vodafone_553_3534,231241,241,2041,16,23,20,0,0.0,Estimated
vodafone_945_3533,231241,241,2041,16,23,20,0,0.0,Estimated
vodafone_547_3297,231241,241,2041,16,23,20,0,0.0,Estimated
vodafone_smart_tab_ii_7_5120,265646,646,2738,16,23,25,0,0.0,Excel Benchmark
vodafone_350_messaging_3299,231241,241,2041,16,23,20,0,0.0,Estimated
vodafone_smart_tab_7_4526,50000,150,500,16,23,25,0,0.0,Estimated
vodafone_845_3212,231241,241,2041,16,23,20,0,0.0,Estimated
vodafone_248_3301,231241,241,2041,16,23,20,0,0.0,Estimated
vodafone_246_3303,231241,241,2041,16,23,20,0,0.0,Estimated
vodafone_546_3296,231241,241,2041,16,23,20,0,0.0,Estimated
vodafone_360_h2_3357,231241,241,2041,16,38,20,0,0.0,Estimated
vodafone_247_solar_3302,231241,241,2041,16,23,20,0,0.0,Estimated
vodafone_150_3192,231241,241,2041,16,23,20,0,0.0,Estimated
vodafone_1240_3045,231241,241,2041,16,23,20,0,0.0,Estimated
vodafone_540_3042,231241,241,2041,16,23,20,0,0.0,Estimated
vodafone_840_3044,231241,241,2041,16,23,20,0,0.0,Estimated
vodafone_360_h1_2946,231241,241,2041,16,38,20,0,0.0,Estimated
vodafone_360_m1_2947,231241,241,2041,16,23,20,0,0.0,Estimated
vodafone_541_3043,231241,241,2041,16,23,20,0,0.0,Estimated
vodafone_250_3193,231241,241,2041,16,23,20,0,0.0,Estimated
vodafone_1231_2919,231241,241,2041,16,23,20,0,0.0,Estimated
vodafone_533_crystal_2928,231241,241,2041,16,23,20,0,0.0,Estimated
vodafone_543_3298,231241,241,2041,16,23,20,0,0.0,Estimated
vodafone_indie_2857,231241,241,2041,16,23,20,0,0.0,Estimated
vodafone_835_2852,231241,241,2041,16,23,20,0,0.0,Estimated
vodafone_735_2850,231241,241,2041,16,23,20,0,0.0,Estimated
vodafone_345_text_3300,231241,241,2041,16,23,20,0,0.0,Estimated
vodafone_555_blue_4052,231241,241,2041,16,23,20,0,0.0,Estimated
vodafone_340_3046,231241,241,2041,16,23,20,0,0.0,Estimated
vodafone_v_x760_2859,231241,241,2041,16,23,20,0,0.0,Estimated
vodafone_smart_turbo_7_8381,555381,1381,4943,16,23,20,0,0.0,Excel Benchmark
vodafone_332_2643,231241,241,2041,16,23,20,0,0.0,Estimated
vodafone_v720_2741,231241,241,2041,16,23,20,0,0.0,Estimated
vodafone_1210_2458,231241,241,2041,16,23,20,0,0.0,Estimated
vodafone_235_2849,231241,241,2041,16,23,20,0,0.0,Estimated
vodafone_231_2589,231241,241,2041,16,23,20,0,0.0,Estimated
vodafone_830i_2650,231241,241,2041,16,23,20,0,0.0,Estimated
vodafone_533_2651,231241,241,2041,16,23,20,0,0.0,Estimated
vodafone_527_2455,231241,241,2041,16,23,20,0,0.0,Estimated
vodafone_716_2461,231241,241,2041,16,23,20,0,0.0,Estimated
vodafone_810_2456,231241,241,2041,16,23,20,0,0.0,Estimated
vodafone_228_2454,231241,241,2041,16,23,20,0,0.0,Estimated
vodafone_710_2459,231241,241,2041,16,23,20,0,0.0,Estimated
vodafone_526_2590,231241,241,2041,16,23,20,0,0.0,Estimated
vodafone_225_2453,231241,241,2041,16,23,20,0,0.0,Estimated
vodafone_226_2451,231241,241,2041,16,23,20,0,0.0,Estimated
vodafone_511_2462,231241,241,2041,16,23,20,0,0.0,Estimated
vodafone_736_2851,231241,241,2041,16,23,20,0,0.0,Estimated
vodafone_725_2457,231241,241,2041,16,23,20,0,0.0,Estimated
vodafone_227_2452,231241,241,2041,16,23,20,0,0.0,Estimated
wiko_x70_5g_14704,231241,241,2041,48,75,65,0,0.0,Estimated
wiko_t20_13118,100000,250,850,16,30,45,0,0.0,Excel Benchmark
wiko_t30_5g_14279,110000,270,950,36,45,50,0,0.0,Excel Benchmark
wiko_hi_enjoy_60s_12688,520000,800,2300,28,30,50,0,0.0,Excel Benchmark
wiko_10_12034,340000,600,1850,43,30,45,0,0.0,Excel Benchmark
wiko_t10_11606,502465,1665,4795,21,30,45,0,0.0,Excel Benchmark
wiko_t3_11601,340000,600,1850,33,30,45,0,0.0,Excel Benchmark
wiko_y62_plus_11676,549414,814,2242,16,30,25,0,0.0,Excel Benchmark
wiko_t50_11607,280000,520,1550,43,40,50,0,0.0,Excel Benchmark
wiko_t40_14051,280000,520,1550,38,35,50,0,0.0,Excel Benchmark
wiko_power_u30_11678,350000,620,1900,23,30,50,0,0.0,Excel Benchmark
wiko_power_u20_11674,350000,620,1900,21,30,50,0,0.0,Excel Benchmark
wiko_y52_11679,80000,200,700,16,28,20,0,0.0,Excel Benchmark
wiko_t60_12477,358952,752,2056,31,40,45,0,0.0,Excel Benchmark
wiko_power_u10_11677,350000,620,1900,21,30,45,0,0.0,Excel Benchmark
wiko_y51_11687,231241,241,2041,16,28,20,0,0.0,Estimated
wiko_view5_plus_11689,340000,600,1850,18,30,45,0,0.0,Excel Benchmark
wiko_y81_10725,549414,814,2242,21,30,35,0,0.0,Excel Benchmark
wiko_view5_11688,673292,1092,5076,18,30,45,0,0.0,Excel Benchmark
wiko_sunny5_11685,231241,241,2041,16,28,25,0,0.0,Estimated
wiko_y61_10520,445612,1412,4036,16,28,25,0,0.0,Excel Benchmark
wiko_view4_lite_10521,673292,1092,5076,21,30,35,0,0.0,Excel Benchmark
wiko_y62_11675,549414,814,2242,16,30,25,0,0.0,Excel Benchmark
wiko_view4_11690,673292,1092,5076,23,30,45,0,0.0,Excel Benchmark
wiko_view3_lite_10523,100000,250,850,21,30,35,0,0.0,Excel Benchmark
wiko_sunny3_plus_10525,231241,241,2041,16,28,20,0,0.0,Estimated
wiko_y70_11692,231241,241,2041,16,50,25,0,0.0,Estimated
wiko_5g_12049,420000,750,2200,23,55,60,0,0.0,Excel Benchmark
wiko_y50_11691,231241,241,2041,16,28,20,0,0.0,Estimated
wiko_y60_10524,231241,241,2041,16,28,20,0,0.0,Estimated
wiko_jerry4_11693,231241,241,2041,16,50,25,0,0.0,Estimated
wiko_sunny4_10522,231241,241,2041,16,28,20,0,0.0,Estimated
wiko_tommy3_plus_10526,80000,200,700,21,50,20,0,0.0,Excel Benchmark
wiko_y80_9961,100000,250,850,21,50,35,0,0.0,Excel Benchmark
wiko_sunny5_lite_11686,231241,241,2041,16,28,20,0,0.0,Estimated
wiko_view3_pro_9723,240000,450,1400,28,40,35,0,0.0,Excel Benchmark
wiko_view3_9722,130000,300,950,23,30,35,0,0.0,Excel Benchmark
wiko_view_max_9330,80000,200,700,23,50,35,0,0.0,Excel Benchmark
wiko_view2_9105,50000,150,550,28,30,25,0,0.0,Estimated
wiko_view_xl_8993,40000,130,480,28,50,25,0,0.0,Estimated
wiko_view_8991,40000,130,480,28,50,20,0,0.0,Estimated
wiko_view_prime_8992,45000,140,500,21,50,25,0,0.0,Estimated
wiko_jerry3_10527,231241,241,2041,16,28,20,0,0.0,Estimated
wiko_y82_11681,100000,250,850,21,30,25,0,0.0,Excel Benchmark
wiko_wim_lite_8995,50000,150,550,30,40,25,0,0.0,Estimated
wiko_upulse_lite_9031,231241,241,2041,23,30,25,0,0.0,Estimated
wiko_tommy2_8996,25000,90,350,16,30,20,0,0.0,Estimated
wiko_wim_8994,100000,250,900,30,50,30,0,0.0,Excel Benchmark
wiko_view2_go_9328,45000,140,500,16,30,35,0,0.0,Estimated
wiko_tommy2_plus_8997,40000,130,480,21,30,25,0,0.0,Estimated
wiko_upulse_9032,231241,241,2041,23,30,25,0,0.0,Estimated
wiko_jerry2_9019,231241,241,2041,16,28,20,0,0.0,Estimated
wiko_jerry_9018,231241,241,2041,16,28,20,0,0.0,Estimated
wiko_lenny3_max_9021,231241,241,2041,16,30,40,0,0.0,Estimated
wiko_lenny4_plus_9023,231241,241,2041,16,30,20,0,0.0,Estimated
wiko_ufeel_go_9029,231241,241,2041,21,30,35,0,0.0,Estimated
wiko_view2_pro_9104,75000,200,750,33,30,25,0,0.0,Excel Benchmark
wiko_u_feel_prime_8545,45000,140,500,23,40,25,0,0.0,Estimated
wiko_ufeel_9030,231241,241,2041,21,30,20,0,0.0,Estimated
wiko_tommy_8203,25000,90,350,16,30,20,0,0.0,Estimated
wiko_view2_plus_9327,75000,200,750,18,30,35,0,0.0,Excel Benchmark
wiko_lenny4_9022,231241,241,2041,16,30,20,0,0.0,Estimated
wiko_sunny2_9025,231241,241,2041,16,23,20,0,0.0,Estimated
wiko_sunny3_9733,231241,241,2041,16,28,20,0,0.0,Estimated
wiko_ufeel_fab_9028,231241,241,2041,21,30,35,0,0.0,Estimated
wiko_sunny2_plus_9026,231241,241,2041,16,23,20,0,0.0,Estimated
wiko_robby2_9024,231241,241,2041,16,30,20,0,0.0,Estimated
wiko_harry_9017,231241,241,2041,21,30,20,0,0.0,Estimated
wiko_lenny3_8200,55000,150,550,16,30,20,0,0.0,Excel Benchmark
wiko_sunny_8202,55000,150,550,16,23,20,0,0.0,Excel Benchmark
wiko_pulp_fab_4g_7814,35000,120,450,21,30,20,0,0.0,Estimated
wiko_pulp_7812,541964,1364,4892,21,30,20,0,0.0,Excel Benchmark
wiko_pulp_fab_7813,541964,1364,4892,21,30,20,0,0.0,Excel Benchmark
wiko_lenny2_7764,55000,150,550,16,28,20,0,0.0,Excel Benchmark
wiko_pulp_4g_7811,35000,120,450,21,30,20,0,0.0,Estimated
wiko_rainbow_jam_7626,55000,150,550,16,30,20,0,0.0,Excel Benchmark
wiko_rainbow_lite_4g_7624,20000,80,300,16,28,20,0,0.0,Estimated
wiko_rainbow_jam_4g_7625,20000,80,300,16,30,20,0,0.0,Estimated
wiko_fever_se_8199,240000,500,1550,21,40,20,0,0.0,Excel Benchmark
wiko_rainbow_up_4g_7497,928945,2145,7235,16,30,20,0,0.0,Excel Benchmark
wiko_sunset2_7457,30000,100,400,16,23,20,0,0.0,Estimated
wiko_sunny_max_9027,231241,241,2041,16,23,20,0,0.0,Estimated
wiko_selfy_4g_7569,928945,2145,7235,18,40,20,0,0.0,Excel Benchmark
wiko_bloom2_7274,726979,1379,3937,16,28,20,0,0.0,Excel Benchmark
wiko_fever_4g_7810,240000,500,1550,21,40,20,0,0.0,Excel Benchmark
wiko_u_feel_lite_8204,455515,715,1945,16,30,20,0,0.0,Excel Benchmark
wiko_robby_8201,55000,150,550,16,30,20,0,0.0,Excel Benchmark
wiko_birdy_6868,412178,778,2134,16,28,20,0,0.0,Excel Benchmark
wiko_goa_6867,30000,100,400,16,23,20,0,0.0,Estimated
wiko_kenny_9020,231241,241,2041,16,28,20,0,0.0,Estimated
wiko_jimmy_6856,726979,1379,3937,16,23,20,0,0.0,Excel Benchmark
wiko_rainbow_6807,412178,778,2134,16,30,20,0,0.0,Excel Benchmark
wiko_lenny_6939,30000,100,400,16,23,20,0,0.0,Estimated
wiko_highway_pure_4g_7102,35000,120,450,16,40,20,0,0.0,Estimated
wiko_ridge_4g_7113,35000,120,450,21,30,20,0,0.0,Estimated
wiko_highway_4g_6795,170000,350,1300,23,40,20,0,0.0,Excel Benchmark
wiko_highway_star_4g_7101,231241,241,2041,21,40,20,0,0.0,Estimated
wiko_highway_6465,664363,1963,4689,23,40,20,0,0.0,Excel Benchmark
wiko_wax_6464,571923,1523,5369,16,30,20,0,0.0,Excel Benchmark
wiko_highway_signs_6794,541964,1364,4892,16,30,20,0,0.0,Excel Benchmark
wiko_getaway_6821,231241,241,2041,21,30,20,0,0.0,Estimated
wiko_rainbow_4g_6808,412178,778,2134,16,30,20,0,0.0,Excel Benchmark
wiko_ridge_fab_4g_7112,35000,120,450,21,30,20,0,0.0,Estimated
wnd_wind_van_gogh_2100_2169,231241,241,2041,16,23,20,0,0.0,Estimated
wnd_wind_duo_2300_2168,231241,241,2041,16,23,20,0,0.0,Estimated
wnd_wind_duo_2200_2166,231241,241,2041,16,23,20,0,0.0,Estimated
wnd_wind_duo_2000_2165,231241,241,2041,16,38,20,0,0.0,Estimated
wnd_wind_duo_2100_2167,231241,241,2041,16,23,20,0,0.0,Estimated
xcute_dv80_1495,231241,241,2041,16,23,20,0,0.0,Estimated
xcute_dv50_1494,231241,241,2041,16,23,20,0,0.0,Estimated
xcute_dv1_1480,231241,241,2041,16,38,20,0,0.0,Estimated
xcute_dv2_1481,231241,241,2041,16,38,20,0,0.0,Estimated
xiaomi_poco_x8_5g_14911,50000,150,550,63,63,75,0,0.0,Estimated
xiaomi_poco_x8_power_5g_14912,220000,400,1400,75,65,75,0,0.0,Excel Benchmark
xiaomi_poco_f9_pro_5g_14877,227403,1003,3809,90,45,95,0,0.0,Excel Benchmark
xiaomi_poco_f9_ultra_5g_14876,561383,10500,4749,95,45,95,1283,24.58,Excel Benchmark
xiaomi_redmi_note_17_pro_max_5g_14845,841707,3070,1400,75,65,75,1109,22.52,GSMArena Lab
xiaomi_redmi_note_17_5g_14846,75000,200,750,48,70,70,0,0.0,Excel Benchmark
xiaomi_redmi_17c_5g_14866,110000,270,950,43,50,65,0,0.0,Excel Benchmark
xiaomi_redmi_watch_6_lite_14821,231241,241,2041,16,38,20,0,0.0,Estimated
xiaomi_poco_m8x_5g_14879,347182,982,2746,43,45,70,0,0.0,Excel Benchmark
xiaomi_redmi_watch_6_active_14820,231241,241,2041,16,48,20,0,0.0,Estimated
xiaomi_redmi_k100_pro_max_5g_14865,561383,983,4749,95,60,95,0,0.0,Excel Benchmark
xiaomi_redmi_k100_pro_5g_14715,227403,1003,3809,90,60,95,0,0.0,Excel Benchmark
xiaomi_redmi_17_5g_14869,347182,982,2746,43,50,70,0,0.0,Excel Benchmark
xiaomi_poco_m8_power_5g_14804,75000,200,750,43,75,70,0,0.0,Excel Benchmark
xiaomi_redmi_note_17_pro_5g_14844,50000,150,550,63,63,75,0,17.53,Estimated
xiaomi_redmi_17_14807,609324,724,3972,43,50,70,0,0.0,Excel Benchmark
xiaomi_redmi_note_17_5g__china__14798,75000,200,750,43,75,70,0,0.0,Excel Benchmark
xiaomi_redmi_note_17_pro_5g__china__14797,50000,150,550,43,73,75,0,0.0,Estimated
xiaomi_redmi_k90_ultra_5g_14757,613027,1827,6281,70,80,75,0,0.0,Excel Benchmark
xiaomi_watch_s5_14696,231241,241,2041,16,48,20,0,0.0,Estimated
xiaomi_17_max_5g_14667,561383,983,4749,95,75,95,0,0.0,Excel Benchmark
xiaomi_17t_pro_5g_14651,3352325,9766,5329,90,65,95,1069,21.68,GSMArena Lab
xiaomi_redmi_m100_5g_14882,347182,982,2746,21,50,70,0,0.0,Excel Benchmark
xiaomi_poco_c81_pro_14635,490939,1339,2817,23,50,50,0,0.0,Excel Benchmark
xiaomi_redmi_17c__china__14750,191778,378,934,21,45,50,0,0.0,Excel Benchmark
xiaomi_17t_5g_14652,2137999,6607,2948,85,75,75,1035,17.27,GSMArena Lab
xiaomi_poco_pad_c1_14682,762726,1726,4978,16,48,55,0,0.0,Excel Benchmark
xiaomi_poco_c81_14626,490939,1339,2817,23,50,50,0,0.0,Excel Benchmark
xiaomi_redmi_pad_2_9_7_14636,762726,1726,4978,16,48,55,0,0.0,Excel Benchmark
xiaomi_black_shark_pad_se_14777,280000,520,1550,16,28,50,0,0.0,Excel Benchmark
xiaomi_redmi_a7_14623,490939,1339,2817,23,50,45,0,0.0,Excel Benchmark
xiaomi_redmi_r70m_5g_14600,239384,784,2152,23,50,50,0,0.0,Excel Benchmark
xiaomi_redmi_k_pad_2_14625,564243,1843,5329,25,60,75,0,0.0,Excel Benchmark
xiaomi_redmi_k90_max_5g_14618,564243,1843,5329,70,80,75,0,0.0,Excel Benchmark
xiaomi_poco_c81x_14627,490939,1339,2817,23,50,45,0,0.0,Excel Benchmark
xiaomi_poco_m8s_5g_14615,677011,1011,4833,43,75,65,0,0.0,Excel Benchmark
xiaomi_redmi_r70_5g_14598,239384,784,2152,23,50,50,0,0.0,Excel Benchmark
xiaomi_poco_x8_pro_5g_14506,2074721,6479,2948,70,75,75,1090,16.87,GSMArena Lab
xiaomi_redmi_15a_5g_14565,239384,784,2152,33,50,50,0,0.0,Excel Benchmark
xiaomi_17_ultra_5g_14380,3863387,10896,4749,95,75,95,1132,19.15,GSMArena Lab
xiaomi_17_5g_14134,2670664,10459,4749,90,75,95,1087,21.77,GSMArena Lab
xiaomi_redmi_a7_pro_14463,490939,1339,2817,23,50,50,0,0.0,Excel Benchmark
xiaomi_watch_5_14383,307577,377,2931,16,48,20,0,0.0,Excel Benchmark
xiaomi_redmi_turbo_5_max_5g_14453,307040,1240,2520,70,75,75,0,0.0,Excel Benchmark
xiaomi_redmi_a7_pro_5g_14616,239384,784,2152,33,50,50,0,0.0,Excel Benchmark
xiaomi_redmi_turbo_5_5g_14454,2192322,6866,2948,70,75,75,0,0.0,GSMArena Lab
xiaomi_redmi_note_17_14847,762726,1726,4978,48,70,70,0,0.0,Excel Benchmark
xiaomi_poco_m8_5g_14391,631693,2898,5585,50,80,65,1473,13.9,GSMArena Lab
xiaomi_pad_8_pro_14183,613027,1827,6281,55,75,75,0,13.65,Excel Benchmark
xiaomi_poco_m8_pro_5g_14390,817222,3245,2008,73,85,75,1435,16.18,GSMArena Lab
xiaomi_redmi_note_15_5g__global__14328,637266,2958,5585,70,80,65,1524,14.2,GSMArena Lab
xiaomi_redmi_note_15_pro__5g__global__14326,817755,3060,2008,75,95,75,1509,16.07,GSMArena Lab
xiaomi_redmi_note_15_14323,353703,1303,4709,53,95,65,0,0.0,Excel Benchmark
xiaomi_poco_c85x_5g_14535,239384,784,2152,33,50,50,0,0.0,Excel Benchmark
xiaomi_17_ultra_5g__china__14516,3863387,10896,4749,95,75,95,1132,21.48,GSMArena Lab
xiaomi_black_shark_gaming_tablet_14509,575540,1740,5020,23,53,50,0,0.0,Excel Benchmark
xiaomi_redmi_note_15_pro_5g__global__14327,652862,2913,420,70,85,70,1901,15.45,GSMArena Lab
xiaomi_poco_f8_ultra_5g_14301,3887841,10876,4749,90,75,95,1077,18.87,GSMArena Lab
xiaomi_poco_c85_5g_14337,110000,270,950,43,50,65,0,0.0,Excel Benchmark
xiaomi_poco_x8_pro_max_5g_14507,2791128,8539,2520,70,75,75,1114,25.37,GSMArena Lab
xiaomi_poco_f8_pro_5g_14303,3023050,8610,6281,80,75,75,1094,17.58,GSMArena Lab
xiaomi_redmi_k90_5g_14280,613027,1827,6281,80,75,75,0,0.0,Excel Benchmark
xiaomi_poco_pad_m1_14285,1042295,1244,2008,18,48,65,581,14.83,GSMArena Lab
xiaomi_redmi_k90_pro_max_5g_14252,561383,983,4749,90,75,95,0,0.0,Excel Benchmark
xiaomi_redmi_note_15_special_edition_5g_14571,446395,1595,5585,50,80,65,0,0.0,Excel Benchmark
xiaomi_17_pro_5g_14182,561383,983,4749,90,75,95,0,0.0,Excel Benchmark
xiaomi_poco_pad_x1_14306,240000,500,1550,25,75,70,0,0.0,Excel Benchmark
xiaomi_17_pro_max_5g_14181,3543388,10600,4749,90,75,95,1026,20.83,GSMArena Lab
xiaomi_black_shark_pad_7_pro_14308,374219,619,2657,23,43,50,0,0.0,Excel Benchmark
xiaomi_15t_5g_14177,1640253,6327,420,85,95,70,1525,14.93,GSMArena Lab
xiaomi_redmi_pad_2_pro_14174,171736,736,2008,23,48,65,0,12.92,Excel Benchmark
xiaomi_redmi_watch_6_14281,231241,241,2041,16,58,20,0,0.0,Estimated
xiaomi_pad_8_14184,351226,226,2478,25,75,90,0,0.0,Excel Benchmark
xiaomi_15t_pro_5g_14178,2683380,7914,420,95,100,90,1419,16.4,GSMArena Lab
xiaomi_black_shark_gs3_ultra_14309,231241,241,2041,16,48,20,0,0.0,Estimated
xiaomi_pad_mini_14179,30000,110,420,25,55,75,0,13.65,Estimated
xiaomi_poco_c85_14110,191778,378,934,43,50,65,0,0.0,Excel Benchmark
xiaomi_redmi_note_15_pro__5g__china__14091,171736,736,2008,90,95,75,0,0.0,Excel Benchmark
xiaomi_redmi_note_15_5g__china__14092,446395,1595,5585,45,95,65,0,0.0,Excel Benchmark
xiaomi_poco_m7_14071,220000,400,1400,43,65,65,0,0.0,Excel Benchmark
xiaomi_redmi_15_5g_14036,459712,2179,4833,43,65,65,0,0.0,GSMArena Lab
xiaomi_black_shark_pad_7_14307,300000,550,1600,21,33,50,0,0.0,Excel Benchmark
xiaomi_redmi_note_15_pro_5g__china__14090,30000,110,420,70,95,70,0,0.0,Estimated
xiaomi_redmi_k80_ultra_5g_13965,30000,110,420,65,90,75,0,0.0,Estimated
xiaomi_redmi_15c_5g_14039,110000,270,950,43,50,65,0,0.0,Excel Benchmark
xiaomi_redmi_15c_4g_14005,191778,378,934,43,45,65,0,0.0,Excel Benchmark
xiaomi_watch_s4_41mm_13981,231241,241,2041,16,48,20,0,0.0,Estimated
xiaomi_poco_m7_plus_5g_14046,677011,1011,4833,43,65,65,0,0.0,Excel Benchmark
xiaomi_redmi_k_pad_13960,30000,110,420,25,55,75,0,0.0,Estimated
xiaomi_pad_7s_pro_12_5_13968,777861,1861,4383,55,80,80,0,0.0,Excel Benchmark
xiaomi_redmi_note_15_pro__global__14330,414497,1994,250,73,95,70,1350,16.4,GSMArena Lab
xiaomi_15s_pro_5g_13895,777861,1861,4383,95,95,95,0,0.0,Excel Benchmark
xiaomi_mix_flip_2_5g_13980,613027,1827,6281,75,95,90,0,0.0,Excel Benchmark
xiaomi_redmi_turbo_4_pro_13617,351226,226,2478,70,80,75,0,0.0,Excel Benchmark
xiaomi_pad_7_ultra_13896,777861,1861,4383,55,85,80,0,0.0,Excel Benchmark
xiaomi_redmi_watch_move_13806,231241,241,2041,16,43,20,0,0.0,Estimated
xiaomi_black_shark_gs3_14512,231241,241,2041,16,43,20,0,0.0,Estimated
xiaomi_poco_f7_ultra_13723,2580520,8887,6281,95,85,95,1506,13.53,GSMArena Lab
xiaomi_poco_f7_5g_13951,2024751,6402,2478,70,80,75,1525,14.75,GSMArena Lab
xiaomi_civi_5_pro_5g_13875,351226,226,2478,90,95,75,0,0.0,Excel Benchmark
xiaomi_poco_f7_pro_13724,2065265,6661,6608,75,85,75,1478,13.85,GSMArena Lab
xiaomi_15_ultra_13657,613027,1827,6281,35,95,90,0,16.22,Excel Benchmark
xiaomi_redmi_a5_4g_13737,490939,1339,2817,33,45,45,0,0.0,Excel Benchmark
xiaomi_15_13472,2534638,9419,6281,95,95,90,1517,16.47,GSMArena Lab
xiaomi_poco_m7_5g_13678,400000,700,2000,43,45,50,0,0.0,Excel Benchmark
xiaomi_redmi_pad_2_13908,353703,1303,4709,16,38,55,0,11.15,Excel Benchmark
xiaomi_redmi_note_14_pro_4g__global__13614,423868,1999,4709,73,75,65,1500,12.12,GSMArena Lab
xiaomi_black_shark_pad_6_4g_13774,250000,480,1450,23,33,55,0,0.0,Excel Benchmark
xiaomi_redmi_note_14_pro_5g__global__13613,684320,2913,1650,70,75,65,1138,11.65,GSMArena Lab
xiaomi_redmi_15_14037,220000,400,1400,43,60,65,0,0.0,Excel Benchmark
xiaomi_redmi_note_14_pro__5g__global__13612,750292,3234,1483,70,75,75,1200,10.67,GSMArena Lab
xiaomi_poco_x7_13604,677093,2846,1650,70,65,65,1111,11.12,GSMArena Lab
xiaomi_redmi_14c__china__13627,191778,378,934,21,45,50,0,0.0,Excel Benchmark
xiaomi_poco_x7_pro_13582,1568331,6311,420,70,85,75,1265,12.72,GSMArena Lab
xiaomi_redmi_note_14_4g__global__13616,400000,700,1900,53,75,60,0,12.78,Excel Benchmark
xiaomi_redmi_13x_4g_13764,609324,724,3972,46,50,60,0,0.0,Excel Benchmark
xiaomi_redmi_turbo_4_13598,30000,110,420,70,85,75,0,0.0,Estimated
xiaomi_poco_c75_5g_13571,391505,2014,2520,41,45,50,0,0.0,GSMArena Lab
xiaomi_redmi_note_14_5g__global__13615,463129,2258,4354,68,75,65,1168,11.83,GSMArena Lab
xiaomi_poco_m7_pro_5g_13570,470807,2322,4354,68,85,65,1179,11.35,GSMArena Lab
xiaomi_redmi_note_14_pro__13364,144561,561,1483,85,75,75,0,0.0,Excel Benchmark
xiaomi_redmi_k80_13525,1903140,2115,6608,75,85,75,0,0.0,Excel Benchmark
xiaomi_redmi_14c_5g_13595,400000,700,2000,43,45,50,0,0.0,Excel Benchmark
xiaomi_redmi_note_14_13559,320918,1518,4354,68,85,65,0,0.0,Excel Benchmark
xiaomi_watch_s4_13476,231241,241,2041,16,48,20,0,0.0,Estimated
xiaomi_redmi_k80_pro_13524,613027,1827,6281,90,85,100,0,0.0,Excel Benchmark
xiaomi_redmi_watch_5_13658,231241,241,2041,16,48,20,0,0.0,Estimated
xiaomi_pad_7_pro_13474,575540,1740,5020,55,75,75,0,10.2,Excel Benchmark
xiaomi_pad_7_13475,240000,500,1550,25,75,70,0,0.0,Excel Benchmark
xiaomi_redmi_a3_pro_13432,191778,378,934,41,35,45,0,0.0,Excel Benchmark
xiaomi_15_pro_13473,613027,1827,6281,95,95,95,0,0.0,Excel Benchmark
xiaomi_14t_pro_13328,2015655,7081,7408,95,70,95,1228,12.53,GSMArena Lab
xiaomi_redmi_note_14s_13730,400000,700,1900,68,70,70,0,0.0,Excel Benchmark
xiaomi_redmi_note_14__china__13366,320918,1518,4354,68,85,65,0,0.0,Excel Benchmark
xiaomi_poco_c71_4g_13767,490939,1339,2817,38,45,45,0,0.0,Excel Benchmark
xiaomi_redmi_watch_5_lite_13361,231241,241,2041,16,43,20,0,0.0,Estimated
xiaomi_14t_13329,1253994,3989,4663,85,70,70,1355,11.53,GSMArena Lab
xiaomi_redmi_note_14_pro_13355,270000,540,1650,70,75,65,0,0.0,Excel Benchmark
xiaomi_poco_m6_plus_13119,400000,700,2000,46,60,60,0,0.0,Excel Benchmark
xiaomi_poco_pad_5g_13279,50000,150,550,18,48,65,0,0.0,Estimated
xiaomi_redmi_pad_se_8_7_13225,280000,520,1550,16,38,55,0,0.0,Excel Benchmark
xiaomi_redmi_14r_13338,400000,700,2000,21,45,50,0,0.0,Excel Benchmark
xiaomi_poco_c75_13435,191778,378,934,41,45,50,0,0.0,Excel Benchmark
xiaomi_redmi_a4_13444,404040,240,2520,41,45,50,0,0.0,Excel Benchmark
xiaomi_mix_flip_13221,1609570,6035,6608,90,75,65,1314,11.97,GSMArena Lab
xiaomi_redmi_13_5g_13157,400000,700,2000,46,60,60,0,0.0,Excel Benchmark
xiaomi_poco_m6_4g_13131,609324,724,3972,46,50,60,0,0.0,Excel Benchmark
xiaomi_14_civi_13056,1530876,5352,5020,78,75,65,1441,11.6,GSMArena Lab
xiaomi_redmi_13_13102,262438,1346,3972,46,50,60,448,10.47,GSMArena Lab
xiaomi_redmi_a3x_13053,422760,960,4680,16,40,45,0,0.0,Excel Benchmark
xiaomi_mix_fold_4_13222,1903140,2115,6608,30,75,90,0,0.0,Excel Benchmark
xiaomi_watch_s4_sport_13223,231241,241,2041,16,58,20,0,0.0,Estimated
xiaomi_redmi_watch_5_active_13286,231241,241,2041,16,33,20,0,0.0,Estimated
xiaomi_redmi_pad_pro_5g_13071,50000,150,550,18,48,65,0,0.0,Estimated
xiaomi_redmi_pad_pro_12922,589889,2840,550,18,48,65,654,9.6,GSMArena Lab
xiaomi_redmi_turbo_3_12920,575540,1740,5020,70,75,70,0,0.0,Excel Benchmark
xiaomi_poco_f6_pro_12992,1584439,4859,5226,75,80,75,1203,10.48,GSMArena Lab
xiaomi_redmi_14c_13291,191778,378,934,41,45,50,0,0.0,Excel Benchmark
xiaomi_poco_c61_12886,467813,1413,3039,16,40,45,0,0.0,Excel Benchmark
xiaomi_redmi_k70_ultra_13215,2038810,2207,7408,70,70,75,0,0.0,Excel Benchmark
xiaomi_14_ultra_12827,2014262,7060,6608,35,85,90,1281,11.42,GSMArena Lab
xiaomi_poco_pad_12953,600399,2909,550,18,48,65,564,9.25,GSMArena Lab
xiaomi_watch_2_12828,156090,290,670,16,43,20,0,0.0,Excel Benchmark
xiaomi_civi_4_pro_12888,575540,1740,5020,78,75,65,0,0.0,Excel Benchmark
xiaomi_redmi_note_13r_13011,75000,200,750,43,60,60,0,0.0,Excel Benchmark
xiaomi_redmi_note_13_pro_4g_12749,428545,1844,1900,68,70,70,1047,11.6,GSMArena Lab
xiaomi_14_12626,2003429,6810,6608,95,65,85,1175,13.93,GSMArena Lab
xiaomi_poco_f6_13000,1497886,4883,5020,70,60,70,1218,10.6,GSMArena Lab
xiaomi_redmi_a3_12822,467813,1413,3039,16,40,45,0,0.0,Excel Benchmark
xiaomi_redmi_note_13_pro__12572,779812,2353,250,70,65,75,1283,10.63,GSMArena Lab
xiaomi_redmi_note_13_pro_12581,581979,2695,550,70,58,70,1331,10.27,GSMArena Lab
xiaomi_poco_x6_pro_12717,1396547,4696,4663,65,60,70,1148,11.77,GSMArena Lab
xiaomi_poco_m6_pro_4g_12779,428531,1892,1900,63,75,70,1053,11.77,GSMArena Lab
xiaomi_poco_x6_12723,605803,2945,550,65,58,70,1339,10.18,GSMArena Lab
xiaomi_watch_s3_12834,231241,241,2041,16,43,20,0,0.0,Estimated
xiaomi_redmi_note_13_12776,455421,1968,1850,53,75,60,991,9.82,GSMArena Lab
xiaomi_redmi_13c_5g_12726,420000,700,2000,41,35,50,0,0.0,Excel Benchmark
xiaomi_redmi_k70_pro_12714,1903140,2115,6608,90,95,75,0,0.0,Excel Benchmark
xiaomi_redmi_k70_12715,1539080,1926,5226,75,95,75,0,0.0,Excel Benchmark
xiaomi_redmi_watch_4_12711,231241,241,2041,16,43,20,0,0.0,Estimated
xiaomi_redmi_k70e_12716,1460000,1432,4663,60,65,70,0,0.0,Excel Benchmark
xiaomi_redmi_note_13_4g_12750,383407,1817,1400,53,75,60,1313,11.87,GSMArena Lab
xiaomi_poco_x6_neo_12863,450726,2117,1850,53,75,60,0,0.0,GSMArena Lab
xiaomi_redmi_13c_12689,280000,520,1550,43,35,50,0,0.0,Excel Benchmark
xiaomi_poco_c65_12684,261613,1201,1550,43,35,50,607,11.52,GSMArena Lab
xiaomi_13t_12389,888714,3755,1200,75,70,70,1264,12.38,GSMArena Lab
xiaomi_watch_2_pro_12587,156090,290,670,16,43,20,0,0.0,Excel Benchmark
xiaomi_redmi_note_13r_pro_12697,400000,650,1850,53,75,60,0,0.0,Excel Benchmark
xiaomi_redmi_note_13__china__12582,400000,650,1850,53,75,60,0,0.0,Excel Benchmark
xiaomi_redmi_pad_se_12466,261613,1201,1350,16,33,55,402,13.93,GSMArena Lab
xiaomi_14_pro_12643,1903140,2115,6608,95,95,90,0,0.0,Excel Benchmark
xiaomi_mix_fold_3_12468,1527952,4797,5226,30,75,85,1277,0.0,GSMArena Lab
xiaomi_redmi_k60_ultra_12470,1550000,60,250,70,80,75,0,0.0,Estimated
xiaomi_13t_pro_12388,1470464,4859,250,80,70,75,1094,11.83,GSMArena Lab
xiaomi_poco_m6_pro_12452,400000,700,2000,43,50,50,0,0.0,Excel Benchmark
xiaomi_redmi_12_5g_12446,400000,700,2000,43,50,50,0,0.0,Excel Benchmark
xiaomi_redmi_note_12r_pro_12245,380000,650,1850,33,75,60,0,0.0,Excel Benchmark
xiaomi_redmi_12_12328,258006,1303,1600,43,50,50,541,0.0,GSMArena Lab
xiaomi_redmi_watch_3_active_12449,231241,241,2041,16,28,20,0,0.0,Estimated
xiaomi_poco_m6_12737,407997,1954,2000,41,35,50,0,0.0,GSMArena Lab
xiaomi_poco_f5_12258,931174,3939,4200,65,70,70,963,11.87,GSMArena Lab
xiaomi_poco_f5_pro_12257,1057977,4001,5762,70,80,90,1059,0.0,GSMArena Lab
xiaomi_civi_3_12134,180000,330,1200,58,75,65,0,0.0,Excel Benchmark
xiaomi_pad_6_pro_12238,336254,1654,5762,50,55,75,0,0.0,Excel Benchmark
xiaomi_13_ultra_12236,1268538,5049,5226,35,85,90,1207,10.15,GSMArena Lab
xiaomi_poco_c51_12215,467813,1413,3039,16,30,45,0,0.0,Excel Benchmark
xiaomi_redmi_13r_12735,420000,700,2000,41,35,50,0,0.0,Excel Benchmark
xiaomi_redmi_note_12s_12218,380000,650,1850,48,60,60,0,0.0,Excel Benchmark
xiaomi_redmi_note_12r_12392,400000,700,2000,41,50,50,0,0.0,Excel Benchmark
xiaomi_pad_6_12237,750000,1000,3300,25,55,65,500,9.65,Excel Benchmark
xiaomi_redmi_note_12_4g_12188,319219,1797,1400,41,65,60,744,0.0,GSMArena Lab
xiaomi_pad_6s_pro_12_4_12838,1539762,5268,5226,55,55,80,848,11.23,GSMArena Lab
xiaomi_13_pro_11962,1281666,5087,5226,85,85,90,1253,10.92,GSMArena Lab
xiaomi_redmi_note_12_pro_4g_12209,300000,570,1750,25,70,70,0,0.0,Excel Benchmark
xiaomi_poco_c55_12126,280000,520,1550,41,30,45,0,0.0,Excel Benchmark
xiaomi_redmi_a2_12124,467813,1413,3039,16,30,45,0,0.0,Excel Benchmark
xiaomi_redmi_note_12_turbo_12181,1150000,1400,4200,65,75,70,0,0.0,Excel Benchmark
xiaomi_13_lite_12072,534143,2936,3200,43,70,65,938,0.0,GSMArena Lab
xiaomi_13_12013,1248260,5129,5226,90,75,85,1254,0.0,GSMArena Lab
xiaomi_redmi_note_12_12063,360745,1998,1850,36,75,60,706,10.97,GSMArena Lab
xiaomi_poco_c50_12053,502465,1665,4795,16,30,45,0,0.0,Excel Benchmark
xiaomi_poco_x5_12092,400895,2088,2200,36,70,60,728,0.0,GSMArena Lab
xiaomi_redmi_k60_pro_12046,1539080,1926,5226,45,85,95,0,0.0,Excel Benchmark
xiaomi_redmi_note_12t_pro_12298,180000,330,1200,50,65,70,0,0.0,Excel Benchmark
xiaomi_redmi_k60_11975,336254,1654,5762,70,85,90,0,0.0,Excel Benchmark
xiaomi_redmi_watch_3_12048,231241,241,2041,16,43,20,0,0.0,Estimated
xiaomi_pad_6_max_14_12463,336254,1654,5762,50,50,75,0,0.0,Excel Benchmark
xiaomi_redmi_note_12_pro_speed_12045,630000,1080,3000,50,70,70,0,0.0,Excel Benchmark
xiaomi_redmi_12c_12051,280000,520,1550,41,35,45,0,0.0,Excel Benchmark
xiaomi_redmi_a2__12197,467813,1413,3039,16,30,45,0,0.0,Excel Benchmark
xiaomi_redmi_note_12_discovery_11953,326938,1538,3414,70,70,65,0,0.0,Excel Benchmark
xiaomi_redmi_note_12__china__11956,380000,650,1850,33,75,60,0,0.0,Excel Benchmark
xiaomi_poco_x5_pro_12094,531398,2930,3000,50,70,70,912,0.0,GSMArena Lab
xiaomi_watch_s2_12023,231241,241,2041,16,38,40,0,0.0,Estimated
xiaomi_redmi_k60e_12047,180000,330,1200,55,85,70,0,0.0,Excel Benchmark
xiaomi_redmi_note_12_pro_11955,490526,2209,3414,60,70,70,890,12.13,GSMArena Lab
xiaomi_redmi_note_11r_11904,520000,800,2300,21,45,50,0,0.0,Excel Benchmark
xiaomi_redmi_11_prime_5g_11834,520000,800,2300,41,45,50,0,0.0,Excel Benchmark
xiaomi_redmi_a1__11909,502465,1665,4795,16,30,45,0,0.0,Excel Benchmark
xiaomi_12t_11888,780204,3756,900,70,60,75,954,0.0,GSMArena Lab
xiaomi_poco_m5s_11832,360681,1831,1800,18,50,60,756,0.0,GSMArena Lab
xiaomi_poco_m5__india__11869,400000,700,1900,43,45,50,0,0.0,Excel Benchmark
xiaomi_12t_pro_11887,1032185,4081,5762,75,60,75,913,0.0,GSMArena Lab
xiaomi_redmi_note_11_se__india__11819,360000,630,1800,18,50,60,0,0.0,Excel Benchmark
xiaomi_redmi_pad_11911,319077,1852,1900,18,33,55,402,0.0,GSMArena Lab
xiaomi_poco_m4_5g_11762,336380,1730,2300,21,50,50,0,0.0,GSMArena Lab
xiaomi_redmi_11_prime_11855,400000,700,1900,43,45,50,0,0.0,Excel Benchmark
xiaomi_poco_m5_11850,386311,1896,1900,41,50,50,448,0.0,GSMArena Lab
xiaomi_redmi_k50_ultra_11580,336254,1654,5762,75,60,75,0,0.0,Excel Benchmark
xiaomi_mix_fold_2_11758,1050139,4368,5762,85,65,65,1054,0.0,GSMArena Lab
xiaomi_12_lite_11472,528905,2943,3000,55,70,60,824,0.0,GSMArena Lab
xiaomi_redmi_k50i_11653,120000,250,900,45,65,70,0,0.0,Excel Benchmark
xiaomi_12s_ultra_11614,1039412,4300,5762,85,85,85,1065,0.0,GSMArena Lab
xiaomi_12s_pro_11651,336254,1654,5762,85,85,90,0,0.0,Excel Benchmark
xiaomi_pad_5_pro_12_4_11759,750000,1000,3300,50,50,75,0,0.0,Excel Benchmark
xiaomi_watch_s1_pro_11760,231241,241,2041,16,43,40,0,0.0,Estimated
xiaomi_12_pro__dimensity__11652,1400000,1700,4600,65,85,70,0,0.0,Excel Benchmark
xiaomi_poco_x4_gt_11626,747871,3719,900,45,65,70,600,0.0,GSMArena Lab
xiaomi_poco_f4_11627,698586,3190,3300,65,70,65,1003,0.0,GSMArena Lab
xiaomi_poco_c40_11468,338447,1247,4541,21,30,55,0,0.0,Excel Benchmark
xiaomi_civi_2_11906,700000,1050,3200,43,75,65,0,0.0,Excel Benchmark
xiaomi_redmi_10_prime_2022_11519,300000,550,1600,18,45,55,0,0.0,Excel Benchmark
xiaomi_poco_m4_5g__india__11427,520000,800,2300,43,45,50,410,0.0,Excel Benchmark
xiaomi_redmi_note_11se_11551,520000,800,2300,38,45,50,0,0.0,Excel Benchmark
xiaomi_redmi_note_11t_pro_11550,120000,250,900,45,65,70,0,0.0,Excel Benchmark
xiaomi_redmi_note_12_pro__11954,498710,2208,3414,70,70,75,990,10.63,GSMArena Lab
xiaomi_redmi_note_11t_pro__11549,120000,250,900,45,65,65,0,0.0,Excel Benchmark
xiaomi_poco_f4_gt_11479,952124,3637,3860,45,70,70,0,0.0,GSMArena Lab
xiaomi_12s_11645,336254,1654,5762,70,75,85,0,0.0,Excel Benchmark
xiaomi_redmi_10_power_11486,200000,380,1350,41,30,55,0,0.0,Excel Benchmark
xiaomi_civi_1s_11487,650000,1100,3100,55,70,60,0,0.0,Excel Benchmark
xiaomi_black_shark_5_pro_11453,1007133,3665,3860,55,70,70,682,0.0,GSMArena Lab
xiaomi_redmi_10_5g_11425,520000,800,2300,41,45,50,0,0.0,Excel Benchmark
xiaomi_redmi_note_11s_5g_11419,360255,1820,900,41,45,60,509,0.0,GSMArena Lab
xiaomi_redmi_10a_11449,100000,250,800,21,30,45,0,0.0,Excel Benchmark
xiaomi_redmi_a1_11848,502465,1665,4795,16,30,45,0,0.0,Excel Benchmark
xiaomi_redmi_k50_11430,120000,250,900,55,85,70,0,0.0,Excel Benchmark
xiaomi_redmi_note_11_pro__5g_11180,437872,2225,5974,50,70,70,760,0.0,GSMArena Lab
xiaomi_redmi_k50_pro_11372,1350000,1650,4500,65,85,75,0,0.0,Excel Benchmark
xiaomi_12_pro_11287,985226,3682,3860,85,85,90,1050,0.0,GSMArena Lab
xiaomi_redmi_k40s_11431,750000,1000,3300,60,75,65,0,0.0,Excel Benchmark
xiaomi_12_11285,985115,3652,3860,70,75,85,896,0.0,GSMArena Lab
xiaomi_black_shark_5_11454,750000,1000,3300,50,80,70,0,0.0,Excel Benchmark
xiaomi_12x_11292,690298,3168,3300,70,75,65,0,0.0,GSMArena Lab
xiaomi_watch_s1_active_11422,231241,241,2041,16,38,20,0,0.0,Estimated
xiaomi_redmi_10__india__11424,200000,380,1350,41,30,55,0,0.0,Excel Benchmark
xiaomi_redmi_note_11_pro__5g__india__11412,420000,750,2200,48,70,70,0,0.0,Excel Benchmark
xiaomi_redmi_note_11e_pro_11395,420000,750,2200,48,70,70,0,0.0,Excel Benchmark
xiaomi_redmi_10c_11418,200000,380,1350,41,30,50,0,0.0,Excel Benchmark
xiaomi_poco_x4_pro_5g_11371,384646,2063,2200,53,70,70,0,0.0,GSMArena Lab
xiaomi_poco_m4_pro_11388,318444,1836,1850,48,60,60,737,0.0,GSMArena Lab
xiaomi_redmi_10_2022_11357,300000,550,1600,18,45,50,0,0.0,Excel Benchmark
xiaomi_redmi_note_11_pro_5g_11333,382902,2063,2200,48,70,70,746,0.0,GSMArena Lab
xiaomi_redmi_note_11s_11335,308741,1873,1850,23,60,60,744,0.0,GSMArena Lab
xiaomi_11i_hypercharge_5g_11186,437872,2225,5974,50,70,70,0,0.0,GSMArena Lab
xiaomi_11i_11185,761458,2058,5974,50,70,70,0,0.0,Excel Benchmark
xiaomi_redmi_note_11t_5g_11217,120000,250,900,48,45,60,0,0.0,Excel Benchmark
xiaomi_redmi_note_11_4g_11241,300000,550,1600,43,45,50,0,0.0,Excel Benchmark
xiaomi_watch_s1_11293,231241,241,2041,16,38,40,0,0.0,Estimated
xiaomi_redmi_k50_gaming_11362,1120000,1610,3860,45,70,70,0,0.0,Excel Benchmark
xiaomi_poco_m4_pro_5g_11193,353663,1797,900,48,45,60,510,0.0,GSMArena Lab
xiaomi_redmi_note_11_pro_11334,319093,1729,1850,23,70,70,746,0.0,GSMArena Lab
xiaomi_redmi_note_11_pro__china__11159,761458,2058,5974,50,70,70,0,0.0,Excel Benchmark
xiaomi_redmi_watch_2_lite_11187,231241,241,2041,16,28,20,0,0.0,Estimated
xiaomi_redmi_note_11__china__11181,120000,250,900,48,45,60,0,0.0,Excel Benchmark
xiaomi_black_shark_4s_pro_11152,850000,1180,3600,50,80,70,0,0.0,Excel Benchmark
xiaomi_black_shark_5_rs_11455,850000,1180,3600,50,80,70,0,0.0,Excel Benchmark
xiaomi_redmi_note_10_lite_11137,260000,510,1600,25,40,50,0,0.0,Excel Benchmark
xiaomi_black_shark_4s_11153,750000,1000,3300,45,80,70,0,0.0,Excel Benchmark
xiaomi_redmi_9i_sport_11129,100000,250,800,21,30,45,0,0.0,Excel Benchmark
xiaomi_watch_color_2_11126,231241,241,2041,16,38,20,0,0.0,Estimated
xiaomi_redmi_9_activ_11127,350000,620,1900,21,30,45,0,0.0,Excel Benchmark
xiaomi_civi_11119,630000,1080,3000,55,70,60,0,0.0,Excel Benchmark
xiaomi_redmi_9a_sport_11128,100000,250,800,21,30,45,0,0.0,Excel Benchmark
xiaomi_redmi_note_11_11336,244526,1662,1350,16,60,60,736,0.0,GSMArena Lab
xiaomi_11_lite_5g_ne_11101,527663,2832,3000,50,60,50,0,0.0,GSMArena Lab
xiaomi_redmi_10_prime_11079,300000,550,1600,18,45,55,0,0.0,Excel Benchmark
xiaomi_redmi_watch_2_11182,231241,241,2041,16,38,20,0,0.0,Estimated
xiaomi_redmi_10_11060,300000,550,1600,18,45,50,477,0.0,Excel Benchmark
xiaomi_pad_5_pro_11043,750000,1000,3300,40,45,75,0,0.0,Excel Benchmark
xiaomi_pad_5_11042,555079,2583,5708,25,45,65,478,0.0,GSMArena Lab
xiaomi_mix_4_11040,850000,1180,3600,85,70,90,0,0.0,Excel Benchmark
xiaomi_poco_x3_gt_10949,578505,2310,3100,50,55,70,537,0.0,GSMArena Lab
xiaomi_redmi_note_10t_5g_11008,520000,800,2300,38,45,50,0,0.0,Excel Benchmark
xiaomi_poco_f3_gt_10886,15000,60,250,50,70,70,0,0.0,Estimated
xiaomi_mi_watch_revolve_active_10977,231241,241,2041,16,38,20,0,0.0,Estimated
xiaomi_redmi_note_10_pro__china__10930,680000,950,3100,50,55,70,0,0.0,Excel Benchmark
xiaomi_poco_m3_pro_5g_10857,520000,800,2300,38,45,50,536,0.0,Excel Benchmark
xiaomi_11t_11099,590837,2834,250,55,70,70,798,0.0,GSMArena Lab
xiaomi_mi_11x_pro_10776,820000,1130,3500,60,70,55,0,0.0,Excel Benchmark
xiaomi_redmi_note_11e_11396,520000,800,2300,41,45,50,0,0.0,Excel Benchmark
xiaomi_mi_11x_10775,750000,1000,3300,45,75,55,0,0.0,Excel Benchmark
xiaomi_poco_m2_reloaded_10867,260000,500,1500,18,40,50,0,0.0,Excel Benchmark
xiaomi_redmi_k40_gaming_10880,15000,60,250,50,70,70,0,0.0,Estimated
xiaomi_mi_mix_fold_10817,820000,1130,3500,75,50,70,0,0.0,Excel Benchmark
xiaomi_mi_11_lite_5g_10815,522490,2909,3150,50,60,50,846,0.0,GSMArena Lab
xiaomi_mi_11i_10777,690021,3641,3500,60,70,55,939,0.0,GSMArena Lab
xiaomi_11t_pro_11100,820000,1130,3500,60,70,75,837,0.0,Excel Benchmark
xiaomi_black_shark_4_pro_10805,820000,1130,3500,50,80,70,0,0.0,Excel Benchmark
xiaomi_redmi_note_8_2021_10919,180195,5259,1550,16,45,40,620,0.0,GSMArena Lab
xiaomi_mi_11_pro_10816,820000,1130,3500,80,85,90,0,0.0,Excel Benchmark
xiaomi_poco_x3_pro_10802,453223,2574,5708,25,55,60,0,0.0,GSMArena Lab
xiaomi_mi_10s_10780,750000,1000,3300,30,60,75,0,0.0,Excel Benchmark
xiaomi_poco_f3_10758,697216,3206,3300,45,75,55,0,0.0,GSMArena Lab
xiaomi_redmi_note_10_pro_10662,295442,1780,1750,25,65,60,725,0.0,GSMArena Lab
xiaomi_poco_watch_11495,231241,241,2041,16,38,20,0,0.0,Estimated
xiaomi_poco_c31_11134,350000,620,1900,21,30,45,0,0.0,Excel Benchmark
xiaomi_redmi_note_10_5g_10768,520000,800,2300,38,45,50,492,0.0,Excel Benchmark
xiaomi_redmi_note_10_10247,218788,2860,7376,18,50,60,682,0.0,GSMArena Lab
xiaomi_redmi_note_10_pro_max_10770,300000,570,1750,25,65,60,0,0.0,Excel Benchmark
xiaomi_redmi_k40_pro__10752,820000,1130,3500,60,75,55,0,0.0,Excel Benchmark
xiaomi_black_shark_4_10714,617456,3448,3300,45,80,70,694,0.0,GSMArena Lab
xiaomi_redmi_note_10s_10769,360000,630,1800,18,50,60,0,0.0,Excel Benchmark
xiaomi_redmi_k40_pro_10727,820000,1130,3500,50,75,55,0,0.0,Excel Benchmark
xiaomi_mi_11_lite_10665,294251,1796,1750,50,60,50,826,0.0,GSMArena Lab
xiaomi_mi_11_10656,668722,3489,3500,70,85,80,0,0.0,GSMArena Lab
xiaomi_redmi_9_power_10616,160000,330,1200,18,40,55,0,0.0,Excel Benchmark
xiaomi_mi_watch_lite_10633,231241,241,2041,16,28,20,0,0.0,Estimated
xiaomi_redmi_9t_10670,177917,1400,1200,18,40,55,437,0.0,GSMArena Lab
xiaomi_mi_11_ultra_10737,688720,3191,3500,80,80,90,943,0.0,GSMArena Lab
xiaomi_redmi_note_9_5g_10581,85000,200,700,38,40,50,0,0.0,Excel Benchmark
xiaomi_redmi_watch_10610,231241,241,2041,16,28,20,0,0.0,Estimated
xiaomi_mi_10i_5g_10615,380000,650,2000,25,55,55,0,0.0,Excel Benchmark
xiaomi_redmi_k30s_10517,700000,900,3100,50,65,60,0,0.0,Excel Benchmark
xiaomi_poco_m3_10599,177904,1398,1200,38,40,55,439,0.0,GSMArena Lab
xiaomi_redmi_note_10_pro__india__10771,300000,570,1750,25,65,60,0,0.0,Excel Benchmark
xiaomi_redmi_k40_10728,750000,1000,3300,45,75,55,0,0.0,Excel Benchmark
xiaomi_mi_10t_pro_5g_10437,563961,3311,3100,75,65,60,630,0.0,GSMArena Lab
xiaomi_redmi_note_9_4g_10609,160000,330,1200,38,40,55,0,0.0,Excel Benchmark
xiaomi_redmi_note_9t_10661,288732,1775,700,38,40,50,471,0.0,GSMArena Lab
xiaomi_mi_10t_5g_10473,700000,900,3100,50,65,60,0,0.0,Excel Benchmark
xiaomi_mi_watch_revolve_10305,231241,241,2041,16,38,20,0,0.0,Estimated
xiaomi_redmi_9i_10399,100000,250,800,21,30,45,0,0.0,Excel Benchmark
xiaomi_redmi_9at_10591,100000,250,800,21,30,45,0,0.0,Excel Benchmark
xiaomi_poco_c3_10482,350000,620,1900,21,30,45,0,0.0,Excel Benchmark
xiaomi_poco_m2_10434,260000,500,1500,18,40,50,0,0.0,Excel Benchmark
xiaomi_mi_watch_10481,231241,241,2041,16,38,40,0,0.0,Estimated
xiaomi_mi_watch_color_sports_10541,231241,241,2041,16,38,20,0,0.0,Estimated
xiaomi_poco_x3_10461,300000,570,1750,25,55,65,0,0.0,Excel Benchmark
xiaomi_poco_x3_nfc_10415,283750,1777,1750,25,55,60,0,0.0,GSMArena Lab
xiaomi_redmi_9_prime_10353,260000,500,1500,18,40,50,0,0.0,Excel Benchmark
xiaomi_mi_10t_lite_5g_10480,318882,2009,2000,25,55,55,596,0.0,GSMArena Lab
xiaomi_redmi_k30_ultra_10349,650000,900,3000,25,70,55,0,0.0,Excel Benchmark
xiaomi_black_shark_3s_10350,700000,900,3100,50,70,85,0,0.0,Excel Benchmark
xiaomi_poco_m2_pro_10318,260000,510,1600,25,40,60,0,0.0,Excel Benchmark
xiaomi_mi_10_ultra_10361,638497,3248,3100,30,70,90,0,0.0,GSMArena Lab
xiaomi_redmi_9c_nfc_10277,350000,620,1900,21,30,45,0,0.0,Excel Benchmark
xiaomi_redmi_9_10233,201829,1325,1500,18,40,50,328,0.0,GSMArena Lab
xiaomi_redmi_10x_pro_5g_10267,180000,330,1200,25,55,55,0,0.0,Excel Benchmark
xiaomi_poco_f2_pro_10220,538221,3332,3100,30,55,45,854,0.0,GSMArena Lab
xiaomi_redmi_9a_10279,100000,250,800,21,30,45,0,0.0,Excel Benchmark
xiaomi_redmi_9__india__10398,350000,620,1900,21,30,45,0,0.0,Excel Benchmark
xiaomi_redmi_10x_5g_10266,180000,330,1200,45,55,40,0,0.0,Excel Benchmark
xiaomi_redmi_k30_5g_racing_10235,620000,1050,2900,18,55,45,0,0.0,Excel Benchmark
xiaomi_mi_note_10_lite_10183,253271,1694,1700,25,50,50,596,0.0,GSMArena Lab
xiaomi_redmi_note_9_pro_10217,279625,1785,1600,25,40,50,0,0.0,GSMArena Lab
xiaomi_mi_10_youth_5g_10207,350000,620,1900,25,50,40,0,0.0,Excel Benchmark
xiaomi_redmi_10x_4g_10202,280000,520,1550,16,40,50,0,0.0,Excel Benchmark
xiaomi_redmi_k30_pro_zoom_10150,700000,900,3100,30,55,55,0,0.0,Excel Benchmark
xiaomi_redmi_k30_pro_10140,700000,900,3100,30,55,45,0,0.0,Excel Benchmark
xiaomi_redmi_note_9_10192,200414,1292,1550,16,40,50,370,0.0,GSMArena Lab
xiaomi_redmi_k30i_5g_10200,350000,620,1900,18,55,45,0,0.0,Excel Benchmark
xiaomi_black_shark_3_pro_10109,700000,900,3100,50,70,90,0,0.0,Excel Benchmark
xiaomi_redmi_note_9_pro__india__10120,254000,1785,1600,25,40,50,0,0.0,GSMArena Lab
xiaomi_mi_10_pro_5g_10055,595246,3331,3100,30,60,80,858,0.0,GSMArena Lab
xiaomi_black_shark_3_10110,700000,900,3100,50,60,85,0,0.0,Excel Benchmark
xiaomi_redmi_note_9_pro_5g_10582,380000,650,2000,25,55,55,0,0.0,Excel Benchmark
xiaomi_mi_10_5g_10082,578056,3322,3100,30,60,65,854,0.0,GSMArena Lab
xiaomi_redmi_note_9_pro_max_10126,260000,510,1600,30,40,60,0,0.0,Excel Benchmark
xiaomi_poco_x2_10050,280000,550,1700,18,60,45,0,0.0,Excel Benchmark
xiaomi_redmi_8a_dual_10078,65000,180,650,23,30,50,0,0.0,Excel Benchmark
xiaomi_redmi_note_8t_9946,167395,5620,1300,18,40,40,450,0.0,GSMArena Lab
xiaomi_redmi_k30_5g_9979,350000,620,1900,18,55,45,0,0.0,Excel Benchmark
xiaomi_mi_10_lite_5g_10159,318117,1927,1900,25,50,40,610,0.0,GSMArena Lab
xiaomi_mi_note_10_9936,256717,6737,1700,30,55,50,0,0.0,GSMArena Lab
xiaomi_watch_color_10014,231241,241,2041,16,38,20,0,0.0,Estimated
xiaomi_redmi_8_9800,65000,180,650,23,30,50,0,0.0,Excel Benchmark
xiaomi_mi_watch__china__9941,176502,302,1706,16,38,40,0,0.0,Excel Benchmark
xiaomi_mi_mix_alpha_9893,600000,770,2700,63,38,50,0,0.0,Excel Benchmark
xiaomi_redmi_note_9s_10147,254000,1785,1600,25,40,50,575,0.0,GSMArena Lab
xiaomi_redmi_8a_pro_10169,65000,180,650,23,30,50,0,0.0,Excel Benchmark
xiaomi_mi_9_pro_5g_9892,600000,770,2700,60,50,70,0,0.0,Excel Benchmark
xiaomi_redmi_9c_10278,350000,620,1900,21,30,45,0,0.0,Excel Benchmark
xiaomi_mi_9_pro_9891,600000,770,2700,60,50,70,0,0.0,Excel Benchmark
xiaomi_mi_9_lite_9862,215277,5989,1500,50,50,40,597,0.0,GSMArena Lab
xiaomi_mi_note_10_pro_9945,280000,550,1700,30,55,50,0,0.0,Excel Benchmark
xiaomi_redmi_8a_9897,89901,3030,650,23,30,50,0,0.0,GSMArena Lab
xiaomi_redmi_k30_9991,272229,7008,1700,18,55,45,714,0.0,GSMArena Lab
xiaomi_redmi_k20_pro_premium_9884,600000,770,2700,60,50,40,0,0.0,Excel Benchmark
xiaomi_redmi_note_8_pro_9812,279355,6999,1750,25,45,45,640,0.0,GSMArena Lab
xiaomi_mi_a3_9769,170000,350,1300,50,40,40,363,0.0,Excel Benchmark
xiaomi_mi_cc9_pro_9935,236051,550,1700,30,55,50,0,0.0,GSMArena Lab
xiaomi_mi_9t_9738,257146,6863,1650,60,50,40,646,0.0,GSMArena Lab
xiaomi_redmi_k20_9720,270000,540,1650,60,50,40,0,0.0,Excel Benchmark
xiaomi_black_shark_2_pro_9779,600000,770,2700,60,50,40,0,0.0,Excel Benchmark
xiaomi_redmi_k20_pro_9708,437823,10684,2600,60,50,40,643,0.0,GSMArena Lab
xiaomi_redmi_7a_9716,65000,180,650,21,50,35,0,0.0,Excel Benchmark
xiaomi_mi_cc9_9749,230000,480,1500,50,50,40,0,0.0,Excel Benchmark
xiaomi_redmi_note_7s_9707,170000,350,1300,36,40,40,0,0.0,Excel Benchmark
xiaomi_redmi_7_9498,102616,4276,1000,18,30,35,0,0.0,GSMArena Lab
xiaomi_redmi_y3_9674,103259,4292,1000,28,30,35,0,0.0,GSMArena Lab
xiaomi_redmi_note_7_pro_9521,215308,6620,1550,38,40,40,0,0.0,GSMArena Lab
xiaomi_mi_mix_3_5g_9602,580000,750,2600,38,50,30,0,0.0,Excel Benchmark
xiaomi_mi_9t_pro_9791,437823,10684,2600,60,50,40,0,0.0,GSMArena Lab
xiaomi_mi_9_se_9583,180057,6017,1550,45,50,30,637,0.0,GSMArena Lab
xiaomi_redmi_go_9534,40000,130,480,16,30,25,0,0.0,Estimated
xiaomi_mi_9_9507,372006,11181,2600,60,50,50,0,0.0,GSMArena Lab
xiaomi_mi_9_explorer_9584,580000,750,2600,65,50,50,0,0.0,Excel Benchmark
xiaomi_redmi_note_6_pro_9333,115605,4933,1150,16,40,35,0,0.0,GSMArena Lab
xiaomi_black_shark_helo_9382,400000,500,2200,45,50,40,0,0.0,Excel Benchmark
xiaomi_mi_mix_3_9378,352130,9065,2200,38,50,50,0,0.0,GSMArena Lab
xiaomi_mi_cc9e_9759,170000,350,1300,50,40,40,0,0.0,Excel Benchmark
xiaomi_black_shark_2_9639,343460,11192,2600,60,50,40,614,0.0,GSMArena Lab
xiaomi_mi_play_9499,340000,600,1850,18,40,25,0,0.0,Excel Benchmark
xiaomi_mi_a2__mi_6x__9140,172886,4625,1300,30,40,30,0,0.0,GSMArena Lab
xiaomi_mi_a2_lite__redmi_6_pro__9247,77964,4388,850,16,40,35,0,0.0,GSMArena Lab
xiaomi_redmi_note_8_9814,161572,5590,1300,18,40,40,0,0.0,GSMArena Lab
xiaomi_redmi_note_7_9513,139075,5411,1300,36,40,40,0,0.0,GSMArena Lab
xiaomi_redmi_6_9237,75182,3639,950,16,50,25,0,0.0,GSMArena Lab
xiaomi_mi_pad_4_9249,170000,350,1300,21,28,50,0,0.0,Excel Benchmark
xiaomi_redmi_6a_9217,61660,2450,4795,21,50,25,0,0.0,GSMArena Lab
xiaomi_mi_max_3_8963,119229,4907,1150,20,40,50,0,0.0,GSMArena Lab
xiaomi_mi_8_9065,341687,8494,2200,60,50,30,0,0.0,GSMArena Lab
xiaomi_mi_8_se_9219,169044,5912,1500,25,50,30,0,0.0,GSMArena Lab
xiaomi_mi_pad_4_plus_9295,170000,350,1300,21,28,50,0,0.0,Excel Benchmark
xiaomi_mi_8_pro_9336,400000,500,2200,60,50,30,0,0.0,Excel Benchmark
xiaomi_black_shark_9164,400000,500,2200,45,40,40,0,0.0,Excel Benchmark
xiaomi_redmi_note_5_ai_dual_camera_9120,115195,4918,1150,16,40,40,0,0.0,GSMArena Lab
xiaomi_redmi_5_plus__redmi_note_5__8959,95000,4309,850,18,40,35,0,0.0,Excel Benchmark
xiaomi_mi_8_explorer_9218,400000,500,2200,60,50,30,0,0.0,Excel Benchmark
xiaomi_redmi_5a_8898,40000,130,480,21,30,25,0,0.0,Estimated
xiaomi_redmi_s2__redmi_y2__9185,77488,4313,850,23,50,25,0,0.0,GSMArena Lab
xiaomi_mi_mix_2s_9067,270814,9158,2200,53,40,50,0,0.0,GSMArena Lab
xiaomi_redmi_y1__note_5a__8753,50000,2610,550,28,30,25,0,0.0,Estimated
xiaomi_redmi_y1_lite_8818,40000,130,480,21,30,25,0,0.0,Estimated
xiaomi_mi_a1__mi_5x__8776,95000,4292,850,33,40,25,0,0.0,Excel Benchmark
xiaomi_mi_mix_2_8529,300000,6234,1800,33,40,30,0,0.0,Excel Benchmark
xiaomi_redmi_4__4x__8608,50000,1819,550,21,30,35,0,0.0,Estimated
xiaomi_mi_6_8507,300000,6719,1800,55,40,30,0,0.0,Excel Benchmark
xiaomi_redmi_5_8768,75000,4018,750,16,50,25,0,0.0,Excel Benchmark
xiaomi_mi_pad_3_8477,453233,833,2299,21,28,50,0,0.0,Excel Benchmark
xiaomi_mi_5c_8439,560562,362,1886,18,40,25,0,0.0,Excel Benchmark
xiaomi_mi_max_2_8582,95000,2445,850,18,40,50,0,0.0,Excel Benchmark
xiaomi_mi_note_3_8707,170000,350,1300,60,40,30,0,0.0,Excel Benchmark
xiaomi_redmi_note_4_8531,95000,240,850,21,40,35,0,0.0,Excel Benchmark
xiaomi_redmi_note_4x_8580,95000,240,850,21,40,35,0,0.0,Excel Benchmark
xiaomi_redmi_4__china__8419,45000,140,500,21,30,35,0,0.0,Estimated
xiaomi_redmi_4a_8420,40000,1781,480,21,30,25,0,0.0,Estimated
xiaomi_mi_8_lite_9329,143257,5894,1300,18,40,30,0,0.0,GSMArena Lab
xiaomi_mi_mix_8400,200000,350,1300,23,40,40,0,0.0,Excel Benchmark
xiaomi_mi_note_2_8014,200000,350,1300,20,50,40,0,0.0,Excel Benchmark
xiaomi_mi_6_plus_8629,300000,420,1800,55,40,45,0,0.0,Excel Benchmark
xiaomi_pocophone_f1_9293,265314,9003,2200,25,40,40,0,0.0,GSMArena Lab
xiaomi_redmi_4_prime_8263,95000,240,850,21,40,35,0,0.0,Excel Benchmark
xiaomi_redmi_pro_8233,160000,350,1100,21,50,35,0,0.0,Excel Benchmark
xiaomi_redmi_note_4__mediatek__8291,140000,300,1000,21,40,35,0,0.0,Excel Benchmark
xiaomi_redmi_3s_prime_8250,45000,140,500,21,30,35,0,0.0,Estimated
xiaomi_redmi_3x_8212,45000,140,500,21,30,35,0,0.0,Estimated
xiaomi_redmi_3s_8150,45000,140,500,21,30,35,0,0.0,Estimated
xiaomi_redmi_3_pro_8007,487940,2140,7220,21,30,35,0,0.0,Excel Benchmark
xiaomi_mi_max_8057,130000,300,1100,23,40,40,0,0.0,Excel Benchmark
xiaomi_mi_4s_7962,425551,1551,3453,21,40,30,0,0.0,Excel Benchmark
xiaomi_redmi_note_3_7863,120000,280,1000,21,40,35,0,0.0,Excel Benchmark
xiaomi_mi_5_6948,180000,330,1200,38,40,30,0,0.0,Excel Benchmark
xiaomi_redmi_3_7862,487940,2140,7220,21,30,35,0,0.0,Excel Benchmark
xiaomi_redmi_note_prime_7822,35000,120,450,21,30,25,0,0.0,Estimated
xiaomi_mi_pad_2_7770,258018,618,2654,16,28,50,0,0.0,Excel Benchmark
xiaomi_mi_4c_7512,425551,1551,3453,21,40,30,0,0.0,Excel Benchmark
xiaomi_redmi_note_3__mediatek__7769,471272,1072,3016,21,40,35,0,0.0,Excel Benchmark
xiaomi_mi_5s_plus_8350,200000,350,1300,23,40,30,0,0.0,Excel Benchmark
xiaomi_redmi_note_2_6992,471272,1072,3016,21,40,25,0,0.0,Excel Benchmark
xiaomi_redmi_2_pro_7710,35000,120,450,16,30,20,0,0.0,Estimated
xiaomi_redmi_note_5_pro_8893,107737,4696,1150,23,40,40,0,0.0,GSMArena Lab
xiaomi_mi_note_pro_6952,120000,250,900,38,50,30,0,0.0,Excel Benchmark
xiaomi_redmi_2_prime_7480,35000,120,450,16,30,20,0,0.0,Estimated
xiaomi_mi_note_6944,90000,220,750,38,40,30,0,0.0,Excel Benchmark
xiaomi_redmi_2_6884,35000,120,450,16,30,20,0,0.0,Estimated
xiaomi_mi_4_lte_6866,90000,220,750,30,40,30,0,0.0,Excel Benchmark
xiaomi_redmi_2a_7159,138321,321,763,16,30,20,0,0.0,Excel Benchmark
xiaomi_redmi_note_4g_6561,30000,110,420,21,30,25,0,0.0,Estimated
xiaomi_redmi_note_6217,664363,1963,4689,21,30,25,0,0.0,Excel Benchmark
xiaomi_mi_pad_7_9_6365,582941,941,3623,16,28,50,0,0.0,Excel Benchmark
xiaomi_mi_3_5678,85000,200,700,21,40,30,0,0.0,Excel Benchmark
xiaomi_mi_4_6518,90000,220,750,30,40,30,0,0.0,Excel Benchmark
xiaomi_redmi_1s_6373,30000,110,420,16,30,20,0,0.0,Estimated
xiaomi_mi_2a_5646,12000,50,200,16,30,20,0,0.0,Estimated
xiaomi_redmi_5609,553760,1960,4680,16,30,20,0,0.0,Excel Benchmark
xiaomi_mi_4i_7211,536428,1028,3884,21,40,25,0,0.0,Excel Benchmark
xiaomi_mi_1s_4929,50000,150,500,16,23,20,0,0.0,Estimated
xiaomi_12_lite_ne_11947,700000,1050,3200,43,75,65,0,0.0,Excel Benchmark
xiaomi_redmi_10_prime__5g_11426,520000,800,2300,41,45,50,0,0.0,Excel Benchmark
xiaomi_poco_x4_nfc_11242,761458,2058,5974,50,70,70,0,0.0,Excel Benchmark
xiaomi_poco_m3_pro_10916,520000,800,2300,38,45,50,0,0.0,Excel Benchmark
xiaomi_mi_10_lite_zoom_10210,350000,620,1900,25,55,35,0,0.0,Excel Benchmark
xiaomi_redmi_11a_11982,231241,241,2041,36,30,45,0,0.0,Estimated
xiaomi_mi_2s_5397,12000,50,200,21,30,20,0,0.0,Estimated
xiaomi_mi_max_4_pro_9552,240000,500,1550,40,40,50,0,0.0,Excel Benchmark
xiaomi_mi_9x_9650,240000,500,1550,65,50,30,0,0.0,Excel Benchmark
xiaomi_mi_max_4_9551,170000,350,1300,40,40,50,0,0.0,Excel Benchmark
xiaomi_redmi_20x_10832,520000,800,2300,40,45,50,0,0.0,Excel Benchmark
xiaomi_redmi_pro_2_8558,580000,750,2600,40,50,30,0,0.0,Excel Benchmark
xiaomi_mi_note_plus_6960,120000,250,900,21,50,25,0,0.0,Excel Benchmark
xiaomi_mi_2_4928,12000,50,200,16,30,20,0,0.0,Estimated
xiaomi_redmi_11_11574,520000,800,2300,41,45,50,0,0.0,Excel Benchmark
xiaomi_mi_6c_8798,611172,972,3716,33,40,20,0,0.0,Excel Benchmark
xiaomi_mi_5s_7260,200000,350,1300,18,40,30,0,0.0,Excel Benchmark
xolo_era_2x_8520,70000,180,650,16,30,20,0,0.0,Excel Benchmark
xolo_era_2_8395,80000,200,700,16,23,20,0,0.0,Excel Benchmark
xolo_era_4k_7958,928945,2145,7235,16,30,35,0,0.0,Excel Benchmark
xolo_era_1x_8339,80000,200,700,16,30,20,0,0.0,Excel Benchmark
xolo_era_x_7959,130623,223,2469,16,30,20,0,0.0,Excel Benchmark
xolo_one_hd_7872,55000,150,550,16,30,20,0,0.0,Excel Benchmark
xolo_era_4g_7929,130623,223,2469,16,30,20,0,0.0,Excel Benchmark
xolo_black_3gb_7871,536428,1028,3884,21,40,25,0,0.0,Excel Benchmark
xolo_black_7399,536428,1028,3884,21,40,25,0,0.0,Excel Benchmark
xolo_black_1x_7729,240000,500,1550,21,40,20,0,0.0,Excel Benchmark
xolo_cube_5_0_7311,726979,1379,3937,16,30,20,0,0.0,Excel Benchmark
xolo_lt2000_7131,35000,120,450,16,30,20,0,0.0,Estimated
xolo_a1010_7107,726979,1379,3937,16,28,20,0,0.0,Excel Benchmark
xolo_8x_1020_7064,541964,1364,4892,16,30,20,0,0.0,Excel Benchmark
xolo_q520s_7010,726979,1379,3937,16,28,20,0,0.0,Excel Benchmark
xolo_q900s_plus_6887,200000,350,1300,16,30,20,0,0.0,Excel Benchmark
xolo_q700_club_7009,726979,1379,3937,16,28,20,0,0.0,Excel Benchmark
xolo_omega_5_5_6851,541964,1364,4892,21,30,20,0,0.0,Excel Benchmark
xolo_opus_3_6844,726979,1379,3937,16,30,20,0,0.0,Excel Benchmark
xolo_omega_5_0_6850,541964,1364,4892,16,30,20,0,0.0,Excel Benchmark
xolo_win_q1000_7065,200000,350,1300,16,30,20,0,0.0,Excel Benchmark
xolo_q1020_6793,412178,778,2134,21,30,20,0,0.0,Excel Benchmark
xolo_era_7400,520704,2104,5112,16,28,20,0,0.0,Excel Benchmark
xolo_one_6743,726979,1379,3937,16,28,20,0,0.0,Excel Benchmark
xolo_q2100_6735,412178,778,2134,16,30,20,0,0.0,Excel Benchmark
xolo_play_8x_1100_6652,664363,1963,4689,21,30,20,0,0.0,Excel Benchmark
xolo_q700s_plus_6624,726979,1379,3937,16,28,20,0,0.0,Excel Benchmark
xolo_q510s_6626,726979,1379,3937,16,28,20,0,0.0,Excel Benchmark
xolo_q1000s_plus_6623,553760,1960,4680,21,40,25,0,0.0,Excel Benchmark
xolo_q610s_6622,726979,1379,3937,16,28,20,0,0.0,Excel Benchmark
xolo_q710s_6843,726979,1379,3937,16,28,20,0,0.0,Excel Benchmark
xolo_opus_hd_6734,504145,1345,4835,16,30,20,0,0.0,Excel Benchmark
xolo_a550s_ips_6551,30000,100,400,16,28,20,0,0.0,Estimated
xolo_q900s_6531,200000,350,1300,16,28,20,0,0.0,Excel Benchmark
xolo_hive_8x_1000_6556,541964,1364,4892,16,30,20,0,0.0,Excel Benchmark
xolo_a1000s_6577,30000,100,400,16,23,20,0,0.0,Estimated
xolo_play_6x_1000_6494,681353,953,3659,16,30,20,0,0.0,Excel Benchmark
xolo_q2000l_6495,504145,1345,4835,16,28,20,0,0.0,Excel Benchmark
xolo_win_q900s_6476,200000,350,1300,16,30,20,0,0.0,Excel Benchmark
xolo_prime_7244,726979,1379,3937,16,28,20,0,0.0,Excel Benchmark
xolo_q600s_6416,504145,1345,4835,16,28,20,0,0.0,Excel Benchmark
xolo_q1200_6430,412178,778,2134,16,30,20,0,0.0,Excel Benchmark
xolo_a700s_6522,30000,100,400,16,28,20,0,0.0,Estimated
xolo_a500s_lite_6402,30000,100,400,16,28,20,0,0.0,Estimated
xolo_a510s_6257,30000,100,400,16,28,20,0,0.0,Estimated
xolo_q1010i_6275,412178,778,2134,16,30,20,0,0.0,Excel Benchmark
xolo_q900t_6347,553760,1960,4680,16,30,20,0,0.0,Excel Benchmark
xolo_q2500_6256,412178,778,2134,16,30,25,0,0.0,Excel Benchmark
xolo_a500_club_6051,30000,100,400,16,28,20,0,0.0,Estimated
xolo_q1010_6050,412178,778,2134,16,30,20,0,0.0,Excel Benchmark
xolo_q1100_6042,30000,110,420,16,30,20,0,0.0,Estimated
xolo_q3000_5927,141928,528,1384,21,40,35,0,0.0,Excel Benchmark
xolo_lt900_5923,12000,50,200,16,30,20,0,0.0,Estimated
xolo_q500s_ips_6525,726979,1379,3937,16,28,20,0,0.0,Excel Benchmark
xolo_q1000_opus_5906,336692,492,2276,16,28,20,0,0.0,Excel Benchmark
xolo_q1011_6462,412178,778,2134,16,30,20,0,0.0,Excel Benchmark
xolo_q800_x_edition_5845,141928,528,1384,16,28,20,0,0.0,Excel Benchmark
xolo_play_tegra_note_5890,450737,1537,4411,16,28,35,0,0.0,Excel Benchmark
xolo_q700s_5974,726979,1379,3937,16,28,20,0,0.0,Excel Benchmark
xolo_a500s_ips_5839,30000,100,400,16,28,20,0,0.0,Estimated
xolo_q2000_5837,141928,528,1384,21,30,20,0,0.0,Excel Benchmark
xolo_q900_5822,141928,528,1384,16,25,20,0,0.0,Excel Benchmark
xolo_q1000_opus2_6477,15000,60,250,16,28,20,0,0.0,Estimated
xolo_a500l_5787,30000,100,400,16,23,20,0,0.0,Estimated
xolo_a600_5821,30000,100,400,16,28,20,0,0.0,Estimated
xolo_play_tab_7_0_5767,297946,946,3638,16,28,35,0,0.0,Excel Benchmark
xolo_q700i_5768,633371,1371,4913,16,28,20,0,0.0,Excel Benchmark
xolo_tab_5686,12000,50,200,16,28,35,0,0.0,Estimated
xolo_q600_5558,141928,528,1384,16,23,20,0,0.0,Excel Benchmark
xolo_a500s_5613,30000,100,400,16,23,20,0,0.0,Estimated
xolo_x910_5535,170000,350,1300,16,28,20,0,0.0,Excel Benchmark
xolo_play_5591,297946,946,3638,16,30,20,0,0.0,Excel Benchmark
xolo_x1000_5532,340000,600,1700,16,25,20,0,0.0,Excel Benchmark
xolo_x500_5530,353457,257,2571,16,28,20,0,0.0,Excel Benchmark
xolo_q800_5531,489685,885,4455,16,28,20,0,0.0,Excel Benchmark
xolo_a500_5529,231241,241,2041,16,23,20,0,0.0,Estimated
xolo_q700_5534,633371,1371,4913,16,28,20,0,0.0,Excel Benchmark
xolo_q500_5877,12000,50,200,16,23,20,0,0.0,Estimated
xolo_q1000s_5642,553760,1960,4680,21,30,20,0,0.0,Excel Benchmark
xolo_play_8x_1200_6564,717160,1360,2880,21,40,20,0,0.0,Excel Benchmark
xolo_q1000_5533,141928,528,1384,16,30,20,0,0.0,Excel Benchmark
yezz_art_3s_12101,100000,250,850,23,30,45,0,0.0,Excel Benchmark
yezz_max_3_ultra_12097,80000,200,700,23,30,25,0,0.0,Excel Benchmark
yezz_max_3_12099,80000,200,700,23,50,20,0,0.0,Excel Benchmark
yezz_liv_3s_lte_12100,80000,200,700,16,23,20,0,0.0,Excel Benchmark
yezz_art_3_pro_12087,280000,520,1550,38,40,45,0,0.0,Excel Benchmark
yezz_c32_12012,240288,888,4464,16,23,20,0,0.0,Excel Benchmark
yezz_max_3_plus_12098,80000,200,700,23,28,25,0,0.0,Excel Benchmark
yezz_epic_3_11763,620000,1330,3400,16,28,20,0,0.0,Excel Benchmark
yezz_max_2_ultra_11682,70000,180,650,23,28,25,0,0.0,Excel Benchmark
yezz_max_2_11349,70000,180,650,16,28,20,0,0.0,Excel Benchmark
yezz_liv_3_lte_11246,80000,200,700,16,28,20,0,0.0,Excel Benchmark
yezz_max_2_plus_11017,80000,200,700,23,50,20,0,0.0,Excel Benchmark
yezz_liv_1s_10739,50000,150,500,16,28,20,0,0.0,Estimated
yezz_go_3_11068,50000,150,500,16,38,20,0,0.0,Estimated
yezz_art_2_pro_11016,100000,250,850,21,30,45,0,0.0,Excel Benchmark
yezz_liv_2_lte_10390,80000,200,700,16,28,20,0,0.0,Excel Benchmark
yezz_art_1_pro_10598,673292,1092,5076,23,30,35,0,0.0,Excel Benchmark
yezz_go_1_10346,55000,150,550,16,28,20,0,0.0,Excel Benchmark
yezz_max_1_plus_9903,80000,200,700,18,50,20,0,0.0,Excel Benchmark
yezz_liv1_9898,50000,150,500,16,28,20,0,0.0,Estimated
yezz_max_1_9519,55000,150,550,18,23,20,0,0.0,Excel Benchmark
yezz_andy_4e7_9514,55000,150,550,16,23,20,0,0.0,Excel Benchmark
yezz_epic_t_9485,240000,500,1550,23,40,50,0,0.0,Excel Benchmark
yezz_andy_5e5_9486,55000,150,550,16,23,20,0,0.0,Excel Benchmark
yezz_andy_4e4_8472,50000,150,500,16,23,20,0,0.0,Estimated
yezz_art_3_lite_11921,80000,200,700,23,30,45,0,0.0,Excel Benchmark
yezz_c21_8469,583878,478,1234,16,23,20,0,0.0,Excel Benchmark
yezz_andy_5e3_8243,55000,150,550,16,23,20,0,0.0,Excel Benchmark
yezz_andy_5ei3__2016__8325,55000,150,550,16,23,20,0,0.0,Excel Benchmark
yezz_andy_4_7t_8098,200000,350,1300,16,30,20,0,0.0,Excel Benchmark
yezz_cc40_8025,231241,241,2041,16,23,20,0,0.0,Estimated
yezz_monte_carlo_55_lte_vr_7933,240000,500,1550,18,30,25,0,0.0,Excel Benchmark
yezz_andy_5m_lte_8075,928945,2145,7235,21,30,20,0,0.0,Excel Benchmark
yezz_monte_carlo_55_lte_7932,240000,500,1550,18,30,25,0,0.0,Excel Benchmark
yezz_classic_c23a_7915,231241,241,2041,16,23,20,0,0.0,Estimated
yezz_andy_4e3i_7914,30000,100,400,16,23,20,0,0.0,Estimated
yezz_andy_5e2i_7819,30000,100,400,16,23,20,0,0.0,Estimated
yezz_5m_8470,55000,150,550,16,30,20,0,0.0,Excel Benchmark
yezz_andy_4ei2_7818,30000,100,400,16,23,20,0,0.0,Estimated
yezz_andy_6el_lte_7816,735613,1213,4439,16,30,20,0,0.0,Excel Benchmark
yezz_andy_3_5ei2_7817,30000,100,400,16,23,20,0,0.0,Estimated
yezz_andy_c5e_lte_7728,555381,1381,4943,16,23,20,0,0.0,Excel Benchmark
yezz_andy_5e_lte_7727,555381,1381,4943,16,23,20,0,0.0,Excel Benchmark
yezz_4_5el_lte_8471,70000,180,650,16,28,20,0,0.0,Excel Benchmark
yezz_andy_5ei3_7672,30000,100,400,16,23,20,0,0.0,Estimated
yezz_andy_4el2_lte_7568,555381,1381,4943,16,23,20,0,0.0,Excel Benchmark
yezz_classic_z51_7567,231241,241,2041,16,23,20,0,0.0,Estimated
yezz_andy_3_5ei3_7424,487344,744,3032,16,23,20,0,0.0,Excel Benchmark
yezz_andy_5el_lte_7426,555381,1381,4943,16,23,20,0,0.0,Excel Benchmark
yezz_andy_4_5el_lte_7425,555381,1381,4943,16,23,20,0,0.0,Excel Benchmark
yezz_classic_c60_7264,231241,241,2041,16,23,20,0,0.0,Estimated
yezz_andy_4e_lte_7130,561967,767,4101,16,23,20,0,0.0,Excel Benchmark
yezz_andy_3_5e2i_7128,30000,100,400,16,28,20,0,0.0,Estimated
yezz_andy_4e2i_7129,30000,100,400,16,23,20,0,0.0,Estimated
yezz_z50_6966,231241,241,2041,16,23,20,0,0.0,Estimated
yezz_billy_5s_lte_6923,35000,120,450,21,30,20,0,0.0,Estimated
yezz_zc20_6965,231241,241,2041,16,23,20,0,0.0,Estimated
yezz_andy_c5ml_6872,726979,1379,3937,21,28,20,0,0.0,Excel Benchmark
yezz_billy_4_6707,200000,350,1300,16,23,20,0,0.0,Excel Benchmark
yezz_classic_c21a_6823,231241,241,2041,16,23,20,0,0.0,Estimated
yezz_classic_c22_6824,231241,241,2041,16,23,20,0,0.0,Estimated
yezz_monaco_47_6717,200000,350,1300,21,30,20,0,0.0,Excel Benchmark
yezz_classic_c50_6825,231241,241,2041,16,23,20,0,0.0,Estimated
yezz_art_1_10381,80000,200,700,23,30,25,0,0.0,Excel Benchmark
yezz_andy_c5v_6559,726979,1379,3937,16,28,20,0,0.0,Excel Benchmark
yezz_andy_5t_6578,412178,778,2134,16,30,20,0,0.0,Excel Benchmark
yezz_andy_4_5m_6557,726979,1379,3937,21,28,20,0,0.0,Excel Benchmark
yezz_billy_4_7_6521,200000,350,1300,16,30,20,0,0.0,Excel Benchmark
yezz_andy_4ei_6502,30000,100,400,16,23,20,0,0.0,Estimated
yezz_andy_5_5m_lte_vr_7975,455515,715,1945,21,30,20,0,0.0,Excel Benchmark
yezz_andy_c5ql_6871,726979,1379,3937,21,28,20,0,0.0,Excel Benchmark
yezz_andy_3_5eh_6501,30000,100,400,16,28,20,0,0.0,Estimated
yezz_andy_5ei_6498,30000,100,400,16,28,20,0,0.0,Estimated
yezz_andy_3_5ei_6486,30000,100,400,16,28,20,0,0.0,Estimated
yezz_andy_6q_6431,412178,778,2134,21,30,25,0,0.0,Excel Benchmark
yezz_andy_a5qp_6192,664363,1963,4689,21,30,20,0,0.0,Excel Benchmark
yezz_andy_az4_5_6191,30000,100,400,16,28,20,0,0.0,Estimated
yezz_epic_t7ed_5915,253345,545,3435,16,23,20,0,0.0,Excel Benchmark
yezz_epic_t7fd_5988,231241,241,2041,16,23,20,0,0.0,Estimated
yezz_andy_a6m_5913,726979,1379,3937,21,28,20,0,0.0,Excel Benchmark
yezz_andy_a4m_5912,30000,100,400,16,28,20,0,0.0,Estimated
yezz_andy_c5vp_6560,726979,1379,3937,21,28,20,0,0.0,Excel Benchmark
yezz_andy_a5_1gb_5919,489685,885,4455,16,28,20,0,0.0,Excel Benchmark
yezz_andy_a4_5_1gb_5918,489685,885,4455,21,28,20,0,0.0,Excel Benchmark
yezz_andy_a4_5405,588057,857,4371,16,28,20,0,0.0,Excel Benchmark
yezz_andy_5_5ei_6558,30000,100,400,16,23,20,0,0.0,Estimated
yezz_classic_cc10_5403,231241,241,2041,16,23,20,0,0.0,Estimated
yezz_andy_a5_5339,489685,885,4455,16,28,20,0,0.0,Excel Benchmark
yezz_classic_c21_6344,231241,241,2041,16,23,20,0,0.0,Estimated
yezz_classic_c30_5266,231241,241,2041,16,23,20,0,0.0,Estimated
yezz_andy_a3_5ep_5987,30000,100,400,16,28,20,0,0.0,Estimated
yezz_bonito_yz500_5265,231241,241,2041,16,23,20,0,0.0,Estimated
yezz_andy_3g_3_5_yz1110_5086,265646,646,2738,16,23,20,0,0.0,Excel Benchmark
yezz_andy_a4e_5911,30000,100,400,16,28,20,0,0.0,Estimated
yezz_ritmo_3_tv_yz433_4784,231241,241,2041,16,23,20,0,0.0,Estimated
yezz_epic_t7_5338,620000,1330,3400,16,23,20,0,0.0,Excel Benchmark
yezz_andy_a6m_1gb_5914,726979,1379,3937,21,28,20,0,0.0,Excel Benchmark
yezz_andy_a4_5_5406,141928,528,1384,21,28,20,0,0.0,Excel Benchmark
yezz_ritmo_2_yz420_4783,231241,241,2041,16,23,20,0,0.0,Estimated
yezz_classic_c20_4689,231241,241,2041,16,23,20,0,0.0,Estimated
yezz_andy_3g_4_0_yz1120_4925,265646,646,2738,16,23,20,0,0.0,Excel Benchmark
yezz_andy_a3_5_5404,265646,646,2738,16,28,20,0,0.0,Excel Benchmark
yezz_andy_3g_2_8_yz11_4679,625334,734,2002,16,23,20,0,0.0,Excel Benchmark
yezz_zenior_yz888_4685,231241,241,2041,16,23,20,0,0.0,Estimated
yezz_clasico_yz300_4686,231241,241,2041,16,23,20,0,0.0,Estimated
yezz_exclusive_z10_5087,231241,241,2041,16,23,20,0,0.0,Estimated
yezz_andy_yz1100_4680,523522,1322,4766,16,23,20,0,0.0,Excel Benchmark
yezz_moda_yz600_4683,231241,241,2041,16,23,20,0,0.0,Estimated
yezz_chico_yz200_4687,231241,241,2041,16,23,20,0,0.0,Estimated
yezz_ritmo_yz400_4684,231241,241,2041,16,23,20,0,0.0,Estimated
yezz_bono_3g_yz700_4682,231241,241,2041,16,23,20,0,0.0,Estimated
yezz_fashion_f10_4681,231241,241,2041,16,23,20,0,0.0,Estimated
yezz_chico_2_yz201_4688,231241,241,2041,16,23,20,0,0.0,Estimated
yota_yotaphone_3_8727,95000,240,850,16,50,30,0,0.0,Excel Benchmark
yota_yotaphone_6961,12000,50,200,21,30,20,0,0.0,Estimated
yota_yotaphone_2_6959,90000,220,750,16,50,40,0,0.0,Excel Benchmark
yu_ace_9308,80000,200,700,21,50,35,0,0.0,Excel Benchmark
yu_yunique_2_8788,70000,180,650,21,30,20,0,0.0,Excel Benchmark
yu_yunique_plus_8287,35000,120,450,16,30,20,0,0.0,Estimated
yu_yureka_2_8864,95000,240,850,23,40,25,0,0.0,Excel Benchmark
yu_yureka_s_8286,536428,1028,3884,21,40,25,0,0.0,Excel Benchmark
yu_yureka_note_8035,240000,500,1550,23,40,40,0,0.0,Excel Benchmark
yu_yureka_plus_7436,536428,1028,3884,21,40,20,0,0.0,Excel Benchmark
yu_yunique_7554,35000,120,450,16,30,20,0,0.0,Estimated
yu_yureka_6987,536428,1028,3884,21,30,20,0,0.0,Excel Benchmark
yu_yutopia_7827,120000,250,900,35,50,30,0,0.0,Excel Benchmark
yu_yureka_black_8714,45000,140,500,23,40,25,0,0.0,Estimated
yu_yuphoria_7241,35000,120,450,16,30,20,0,0.0,Estimated
yu_yunicorn_8002,240000,500,1550,21,40,35,0,0.0,Excel Benchmark
zte_nubia_neo_5_max_5g_14903,230000,480,1500,48,53,70,0,0.0,Excel Benchmark
zte_nubia_a77_14909,490939,1339,2817,43,50,45,0,0.0,Excel Benchmark
zte_nubia_air_pro_5g_14754,230000,480,1500,53,80,65,0,0.0,Excel Benchmark
zte_nubia_redmagic_11s_pro_5g__china__14670,786332,2132,5196,65,68,75,0,0.0,Excel Benchmark
zte_nubia_redmagic_11s_pro__5g_14671,786332,2132,5196,65,68,100,0,0.0,Excel Benchmark
zte_nubia_a77_5g_14908,239384,784,2152,43,45,45,0,0.0,Excel Benchmark
zte_nubia_redmagic_11s_pro_5g_14669,4272312,11708,5196,65,68,95,1587,20.3,GSMArena Lab
zte_nubia_neo_5_5g_14595,89608,208,2424,45,53,70,0,0.0,Excel Benchmark
zte_nubia_neo_5_pro_5g_14594,439549,1949,5647,45,65,75,0,0.0,Excel Benchmark
zte_blade_v80_max_14449,490939,1339,2817,48,50,50,0,0.0,Excel Benchmark
zte_nubia_a75_14907,130000,300,950,23,30,45,0,0.0,Excel Benchmark
zte_nubia_a57_14910,490939,1339,2817,23,50,45,0,0.0,Excel Benchmark
zte_nubia_fold_5g_14324,613027,1827,6281,65,53,70,0,0.0,Excel Benchmark
zte_nubia_a76_14906,160000,330,1200,23,30,45,0,0.0,Excel Benchmark
zte_nubia_flip3_5g_14325,30000,110,420,60,53,55,0,0.0,Estimated
zte_nubia_redmagic_11_air_5g_14430,3897036,9891,6281,65,68,75,1515,17.33,GSMArena Lab
zte_nubia_z80_ultra_5g_14247,3874804,10971,4749,85,80,95,1723,20.22,GSMArena Lab
zte_blade_v80_design_14291,695067,1867,6401,48,53,45,0,0.0,Excel Benchmark
zte_nubia_redmagic_11_pro_5g_int_14277,4066291,11259,4749,65,68,95,1569,20.03,GSMArena Lab
zte_redmagic_gaming_tablet_5_pro_14762,4159341,11323,4749,23,50,75,983,10.42,GSMArena Lab
zte_pad_5g_x1102n_14354,120000,250,900,21,33,55,0,0.0,Excel Benchmark
zte_blade_x1001_14525,457479,1879,6437,16,28,50,0,0.0,Excel Benchmark
zte_blade_a36_13966,15000,60,250,21,35,45,0,0.0,Estimated
zte_nubia_air_5g_14123,239384,784,2152,53,75,60,0,0.0,Excel Benchmark
zte_nubia_redmagic_11_pro__5g_14238,561383,983,4749,65,78,100,0,0.0,Excel Benchmark
zte_blade_a76_5g_13932,239384,784,2152,45,35,45,0,0.0,Excel Benchmark
zte_nubia_redmagic_10spro__5g_13905,650366,1366,4898,65,78,80,0,0.0,Excel Benchmark
zte_nubia_z70s_ultra_5g_13819,2542544,9136,6281,85,80,75,1395,12.87,GSMArena Lab
zte_nubia_neo_5_gt_5g_14524,30000,110,420,45,80,75,0,0.0,Estimated
zte_blade_a76_14290,231241,241,2041,36,35,45,0,0.0,Estimated
zte_redmagic_tablet_3_pro_13939,2603900,8142,6281,23,70,75,1036,11.2,GSMArena Lab
zte_nubia_tablet_pro_13820,1903140,2115,6608,28,48,75,0,0.0,Excel Benchmark
zte_nubia_focus_2_ultra_13708,120000,250,900,60,85,60,0,0.0,Excel Benchmark
zte_nubia_focus_2_13709,260880,1080,4040,55,55,45,0,0.0,Excel Benchmark
zte_nubia_flip2_13625,270000,540,1650,60,63,50,0,0.0,Excel Benchmark
zte_nubia_neo_3_13711,239384,784,2152,48,65,65,0,0.0,Excel Benchmark
zte_nubia_redmagic_11_pro_5g_14239,561383,983,4749,65,78,75,0,0.0,Excel Benchmark
zte_nubia_music_2_13611,15000,60,250,41,45,45,0,0.0,Estimated
zte_nubia_z70_ultra_13508,2701464,9509,6281,90,80,75,1382,12.98,GSMArena Lab
zte_nubia_redmagic_10_air_5g_13797,1881709,7129,6608,65,63,75,1023,13.17,GSMArena Lab
zte_nubia_neo_3_gt_13710,439549,1949,5647,43,75,75,0,0.0,Excel Benchmark
zte_nubia_red_magic_10_pro__13495,613027,1827,6281,65,78,80,0,0.0,Excel Benchmark
zte_blade_v80_pro_14305,695067,1867,6401,53,53,45,0,0.0,Excel Benchmark
zte_blade_v70_max_13654,15000,60,250,43,45,50,0,0.0,Estimated
zte_blade_v70_13501,231241,241,2041,53,45,45,0,0.0,Estimated
zte_blade_a56_13948,15000,60,250,23,35,45,0,0.0,Estimated
zte_blade_v60_design_13377,457479,1879,6437,43,35,45,0,0.0,Excel Benchmark
zte_nubia_redmagic_10spro_5g_13906,650366,1366,4898,65,78,75,0,0.0,Excel Benchmark
zte_blade_a35_13468,100000,250,850,16,35,45,0,0.0,Excel Benchmark
zte_blade_a55_13500,100000,250,850,23,35,45,0,0.0,Excel Benchmark
zte_nubia_red_magic_10_pro_13496,2687260,9833,6281,65,78,75,1596,17.22,GSMArena Lab
zte_blade_v70_design_13513,457479,1879,6437,48,45,45,0,0.0,Excel Benchmark
zte_nubia_red_magic_9s_pro_13191,2117667,6403,6608,65,63,75,1058,17.13,GSMArena Lab
zte_nubia_red_magic_9s_pro__13190,1903140,2115,6608,65,63,75,0,0.0,Excel Benchmark
zte_nubia_z60s_pro_13226,1539080,1926,5226,90,63,70,0,12.2,Excel Benchmark
zte_nubia_z60_ultra_leading_13198,1821158,6782,6608,83,65,75,0,14.07,GSMArena Lab
zte_blade_a34_13549,100000,250,850,16,30,45,0,0.0,Excel Benchmark
zte_blade_a33s_13550,100000,250,850,16,28,35,0,0.0,Excel Benchmark
zte_blade_a75_4g_13378,457479,1879,6437,43,35,45,0,0.0,Excel Benchmark
zte_blade_a75_13376,260880,1080,4040,45,45,45,0,0.0,Excel Benchmark
zte_voyage_3d_13178,260880,1080,4040,36,55,55,0,0.0,Excel Benchmark
zte_nubia_red_magic_nova_13303,2128514,7206,6608,50,53,75,517,10.85,GSMArena Lab
zte_nubia_focus_12849,260880,1080,4040,50,45,45,0,0.0,Excel Benchmark
zte_nubia_music_12851,100000,250,850,36,35,45,0,0.0,Excel Benchmark
zte_nubia_pad_3d_ii_12853,1539080,1926,5226,21,48,75,0,0.0,Excel Benchmark
zte_nubia_z60_ultra_12751,2094586,7119,6608,90,65,75,1018,14.95,GSMArena Lab
zte_nubia_neo_2_12852,180000,330,1200,48,55,65,0,0.0,Excel Benchmark
zte_nubia_red_magic_9_pro_12709,2119007,6558,6608,65,63,75,1016,17.63,GSMArena Lab
zte_nubia_focus_pro_12850,260880,1080,4040,75,55,60,0,0.0,Excel Benchmark
zte_axon_60_ultra_12929,1539080,1926,5226,63,53,75,0,0.0,Excel Benchmark
zte_blade_v50_design_12615,260880,1080,4040,43,45,40,0,0.0,Excel Benchmark
zte_axon_60_12988,250000,480,1450,53,40,45,0,0.0,Excel Benchmark
zte_blade_v50_12613,231241,241,2041,48,65,55,0,0.0,Estimated
zte_axon_60_lite_12989,457479,1879,6437,43,30,45,0,0.0,Excel Benchmark
zte_blade_a73_5g_12611,260880,1080,4040,36,35,45,0,0.0,Excel Benchmark
zte_blade_a73_12612,457479,1879,6437,41,35,45,0,0.0,Excel Benchmark
zte_nubia_z50s_pro_12428,1650939,5569,2600,90,63,70,1029,12.48,GSMArena Lab
zte_nubia_red_magic_9_pro__12708,1903140,2115,6608,65,63,75,0,0.0,Excel Benchmark
zte_blade_v50_design_4g_12712,457479,1879,6437,43,40,45,0,0.0,Excel Benchmark
zte_blade_a54_12769,100000,250,850,21,35,45,0,0.0,Excel Benchmark
zte_nubia_neo_12435,180000,330,1200,43,55,40,0,0.0,Excel Benchmark
zte_blade_a53_pro_13552,100000,250,850,21,30,45,0,0.0,Excel Benchmark
zte_blade_a53_13551,100000,250,850,16,30,35,0,0.0,Excel Benchmark
zte_v70_12341,120000,250,900,48,50,70,0,0.0,Excel Benchmark
zte_axon_50_ultra_12228,336254,1654,5762,85,70,70,0,0.0,Excel Benchmark
zte_axon_pad_12229,336254,1654,5762,28,43,75,0,0.0,Excel Benchmark
zte_nubia_red_magic_8s_pro_12398,1326652,5129,5226,50,63,75,784,0.0,GSMArena Lab
zte_blade_a72s_12455,457479,1879,6437,36,35,45,0,0.0,Excel Benchmark
zte_nubia_z50_ultra_12157,1539080,1926,5226,90,65,70,0,0.0,Excel Benchmark
zte_nubia_red_magic_tablet_12402,336254,1654,5762,28,53,75,0,0.0,Excel Benchmark
zte_blade_v40_design_12096,250000,480,1450,43,40,40,0,0.0,Excel Benchmark
zte_nubia_red_magic_8_pro_12015,1288866,5211,5226,50,63,75,821,0.0,GSMArena Lab
zte_blade_v40_12104,520000,800,2300,38,40,50,0,0.0,Excel Benchmark
zte_blade_v41_vita_12018,120000,250,900,43,45,40,0,0.0,Excel Benchmark
zte_blade_v50_vita_12692,457479,1879,6437,38,35,50,0,0.0,Excel Benchmark
zte_nubia_red_magic_8s_pro__12399,1539080,1926,5226,50,63,75,0,0.0,Excel Benchmark
zte_voyage_40_pro__12006,120000,250,900,25,55,65,0,0.0,Excel Benchmark
zte_nubia_z50_12031,1539080,1926,5226,75,80,70,0,0.0,Excel Benchmark
zte_axon_40_se_11944,665020,1220,3460,43,50,40,0,0.0,Excel Benchmark
zte_axon_40_ultra_space_edition_12005,1120000,1610,3860,90,65,70,0,0.0,Excel Benchmark
zte_nubia_red_magic_7s_pro_11649,336254,1654,5762,55,70,75,449,0.0,Excel Benchmark
zte_nubia_red_magic_7s_11664,336254,1654,5762,50,75,70,0,0.0,Excel Benchmark
zte_nubia_red_magic_8_pro__12042,1539080,1926,5226,50,63,75,0,0.0,Excel Benchmark
zte_nubia_flip_12844,700000,1050,3200,45,53,50,0,0.0,Excel Benchmark
zte_nubia_z40s_pro_11698,336254,1654,5762,90,80,95,0,0.0,Excel Benchmark
zte_blade_v40_pro_11660,260000,500,1500,23,50,70,0,0.0,Excel Benchmark
zte_blade_a72_5g_11958,520000,800,2300,26,35,35,0,0.0,Excel Benchmark
zte_blade_a52_11611,100000,250,850,21,30,45,0,0.0,Excel Benchmark
zte_blade_a72_11612,100000,250,850,21,45,50,0,0.0,Excel Benchmark
zte_a41_ultra_5g_14012,1120000,1610,3860,83,70,70,0,0.0,Excel Benchmark
zte_axon_40_ultra_11510,884923,3189,3860,90,65,70,680,0.0,GSMArena Lab
zte_nubia_z40_pro_11379,1120000,1610,3860,78,80,90,0,0.0,Excel Benchmark
zte_nubia_red_magic_7_pro_11364,1056511,3845,3860,55,70,75,447,0.0,GSMArena Lab
zte_blade_a52_lite_11927,231241,241,2041,21,30,35,0,0.0,Estimated
zte_blade_v40_vita_11579,457479,1879,6437,38,35,50,0,0.0,Excel Benchmark
zte_nubia_red_magic_7_11363,1056488,3855,3860,50,75,70,527,0.0,GSMArena Lab
zte_voyage_20_pro_11243,370000,580,1750,25,55,70,0,0.0,Excel Benchmark
zte_blade_a3_plus_11702,80000,200,700,16,28,20,0,0.0,Excel Benchmark
zte_blade_a71_11240,100000,250,850,28,30,35,0,0.0,Excel Benchmark
zte_blade_a31_11238,100000,250,850,16,50,25,0,0.0,Excel Benchmark
zte_blade_a31_plus_11237,100000,250,850,16,28,25,0,0.0,Excel Benchmark
zte_nubia_pad_3d_12152,820000,1130,3500,21,43,65,0,0.0,Excel Benchmark
zte_blade_a7p_11700,130000,300,950,21,30,25,0,0.0,Excel Benchmark
zte_blade_a51_11239,100000,250,850,21,30,25,0,0.0,Excel Benchmark
zte_blade_l9_11203,50000,150,500,16,28,20,0,0.0,Estimated
zte_nubia_red_magic_6s_11082,850000,1180,3600,50,75,50,0,0.0,Excel Benchmark
zte_nubia_red_magic_6s_pro_11083,870708,14612,3600,50,75,75,529,0.0,GSMArena Lab
zte_avid_589_11721,130000,300,950,16,50,25,0,0.0,Excel Benchmark
zte_blade_v30_11009,260000,500,1500,48,40,50,0,0.0,Excel Benchmark
zte_nubia_z30_pro_10914,820000,1130,3500,30,70,65,0,0.0,Excel Benchmark
zte_axon_30_5g_11020,701991,3160,3300,25,65,60,438,0.0,GSMArena Lab
zte_axon_40_pro_11516,750000,1000,3300,25,80,70,0,0.0,Excel Benchmark
zte_axon_30s_11901,750000,1000,3300,25,65,55,0,0.0,Excel Benchmark
zte_axon_30_ultra_5g_10837,703270,3582,3500,30,70,65,698,0.0,GSMArena Lab
zte_blade_v30_vita_11018,231241,241,2041,38,30,45,0,0.0,Estimated
zte_blade_a31_lite_11946,80000,200,700,16,28,20,0,0.0,Excel Benchmark
zte_nubia_red_magic_6r_10929,823354,3486,3500,30,75,55,588,0.0,GSMArena Lab
zte_axon_30_pro_5g_10858,820000,1130,3500,25,65,55,0,0.0,Excel Benchmark
zte_nubia_red_magic_6_10773,708853,3586,3500,50,75,70,444,0.0,GSMArena Lab
zte_s30_se_10821,520000,800,2300,18,40,55,0,0.0,Excel Benchmark
zte_red_magic_watch_10774,231241,241,2041,16,38,20,0,0.0,Estimated
zte_link_ii_11722,813148,1748,4044,16,28,20,0,0.0,Excel Benchmark
zte_s30_pro_10798,620000,1050,2900,30,75,55,0,0.0,Excel Benchmark
zte_blade_x1_5g_10706,350000,620,1900,25,40,40,0,0.0,Excel Benchmark
zte_cymbal_u_11727,813148,1748,4044,16,28,20,0,0.0,Excel Benchmark
zte_blade_20_pro_5g_10613,350000,620,1900,25,50,40,0,0.0,Excel Benchmark
zte_s30_10820,260000,510,1600,25,45,40,0,0.0,Excel Benchmark
zte_watch_live_10611,231241,241,2041,16,28,20,0,0.0,Estimated
zte_blade_20_5g_10567,370000,580,1750,28,30,35,0,0.0,Excel Benchmark
zte_nubia_red_magic_6_pro_10772,820000,1130,3500,50,75,75,0,0.0,Excel Benchmark
zte_blade_v2020_5g_10614,85000,200,700,25,40,40,0,0.0,Excel Benchmark
zte_blade_11_prime_10885,130000,300,950,23,30,55,0,0.0,Excel Benchmark
zte_axon_20_5g_extreme_10617,350000,620,1900,30,55,40,0,0.0,Excel Benchmark
zte_axon_20_5g_10370,320399,1957,1900,30,55,40,406,0.0,GSMArena Lab
zte_gabb_z2_11723,502465,1665,4795,16,50,20,0,0.0,Excel Benchmark
zte_blade_a5_2020_11197,100000,250,850,23,30,25,0,0.0,Excel Benchmark
zte_nubia_red_magic_5s_10339,557056,13400,3100,50,70,60,459,0.0,GSMArena Lab
zte_blade_a3y_11728,502465,1665,4795,16,50,20,0,0.0,Excel Benchmark
zte_nubia_watch_10341,20000,80,300,16,38,20,0,0.0,Estimated
zte_blade_a7s_2020_10571,100000,250,850,23,30,35,0,0.0,Excel Benchmark
zte_quest_5_11729,80000,200,700,16,28,20,0,0.0,Excel Benchmark
zte_blade_v40s_11917,665020,1220,3460,43,50,40,0,0.0,Excel Benchmark
zte_nubia_red_magic_5g_lite_10282,350000,620,1900,18,70,50,0,0.0,Excel Benchmark
zte_axon_11_se_5g_10281,85000,200,700,25,40,40,0,0.0,Excel Benchmark
zte_nubia_play_10193,350000,620,1900,18,70,50,0,0.0,Excel Benchmark
zte_axon_11_4g_10284,270000,500,1500,23,50,35,0,0.0,Excel Benchmark
zte_blade_a3_prime_11724,502465,1665,4795,16,50,20,0,0.0,Excel Benchmark
zte_watch_gt_10823,231241,241,2041,16,38,20,0,0.0,Estimated
zte_axon_11_5g_10139,350000,620,1900,25,50,40,0,0.0,Excel Benchmark
zte_blade_max_view_10070,50000,150,550,23,40,35,0,0.0,Estimated
zte_cymbal_2_11705,813148,1748,4044,16,28,20,0,0.0,Excel Benchmark
zte_blade_a7_prime_9955,502465,1665,4795,21,30,25,0,0.0,Excel Benchmark
zte_axon_20_4g_10601,260000,500,1500,28,50,35,0,0.0,Excel Benchmark
zte_blade_vantage_2_11731,502465,1665,4795,16,28,20,0,0.0,Excel Benchmark
zte_axon_10s_pro_5g_9998,700000,900,3100,75,50,60,0,0.0,Excel Benchmark
zte_blade_10_prime_9954,240000,450,1400,33,40,30,0,0.0,Excel Benchmark
zte_nubia_z20_9780,371150,10101,2700,73,55,40,615,0.0,GSMArena Lab
zte_avid_579_11726,549414,814,2242,16,50,20,0,0.0,Excel Benchmark
zte_nubia_red_magic_3_9692,387726,11345,2600,50,55,50,377,0.0,GSMArena Lab
zte_avid_559_11730,20000,80,300,16,28,20,0,0.0,Estimated
zte_blade_a5__2019__9712,100000,250,850,23,50,20,0,0.0,Excel Benchmark
zte_blade_a3_joy_11725,549414,814,2242,16,50,20,0,0.0,Excel Benchmark
zte_blade_a3__2019__9713,80000,200,700,16,28,20,0,0.0,Excel Benchmark
zte_blade_l8_9714,50000,150,500,16,28,20,0,0.0,Estimated
zte_nubia_red_magic_3s_9839,495229,11310,2700,50,55,50,0,0.0,GSMArena Lab
zte_axon_10_pro_9695,580000,750,2600,75,50,60,0,0.0,Excel Benchmark
zte_blade_v10_9611,270000,500,1500,38,40,25,0,0.0,Excel Benchmark
zte_nubia_alpha_9612,20000,80,300,16,38,20,0,0.0,Estimated
zte_blade_v10_vita_9715,100000,250,850,23,30,25,0,0.0,Excel Benchmark
zte_axon_10_pro_5g_9610,580000,750,2600,75,50,60,0,0.0,Excel Benchmark
zte_nubia_red_magic_9174,300000,420,1800,25,40,30,0,0.0,Excel Benchmark
zte_nubia_red_magic_mars_9433,400000,500,2200,30,40,30,0,0.0,Excel Benchmark
zte_nubia_x_9347,400000,500,2200,28,40,30,0,0.0,Excel Benchmark
zte_blade_a7_vita_9701,40000,130,480,23,50,25,0,0.0,Estimated
zte_nubia_z18_mini_9161,170000,350,1300,25,40,25,0,0.0,Excel Benchmark
zte_nubia_v18_9133,95000,240,850,23,40,35,0,0.0,Excel Benchmark
zte_nubia_n3_9110,95000,240,850,28,40,50,0,0.0,Excel Benchmark
zte_blade_20_9921,240000,450,1400,28,30,50,0,0.0,Excel Benchmark
zte_blade_v9_8971,75000,200,750,28,40,25,0,0.0,Excel Benchmark
zte_nubia_z18_9171,400000,500,2200,50,40,30,0,0.0,Excel Benchmark
zte_tempo_go_9083,20000,80,300,16,23,20,0,0.0,Estimated
zte_blade_v9_vita_9088,50000,150,550,23,50,25,0,0.0,Estimated
zte_blade_a6_8970,50000,150,550,21,30,45,0,0.0,Estimated
zte_axon_9_pro_9069,400000,500,2200,45,50,60,0,0.0,Excel Benchmark
zte_blade_x_8913,40000,130,480,21,30,25,0,0.0,Estimated
zte_blade_a7_9697,240000,450,1400,21,30,25,0,0.0,Excel Benchmark
zte_nubia_z17_minis_8896,476041,2041,6923,23,40,30,0,0.0,Excel Benchmark
zte_nubia_red_magic_5g_10071,557056,13370,3100,50,70,60,685,0.0,GSMArena Lab
zte_blade_z_max_8290,50000,150,550,23,40,40,0,0.0,Estimated
zte_nubia_z17_lite_8838,476041,2041,6923,30,40,30,0,0.0,Excel Benchmark
zte_tempo_x_8894,20000,80,300,16,28,20,0,0.0,Estimated
zte_nubia_z17s_8901,300000,420,1800,23,40,30,0,0.0,Excel Benchmark
zte_blade_a601_8793,231241,241,2041,16,30,35,0,0.0,Estimated
zte_grand_x_view_2_8779,20000,80,300,16,28,40,0,0.0,Estimated
zte_blade_v7_plus_8752,240000,500,1550,21,40,20,0,0.0,Excel Benchmark
zte_maven_2_9033,20000,80,300,16,28,20,0,0.0,Estimated
zte_nubia_n2_8748,240000,500,1550,28,40,50,0,0.0,Excel Benchmark
zte_nubia_m2_lite_8747,240000,500,1550,28,30,30,0,0.0,Excel Benchmark
zte_nubia_m2_play_8726,50000,150,550,21,25,25,0,0.0,Estimated
zte_blade_force_8895,411929,329,2787,16,30,25,0,0.0,Excel Benchmark
zte_nubia_z17_8677,300000,6622,1800,30,40,30,0,0.0,Excel Benchmark
zte_axon_7s_8658,200000,350,1300,25,60,30,0,0.0,Excel Benchmark
zte_nubia_z17_mini_8615,130000,300,1100,30,40,25,0,0.0,Excel Benchmark
zte_axon_m_8902,200000,350,1300,18,40,30,0,0.0,Excel Benchmark
zte_max_xl_8660,50000,150,550,21,40,30,0,0.0,Estimated
zte_nubia_n1_lite_8607,70000,180,650,16,30,25,0,0.0,Excel Benchmark
zte_nubia_m2_8746,95000,240,850,30,50,30,0,0.0,Excel Benchmark
zte_blade_a2_plus_8562,240000,500,1550,23,40,45,0,0.0,Excel Benchmark
zte_blade_v8_pro_8504,95000,240,850,25,40,30,0,0.0,Excel Benchmark
zte_hawkeye_8530,95000,240,850,23,40,30,0,0.0,Excel Benchmark
zte_blade_v8_8501,50000,150,550,21,40,20,0,0.0,Estimated
zte_axon_7_max_8401,95000,240,850,23,40,40,0,0.0,Excel Benchmark
zte_blade_v7_max_8398,231241,241,2041,23,40,25,0,0.0,Estimated
zte_blade_v8_lite_8601,240000,500,1550,16,30,20,0,0.0,Excel Benchmark
zte_warp_7_8300,231241,241,2041,21,30,25,0,0.0,Estimated
zte_zmax_pro_8096,692191,2191,5373,21,40,25,0,0.0,Excel Benchmark
zte_blade_a3_9038,70000,180,650,21,30,35,0,0.0,Excel Benchmark
zte_nubia_z11_mini_s_8387,95000,240,850,16,40,30,0,0.0,Excel Benchmark
zte_nubia_n1_8182,240000,500,1550,21,40,45,0,0.0,Excel Benchmark
zte_blade_v8_mini_8600,50000,150,550,21,30,20,0,0.0,Estimated
zte_axon_7_8067,180000,330,1200,40,60,30,0,0.0,Excel Benchmark
zte_blade_a520_8609,70000,180,650,18,30,20,0,0.0,Excel Benchmark
zte_quartz_8567,20000,80,300,16,38,20,0,0.0,Estimated
zte_blade_l110__a110__8548,50000,150,500,16,23,20,0,0.0,Estimated
zte_grand_x_max_2_8110,692191,2191,5373,21,40,30,0,0.0,Excel Benchmark
zte_nubia_z11_mini_8044,692191,2191,5373,23,40,20,0,0.0,Excel Benchmark
zte_blade_a610_8294,455515,715,1945,16,30,35,0,0.0,Excel Benchmark
zte_blade_a512_8293,40000,130,480,21,30,20,0,0.0,Estimated
zte_axon_7_mini_8232,692191,2191,5373,23,50,25,0,0.0,Excel Benchmark
zte_nubia_z11_8091,180000,330,1200,40,40,30,0,0.0,Excel Benchmark
zte_blade_v7_7943,240000,500,1550,21,40,20,0,0.0,Excel Benchmark
zte_blade_a2_8143,240000,500,1550,21,30,20,0,0.0,Excel Benchmark
zte_axon_max_7938,692191,2191,5373,21,40,40,0,0.0,Excel Benchmark
zte_grand_x4_8638,40000,130,480,21,30,25,0,0.0,Estimated
zte_blade_l5_plus_8063,55000,150,550,16,30,20,0,0.0,Excel Benchmark
zte_avid_plus_7853,20000,80,300,16,28,20,0,0.0,Estimated
zte_nubia_z11_max_8092,130000,300,1100,23,50,40,0,0.0,Excel Benchmark
zte_blade_v_plus_7963,240000,500,1550,21,40,25,0,0.0,Excel Benchmark
zte_blade_a452_8295,928945,2145,7235,16,30,35,0,0.0,Excel Benchmark
zte_axon_watch_7692,30000,110,420,16,38,20,0,0.0,Estimated
zte_axon_7686,90000,220,750,23,40,25,0,0.0,Excel Benchmark
zte_blade_x3_7763,928945,2145,7235,16,30,35,0,0.0,Excel Benchmark
zte_grand_x_3_7852,20000,80,300,16,30,25,0,0.0,Estimated
zte_axon_mini_7646,487940,2140,7220,23,50,20,0,0.0,Excel Benchmark
zte_axon_elite_7542,120000,250,900,25,40,30,0,0.0,Excel Benchmark
zte_nubia_prague_s_7868,536428,1028,3884,23,50,20,0,0.0,Excel Benchmark
zte_zmax_2_7572,35000,120,450,16,30,25,0,0.0,Estimated
zte_boost_max__7430,231241,241,2041,16,30,25,0,0.0,Estimated
zte_blade_a460_7799,20000,80,300,16,28,20,0,0.0,Estimated
zte_blade_s7_7670,536428,1028,3884,21,40,20,0,0.0,Excel Benchmark
zte_blade_d6_7428,455515,715,1945,21,30,20,0,0.0,Excel Benchmark
zte_axon_pro_7422,120000,250,900,25,50,30,0,0.0,Excel Benchmark
zte_nubia_my_prague_7485,536428,1028,3884,23,50,20,0,0.0,Excel Benchmark
zte_blade_x5_7762,231241,241,2041,23,30,20,0,0.0,Estimated
zte_blade_v7_lite_7944,928945,2145,7235,23,30,20,0,0.0,Excel Benchmark
zte_obsidian_7481,555381,1381,4943,16,23,20,0,0.0,Excel Benchmark
zte_blade_apex_3_7790,35000,120,450,16,28,20,0,0.0,Estimated
zte_maven_7355,35000,120,450,16,28,20,0,0.0,Estimated
zte_blade_q_pro_8244,50000,150,500,16,28,20,0,0.0,Estimated
zte_axon_lux_7441,120000,250,900,25,50,30,0,0.0,Excel Benchmark
zte_sonata_2_7356,231241,241,2041,16,23,20,0,0.0,Estimated
zte_blade_a910_9152,455515,715,1945,23,40,20,0,0.0,Excel Benchmark
zte_blade_qlux_4g_7294,561967,767,4101,16,28,20,0,0.0,Excel Benchmark
zte_blade_x9_7761,536428,1028,3884,21,40,25,0,0.0,Excel Benchmark
zte_blade_a410_8114,555381,1381,4943,16,23,20,0,0.0,Excel Benchmark
zte_nubia_z9_max_7116,120000,250,900,25,40,20,0,0.0,Excel Benchmark
zte_nubia_z9_7207,120000,250,900,25,40,20,0,0.0,Excel Benchmark
zte_open_l_7106,20000,80,300,16,23,20,0,0.0,Estimated
zte_nubia_z9_mini_7149,536428,1028,3884,23,40,20,0,0.0,Excel Benchmark
zte_blade_l3_plus_7891,412178,778,2134,21,25,20,0,0.0,Excel Benchmark
zte_blade_g_lux_7057,30000,100,400,16,23,20,0,0.0,Estimated
zte_blade_l3_7105,726979,1379,3937,16,23,20,0,0.0,Excel Benchmark
zte_v5_lux_7056,35000,120,450,21,30,20,0,0.0,Estimated
zte_blade_g_7058,30000,100,400,16,23,20,0,0.0,Estimated
zte_blade_s6_plus_7168,536428,1028,3884,21,30,25,0,0.0,Excel Benchmark
zte_blade_s6_6954,536428,1028,3884,21,30,20,0,0.0,Excel Benchmark
zte_star_2_6914,90000,220,750,23,40,20,0,0.0,Excel Benchmark
zte_grand_s_ii_6847,85000,200,700,21,40,20,0,0.0,Excel Benchmark
zte_speed_6898,35000,120,450,16,23,20,0,0.0,Estimated
zte_grand_s_pro_7155,90000,220,750,21,30,20,0,0.0,Excel Benchmark
zte_zinger_7156,200000,350,1300,16,23,20,0,0.0,Excel Benchmark
zte_grand_xmax_6718,200000,350,1300,16,25,25,0,0.0,Excel Benchmark
zte_zmax_6697,30000,110,420,16,25,25,0,0.0,Estimated
zte_grand_s3_7078,90000,220,750,25,40,25,0,0.0,Excel Benchmark
zte_imperial_ii_7157,30000,110,420,16,23,20,0,0.0,Estimated
zte_blade_vec_3g_6644,412178,778,2134,16,25,20,0,0.0,Excel Benchmark
zte_grand_x_max__6915,30000,110,420,21,30,25,0,0.0,Estimated
zte_kis_3_max_6641,30000,100,400,16,23,20,0,0.0,Estimated
zte_nubia_z7_6490,90000,220,750,38,50,25,0,0.0,Excel Benchmark
zte_nubia_z7_mini_6492,90000,220,750,21,40,20,0,0.0,Excel Benchmark
zte_blade_l2_6367,726979,1379,3937,16,23,20,0,0.0,Excel Benchmark
zte_kis_3_6579,402467,1267,3601,16,28,20,0,0.0,Excel Benchmark
zte_blade_vec_4g_6645,30000,110,420,21,25,20,0,0.0,Estimated
zte_blade_g2_6381,141928,528,1384,16,28,20,0,0.0,Excel Benchmark
zte_grand_x_plus_z826_6904,30000,110,420,16,30,20,0,0.0,Estimated
zte_redbull_v5_v9180_6679,30000,110,420,21,30,20,0,0.0,Estimated
zte_star_1_6324,30000,110,420,16,40,20,0,0.0,Estimated
zte_open_ii_6156,200000,350,1300,16,23,20,0,0.0,Excel Benchmark
zte_nubia_x6_6236,90000,220,750,36,40,35,0,0.0,Excel Benchmark
zte_open_c_6155,200000,350,1300,16,23,20,0,0.0,Excel Benchmark
zte_grand_x2_7656,30000,110,420,16,30,20,0,0.0,Estimated
zte_iconic_phablet_5962,540751,751,3053,16,30,25,0,0.0,Excel Benchmark
zte_grand_memo_ii_lte_6154,30000,110,420,21,30,25,0,0.0,Estimated
zte_nubia_z5s_5852,85000,200,700,38,40,20,0,0.0,Excel Benchmark
zte_nubia_z5s_mini_nx403a_5853,473026,2026,6878,21,30,20,0,0.0,Excel Benchmark
zte_blade_q_maxi_5826,30000,100,400,16,28,20,0,0.0,Estimated
zte_blade_q_mini_5824,30000,100,400,16,28,20,0,0.0,Estimated
zte_blade_q_5825,30000,100,400,16,28,20,0,0.0,Estimated
zte_nubia_z7_max_6491,90000,220,750,23,40,25,0,0.0,Excel Benchmark
zte_sonata_4g_5963,30000,110,420,16,23,20,0,0.0,Estimated
zte_warp_4g_5755,30000,110,420,16,30,20,0,0.0,Estimated
zte_blade_g_v880g_5620,12000,50,200,16,28,20,0,0.0,Estimated
zte_imperial_5552,231241,241,2041,16,23,20,0,0.0,Estimated
zte_vital_n9810_5511,12000,50,200,21,30,20,0,0.0,Estimated
zte_grand_x_pro_5499,151085,285,655,16,25,20,0,0.0,Excel Benchmark
zte_grand_x2_in_5455,570391,391,1973,16,30,20,0,0.0,Excel Benchmark
zte_grand_x_quad_v987_5376,141928,528,1384,16,25,20,0,0.0,Excel Benchmark
zte_blade_iii_pro_5425,12000,50,200,16,23,20,0,0.0,Estimated
zte_grand_s_ii_s291_5948,90000,220,750,21,40,25,0,0.0,Excel Benchmark
zte_open_5320,402467,1267,3601,16,23,20,0,0.0,Excel Benchmark
zte_blade_c_v807_5277,151085,285,655,16,23,20,0,0.0,Excel Benchmark
zte_grand_memo_v9815_5330,85000,200,700,21,25,25,0,0.0,Excel Benchmark
zte_blade_v_5682,12000,50,200,16,23,20,0,0.0,Estimated
zte_v81_5269,12000,50,200,16,23,25,0,0.0,Estimated
zte_grand_s_flex_5834,30000,110,420,16,30,20,0,0.0,Estimated
zte_v889m_5136,151085,285,655,16,23,20,0,0.0,Excel Benchmark
zte_nubia_z5s_mini_nx405h_6607,30000,110,420,21,30,20,0,0.0,Estimated
zte_avid_4g_5173,231241,241,2041,16,23,20,0,0.0,Estimated
zte_kis_iii_v790_5134,402467,1267,3601,16,23,20,0,0.0,Excel Benchmark
zte_v887_5135,151085,285,655,16,23,20,0,0.0,Excel Benchmark
zte_reef_5659,700000,900,3100,16,23,20,0,0.0,Excel Benchmark
zte_grand_s_5240,12000,50,200,21,40,20,0,0.0,Estimated
zte_nubia_z5_5647,473026,2026,6878,21,40,20,0,0.0,Excel Benchmark
zte_anthem_4g_5006,646741,741,4023,16,23,20,0,0.0,Excel Benchmark
zte_director_5470,100000,250,900,16,23,20,0,0.0,Excel Benchmark
zte_grand_era_u895_5004,297946,946,3638,16,25,20,0,0.0,Excel Benchmark
zte_geek_v975_5402,570391,391,1973,16,30,20,0,0.0,Excel Benchmark
zte_n880e_4880,398457,1257,3571,16,23,20,0,0.0,Excel Benchmark
zte_grand_x_lte_t82_4873,12000,50,200,16,28,20,0,0.0,Estimated
zte_flash_4893,12000,50,200,16,30,20,0,0.0,Estimated
zte_u880e_4776,130000,550,1000,16,23,20,0,0.0,Excel Benchmark
zte_score_m_4650,231241,241,2041,16,23,20,0,0.0,Estimated
zte_light_tab_300_4595,231241,241,2041,16,28,20,0,0.0,Estimated
zte_blade_iii_4983,215427,227,481,16,23,20,0,0.0,Excel Benchmark
zte_v96_4593,12000,50,200,16,23,20,0,0.0,Estimated
zte_pf_100_4590,297946,946,3638,16,23,20,0,0.0,Excel Benchmark
zte_warp_sequent_5007,700000,900,3100,16,23,20,0,0.0,Excel Benchmark
zte_era_4581,297946,946,3638,16,23,20,0,0.0,Excel Benchmark
zte_t98_4591,297946,946,3638,16,23,20,0,0.0,Excel Benchmark
zte_pf112_hd_4582,231241,241,2041,16,25,20,0,0.0,Estimated
zte_skate_acqua_4583,215427,227,481,16,23,20,0,0.0,Excel Benchmark
zte_grand_x_in_4962,100000,250,900,16,23,20,0,0.0,Excel Benchmark
zte_kis_v788_4586,231241,241,2041,16,23,20,0,0.0,Estimated
zte_light_tab_3_v9s_4592,50000,150,500,16,23,35,0,0.0,Estimated
zte_v880e_4598,231241,241,2041,16,23,20,0,0.0,Estimated
zte_nova_3_5_4599,231241,241,2041,16,23,20,0,0.0,Estimated
zte_nova_4_v8000_4600,700000,900,3100,16,23,20,0,0.0,Excel Benchmark
zte_orbit_4585,231241,241,2041,16,23,20,0,0.0,Estimated
zte_style_messanger_4603,231241,241,2041,16,23,20,0,0.0,Estimated
zte_v875_4607,231241,241,2041,16,23,20,0,0.0,Estimated
zte_style_q_4602,231241,241,2041,16,23,20,0,0.0,Estimated
zte_nova_messenger_4601,231241,241,2041,16,23,20,0,0.0,Estimated
zte_blade_ii_v880__4608,215427,227,481,16,38,20,0,0.0,Excel Benchmark
zte_pf200_4556,231241,241,2041,16,28,20,0,0.0,Estimated
zte_optik_4506,170000,350,1300,16,23,35,0,0.0,Excel Benchmark
zte_light_tab_2_v9a_4467,30000,100,350,16,28,25,0,0.0,Estimated
zte_ftv_phone_4388,374909,1309,2727,16,38,20,0,0.0,Excel Benchmark
zte_memo_4310,231241,241,2041,16,23,20,0,0.0,Estimated
zte_grand_x_v970_4597,837309,1709,4927,16,28,20,0,0.0,Excel Benchmark
zte_light_tab_v9c_4466,231241,241,2041,16,28,25,0,0.0,Estimated
zte_chorus_4345,231241,241,2041,16,23,20,0,0.0,Estimated
zte_tania_4304,30000,100,350,16,23,20,0,0.0,Estimated
zte_n910_4557,231241,241,2041,16,28,20,0,0.0,Estimated
zte_n721_4760,231241,241,2041,16,23,20,0,0.0,Estimated
zte_score_4311,231241,241,2041,16,23,20,0,0.0,Estimated
zte_avail_4244,231241,241,2041,16,23,20,0,0.0,Estimated
zte_skate_3784,231241,241,2041,16,23,20,0,0.0,Estimated
zte_groove_x501_5133,562469,869,4407,16,23,20,0,0.0,Excel Benchmark
zte_v821_4042,523522,1322,4766,16,23,20,0,0.0,Excel Benchmark
zte_v9_3903,231241,241,2041,16,23,25,0,0.0,Estimated
zte_u900_3791,231241,241,2041,16,23,20,0,0.0,Estimated
zte_sage_3737,231241,241,2041,16,23,20,0,0.0,Estimated
zte_racer_ii_4290,231241,241,2041,16,23,20,0,0.0,Estimated
zte_libra_3790,374909,1309,2727,16,23,20,0,0.0,Excel Benchmark
zte_rio_4073,231241,241,2041,16,23,20,0,0.0,Estimated
zte_warp_4313,700000,900,3100,16,23,20,0,0.0,Excel Benchmark
zte_n280_3601,231241,241,2041,16,23,20,0,0.0,Estimated
zte_r228_dual_sim_4341,231241,241,2041,16,23,20,0,0.0,Estimated
zte_r228_4342,231241,241,2041,16,23,20,0,0.0,Estimated
zte_r220_4077,231241,241,2041,16,23,20,0,0.0,Estimated
zte_n290_3602,231241,241,2041,16,23,20,0,0.0,Estimated
zte_r221_3604,231241,241,2041,16,23,20,0,0.0,Estimated
zte_salute_f350_3491,231241,241,2041,16,23,20,0,0.0,Estimated
zte_f107_3727,231241,241,2041,16,23,20,0,0.0,Estimated
zte_e_n72_3485,231241,241,2041,16,23,20,0,0.0,Estimated
zte_racer_3423,374909,1309,2727,16,23,20,0,0.0,Excel Benchmark
zte_f951_3489,231241,241,2041,16,23,20,0,0.0,Estimated
zte_amigo_3785,231241,241,2041,16,23,20,0,0.0,Estimated
zte_x990_3244,231241,241,2041,16,23,20,0,0.0,Estimated
zte_v9__3902,30000,100,350,16,23,20,0,0.0,Estimated
zte_x760_3120,231241,241,2041,16,23,20,0,0.0,Estimated
zte_e811_3114,231241,241,2041,16,23,20,0,0.0,Estimated
zte_r230_4078,231241,241,2041,16,23,20,0,0.0,Estimated
zte_raise_3113,231241,241,2041,16,23,20,0,0.0,Estimated
zte_s302_3222,231241,241,2041,16,23,20,0,0.0,Estimated
zte_f233_3110,231241,241,2041,16,23,20,0,0.0,Estimated
zte_bingo_3197,231241,241,2041,16,23,20,0,0.0,Estimated
zte_xiang_3112,320486,1486,3258,16,23,20,0,0.0,Excel Benchmark
zte_a261_3214,231241,241,2041,16,23,20,0,0.0,Estimated
zte_blade_3391,374909,1309,2727,16,38,20,0,0.0,Excel Benchmark
zte_f870_3103,231241,241,2041,16,23,20,0,0.0,Estimated
zte_f928_3104,231241,241,2041,16,23,20,0,0.0,Estimated
zte_f101_3101,231241,241,2041,16,23,20,0,0.0,Estimated
zte_s213_3600,231241,241,2041,16,23,20,0,0.0,Estimated
zte_f103_3099,231241,241,2041,16,23,20,0,0.0,Estimated
zte_coral200_sollar_3213,231241,241,2041,16,23,20,0,0.0,Estimated
zte_f100_3100,231241,241,2041,16,23,20,0,0.0,Estimated
zte_nubia_x_5g_9755,580000,750,2600,28,40,30,0,0.0,Excel Benchmark
zte_f952_3105,231241,241,2041,16,23,20,0,0.0,Estimated
zte_blade_v20_9913,231241,241,2041,21,30,50,0,0.0,Estimated
zte_x990d_3603,231241,241,2041,16,23,20,0,0.0,Estimated
zte_f912_3111,231241,241,2041,16,38,20,0,0.0,Estimated
zte_f600_3102,231241,241,2041,16,23,20,0,0.0,Estimated
