price_id,variant_id,brand,product_name,retailer,condition,sub_condition,price,original_price,ram_gb,rom_gb,stock_status,product_url,crawled_at
"CPS_NEW_apple_iphone_17_pro_max_8_256_1789318751962_0","apple_iphone_17_pro_max_8_256","Apple","iPhone 17 Pro Max 256GB | Chính hãng","CellphoneS","new","Mới 100% Chính Hãng",34590000,37990000,8,256,"in_stock","https://cellphones.com.vn/iphone-17-pro-max.html","2026-09-13T16:59:11.962Z"
"CPS_NEW_apple_iphone_17_pro_8_256_1789318751963_1","apple_iphone_17_pro_8_256","Apple","iPhone 17 Pro 256GB | Chính hãng","CellphoneS","new","Mới 100% Chính Hãng",31790000,34990000,8,256,"in_stock","https://cellphones.com.vn/iphone-17-pro.html","2026-09-13T16:59:11.963Z"
"CPS_NEW_apple_iphone_17_8_256_1789318751963_2","apple_iphone_17_8_256","Apple","iPhone 17 256GB | Chính hãng","CellphoneS","new","Mới 100% Chính Hãng",28490000,28990000,8,256,"in_stock","https://cellphones.com.vn/iphone-17-256gb.html","2026-09-13T16:59:11.963Z"
"CPS_NEW_apple_iphone_18_pro_max_8_256_1789318751963_3","apple_iphone_18_pro_max_8_256","Apple","iPhone 18 Pro Max 256GB","CellphoneS","new","Mới 100% Chính Hãng",41990000,41990000,8,256,"in_stock","https://cellphones.com.vn/iphone-18-pro-max.html","2026-09-13T16:59:11.963Z"
"CPS_NEW_apple_iphone_17_pro_max_8_512_1789318751964_4","apple_iphone_17_pro_max_8_512","Apple","iPhone 17 Pro Max 512GB | Chính hãng","CellphoneS","new","Mới 100% Chính Hãng",40990000,44490000,8,512,"in_stock","https://cellphones.com.vn/iphone-17-pro-max-512gb.html","2026-09-13T16:59:11.964Z"
"CPS_NEW_apple_iphone_air_8_256_1789318751964_5","apple_iphone_air_8_256","Apple","iPhone Air 256GB | Chính hãng","CellphoneS","new","Mới 100% Chính Hãng",22990000,31990000,8,256,"in_stock","https://cellphones.com.vn/iphone-air-256gb.html","2026-09-13T16:59:11.964Z"
"CPS_NEW_apple_i_n_tho_i_iphone_16_pro_max_8_256_1789318751964_6","apple_i_n_tho_i_iphone_16_pro_max_8_256","Apple","Điện thoại iPhone 16 Pro Max 256GB","CellphoneS","new","Mới 100% Chính Hãng",30990000,34990000,8,256,"in_stock","https://cellphones.com.vn/iphone-16-pro-max.html","2026-09-13T16:59:11.964Z"
"CPS_NEW_apple_iphone_15_8_128_1789318751964_7","apple_iphone_15_8_128","Apple","iPhone 15 128GB | Chính hãng VN/A","CellphoneS","new","Mới 100% Chính Hãng",21790000,22990000,8,128,"in_stock","https://cellphones.com.vn/iphone-15.html","2026-09-13T16:59:11.964Z"
"CPS_NEW_apple_iphone_17_pro_8_512_1789318751965_8","apple_iphone_17_pro_8_512","Apple","iPhone 17 Pro 512GB | Chính hãng","CellphoneS","new","Mới 100% Chính Hãng",38490000,41490000,8,512,"in_stock","https://cellphones.com.vn/iphone-17-pro-512gb.html","2026-09-13T16:59:11.965Z"
"CPS_NEW_apple_iphone_17e_8_256_1789318751965_9","apple_iphone_17e_8_256","Apple","iPhone 17e 256GB | Chính hãng","CellphoneS","new","Mới 100% Chính Hãng",20590000,21990000,8,256,"in_stock","https://cellphones.com.vn/iphone-17e.html","2026-09-13T16:59:11.965Z"
"CPS_NEW_apple_iphone_13_8_128_1789318751965_10","apple_iphone_13_8_128","Apple","iPhone 13 128GB | Chính hãng VN/A","CellphoneS","new","Mới 100% Chính Hãng",14990000,15990000,8,128,"in_stock","https://cellphones.com.vn/iphone-13.html","2026-09-13T16:59:11.965Z"
"CPS_NEW_apple_iphone_18_pro_8_256_1789318751965_11","apple_iphone_18_pro_8_256","Apple","iPhone 18 Pro 256GB","CellphoneS","new","Mới 100% Chính Hãng",38990000,38990000,8,256,"in_stock","https://cellphones.com.vn/iphone-18-pro.html","2026-09-13T16:59:11.965Z"
"CPS_NEW_apple_iphone_16e_8_128_1789318751965_12","apple_iphone_16e_8_128","Apple","iPhone 16e 128GB | Chính hãng VN/A","CellphoneS","new","Mới 100% Chính Hãng",13690000,13690000,8,128,"in_stock","https://cellphones.com.vn/iphone-16e.html","2026-09-13T16:59:11.965Z"
"CPS_NEW_apple_iphone_17_pro_max_8_1024_1789318751965_13","apple_iphone_17_pro_max_8_1024","Apple","iPhone 17 Pro Max 1TB | Chính hãng","CellphoneS","new","Mới 100% Chính Hãng",47590000,50990000,8,1024,"in_stock","https://cellphones.com.vn/iphone-17-pro-max-1tb.html","2026-09-13T16:59:11.965Z"
"CPS_NEW_apple_iphone_14_8_128_1789318751965_14","apple_iphone_14_8_128","Apple","iPhone 14 128GB  | Chính hãng VN/A","CellphoneS","new","Mới 100% Chính Hãng",17990000,17990000,8,128,"in_stock","https://cellphones.com.vn/iphone-14.html","2026-09-13T16:59:11.965Z"
"CPS_NEW_apple_iphone_16_pro_max_8_512_1789318751965_15","apple_iphone_16_pro_max_8_512","Apple","iPhone 16 Pro Max 512GB | Chính hãng VN/A","CellphoneS","new","Mới 100% Chính Hãng",38990000,40990000,8,512,"in_stock","https://cellphones.com.vn/iphone-16-pro-max-512gb.html","2026-09-13T16:59:11.965Z"
"CPS_NEW_apple_iphone_17_8_512_1789318751966_16","apple_iphone_17_8_512","Apple","iPhone 17 512GB | Chính hãng","CellphoneS","new","Mới 100% Chính Hãng",34990000,35490000,8,512,"in_stock","https://cellphones.com.vn/iphone-17-512gb.html","2026-09-13T16:59:11.966Z"
"CPS_NEW_apple_iphone_16_8_128_1789318751966_17","apple_iphone_16_8_128","Apple","iPhone 16 128GB | Chính hãng VN/A","CellphoneS","new","Mới 100% Chính Hãng",24490000,24990000,8,128,"in_stock","https://cellphones.com.vn/iphone-16.html","2026-09-13T16:59:11.966Z"
"CPS_NEW_apple_iphone_15_8_256_1789318751966_18","apple_iphone_15_8_256","Apple","iPhone 15 256GB | Chính hãng VN/A","CellphoneS","new","Mới 100% Chính Hãng",23790000,25990000,8,256,"in_stock","https://cellphones.com.vn/iphone-15-256gb.html","2026-09-13T16:59:11.966Z"
"CPS_NEW_apple_iphone_17_pro_max_8_2048_1789318751966_19","apple_iphone_17_pro_max_8_2048","Apple","iPhone 17 Pro Max 2TB | Chính hãng","CellphoneS","new","Mới 100% Chính Hãng",60490000,63990000,8,2048,"in_stock","https://cellphones.com.vn/iphone-17-pro-max-2tb.html","2026-09-13T16:59:11.966Z"
"CPS_NEW_samsung_galaxy_s26_ultra_5g_12_256_1789318752530_20","samsung_galaxy_s26_ultra_5g_12_256","Samsung","Samsung Galaxy S26 Ultra 5G 12GB 256GB","CellphoneS","new","Mới 100% Chính Hãng",28000000,36990000,12,256,"in_stock","https://cellphones.com.vn/dien-thoai-samsung-galaxy-s26-ultra.html","2026-09-13T16:59:12.530Z"
"CPS_NEW_samsung_galaxy_s25_ultra_12_256_1789318752530_21","samsung_galaxy_s25_ultra_12_256","Samsung","Samsung Galaxy S25 Ultra 12GB 256GB","CellphoneS","new","Mới 100% Chính Hãng",24890000,33380000,12,256,"in_stock","https://cellphones.com.vn/dien-thoai-samsung-galaxy-s25-ultra.html","2026-09-13T16:59:12.530Z"
"CPS_NEW_samsung_galaxy_a57_5g_8_128_1789318752531_22","samsung_galaxy_a57_5g_8_128","Samsung","Samsung Galaxy A57 5G 8GB 128GB","CellphoneS","new","Mới 100% Chính Hãng",10490000,12490000,8,128,"in_stock","https://cellphones.com.vn/dien-thoai-samsung-galaxy-a57.html","2026-09-13T16:59:12.531Z"
"CPS_NEW_samsung_galaxy_s25_plus_8_256_1789318752531_23","samsung_galaxy_s25_plus_8_256","Samsung","Samsung Galaxy S25 Plus 256GB","CellphoneS","new","Mới 100% Chính Hãng",19990000,26500000,8,256,"in_stock","https://cellphones.com.vn/dien-thoai-samsung-galaxy-s25-plus.html","2026-09-13T16:59:12.531Z"
"CPS_NEW_samsung_galaxy_z_fold8_ultra_5g_12_256_1789318752531_24","samsung_galaxy_z_fold8_ultra_5g_12_256","Samsung","Samsung Galaxy Z Fold8 Ultra 5G 12GB 256GB","CellphoneS","new","Mới 100% Chính Hãng",47090000,52990000,12,256,"in_stock","https://cellphones.com.vn/dien-thoai-samsung-galaxy-z-fold-8-ultra.html","2026-09-13T16:59:12.531Z"
"CPS_NEW_samsung_galaxy_z_fold8_5g_12_256_1789318752531_25","samsung_galaxy_z_fold8_5g_12_256","Samsung","Samsung Galaxy Z Fold8 5G 12GB 256GB","CellphoneS","new","Mới 100% Chính Hãng",41090000,46990000,12,256,"in_stock","https://cellphones.com.vn/dien-thoai-samsung-galaxy-z-fold-8.html","2026-09-13T16:59:12.531Z"
"CPS_NEW_samsung_galaxy_z_flip8_5g_12_256_1789318752531_26","samsung_galaxy_z_flip8_5g_12_256","Samsung","Samsung Galaxy Z Flip8 5G 12GB 256GB","CellphoneS","new","Mới 100% Chính Hãng",27500000,31990000,12,256,"in_stock","https://cellphones.com.vn/dien-thoai-samsung-galaxy-z-flip-8.html","2026-09-13T16:59:12.531Z"
"CPS_NEW_samsung_galaxy_s26_5g_12_256_1789318752532_27","samsung_galaxy_s26_5g_12_256","Samsung","Samsung Galaxy S26 5G 12GB 256GB","CellphoneS","new","Mới 100% Chính Hãng",20990000,25990000,12,256,"in_stock","https://cellphones.com.vn/dien-thoai-samsung-galaxy-s26.html","2026-09-13T16:59:12.532Z"
"CPS_NEW_samsung_galaxy_s26_fe_5g_8_128_1789318752532_28","samsung_galaxy_s26_fe_5g_8_128","Samsung","Samsung Galaxy S26 FE 5G 8GB 128GB","CellphoneS","new","Mới 100% Chính Hãng",16990000,18990000,8,128,"in_stock","https://cellphones.com.vn/dien-thoai-samsung-galaxy-s26-fe.html","2026-09-13T16:59:12.532Z"
"CPS_NEW_samsung_galaxy_a07_4_128_1789318752532_29","samsung_galaxy_a07_4_128","Samsung","Samsung Galaxy A07 4GB 128GB","CellphoneS","new","Mới 100% Chính Hãng",3590000,4190000,4,128,"in_stock","https://cellphones.com.vn/dien-thoai-samsung-galaxy-a07.html","2026-09-13T16:59:12.532Z"
"CPS_NEW_samsung_galaxy_a17_5g_8_128_1789318752532_30","samsung_galaxy_a17_5g_8_128","Samsung","Samsung Galaxy A17 5G 8GB 128GB","CellphoneS","new","Mới 100% Chính Hãng",6190000,7090000,8,128,"in_stock","https://cellphones.com.vn/dien-thoai-samsung-galaxy-a17-5g.html","2026-09-13T16:59:12.532Z"
"CPS_NEW_samsung_galaxy_a37_5g_8_128_1789318752532_31","samsung_galaxy_a37_5g_8_128","Samsung","Samsung Galaxy A37 5G 8GB 128GB","CellphoneS","new","Mới 100% Chính Hãng",9490000,10790000,8,128,"in_stock","https://cellphones.com.vn/dien-thoai-samsung-galaxy-a37.html","2026-09-13T16:59:12.532Z"
"CPS_NEW_samsung_galaxy_z_fold8_ultra_5g_12_512_1789318752532_32","samsung_galaxy_z_fold8_ultra_5g_12_512","Samsung","Samsung Galaxy Z Fold8 Ultra 5G 12GB 512GB","CellphoneS","new","Mới 100% Chính Hãng",53090000,58990000,12,512,"in_stock","https://cellphones.com.vn/dien-thoai-samsung-galaxy-z-fold-8-ultra-512gb.html","2026-09-13T16:59:12.532Z"
"CPS_NEW_samsung_galaxy_a07_5g_4_128_1789318752533_33","samsung_galaxy_a07_5g_4_128","Samsung","Samsung Galaxy A07 5G 4GB 128GB","CellphoneS","new","Mới 100% Chính Hãng",4800000,5090000,4,128,"in_stock","https://cellphones.com.vn/dien-thoai-samsung-galaxy-a07-5g.html","2026-09-13T16:59:12.533Z"
"CPS_NEW_samsung_galaxy_s25_fe_8_128_1789318752533_34","samsung_galaxy_s25_fe_8_128","Samsung","Samsung Galaxy S25 FE 8GB 128GB","CellphoneS","new","Mới 100% Chính Hãng",12790000,16690000,8,128,"in_stock","https://cellphones.com.vn/dien-thoai-samsung-galaxy-s25-fe.html","2026-09-13T16:59:12.533Z"
"CPS_NEW_samsung_galaxy_a17_8_128_1789318752533_35","samsung_galaxy_a17_8_128","Samsung","Samsung Galaxy A17 8GB 128GB","CellphoneS","new","Mới 100% Chính Hãng",5190000,6190000,8,128,"in_stock","https://cellphones.com.vn/dien-thoai-samsung-galaxy-a17.html","2026-09-13T16:59:12.533Z"
"CPS_NEW_samsung_galaxy_z_fold7_12_256_1789318752533_36","samsung_galaxy_z_fold7_12_256","Samsung","Samsung Galaxy Z Fold7 12GB 256GB","CellphoneS","new","Mới 100% Chính Hãng",36590000,46990000,12,256,"in_stock","https://cellphones.com.vn/dien-thoai-samsung-galaxy-z-fold-7.html","2026-09-13T16:59:12.533Z"
"CPS_NEW_samsung_galaxy_a56_5g_8_128_1789318752533_37","samsung_galaxy_a56_5g_8_128","Samsung","Samsung Galaxy A56 5G 8GB 128GB","CellphoneS","new","Mới 100% Chính Hãng",8990000,9810000,8,128,"in_stock","https://cellphones.com.vn/dien-thoai-samsung-galaxy-a56.html","2026-09-13T16:59:12.533Z"
"CPS_NEW_samsung_galaxy_z_fold8_5g_12_512_1789318752534_38","samsung_galaxy_z_fold8_5g_12_512","Samsung","Samsung Galaxy Z Fold8 5G 12GB 512GB","CellphoneS","new","Mới 100% Chính Hãng",47090000,52990000,12,512,"in_stock","https://cellphones.com.vn/dien-thoai-samsung-galaxy-z-fold-8-512gb.html","2026-09-13T16:59:12.534Z"
"CPS_NEW_samsung_galaxy_a27_5g_6_128_1789318752534_39","samsung_galaxy_a27_5g_6_128","Samsung","Samsung Galaxy A27 5G 6GB 128GB","CellphoneS","new","Mới 100% Chính Hãng",7490000,8490000,6,128,"in_stock","https://cellphones.com.vn/dien-thoai-samsung-galaxy-a27.html","2026-09-13T16:59:12.534Z"
"CPS_NEW_xiaomi_poco_x8_pro_max_12_256_1789318753255_40","xiaomi_poco_x8_pro_max_12_256","Xiaomi","POCO X8 Pro Max 12GB 256GB","CellphoneS","new","Mới 100% Chính Hãng",13690000,16990000,12,256,"in_stock","https://cellphones.com.vn/dien-thoai-xiaomi-poco-x8-pro-max.html","2026-09-13T16:59:13.255Z"
"CPS_NEW_xiaomi_redmi_note_14_pro_plus_5g_8_256_1789318753255_41","xiaomi_redmi_note_14_pro_plus_5g_8_256","Xiaomi","Xiaomi Redmi Note 14 Pro Plus 5G 8GB 256GB","CellphoneS","new","Mới 100% Chính Hãng",7990000,10800000,8,256,"in_stock","https://cellphones.com.vn/dien-thoai-xiaomi-redmi-note-14-pro-plus.html","2026-09-13T16:59:13.255Z"
"CPS_NEW_xiaomi_poco_f8_pro_5g_12_256_1789318753255_42","xiaomi_poco_f8_pro_5g_12_256","Xiaomi","Xiaomi POCO F8 Pro 5G 12GB 256GB","CellphoneS","new","Mới 100% Chính Hãng",15190000,18990000,12,256,"in_stock","https://cellphones.com.vn/dien-thoai-poco-f8-pro-5g.html","2026-09-13T16:59:13.255Z"
"CPS_NEW_xiaomi_poco_x8_pro_max_12_512_1789318753256_43","xiaomi_poco_x8_pro_max_12_512","Xiaomi","POCO X8 Pro Max 12GB 512GB","CellphoneS","new","Mới 100% Chính Hãng",14690000,17990000,12,512,"in_stock","https://cellphones.com.vn/dien-thoai-xiaomi-poco-x8-pro-max-12gb-512gb.html","2026-09-13T16:59:13.256Z"
"CPS_NEW_xiaomi_redmi_a7_pro_nfc_4_128_1789318753256_44","xiaomi_redmi_a7_pro_nfc_4_128","Xiaomi","Xiaomi Redmi A7 Pro 4GB 128GB NFC","CellphoneS","new","Mới 100% Chính Hãng",3990000,4490000,4,128,"in_stock","https://cellphones.com.vn/dien-thoai-xiaomi-redmi-a7-pro.html","2026-09-13T16:59:13.256Z"
"CPS_NEW_xiaomi_poco_f9_ultra_5g_12_256_1789318753256_45","xiaomi_poco_f9_ultra_5g_12_256","Xiaomi","Xiaomi POCO F9 Ultra 5G 12GB 256GB","CellphoneS","new","Mới 100% Chính Hãng",24490000,29990000,12,256,"in_stock","https://cellphones.com.vn/dien-thoai-xiaomi-poco-f9-ultra.html","2026-09-13T16:59:13.256Z"
"CPS_NEW_xiaomi_redmi_note_17_4_128_1789318753256_46","xiaomi_redmi_note_17_4_128","Xiaomi","Xiaomi Redmi Note 17 4GB 128GB","CellphoneS","new","Mới 100% Chính Hãng",6310000,6990000,4,128,"in_stock","https://cellphones.com.vn/dien-thoai-xiaomi-redmi-note-17.html","2026-09-13T16:59:13.256Z"
"CPS_NEW_xiaomi_redmi_note_15_6_128_1789318753256_47","xiaomi_redmi_note_15_6_128","Xiaomi","Xiaomi Redmi Note 15 6GB 128GB","CellphoneS","new","Mới 100% Chính Hãng",5190000,5990000,6,128,"in_stock","https://cellphones.com.vn/dien-thoai-xiaomi-redmi-note-15.html","2026-09-13T16:59:13.256Z"
"CPS_NEW_xiaomi_redmi_note_17_pro_5g_6_256_1789318753256_48","xiaomi_redmi_note_17_pro_5g_6_256","Xiaomi","Xiaomi Redmi Note 17 Pro 5G 6GB 256GB","CellphoneS","new","Mới 100% Chính Hãng",9290000,11490000,6,256,"in_stock","https://cellphones.com.vn/dien-thoai-xiaomi-redmi-note-17-pro-5g.html","2026-09-13T16:59:13.256Z"
"CPS_NEW_xiaomi_redmi_note_17_pro_max_5g_8_512_1789318753256_49","xiaomi_redmi_note_17_pro_max_5g_8_512","Xiaomi","Xiaomi Redmi Note 17 Pro Max 5G 8GB 512GB","CellphoneS","new","Mới 100% Chính Hãng",15290000,17990000,8,512,"in_stock","https://cellphones.com.vn/dien-thoai-xiaomi-redmi-note-17-pro-max-5g.html","2026-09-13T16:59:13.256Z"
"CPS_NEW_xiaomi_17t_5g_12_512_1789318753257_50","xiaomi_17t_5g_12_512","Xiaomi","Xiaomi 17T 5G 12GB 512GB","CellphoneS","new","Mới 100% Chính Hãng",16610000,20990000,12,512,"in_stock","https://cellphones.com.vn/dien-thoai-xiaomi-17t.html","2026-09-13T16:59:13.257Z"
"CPS_NEW_xiaomi_17t_pro_5g_12_512_1789318753257_51","xiaomi_17t_pro_5g_12_512","Xiaomi","Xiaomi 17T Pro 5G 12GB 512GB","CellphoneS","new","Mới 100% Chính Hãng",20310000,24990000,12,512,"in_stock","https://cellphones.com.vn/dien-thoai-xiaomi-17t-pro.html","2026-09-13T16:59:13.257Z"
"CPS_NEW_xiaomi_redmi_note_15_5g_6_128_1789318753257_52","xiaomi_redmi_note_15_5g_6_128","Xiaomi","Xiaomi Redmi Note 15 5G 6GB 128GB","CellphoneS","new","Mới 100% Chính Hãng",6010000,7490000,6,128,"in_stock","https://cellphones.com.vn/dien-thoai-xiaomi-redmi-note-15-5g.html","2026-09-13T16:59:13.257Z"
"CPS_NEW_xiaomi_redmi_15_5g_8_256_1789318753257_53","xiaomi_redmi_15_5g_8_256","Xiaomi","Xiaomi Redmi 15 5G 8GB 256GB","CellphoneS","new","Mới 100% Chính Hãng",5990000,6690000,8,256,"in_stock","https://cellphones.com.vn/dien-thoai-xiaomi-redmi-15-5g-8gb-256gb.html","2026-09-13T16:59:13.257Z"
"CPS_NEW_xiaomi_17_ultra_5g_16_512_1789318753257_54","xiaomi_17_ultra_5g_16_512","Xiaomi","Xiaomi 17 Ultra 5G 16GB 512GB","CellphoneS","new","Mới 100% Chính Hãng",30990000,39990000,16,512,"in_stock","https://cellphones.com.vn/dien-thoai-xiaomi-17-ultra.html","2026-09-13T16:59:13.257Z"
"CPS_NEW_xiaomi_redmi_note_15_pro_5g_12_256_1789318753257_55","xiaomi_redmi_note_15_pro_5g_12_256","Xiaomi","Xiaomi Redmi Note 15 Pro 5G 12GB 256GB","CellphoneS","new","Mới 100% Chính Hãng",10290000,11490000,12,256,"in_stock","https://cellphones.com.vn/dien-thoai-xiaomi-redmi-note-15-pro-5g.html","2026-09-13T16:59:13.257Z"
"CPS_NEW_xiaomi_redmi_note_17_5g_6_128_1789318753257_56","xiaomi_redmi_note_17_5g_6_128","Xiaomi","Xiaomi Redmi Note 17 5G 6GB 128GB","CellphoneS","new","Mới 100% Chính Hãng",8010000,8990000,6,128,"in_stock","https://cellphones.com.vn/dien-thoai-xiaomi-redmi-note-17-5g.html","2026-09-13T16:59:13.257Z"
"CPS_NEW_xiaomi_redmi_note_15_pro_12_256_1789318753258_57","xiaomi_redmi_note_15_pro_12_256","Xiaomi","Xiaomi Redmi Note 15 Pro 12GB 256GB","CellphoneS","new","Mới 100% Chính Hãng",8610000,10090000,12,256,"in_stock","https://cellphones.com.vn/dien-thoai-xiaomi-redmi-note-15-pro.html","2026-09-13T16:59:13.258Z"
"CPS_NEW_xiaomi_poco_f9_ultra_5g_16_512_1789318753258_58","xiaomi_poco_f9_ultra_5g_16_512","Xiaomi","Xiaomi POCO F9 Ultra 5G 16GB 512GB","CellphoneS","new","Mới 100% Chính Hãng",26490000,31990000,16,512,"in_stock","https://cellphones.com.vn/dien-thoai-xiaomi-poco-f9-ultra-16gb-512gb.html","2026-09-13T16:59:13.258Z"
"CPS_NEW_xiaomi_15_ultra_5g_16_1024_1789318753258_59","xiaomi_15_ultra_5g_16_1024","Xiaomi","Xiaomi 15 Ultra 5G 16GB 1TB","CellphoneS","new","Mới 100% Chính Hãng",28490000,38250000,16,1024,"in_stock","https://cellphones.com.vn/dien-thoai-xiaomi-15-ultra-1tb.html","2026-09-13T16:59:13.258Z"
"CPS_NEW_xiaomi_poco_f9_ultra_5g_16_1024_1789318753258_60","xiaomi_poco_f9_ultra_5g_16_1024","Xiaomi","Xiaomi POCO F9 Ultra 5G 16GB 1TB","CellphoneS","new","Mới 100% Chính Hãng",30490000,39990000,16,1024,"in_stock","https://cellphones.com.vn/dien-thoai-xiaomi-poco-f9-ultra-16gb-1tb.html","2026-09-13T16:59:13.258Z"
"CPS_NEW_oppo_reno16_f_5g_8_256_1789318753813_61","oppo_reno16_f_5g_8_256","OPPO","OPPO Reno16 F 5G 8GB 256GB","CellphoneS","new","Mới 100% Chính Hãng",15310000,15990000,8,256,"in_stock","https://cellphones.com.vn/dien-thoai-oppo-reno16-f.html","2026-09-13T16:59:13.813Z"
"CPS_NEW_oppo_find_x9s_12_256_1789318753813_62","oppo_find_x9s_12_256","OPPO","OPPO Find X9s 12GB 256GB","CellphoneS","new","Mới 100% Chính Hãng",23310000,24990000,12,256,"in_stock","https://cellphones.com.vn/dien-thoai-oppo-find-x9s.html","2026-09-13T16:59:13.813Z"
"CPS_NEW_oppo_find_n6_16_512_1789318753814_63","oppo_find_n6_16_512","OPPO","OPPO Find N6 16GB 512GB","CellphoneS","new","Mới 100% Chính Hãng",64810000,64990000,16,512,"in_stock","https://cellphones.com.vn/dien-thoai-oppo-find-n6.html","2026-09-13T16:59:13.814Z"
"CPS_NEW_oppo_find_x9_ultra_12_512_1789318753814_64","oppo_find_x9_ultra_12_512","OPPO","OPPO Find X9 Ultra 12GB 512GB","CellphoneS","new","Mới 100% Chính Hãng",44190000,49990000,12,512,"in_stock","https://cellphones.com.vn/dien-thoai-oppo-find-x9-ultra.html","2026-09-13T16:59:13.814Z"
"CPS_NEW_oppo_reno15_5g_12_256_1789318753814_65","oppo_reno15_5g_12_256","OPPO","OPPO Reno15 5G 12GB 256GB","CellphoneS","new","Mới 100% Chính Hãng",16810000,16990000,12,256,"in_stock","https://cellphones.com.vn/dien-thoai-oppo-reno15.html","2026-09-13T16:59:13.814Z"
"CPS_NEW_oppo_reno15_f_5g_8_256_1789318753814_66","oppo_reno15_f_5g_8_256","OPPO","OPPO Reno15 F 5G 8GB 256GB","CellphoneS","new","Mới 100% Chính Hãng",11810000,11990000,8,256,"in_stock","https://cellphones.com.vn/dien-thoai-oppo-reno15-f.html","2026-09-13T16:59:13.814Z"
"CPS_NEW_oppo_reno12_5g_12_256_1789318753814_67","oppo_reno12_5g_12_256","OPPO","OPPO Reno12 5G 12GB 256GB","CellphoneS","new","Mới 100% Chính Hãng",9690000,12990000,12,256,"in_stock","https://cellphones.com.vn/dien-thoai-oppo-reno12-5g.html","2026-09-13T16:59:13.814Z"
"CPS_NEW_oppo_find_x9_pro_16_512_1789318753814_68","oppo_find_x9_pro_16_512","OPPO","OPPO Find X9 Pro 16GB 512GB","CellphoneS","new","Mới 100% Chính Hãng",32990000,32990000,16,512,"in_stock","https://cellphones.com.vn/dien-thoai-oppo-find-x9-pro.html","2026-09-13T16:59:13.814Z"
"CPS_NEW_oppo_reno10_pro_5g_12_256_1789318753814_69","oppo_reno10_pro_5g_12_256","OPPO","OPPO Reno10 Pro+ 5G 12GB 256GB","CellphoneS","new","Mới 100% Chính Hãng",10490000,13990000,12,256,"in_stock","https://cellphones.com.vn/oppo-reno10-pro-plus.html","2026-09-13T16:59:13.814Z"
"CPS_NEW_oppo_find_x8_16_512_1789318753814_70","oppo_find_x8_16_512","OPPO","OPPO Find X8 16GB 512GB","CellphoneS","new","Mới 100% Chính Hãng",19490000,22990000,16,512,"in_stock","https://cellphones.com.vn/dien-thoai-oppo-find-x8.html","2026-09-13T16:59:13.814Z"
"CPS_NEW_oppo_a6t_4_128_1789318753814_71","oppo_a6t_4_128","OPPO","OPPO A6t 4GB 128GB","CellphoneS","new","Mới 100% Chính Hãng",6200000,7090000,4,128,"in_stock","https://cellphones.com.vn/dien-thoai-oppo-a6t-4gb-128gb.html","2026-09-13T16:59:13.814Z"
"CPS_NEW_oppo_a6t_6_256_1789318753815_72","oppo_a6t_6_256","OPPO","OPPO A6t 6GB 256GB","CellphoneS","new","Mới 100% Chính Hãng",7910000,8990000,6,256,"in_stock","https://cellphones.com.vn/dien-thoai-oppo-a6t-6gb-256gb.html","2026-09-13T16:59:13.815Z"
"CPS_NEW_oppo_a6c_4_64_1789318753815_73","oppo_a6c_4_64","OPPO","OPPO A6c 4GB 64GB","CellphoneS","new","Mới 100% Chính Hãng",4510000,4690000,4,64,"in_stock","https://cellphones.com.vn/dien-thoai-oppo-a6c.html","2026-09-13T16:59:13.815Z"
"CPS_NEW_oppo_reno14_5g_12_256_1789318753815_74","oppo_reno14_5g_12_256","OPPO","OPPO Reno14 5G 12GB 256GB","CellphoneS","new","Mới 100% Chính Hãng",15500000,15990000,12,256,"in_stock","https://cellphones.com.vn/dien-thoai-oppo-reno14.html","2026-09-13T16:59:13.815Z"
"CPS_NEW_oppo_a6c_4_128_1789318753815_75","oppo_a6c_4_128","OPPO","OPPO A6c 4GB 128GB","CellphoneS","new","Mới 100% Chính Hãng",5310000,5690000,4,128,"in_stock","https://cellphones.com.vn/dien-thoai-oppo-a6c-4gb-128gb.html","2026-09-13T16:59:13.815Z"
"CPS_NEW_oppo_a6t_4_64_1789318753815_76","oppo_a6t_4_64","OPPO","OPPO A6t 4GB 64GB","CellphoneS","new","Mới 100% Chính Hãng",4810000,4990000,4,64,"in_stock","https://cellphones.com.vn/dien-thoai-oppo-a6t.html","2026-09-13T16:59:13.815Z"
"CPS_NEW_oppo_find_n3_16_512_1789318753815_77","oppo_find_n3_16_512","OPPO","OPPO Find N3 16GB 512GB","CellphoneS","new","Mới 100% Chính Hãng",26990000,44990000,16,512,"in_stock","https://cellphones.com.vn/oppo-find-n3.html","2026-09-13T16:59:13.815Z"
"CPS_NEW_oppo_reno12_f_5g_8_256_1789318753815_78","oppo_reno12_f_5g_8_256","OPPO","OPPO Reno12 F 5G 8GB 256GB","CellphoneS","new","Mới 100% Chính Hãng",7120000,9490000,8,256,"in_stock","https://cellphones.com.vn/dien-thoai-oppo-reno12-f.html","2026-09-13T16:59:13.815Z"
"CPS_NEW_oppo_a6t_pro_8_128_1789318753815_79","oppo_a6t_pro_8_128","OPPO","OPPO A6t Pro 8GB 128GB","CellphoneS","new","Mới 100% Chính Hãng",10810000,10990000,8,128,"in_stock","https://cellphones.com.vn/dien-thoai-oppo-a6t-pro.html","2026-09-13T16:59:13.815Z"
"CPS_NEW_oppo_a6_8_256_1789318753815_80","oppo_a6_8_256","OPPO","OPPO A6 8GB 256GB","CellphoneS","new","Mới 100% Chính Hãng",11410000,11990000,8,256,"in_stock","https://cellphones.com.vn/dien-thoai-oppo-a6.html","2026-09-13T16:59:13.815Z"
"CPS_NEW_vivo_y28_8_256_1789318755109_81","vivo_y28_8_256","vivo","vivo Y28 8GB 256GB","CellphoneS","new","Mới 100% Chính Hãng",6490000,6490000,8,256,"in_stock","https://cellphones.com.vn/dien-thoai-vivo-y28-8gb-256gb.html","2026-09-13T16:59:15.109Z"
"CPS_NEW_vivo_y16_4_128_1789318755109_82","vivo_y16_4_128","vivo","vivo Y16 4GB 128GB","CellphoneS","new","Mới 100% Chính Hãng",4490000,4490000,4,128,"in_stock","https://cellphones.com.vn/vivo-y16.html","2026-09-13T16:59:15.109Z"
"CPS_NEW_realme_13_5g_8_256_1789318755695_83","realme_13_5g_8_256","realme","realme 13+ 5G 8GB 256GB","CellphoneS","new","Mới 100% Chính Hãng",6590000,9490000,8,256,"in_stock","https://cellphones.com.vn/dien-thoai-realme-13-plus-5g.html","2026-09-13T16:59:15.695Z"
"CPS_NEW_honor_400_pro_5g_12_512_1789318756286_84","honor_400_pro_5g_12_512","HONOR","HONOR 400 Pro 5G 12GB 512GB","CellphoneS","new","Mới 100% Chính Hãng",15490000,18660000,12,512,"in_stock","https://cellphones.com.vn/dien-thoai-honor-400-pro-5g.html","2026-09-13T16:59:16.286Z"
"CPS_NEW_honor_x9d_5g_12_256_1789318756286_85","honor_x9d_5g_12_256","HONOR","HONOR X9d 5G 12GB 256GB","CellphoneS","new","Mới 100% Chính Hãng",10310000,11990000,12,256,"in_stock","https://cellphones.com.vn/dien-thoai-honor-x9d-12gb-256gb.html","2026-09-13T16:59:16.286Z"
"CPS_NEW_honor_600_5g_8_256_1789318756286_86","honor_600_5g_8_256","HONOR","HONOR 600 5G 8GB 256GB","CellphoneS","new","Mới 100% Chính Hãng",15290000,17990000,8,256,"in_stock","https://cellphones.com.vn/dien-thoai-honor-600.html","2026-09-13T16:59:16.286Z"
"CPS_NEW_honor_x8d_8_128_1789318756286_87","honor_x8d_8_128","HONOR","HONOR X8d 8GB 128GB","CellphoneS","new","Mới 100% Chính Hãng",6710000,8090000,8,128,"in_stock","https://cellphones.com.vn/dien-thoai-honor-x8d.html","2026-09-13T16:59:16.286Z"
"CPS_NEW_honor_x7d_8_128_1789318756286_88","honor_x7d_8_128","HONOR","HONOR X7d 8GB 128GB","CellphoneS","new","Mới 100% Chính Hãng",5610000,6990000,8,128,"in_stock","https://cellphones.com.vn/dien-thoai-honor-x7d-8gb-128gb.html","2026-09-13T16:59:16.286Z"
"CPS_NEW_honor_magic_v5_16_512_1789318756286_89","honor_magic_v5_16_512","HONOR","HONOR Magic V5 16GB 512GB","CellphoneS","new","Mới 100% Chính Hãng",37810000,44990000,16,512,"in_stock","https://cellphones.com.vn/dien-thoai-honor-magic-v5.html","2026-09-13T16:59:16.286Z"
"CPS_NEW_honor_x7d_8_256_1789318756287_90","honor_x7d_8_256","HONOR","HONOR X7d 8GB 256GB","CellphoneS","new","Mới 100% Chính Hãng",6010000,7190000,8,256,"in_stock","https://cellphones.com.vn/dien-thoai-honor-x7d.html","2026-09-13T16:59:16.287Z"
"CPS_NEW_honor_x9d_5g_12_512_1789318756287_91","honor_x9d_5g_12_512","HONOR","HONOR X9d 5G 12GB 512GB","CellphoneS","new","Mới 100% Chính Hãng",11690000,12990000,12,512,"in_stock","https://cellphones.com.vn/dien-thoai-honor-x9d.html","2026-09-13T16:59:16.287Z"
"CPS_NEW_honor_x9d_5g_8_256_1789318756287_92","honor_x9d_5g_8_256","HONOR","HONOR X9d 5G 8GB 256GB","CellphoneS","new","Mới 100% Chính Hãng",9310000,10990000,8,256,"in_stock","https://cellphones.com.vn/dien-thoai-honor-x9d-8gb-256gb.html","2026-09-13T16:59:16.287Z"
"CPS_NEW_honor_400_5g_12_256_1789318756287_93","honor_400_5g_12_256","HONOR","HONOR 400 5G 12GB 256GB","CellphoneS","new","Mới 100% Chính Hãng",11490000,13250000,12,256,"in_stock","https://cellphones.com.vn/dien-thoai-honor-400-5g.html","2026-09-13T16:59:16.287Z"
"CPS_NEW_honor_x6c_nfc_6_128_1789318756287_94","honor_x6c_nfc_6_128","HONOR","HONOR X6c 6GB 128GB NFC","CellphoneS","new","Mới 100% Chính Hãng",4310000,4590000,6,128,"in_stock","https://cellphones.com.vn/dien-thoai-honor-x6c.html","2026-09-13T16:59:16.287Z"
"CPS_NEW_honor_x7d_5g_8_256_1789318756287_95","honor_x7d_5g_8_256","HONOR","HONOR X7d 5G 8GB 256GB","CellphoneS","new","Mới 100% Chính Hãng",6510000,7990000,8,256,"in_stock","https://cellphones.com.vn/dien-thoai-honor-x7d-5g-8gb-256gb.html","2026-09-13T16:59:16.287Z"
"CPS_NEW_honor_400_5g_12_512_1789318756287_96","honor_400_5g_12_512","HONOR","HONOR 400 5G 12GB 512GB","CellphoneS","new","Mới 100% Chính Hãng",12690000,14230000,12,512,"in_stock","https://cellphones.com.vn/dien-thoai-honor-400-5g-12gb-512gb.html","2026-09-13T16:59:16.287Z"
"CPS_NEW_honor_x5c_plus_4_64_1789318756289_97","honor_x5c_plus_4_64","HONOR","Honor X5c Plus 4GB 64GB","CellphoneS","new","Mới 100% Chính Hãng",3510000,3690000,4,64,"in_stock","https://cellphones.com.vn/dien-thoai-honor-x5c-plus.html","2026-09-13T16:59:16.289Z"
"CPS_NEW_honor_play_10_4_128_1789318756289_98","honor_play_10_4_128","HONOR","HONOR Play 10 4GB 128GB","CellphoneS","new","Mới 100% Chính Hãng",3710000,4390000,4,128,"in_stock","https://cellphones.com.vn/dien-thoai-honor-play-10-4gb-128gb.html","2026-09-13T16:59:16.289Z"
"CPS_NEW_honor_x5c_plus_4_128_1789318756289_99","honor_x5c_plus_4_128","HONOR","Honor X5c Plus 4GB 128GB","CellphoneS","new","Mới 100% Chính Hãng",3810000,3990000,4,128,"in_stock","https://cellphones.com.vn/dien-thoai-honor-x5c-plus-4gb-128gb.html","2026-09-13T16:59:16.289Z"
"CPS_NEW_tecno_camon_40_8_128_1789318756845_100","tecno_camon_40_8_128","TECNO","TECNO CAMON 40 8GB 128GB","CellphoneS","new","Mới 100% Chính Hãng",5190000,5890000,8,128,"in_stock","https://cellphones.com.vn/dien-thoai-tecno-camon-40.html","2026-09-13T16:59:16.845Z"
"CPS_NEW_tecno_pova_curve_2_5g_8_128_1789318756846_101","tecno_pova_curve_2_5g_8_128","TECNO","Tecno Pova Curve 2 5G 8GB 128GB","CellphoneS","new","Mới 100% Chính Hãng",8710000,10990000,8,128,"in_stock","https://cellphones.com.vn/dien-thoai-tecno-pova-curve-2-5g.html","2026-09-13T16:59:16.846Z"
"CPS_NEW_tecno_spark_40_pro_8_256_1789318756846_102","tecno_spark_40_pro_8_256","TECNO","TECNO Spark 40 Pro+ 8GB 256GB","CellphoneS","new","Mới 100% Chính Hãng",5190000,5690000,8,256,"in_stock","https://cellphones.com.vn/dien-thoai-tecno-spark-40-pro-plus.html","2026-09-13T16:59:16.846Z"
"CPS_NEW_tecno_camon_40_pro_8_256_1789318756846_103","tecno_camon_40_pro_8_256","TECNO","TECNO CAMON 40 Pro 8GB 256GB","CellphoneS","new","Mới 100% Chính Hãng",5990000,6870000,8,256,"in_stock","https://cellphones.com.vn/dien-thoai-tecno-camon-40-pro.html","2026-09-13T16:59:16.846Z"
"CPS_NEW_tecno_spark_50_4_128_1789318756846_104","tecno_spark_50_4_128","TECNO","TECNO Spark 50 4GB 128GB","CellphoneS","new","Mới 100% Chính Hãng",4790000,4990000,4,128,"in_stock","https://cellphones.com.vn/dien-thoai-tecno-spark-50.html","2026-09-13T16:59:16.846Z"
"CPS_NEW_tecno_camon_40_8_256_1789318756846_105","tecno_camon_40_8_256","TECNO","TECNO CAMON 40 8GB 256GB","CellphoneS","new","Mới 100% Chính Hãng",5590000,6380000,8,256,"in_stock","https://cellphones.com.vn/dien-thoai-tecno-camon-40-8gb-256gb.html","2026-09-13T16:59:16.846Z"
"CPS_NEW_tecno_pova_curve_2_5g_8_256_1789318756846_106","tecno_pova_curve_2_5g_8_256","TECNO","Tecno Pova Curve 2 5G 8GB 256GB","CellphoneS","new","Mới 100% Chính Hãng",9710000,12690000,8,256,"in_stock","https://cellphones.com.vn/dien-thoai-tecno-pova-curve-2-5g-8gb-256gb.html","2026-09-13T16:59:16.846Z"
"CPS_NEW_tecno_spark_go_3_4_64_1789318756846_107","tecno_spark_go_3_4_64","TECNO","TECNO Spark Go 3 4GB 64GB","CellphoneS","new","Mới 100% Chính Hãng",3490000,3690000,4,64,"in_stock","https://cellphones.com.vn/dien-thoai-tecno-spark-go-3.html","2026-09-13T16:59:16.846Z"
"CPS_NEW_nubia_neo_5_5g_8_128_1789318758150_108","nubia_neo_5_5g_8_128","Nubia","Nubia Neo 5 5G 8GB 128GB","CellphoneS","new","Mới 100% Chính Hãng",6190000,7490000,8,128,"in_stock","https://cellphones.com.vn/dien-thoai-nubia-neo-5-5g.html","2026-09-13T16:59:18.150Z"
"CPS_NEW_nubia_neo_5_5g_8_256_1789318758150_109","nubia_neo_5_5g_8_256","Nubia","Nubia Neo 5 5G 8GB 256GB","CellphoneS","new","Mới 100% Chính Hãng",7190000,8490000,8,256,"in_stock","https://cellphones.com.vn/dien-thoai-nubia-neo-5-5g-8gb-256gb.html","2026-09-13T16:59:18.150Z"
"CPS_NEW_nubia_neo_5_gt_8_256_1789318758150_110","nubia_neo_5_gt_8_256","Nubia","Nubia Neo 5 GT 8GB 256GB","CellphoneS","new","Mới 100% Chính Hãng",8990000,9990000,8,256,"in_stock","https://cellphones.com.vn/dien-thoai-nubia-neo-5-gt.html","2026-09-13T16:59:18.150Z"
"CPS_NEW_nubia_zte_nubia_z60s_pro_16_512_1789318758150_111","nubia_zte_nubia_z60s_pro_16_512","Nubia","ZTE Nubia Z60S Pro 16GB 512GB","CellphoneS","new","Mới 100% Chính Hãng",11490000,12000000,16,512,"in_stock","https://cellphones.com.vn/dien-thoai-zte-nubia-z60s-pro-16gb-512gb.html","2026-09-13T16:59:18.150Z"
"CPS_NEW_nubia_neo_5_max_5g_8_256_1789318758150_112","nubia_neo_5_max_5g_8_256","Nubia","Nubia Neo 5 Max 5G 8GB 256GB","CellphoneS","new","Mới 100% Chính Hãng",8790000,9290000,8,256,"in_stock","https://cellphones.com.vn/dien-thoai-nubia-neo-5-max.html","2026-09-13T16:59:18.150Z"
"CPS_NEW_nubia_neo_5_gt_special_edition_12_256_1789318758150_113","nubia_neo_5_gt_special_edition_12_256","Nubia","Nubia Neo 5 GT Special Edition 12GB 256GB","CellphoneS","new","Mới 100% Chính Hãng",13990000,13990000,12,256,"in_stock","https://cellphones.com.vn/dien-thoai-nubia-neo-5-gt-special-edition.html","2026-09-13T16:59:18.150Z"
"CPS_NEW_nubia_neo_3_gt_12_256_1789318758150_114","nubia_neo_3_gt_12_256","Nubia","Nubia Neo 3 GT 12GB 256GB","CellphoneS","new","Mới 100% Chính Hãng",7490000,7490000,12,256,"in_stock","https://cellphones.com.vn/dien-thoai-nubia-neo-3-gt-12gb-256gb.html","2026-09-13T16:59:18.150Z"
"CPS_NEW_nubia_neo_5_gt_12_256_1789318758150_115","nubia_neo_5_gt_12_256","Nubia","Nubia Neo 5 GT 12GB 256GB","CellphoneS","new","Mới 100% Chính Hãng",9990000,11490000,12,256,"in_stock","https://cellphones.com.vn/dien-thoai-nubia-neo-5-gt-12gb-256gb.html","2026-09-13T16:59:18.150Z"
"CPS_NEW_nubia_v80_max_8_256_1789318758150_116","nubia_v80_max_8_256","Nubia","Nubia V80 Max 8GB 256GB","CellphoneS","new","Mới 100% Chính Hãng",4690000,4990000,8,256,"in_stock","https://cellphones.com.vn/dien-thoai-nubia-v80-max.html","2026-09-13T16:59:18.150Z"
"CPS_NEW_nubia_v80_max_6_128_1789318758150_117","nubia_v80_max_6_128","Nubia","Nubia V80 Max 6GB 128GB","CellphoneS","new","Mới 100% Chính Hãng",3890000,3990000,6,128,"in_stock","https://cellphones.com.vn/dien-thoai-nubia-v80-max-6gb-128gb.html","2026-09-13T16:59:18.150Z"
"CPS_NEW_nubia_neo_5_max_5g_8_512_1789318758151_118","nubia_neo_5_max_5g_8_512","Nubia","Nubia Neo 5 Max 5G 8GB 512GB","CellphoneS","new","Mới 100% Chính Hãng",9790000,10290000,8,512,"in_stock","https://cellphones.com.vn/dien-thoai-nubia-neo-5-max-8gb-512gb.html","2026-09-13T16:59:18.151Z"
"CPS_NEW_nubia_neo_3_4g_8_128_1789318758151_119","nubia_neo_3_4g_8_128","Nubia","Nubia Neo 3 4G 8GB 128GB","CellphoneS","new","Mới 100% Chính Hãng",5290000,6490000,8,128,"in_stock","https://cellphones.com.vn/dien-thoai-nubia-neo-3-4g.html","2026-09-13T16:59:18.151Z"
"CPS_NEW_nubia_v80_design_4_128_1789318758151_120","nubia_v80_design_4_128","Nubia","Nubia V80 Design 4GB 128GB","CellphoneS","new","Mới 100% Chính Hãng",3690000,3990000,4,128,"in_stock","https://cellphones.com.vn/dien-thoai-nubia-v80-design-4gb-128gb.html","2026-09-13T16:59:18.151Z"
"CPS_NEW_nubia_neo_3_5g_8_256_1789318758151_121","nubia_neo_3_5g_8_256","Nubia","Nubia Neo 3 5G 8GB 256GB","CellphoneS","new","Mới 100% Chính Hãng",5090000,5490000,8,256,"in_stock","https://cellphones.com.vn/dien-thoai-nubia-neo-3-5g.html","2026-09-13T16:59:18.151Z"
"CPS_NEW_nubia_air_5g_8_256_1789318758151_122","nubia_air_5g_8_256","Nubia","Nubia Air 5G 8GB 256GB","CellphoneS","new","Mới 100% Chính Hãng",5490000,5990000,8,256,"in_stock","https://cellphones.com.vn/dien-thoai-nubia-air-5g.html","2026-09-13T16:59:18.151Z"
"CPS_NEW_nubia_zte_nubia_z60s_pro_12_256_1789318758151_123","nubia_zte_nubia_z60s_pro_12_256","Nubia","ZTE Nubia Z60S Pro 12GB 256GB","CellphoneS","new","Mới 100% Chính Hãng",9990000,10000000,12,256,"in_stock","https://cellphones.com.vn/dien-thoai-zte-nubia-z60s-pro.html","2026-09-13T16:59:18.151Z"
"CPS_NEW_nubia_v70_max_6_128_1789318758151_124","nubia_v70_max_6_128","Nubia","Nubia V70 Max 6GB 128GB","CellphoneS","new","Mới 100% Chính Hãng",2590000,2590000,6,128,"in_stock","https://cellphones.com.vn/dien-thoai-nubia-v70-max-6gb-128gb.html","2026-09-13T16:59:18.151Z"
"CPS_NEW_nubia_v80_max_8_128_1789318758151_125","nubia_v80_max_8_128","Nubia","Nubia V80 Max 8GB 128GB","CellphoneS","new","Mới 100% Chính Hãng",4990000,4990000,8,128,"in_stock","https://cellphones.com.vn/dien-thoai-nubia-v80-max-8gb-128gb.html","2026-09-13T16:59:18.151Z"
"CPS_NEW_asus_zenfone_max_pro_m2_3_128_1789318758938_126","asus_zenfone_max_pro_m2_3_128","ASUS","ASUS ZenFone Max Pro M2 3GB","CellphoneS","new","Mới 100% Chính Hãng",5290000,5290000,3,128,"in_stock","https://cellphones.com.vn/asus-zenfone-max-pro-m2-3-gb-ram-chinh-hang.html","2026-09-13T16:59:18.938Z"
"CPS_NEW_sony_xperia_1_viii_5g_12_256_1789318759498_127","sony_xperia_1_viii_5g_12_256","Sony","Sony Xperia 1 VIII 5G 12GB 256GB","CellphoneS","new","Mới 100% Chính Hãng",38990000,38990000,12,256,"in_stock","https://cellphones.com.vn/dien-thoai-sony-xperia-1-viii.html","2026-09-13T16:59:19.498Z"
"CPS_NEW_sony_xperia_1_vii_12_256_1789318759498_128","sony_xperia_1_vii_12_256","Sony","Sony Xperia 1 VII 12GB 256GB","CellphoneS","new","Mới 100% Chính Hãng",23990000,34990000,12,256,"in_stock","https://cellphones.com.vn/dien-thoai-sony-xperia-1-vii.html","2026-09-13T16:59:19.498Z"
"CPS_NEW_sony_xperia_10_vii_8_128_1789318759498_129","sony_xperia_10_vii_8_128","Sony","Sony Xperia 10 VII 8GB 128GB","CellphoneS","new","Mới 100% Chính Hãng",9990000,13490000,8,128,"in_stock","https://cellphones.com.vn/dien-thoai-sony-xperia-10-vii.html","2026-09-13T16:59:19.498Z"
"CPS_NEW_nothing_phone_2a_plus_5g_12_256_1789318760009_130","nothing_phone_2a_plus_5g_12_256","Nothing","Nothing Phone 2A Plus 5G 12GB 256GB","CellphoneS","new","Mới 100% Chính Hãng",7690000,11490000,12,256,"in_stock","https://cellphones.com.vn/dien-thoai-nothing-phone-2a-plus.html","2026-09-13T16:59:20.009Z"
"CPS_NEW_nothing_phone_3a_8_128_1789318760009_131","nothing_phone_3a_8_128","Nothing","Nothing Phone 3A 8GB 128GB","CellphoneS","new","Mới 100% Chính Hãng",8790000,8990000,8,128,"in_stock","https://cellphones.com.vn/dien-thoai-nothing-phone-3a.html","2026-09-13T16:59:20.009Z"
"CPS_NEW_nothing_phone_2a_5g_8_128_1789318760009_132","nothing_phone_2a_5g_8_128","Nothing","Nothing Phone 2A 5G 8GB 128GB","CellphoneS","new","Mới 100% Chính Hãng",7190000,8990000,8,128,"in_stock","https://cellphones.com.vn/dien-thoai-nothing-phone-2a.html","2026-09-13T16:59:20.009Z"
"CPS_NEW_nothing_phone_2a_5g_12_256_1789318760009_133","nothing_phone_2a_5g_12_256","Nothing","Nothing Phone 2A 5G 12GB 256GB","CellphoneS","new","Mới 100% Chính Hãng",8490000,10190000,12,256,"in_stock","https://cellphones.com.vn/dien-thoai-nothing-phone-2a-12gb-256gb.html","2026-09-13T16:59:20.009Z"
"CPS_NEW_huawei_mate_x7_16_512_1789318761101_134","huawei_mate_x7_16_512","Huawei","Huawei Mate X7 16GB 512GB","CellphoneS","new","Mới 100% Chính Hãng",42990000,54990000,16,512,"in_stock","https://cellphones.com.vn/dien-thoai-huawei-mate-x7.html","2026-09-13T16:59:21.101Z"
"CPS_NEW_huawei_p30_lite_8_128_1789318761102_135","huawei_p30_lite_8_128","Huawei","Huawei P30 Lite","CellphoneS","new","Mới 100% Chính Hãng",7490000,7490000,8,128,"in_stock","https://cellphones.com.vn/huawei-p30-lite-1.html","2026-09-13T16:59:21.102Z"
"CPS_NEW_huawei_p30_pro_8_128_1789318761102_136","huawei_p30_pro_8_128","Huawei","Huawei P30 Pro","CellphoneS","new","Mới 100% Chính Hãng",23990000,23990000,8,128,"in_stock","https://cellphones.com.vn/huawei-p30-pro-1.html","2026-09-13T16:59:21.102Z"
"CPS_NEW_huawei_p30_8_128_1789318761102_137","huawei_p30_8_128","Huawei","Huawei P30","CellphoneS","new","Mới 100% Chính Hãng",17990000,17990000,8,128,"in_stock","https://cellphones.com.vn/huawei-p30-1.html","2026-09-13T16:59:21.102Z"
"CPS_NEW_meizu_i_n_tho_i_meizu_mblu_note_21_pro_nfc_8_256_1789318761677_138","meizu_i_n_tho_i_meizu_mblu_note_21_pro_nfc_8_256","Meizu","Điện thoại Meizu Mblu Note 21 Pro NFC 8GB 256GB","CellphoneS","new","Mới 100% Chính Hãng",4790000,4990000,8,256,"in_stock","https://cellphones.com.vn/dien-thoai-meizu-mblu-note-21-pro.html","2026-09-13T16:59:21.677Z"
"CPS_NEW_meizu_lucky_08_5g_12_256_1789318761677_139","meizu_lucky_08_5g_12_256","Meizu","Meizu Lucky 08 5G 12GB 256GB","CellphoneS","new","Mới 100% Chính Hãng",6290000,7490000,12,256,"in_stock","https://cellphones.com.vn/dien-thoai-meizu-lucky-08.html","2026-09-13T16:59:21.677Z"
"CPS_NEW_meizu_i_n_tho_i_meizu_mblu_22_pro_nfc_4_128_1789318761677_140","meizu_i_n_tho_i_meizu_mblu_22_pro_nfc_4_128","Meizu","Điện thoại Meizu Mblu 22 Pro NFC 4GB 128GB","CellphoneS","new","Mới 100% Chính Hãng",3490000,3990000,4,128,"in_stock","https://cellphones.com.vn/dien-thoai-meizu-mblu-22-pro.html","2026-09-13T16:59:21.677Z"
"CPS_NEW_meizu_i_n_tho_i_meizu_mblu_22_4_128_1789318761678_141","meizu_i_n_tho_i_meizu_mblu_22_4_128","Meizu","Điện thoại Meizu Mblu 22 4GB 128GB","CellphoneS","new","Mới 100% Chính Hãng",2990000,3390000,4,128,"in_stock","https://cellphones.com.vn/dien-thoai-meizu-mblu-22-4gb-128gb.html","2026-09-13T16:59:21.678Z"
"CPS_NEW_meizu_lucky_08_5g_8_256_1789318761678_142","meizu_lucky_08_5g_8_256","Meizu","Meizu Lucky 08 5G 8GB 256GB","CellphoneS","new","Mới 100% Chính Hãng",5790000,6490000,8,256,"in_stock","https://cellphones.com.vn/dien-thoai-meizu-lucky-08-8gb-256gb.html","2026-09-13T16:59:21.678Z"
"CPS_NEW_meizu_i_n_tho_i_meizu_mblu_22_pro_nfc_6_256_1789318761678_143","meizu_i_n_tho_i_meizu_mblu_22_pro_nfc_6_256","Meizu","Điện thoại Meizu Mblu 22 Pro NFC 6GB 256GB","CellphoneS","new","Mới 100% Chính Hãng",3690000,3990000,6,256,"in_stock","https://cellphones.com.vn/dien-thoai-meizu-mblu-22-pro-6gb-256gb.html","2026-09-13T16:59:21.678Z"
"CPS_NEW_meizu_i_n_tho_i_meizu_mblu_22_3_64_1789318761678_144","meizu_i_n_tho_i_meizu_mblu_22_3_64","Meizu","Điện thoại Meizu Mblu 22 3GB 64GB","CellphoneS","new","Mới 100% Chính Hãng",2990000,2990000,3,64,"in_stock","https://cellphones.com.vn/dien-thoai-meizu-mblu-22.html","2026-09-13T16:59:21.678Z"
"CPS_NEW_meizu_i_n_tho_i_meizu_mblu_22_pro_nfc_8_256_1789318761678_145","meizu_i_n_tho_i_meizu_mblu_22_pro_nfc_8_256","Meizu","Điện thoại Meizu Mblu 22 Pro NFC 8GB 256GB","CellphoneS","new","Mới 100% Chính Hãng",4090000,4990000,8,256,"in_stock","https://cellphones.com.vn/dien-thoai-meizu-mblu-22-pro-8gb-256gb.html","2026-09-13T16:59:21.678Z"
"CPS_NEW_meizu_i_n_tho_i_meizu_mblu_21_6_128_1789318761678_146","meizu_i_n_tho_i_meizu_mblu_21_6_128","Meizu","Điện thoại Meizu Mblu 21 6GB 128GB","CellphoneS","new","Mới 100% Chính Hãng",2790000,2990000,6,128,"in_stock","https://cellphones.com.vn/dien-thoai-meizu-mblu-21-128gb.html","2026-09-13T16:59:21.678Z"
"CPS_NEW_meizu_i_n_tho_i_meizu_mblu_22_k_ch_ho_t_4_128_1789318761678_147","meizu_i_n_tho_i_meizu_mblu_22_k_ch_ho_t_4_128","Meizu","Điện thoại Meizu Mblu 22 4GB 128GB - Đã kích hoạt","CellphoneS","new","Mới 100% Chính Hãng",2190000,3390000,4,128,"in_stock","https://cellphones.com.vn/dien-thoai-meizu-mblu-22-4gb-128gb-cu-da-kich-hoat.html","2026-09-13T16:59:21.678Z"
"CPS_NEW_meizu_i_n_tho_i_meizu_mblu_21_4_64_1789318761678_148","meizu_i_n_tho_i_meizu_mblu_21_4_64","Meizu","Điện thoại Meizu Mblu 21 4GB 64GB","CellphoneS","new","Mới 100% Chính Hãng",2290000,2490000,4,64,"in_stock","https://cellphones.com.vn/dien-thoai-meizu-mblu-21.html","2026-09-13T16:59:21.678Z"
"CPS_NEW_nokia_220_4g_8_128_1789318762221_149","nokia_220_4g_8_128","Nokia","Nokia 220 4G","CellphoneS","new","Mới 100% Chính Hãng",980000,1100000,8,128,"in_stock","https://cellphones.com.vn/nokia-220-4g.html","2026-09-13T16:59:22.221Z"
"CPS_NEW_nokia_hmd_105_4g_8_128_1789318762221_150","nokia_hmd_105_4g_8_128","Nokia","Nokia HMD 105 4G","CellphoneS","new","Mới 100% Chính Hãng",750000,750000,8,128,"in_stock","https://cellphones.com.vn/nokia-hmd-105-4g.html","2026-09-13T16:59:22.221Z"
"CPS_NEW_nokia_3210_4g_8_128_1789318762221_151","nokia_3210_4g_8_128","Nokia","Nokia 3210 4G","CellphoneS","new","Mới 100% Chính Hãng",1470000,1490000,8,128,"in_stock","https://cellphones.com.vn/nokia-3210-4g.html","2026-09-13T16:59:22.221Z"
"CPS_NEW_nokia_105_4g_pro_8_128_1789318762221_152","nokia_105_4g_pro_8_128","Nokia","Nokia 105 4G Pro","CellphoneS","new","Mới 100% Chính Hãng",780000,780000,8,128,"in_stock","https://cellphones.com.vn/nokia-105-4g-pro.html","2026-09-13T16:59:22.221Z"
"CPS_NEW_nokia_110_4g_pro_8_128_1789318762221_153","nokia_110_4g_pro_8_128","Nokia","Nokia 110 4G Pro","CellphoneS","new","Mới 100% Chính Hãng",850000,850000,8,128,"in_stock","https://cellphones.com.vn/nokia-110-4g-pro.html","2026-09-13T16:59:22.221Z"
"CPS_NEW_nokia_7_2_8_128_1789318762222_154","nokia_7_2_8_128","Nokia","Nokia 7.2","CellphoneS","new","Mới 100% Chính Hãng",6190000,6190000,8,128,"in_stock","https://cellphones.com.vn/nokia-72.html","2026-09-13T16:59:22.222Z"
"CPS_NEW_nokia_3_2_8_128_1789318762222_155","nokia_3_2_8_128","Nokia","Nokia 3.2","CellphoneS","new","Mới 100% Chính Hãng",3290000,3290000,8,128,"in_stock","https://cellphones.com.vn/dien-thoai-nokia-32.html","2026-09-13T16:59:22.222Z"
"CPS_NEW_masstel_i_n_tho_i_tr_em_masstel_alfa_5_8_128_1789318763081_156","masstel_i_n_tho_i_tr_em_masstel_alfa_5_8_128","Masstel","Điện thoại trẻ em Masstel Alfa 5","CellphoneS","new","Mới 100% Chính Hãng",1050000,1390000,8,128,"in_stock","https://cellphones.com.vn/dien-thoai-masstel-alfa-5.html","2026-09-13T16:59:23.081Z"
"CPS_NEW_masstel_izi_15_4g_8_128_1789318763081_157","masstel_izi_15_4g_8_128","Masstel","Masstel Izi 15 4G","CellphoneS","new","Mới 100% Chính Hãng",420000,450000,8,128,"in_stock","https://cellphones.com.vn/masstel-izi-15.html","2026-09-13T16:59:23.081Z"
"CPS_NEW_masstel_izi_t5_plus_4g_8_128_1789318763081_158","masstel_izi_t5_plus_4g_8_128","Masstel","Masstel izi T5 plus 4G","CellphoneS","new","Mới 100% Chính Hãng",530000,550000,8,128,"in_stock","https://cellphones.com.vn/dien-thoai-masstel-izi-t5-plus.html","2026-09-13T16:59:23.081Z"
"CPS_NEW_masstel_fami_8_4g_8_128_1789318763081_159","masstel_fami_8_4g_8_128","Masstel","Masstel Fami 8 4G","CellphoneS","new","Mới 100% Chính Hãng",580000,600000,8,128,"in_stock","https://cellphones.com.vn/dien-thoai-masstel-fami-8.html","2026-09-13T16:59:23.081Z"
"CPS_NEW_masstel_izi_t8_8_128_1789318763081_160","masstel_izi_t8_8_128","Masstel","Masstel izi T8","CellphoneS","new","Mới 100% Chính Hãng",530000,550000,8,128,"in_stock","https://cellphones.com.vn/dien-thoai-masstel-izi-t8.html","2026-09-13T16:59:23.081Z"
"CPS_NEW_masstel_izi_s8_8_128_1789318763082_161","masstel_izi_s8_8_128","Masstel","Masstel Izi S8","CellphoneS","new","Mới 100% Chính Hãng",485000,505000,8,128,"in_stock","https://cellphones.com.vn/dien-thoai-masstel-izi-s8.html","2026-09-13T16:59:23.082Z"
"CPS_NEW_masstel_izi_22_8_128_1789318763082_162","masstel_izi_22_8_128","Masstel","Masstel izi  22","CellphoneS","new","Mới 100% Chính Hãng",470000,490000,8,128,"in_stock","https://cellphones.com.vn/dien-thoai-masstel-izi-22.html","2026-09-13T16:59:23.082Z"
"CPS_NEW_masstel_fami_25_8_128_1789318763082_163","masstel_fami_25_8_128","Masstel","Masstel Fami 25","CellphoneS","new","Mới 100% Chính Hãng",650000,680000,8,128,"in_stock","https://cellphones.com.vn/dien-thoai-masstel-fami-25.html","2026-09-13T16:59:23.082Z"
"CPS_NEW_itel_i_n_tho_i_itel_p55_plus_nfc_8_256_1789318763640_164","itel_i_n_tho_i_itel_p55_plus_nfc_8_256","Itel","Điện thoại Itel P55 Plus NFC 8GB 256GB","CellphoneS","new","Mới 100% Chính Hãng",3390000,3990000,8,256,"in_stock","https://cellphones.com.vn/dien-thoai-itel-p55-plus-8gb-256gb.html","2026-09-13T16:59:23.640Z"
"CPS_NEW_tcl_40_nxt_paper_8_256_1789318765424_165","tcl_40_nxt_paper_8_256","TCL","TCL 40 NXT PAPER 8GB 256GB","CellphoneS","new","Mới 100% Chính Hãng",4490000,4490000,8,256,"in_stock","https://cellphones.com.vn/tcl-40-nxt-paper.html","2026-09-13T16:59:25.424Z"
"CPS_NEW_tcl_406s_4_64_1789318765424_166","tcl_406s_4_64","TCL","TCL 406S 4GB 64GB","CellphoneS","new","Mới 100% Chính Hãng",1990000,1990000,4,64,"in_stock","https://cellphones.com.vn/dien-thoai-tcl-406s.html","2026-09-13T16:59:25.424Z"
"CPS_NEW_tcl_40se_4_128_1789318765424_167","tcl_40se_4_128","TCL","TCL 40SE 4GB 128GB","CellphoneS","new","Mới 100% Chính Hãng",3390000,3390000,4,128,"in_stock","https://cellphones.com.vn/tcl-40-se.html","2026-09-13T16:59:25.424Z"
"CPS_NEW_tcl_408_4_64_1789318765424_168","tcl_408_4_64","TCL","TCL 408 4GB 64GB","CellphoneS","new","Mới 100% Chính Hãng",2290000,2290000,4,64,"in_stock","https://cellphones.com.vn/tcl-408.html","2026-09-13T16:59:25.424Z"
"CPS_NEW_tcl_40se_6_256_1789318765425_169","tcl_40se_6_256","TCL","TCL 40SE 6GB 256GB","CellphoneS","new","Mới 100% Chính Hãng",3990000,3990000,6,256,"in_stock","https://cellphones.com.vn/tcl-40-se-256gb.html","2026-09-13T16:59:25.425Z"
"CPS_NEW_tcl_408_4_128_1789318765425_170","tcl_408_4_128","TCL","TCL 408 4GB 128GB","CellphoneS","new","Mới 100% Chính Hãng",2390000,2390000,4,128,"in_stock","https://cellphones.com.vn/tcl-408-128gb.html","2026-09-13T16:59:25.425Z"
"CPS_USED_apple_iphone_16_pro_max_c_p_8_256_1789318766058_171","apple_iphone_16_pro_max_c_p_8_256","Apple","iPhone 16 Pro Max 256GB - Cũ Đẹp","CellphoneS Cũ","used","Cũ 99% / Like New",26790000,34990000,8,256,"in_stock","https://cellphones.com.vn/iphone-16-pro-max256gb-cu-dep.html","2026-09-13T16:59:26.058Z"
"CPS_USED_apple_iphone_15_pro_max_c_p_8_256_1789318766058_172","apple_iphone_15_pro_max_c_p_8_256","Apple","iPhone 15 Pro Max 256GB - Cũ Đẹp","CellphoneS Cũ","used","Cũ 99% / Like New",21990000,34990000,8,256,"in_stock","https://cellphones.com.vn/iphone-15-pro-max-256gb-cu-dep.html","2026-09-13T16:59:26.058Z"
"CPS_USED_apple_iphone_15_plus_c_p_8_128_1789318766058_173","apple_iphone_15_plus_c_p_8_128","Apple","iPhone 15 Plus 128GB - Cũ Đẹp","CellphoneS Cũ","used","Cũ 99% / Like New",15890000,22990000,8,128,"in_stock","https://cellphones.com.vn/iphone-15-plus-cu-dep.html","2026-09-13T16:59:26.058Z"
"CPS_USED_apple_iphone_14_pro_max_c_p_8_128_1789318766059_174","apple_iphone_14_pro_max_c_p_8_128","Apple","iPhone 14 Pro Max 128GB - Cũ Đẹp","CellphoneS Cũ","used","Cũ 99% / Like New",17490000,29990000,8,128,"in_stock","https://cellphones.com.vn/iphone-14-pro-max-cu-dep.html","2026-09-13T16:59:26.059Z"
"CPS_USED_apple_iphone_14_plus_c_p_8_128_1789318766059_175","apple_iphone_14_plus_c_p_8_128","Apple","iPhone 14 Plus 128GB - Cũ Đẹp","CellphoneS Cũ","used","Cũ 99% / Like New",12890000,19990000,8,128,"in_stock","https://cellphones.com.vn/iphone-14-plus-cu-dep.html","2026-09-13T16:59:26.059Z"
"CPS_USED_apple_iphone_13_pro_max_c_tr_y_x_c_8_128_1789318766059_176","apple_iphone_13_pro_max_c_tr_y_x_c_8_128","Apple","iPhone 13 Pro Max 128GB - Cũ trầy xước","CellphoneS Cũ","used","Cũ Trầy Xước (95%)",12090000,31990000,8,128,"in_stock","https://cellphones.com.vn/iphone-13-pro-max-128gb-cu-tray-xuoc.html","2026-09-13T16:59:26.059Z"
"CPS_USED_xiaomi_redmi_note_15_pro_5g_k_ch_ho_t_12_256_1789318766059_177","xiaomi_redmi_note_15_pro_5g_k_ch_ho_t_12_256","Xiaomi","Xiaomi Redmi Note 15 Pro 5G 12GB 256GB - Đã kích hoạt","CellphoneS Cũ","used","Cũ Đã Kích Hoạt",8490000,11490000,12,256,"in_stock","https://cellphones.com.vn/dien-thoai-xiaomi-redmi-note-15-pro-5g-cu-da-kich-hoat.html","2026-09-13T16:59:26.059Z"
"CPS_USED_samsung_galaxy_s26_ultra_5g_k_ch_ho_t_12_256_1789318766059_178","samsung_galaxy_s26_ultra_5g_k_ch_ho_t_12_256","Samsung","Samsung Galaxy S26 Ultra 5G 12GB 256GB - Đã kích hoạt","CellphoneS Cũ","used","Cũ Đã Kích Hoạt",25990000,36990000,12,256,"in_stock","https://cellphones.com.vn/dien-thoai-samsung-galaxy-s26-ultra-5g-12gb-256gb-cu-da-kich-hoat.html","2026-09-13T16:59:26.059Z"
"CPS_USED_samsung_galaxy_s25_ultra_5g_c_p_12_512_1789318766059_179","samsung_galaxy_s25_ultra_5g_c_p_12_512","Samsung","Samsung Galaxy S25 Ultra 5G 12GB 512GB - Cũ Đẹp","CellphoneS Cũ","used","Cũ 99% / Like New",21990000,33380000,12,512,"in_stock","https://cellphones.com.vn/dien-thoai-samsung-galaxy-s25-ultra-5g-512gb-cu-dep.html","2026-09-13T16:59:26.059Z"
"CPS_USED_oppo_find_n5_fold_c_x_c_c_n_16_512_1789318766059_180","oppo_find_n5_fold_c_x_c_c_n_16_512","OPPO","OPPO FIND N5 Fold 16GB 512GB - Cũ Xước Cấn","CellphoneS Cũ","used","Cũ 99% / Like New",26890000,44990000,16,512,"in_stock","https://cellphones.com.vn/dien-thoai-oppo-find-n5-fold-16gb-512gb-cu-xuoc-can.html","2026-09-13T16:59:26.059Z"
"CPS_USED_apple_iphone_14_pro_max_c_p_8_256_1789318766059_181","apple_iphone_14_pro_max_c_p_8_256","Apple","iPhone 14 Pro Max 256GB - Cũ Đẹp","CellphoneS Cũ","used","Cũ 99% / Like New",18990000,32990000,8,256,"in_stock","https://cellphones.com.vn/iphone-14-pro-max-256gb-cu-dep.html","2026-09-13T16:59:26.059Z"
"CPS_USED_apple_iphone_14_pro_max_c_tr_y_x_c_8_128_1789318766060_182","apple_iphone_14_pro_max_c_tr_y_x_c_8_128","Apple","iPhone 14 Pro Max 128GB - Cũ Trầy Xước","CellphoneS Cũ","used","Cũ Trầy Xước (95%)",16490000,29990000,8,128,"in_stock","https://cellphones.com.vn/iphone-14-pro-max-cu-tray-xuoc.html","2026-09-13T16:59:26.060Z"
"CPS_USED_apple_iphone_14_pro_max_c_tr_y_x_c_8_256_1789318766060_183","apple_iphone_14_pro_max_c_tr_y_x_c_8_256","Apple","iPhone 14 Pro Max 256GB - Cũ Trầy Xước","CellphoneS Cũ","used","Cũ Trầy Xước (95%)",17990000,32990000,8,256,"in_stock","https://cellphones.com.vn/iphone-14-pro-max-256gb-cu-tray-xuoc.html","2026-09-13T16:59:26.060Z"
"CPS_USED_apple_iphone_15_pro_max_c_p_8_512_1789318766060_184","apple_iphone_15_pro_max_c_p_8_512","Apple","iPhone 15 Pro Max 512GB - Cũ Đẹp","CellphoneS Cũ","used","Cũ 99% / Like New",23990000,40990000,8,512,"in_stock","https://cellphones.com.vn/iphone-15-pro-max-512gb-cu-dep.html","2026-09-13T16:59:26.060Z"
"CPS_USED_apple_iphone_15_pro_max_c_tr_y_x_c_8_256_1789318766060_185","apple_iphone_15_pro_max_c_tr_y_x_c_8_256","Apple","iPhone 15 Pro Max 256GB - Cũ Trầy Xước","CellphoneS Cũ","used","Cũ Trầy Xước (95%)",20990000,34990000,8,256,"in_stock","https://cellphones.com.vn/iphone-15-pro-max-256gb-cu-tray-xuoc.html","2026-09-13T16:59:26.060Z"
"CPS_USED_apple_iphone_14_pro_max_c_p_8_512_1789318766060_186","apple_iphone_14_pro_max_c_p_8_512","Apple","iPhone 14 Pro Max 512GB - Cũ Đẹp","CellphoneS Cũ","used","Cũ 99% / Like New",19990000,38990000,8,512,"in_stock","https://cellphones.com.vn/iphone-14-pro-max-512gb-cu-dep.html","2026-09-13T16:59:26.060Z"
"CPS_USED_apple_iphone_13_pro_max_c_p_8_128_1789318766060_187","apple_iphone_13_pro_max_c_p_8_128","Apple","iPhone 13 Pro Max 128GB - Cũ đẹp","CellphoneS Cũ","used","Cũ 99% / Like New",13090000,31990000,8,128,"in_stock","https://cellphones.com.vn/iphone-13-pro-max-128gb-cu-dep.html","2026-09-13T16:59:26.060Z"
"CPS_USED_apple_iphone_14_pro_max_c_p_8_1024_1789318766060_188","apple_iphone_14_pro_max_c_p_8_1024","Apple","iPhone 14 Pro Max 1TB - Cũ Đẹp","CellphoneS Cũ","used","Cũ 99% / Like New",21490000,29990000,8,1024,"in_stock","https://cellphones.com.vn/iphone-14-pro-max-1tb-non-cu-dep.html","2026-09-13T16:59:26.060Z"
"CPS_USED_samsung_galaxy_s25_ultra_5g_c_p_12_256_1789318766060_189","samsung_galaxy_s25_ultra_5g_c_p_12_256","Samsung","Samsung Galaxy S25 Ultra 5G 12GB 256GB - Cũ Đẹp","CellphoneS Cũ","used","Cũ 99% / Like New",19990000,33380000,12,256,"in_stock","https://cellphones.com.vn/dien-thoai-samsung-galaxy-s25-ultra-5g-cu-dep.html","2026-09-13T16:59:26.060Z"
"CPS_USED_apple_iphone_16_pro_max_c_tr_y_x_c_8_256_1789318766060_190","apple_iphone_16_pro_max_c_tr_y_x_c_8_256","Apple","iPhone 16 Pro Max 256GB - Cũ Trầy Xước","CellphoneS Cũ","used","Cũ Trầy Xước (95%)",25590000,34990000,8,256,"in_stock","https://cellphones.com.vn/iphone-16-pro-max256gb-cu-tray-xuoc.html","2026-09-13T16:59:26.060Z"
"CPS_USED_apple_iphone_16_pro_c_p_8_128_1789318766060_191","apple_iphone_16_pro_c_p_8_128","Apple","iPhone 16 Pro 128GB - Cũ Đẹp","CellphoneS Cũ","used","Cũ 99% / Like New",21690000,28990000,8,128,"in_stock","https://cellphones.com.vn/iphone-16-pro-cu-dep.html","2026-09-13T16:59:26.060Z"
"CPS_USED_apple_iphone_15_pro_max_c_p_8_1024_1789318766060_192","apple_iphone_15_pro_max_c_p_8_1024","Apple","iPhone 15 Pro Max 1TB - Cũ Đẹp","CellphoneS Cũ","used","Cũ 99% / Like New",24990000,46990000,8,1024,"in_stock","https://cellphones.com.vn/iphone-15-pro-max-1tb-cu-dep.html","2026-09-13T16:59:26.060Z"
"CPS_USED_apple_iphone_12_pro_max_c_p_8_128_1789318766060_193","apple_iphone_12_pro_max_c_p_8_128","Apple","iPhone 12 Pro Max 128GB - Cũ Đẹp","CellphoneS Cũ","used","Cũ 99% / Like New",11990000,28990000,8,128,"in_stock","https://cellphones.com.vn/iphone-12-pro-max-cu-dep.html","2026-09-13T16:59:26.060Z"
"CPS_USED_apple_iphone_15_pro_max_c_tr_y_x_c_8_512_1789318766061_194","apple_iphone_15_pro_max_c_tr_y_x_c_8_512","Apple","iPhone 15 Pro Max 512GB - Cũ Trầy Xước","CellphoneS Cũ","used","Cũ Trầy Xước (95%)",22990000,40990000,8,512,"in_stock","https://cellphones.com.vn/iphone-15-pro-max-512gb-cu-tray-xuoc.html","2026-09-13T16:59:26.061Z"
"HH_NEW_apple_iphone_18_pro_max_8_256_1789318771789_0","apple_iphone_18_pro_max_8_256","Apple","iPhone 18 Pro Max 256GB","Hoàng Hà Mobile","new","Mới 100% Chính Hãng",41990000,41990000,8,256,"in_stock","https://hoanghamobile.com/dien-thoai/iphone-18-pro-max?g=694&v=5","2026-09-13T16:59:31.789Z"
"HH_NEW_apple_iphone_18_pro_8_256_1789318771789_1","apple_iphone_18_pro_8_256","Apple","iPhone 18 Pro 256GB","Hoàng Hà Mobile","new","Mới 100% Chính Hãng",38990000,38990000,8,256,"in_stock","https://hoanghamobile.com/dien-thoai/iphone-18-pro-max?g=693&v=5","2026-09-13T16:59:31.789Z"
"HH_NEW_apple_iphone_duo_8_256_1789318771789_2","apple_iphone_duo_8_256","Apple","iPhone Duo 256GB","Hoàng Hà Mobile","new","Mới 100% Chính Hãng",64990000,64990000,8,256,"in_stock","https://hoanghamobile.com/dien-thoai/iphone-duo","2026-09-13T16:59:31.789Z"
"HH_NEW_apple_iphone_18_pro_max_8_512_1789318771789_3","apple_iphone_18_pro_max_8_512","Apple","iPhone 18 Pro Max 512GB","Hoàng Hà Mobile","new","Mới 100% Chính Hãng",48490000,48490000,8,512,"in_stock","https://hoanghamobile.com/dien-thoai/iphone-18-pro-max?g=694&v=23","2026-09-13T16:59:31.789Z"
"HH_NEW_apple_iphone_18_pro_max_8_1024_1789318771790_4","apple_iphone_18_pro_max_8_1024","Apple","iPhone 18 Pro Max 1TB","Hoàng Hà Mobile","new","Mới 100% Chính Hãng",61490000,61490000,8,1024,"in_stock","https://hoanghamobile.com/dien-thoai/iphone-18-pro-max?g=694&v=87","2026-09-13T16:59:31.790Z"
"HH_NEW_apple_iphone_18_pro_max_8_2048_1789318771790_5","apple_iphone_18_pro_max_8_2048","Apple","iPhone 18 Pro Max 2TB","Hoàng Hà Mobile","new","Mới 100% Chính Hãng",80990000,80990000,8,2048,"in_stock","https://hoanghamobile.com/dien-thoai/iphone-18-pro-max?g=694&v=189","2026-09-13T16:59:31.790Z"
"HH_NEW_apple_iphone_18_pro_8_512_1789318771790_6","apple_iphone_18_pro_8_512","Apple","iPhone 18 Pro 512GB","Hoàng Hà Mobile","new","Mới 100% Chính Hãng",45490000,45490000,8,512,"in_stock","https://hoanghamobile.com/dien-thoai/iphone-18-pro-max?g=693&v=23","2026-09-13T16:59:31.790Z"
"HH_NEW_apple_iphone_18_pro_8_1024_1789318771790_7","apple_iphone_18_pro_8_1024","Apple","iPhone 18 Pro 1TB","Hoàng Hà Mobile","new","Mới 100% Chính Hãng",58490000,58490000,8,1024,"in_stock","https://hoanghamobile.com/dien-thoai/iphone-18-pro-max?g=693&v=87","2026-09-13T16:59:31.790Z"
"HH_NEW_apple_iphone_duo_8_512_1789318771790_8","apple_iphone_duo_8_512","Apple","iPhone Duo 512GB","Hoàng Hà Mobile","new","Mới 100% Chính Hãng",71490000,71490000,8,512,"in_stock","https://hoanghamobile.com/dien-thoai/iphone-duo-512gb","2026-09-13T16:59:31.790Z"
"HH_NEW_apple_iphone_duo_8_1024_1789318771790_9","apple_iphone_duo_8_1024","Apple","iPhone Duo 1TB","Hoàng Hà Mobile","new","Mới 100% Chính Hãng",84490000,84490000,8,1024,"in_stock","https://hoanghamobile.com/dien-thoai/iphone-duo-1tb","2026-09-13T16:59:31.790Z"
"HH_NEW_apple_iphone_duo_8_2048_1789318771790_10","apple_iphone_duo_8_2048","Apple","iPhone Duo 2TB","Hoàng Hà Mobile","new","Mới 100% Chính Hãng",103990000,103990000,8,2048,"in_stock","https://hoanghamobile.com/dien-thoai/iphone-duo-2tb","2026-09-13T16:59:31.790Z"
"HH_NEW_apple_iphone_18_pro_8_2048_1789318771790_11","apple_iphone_18_pro_8_2048","Apple","iPhone 18 Pro 2TB","Hoàng Hà Mobile","new","Mới 100% Chính Hãng",77990000,77990000,8,2048,"in_stock","https://hoanghamobile.com/dien-thoai/iphone-18-pro-max?g=693&v=189","2026-09-13T16:59:31.790Z"
"HH_NEW_apple_iphone_air_apple_vi_t_nam_8_1024_1789318771790_12","apple_iphone_air_apple_vi_t_nam_8_1024","Apple","iPhone Air 1TB - Chính hãng Apple Việt Nam","Hoàng Hà Mobile","new","Mới 100% Chính Hãng",44590000,44590000,8,1024,"in_stock","https://hoanghamobile.com/dien-thoai/iphone-air-1tb","2026-09-13T16:59:31.790Z"
"HH_NEW_apple_iphone_16e_8_128_1789318771791_13","apple_iphone_16e_8_128","Apple","iPhone 16e 128GB - Chính hãng VN/A","Hoàng Hà Mobile","new","Mới 100% Chính Hãng",13490000,13490000,8,128,"in_stock","https://hoanghamobile.com/dien-thoai/iphone-16e-128gb","2026-09-13T16:59:31.791Z"
"HH_NEW_apple_iphone_air_apple_vi_t_nam_8_512_1789318771791_14","apple_iphone_air_apple_vi_t_nam_8_512","Apple","iPhone Air 512GB - Chính hãng Apple Việt Nam","Hoàng Hà Mobile","new","Mới 100% Chính Hãng",32990000,32990000,8,512,"in_stock","https://hoanghamobile.com/dien-thoai/iphone-air-512gb","2026-09-13T16:59:31.791Z"
"HH_NEW_apple_iphone_17_apple_vi_t_nam_8_512_1789318771791_15","apple_iphone_17_apple_vi_t_nam_8_512","Apple","iPhone 17 512GB - Chính hãng Apple Việt Nam","Hoàng Hà Mobile","new","Mới 100% Chính Hãng",34590000,34590000,8,512,"in_stock","https://hoanghamobile.com/dien-thoai/iphone-17-512gb","2026-09-13T16:59:31.791Z"
"HH_NEW_apple_iphone_17_pro_apple_vi_t_nam_8_512_1789318771791_16","apple_iphone_17_pro_apple_vi_t_nam_8_512","Apple","iPhone 17 Pro 512GB - Chính hãng Apple Việt Nam","Hoàng Hà Mobile","new","Mới 100% Chính Hãng",37990000,37990000,8,512,"in_stock","https://hoanghamobile.com/dien-thoai/iphone-17-pro-512gb","2026-09-13T16:59:31.791Z"
"HH_NEW_apple_iphone_17_pro_apple_vi_t_nam_8_1024_1789318771791_17","apple_iphone_17_pro_apple_vi_t_nam_8_1024","Apple","iPhone 17 Pro 1TB - Chính hãng Apple Việt Nam","Hoàng Hà Mobile","new","Mới 100% Chính Hãng",44490000,44490000,8,1024,"in_stock","https://hoanghamobile.com/dien-thoai/iphone-17-pro-1tb","2026-09-13T16:59:31.791Z"
"HH_NEW_apple_iphone_17_pro_max_apple_vi_t_nam_8_1024_1789318771931_18","apple_iphone_17_pro_max_apple_vi_t_nam_8_1024","Apple","iPhone 17 Pro Max 1TB - Chính hãng Apple Việt Nam","Hoàng Hà Mobile","new","Mới 100% Chính Hãng",46990000,46990000,8,1024,"in_stock","https://hoanghamobile.com/dien-thoai/iphone-17-pro-max-1tb","2026-09-13T16:59:31.931Z"
"HH_NEW_apple_iphone_17_pro_max_apple_vi_t_nam_8_2048_1789318771931_19","apple_iphone_17_pro_max_apple_vi_t_nam_8_2048","Apple","iPhone 17 Pro Max 2TB - Chính hãng Apple Việt Nam","Hoàng Hà Mobile","new","Mới 100% Chính Hãng",59990000,59990000,8,2048,"in_stock","https://hoanghamobile.com/dien-thoai/iphone-17-pro-max-2tb","2026-09-13T16:59:31.931Z"
"HH_NEW_apple_iphone_17e_apple_vi_t_nam_8_256_1789318771931_20","apple_iphone_17e_apple_vi_t_nam_8_256","Apple","iPhone 17e 256GB - Chính hãng Apple Việt Nam","Hoàng Hà Mobile","new","Mới 100% Chính Hãng",20590000,20590000,8,256,"in_stock","https://hoanghamobile.com/dien-thoai/iphone-17e","2026-09-13T16:59:31.931Z"
"HH_NEW_apple_iphone_17e_apple_vi_t_nam_8_512_1789318771931_21","apple_iphone_17e_apple_vi_t_nam_8_512","Apple","iPhone 17e 512GB - Chính hãng Apple Việt Nam","Hoàng Hà Mobile","new","Mới 100% Chính Hãng",26490000,26490000,8,512,"in_stock","https://hoanghamobile.com/dien-thoai/iphone-17e-512gb","2026-09-13T16:59:31.931Z"
"HH_NEW_apple_iphone_17_pro_max_apple_vi_t_nam_8_512_1789318771931_22","apple_iphone_17_pro_max_apple_vi_t_nam_8_512","Apple","iPhone 17 Pro Max 512GB - Chính hãng Apple Việt Nam","Hoàng Hà Mobile","new","Mới 100% Chính Hãng",40490000,40490000,8,512,"in_stock","https://hoanghamobile.com/dien-thoai/iphone-17-pro-max-512gb","2026-09-13T16:59:31.931Z"
"HH_NEW_apple_iphone_17_apple_vi_t_nam_8_256_1789318771931_23","apple_iphone_17_apple_vi_t_nam_8_256","Apple","iPhone 17 256GB - Chính hãng Apple Việt Nam","Hoàng Hà Mobile","new","Mới 100% Chính Hãng",28090000,28090000,8,256,"in_stock","https://hoanghamobile.com/dien-thoai/iphone-17","2026-09-13T16:59:31.931Z"
"HH_NEW_apple_iphone_17_pro_apple_vi_t_nam_8_256_1789318771931_24","apple_iphone_17_pro_apple_vi_t_nam_8_256","Apple","iPhone 17 Pro 256GB - Chính hãng Apple Việt Nam","Hoàng Hà Mobile","new","Mới 100% Chính Hãng",31490000,31490000,8,256,"in_stock","https://hoanghamobile.com/dien-thoai/iphone-17-pro","2026-09-13T16:59:31.931Z"
"HH_NEW_apple_iphone_17_pro_max_apple_vi_t_nam_8_256_1789318771932_25","apple_iphone_17_pro_max_apple_vi_t_nam_8_256","Apple","iPhone 17 Pro Max 256GB - Chính hãng Apple Việt Nam","Hoàng Hà Mobile","new","Mới 100% Chính Hãng",33990000,33990000,8,256,"in_stock","https://hoanghamobile.com/dien-thoai/iphone-17-pro-max","2026-09-13T16:59:31.932Z"
"HH_NEW_apple_iphone_air_apple_vi_t_nam_8_256_1789318771932_26","apple_iphone_air_apple_vi_t_nam_8_256","Apple","iPhone Air 256GB - Chính hãng Apple Việt Nam","Hoàng Hà Mobile","new","Mới 100% Chính Hãng",26190000,26190000,8,256,"in_stock","https://hoanghamobile.com/dien-thoai/iphone-air","2026-09-13T16:59:31.932Z"
"HH_NEW_apple_iphone_16_pro_8_128_1789318772105_27","apple_iphone_16_pro_8_128","Apple","iPhone 16 Pro 128GB - Chính hãng VN/A","Hoàng Hà Mobile","new","Mới 100% Chính Hãng",24990000,24990000,8,128,"in_stock","https://hoanghamobile.com/dien-thoai/iphone-16-pro","2026-09-13T16:59:32.105Z"
"HH_NEW_apple_iphone_16_plus_8_128_1789318772106_28","apple_iphone_16_plus_8_128","Apple","iPhone 16 Plus 128GB - Chính hãng VN/A","Hoàng Hà Mobile","new","Mới 100% Chính Hãng",24090000,24090000,8,128,"in_stock","https://hoanghamobile.com/dien-thoai/iphone-16-plus","2026-09-13T16:59:32.106Z"
"HH_NEW_apple_iphone_16_pro_max_8_512_1789318772106_29","apple_iphone_16_pro_max_8_512","Apple","iPhone 16 Pro Max 512GB - Chính hãng VN/A","Hoàng Hà Mobile","new","Mới 100% Chính Hãng",36690000,36690000,8,512,"in_stock","https://hoanghamobile.com/dien-thoai/iphone-16-pro-max-512gb","2026-09-13T16:59:32.106Z"
"HH_NEW_apple_iphone_16_8_256_1789318772106_30","apple_iphone_16_8_256","Apple","iPhone 16 256GB - Chính hãng VN/A","Hoàng Hà Mobile","new","Mới 100% Chính Hãng",23890000,23890000,8,256,"in_stock","https://hoanghamobile.com/dien-thoai/iphone-16-256gb","2026-09-13T16:59:32.106Z"
"HH_NEW_apple_iphone_16_plus_8_256_1789318772106_31","apple_iphone_16_plus_8_256","Apple","iPhone 16 Plus 256GB - Chính hãng VN/A","Hoàng Hà Mobile","new","Mới 100% Chính Hãng",26990000,26990000,8,256,"in_stock","https://hoanghamobile.com/dien-thoai/iphone-16-plus-256gb","2026-09-13T16:59:32.106Z"
"HH_NEW_apple_iphone_16_plus_8_512_1789318772106_32","apple_iphone_16_plus_8_512","Apple","iPhone 16 Plus 512GB - Chính hãng VN/A","Hoàng Hà Mobile","new","Mới 100% Chính Hãng",29390000,29390000,8,512,"in_stock","https://hoanghamobile.com/dien-thoai/iphone-16-plus-512gb","2026-09-13T16:59:32.106Z"
"HH_NEW_apple_iphone_16_pro_max_8_1024_1789318772106_33","apple_iphone_16_pro_max_8_1024","Apple","iPhone 16 Pro Max 1TB - Chính hãng VN/A","Hoàng Hà Mobile","new","Mới 100% Chính Hãng",42390000,42390000,8,1024,"in_stock","https://hoanghamobile.com/dien-thoai/iphone-16-pro-max-1tb","2026-09-13T16:59:32.106Z"
"HH_NEW_apple_iphone_16_8_512_1789318772106_34","apple_iphone_16_8_512","Apple","iPhone 16 512GB - Chính hãng VN/A","Hoàng Hà Mobile","new","Mới 100% Chính Hãng",29990000,29990000,8,512,"in_stock","https://hoanghamobile.com/dien-thoai/iphone-16-512gb","2026-09-13T16:59:32.106Z"
"HH_NEW_apple_iphone_16e_8_256_1789318772106_35","apple_iphone_16e_8_256","Apple","iPhone 16e 256GB - Chính hãng VN/A","Hoàng Hà Mobile","new","Mới 100% Chính Hãng",18350000,18350000,8,256,"in_stock","https://hoanghamobile.com/dien-thoai/iphone-16e-256gb","2026-09-13T16:59:32.106Z"
"HH_NEW_apple_iphone_16e_8_512_1789318772107_36","apple_iphone_16e_8_512","Apple","iPhone 16e 512GB - Chính hãng VN/A","Hoàng Hà Mobile","new","Mới 100% Chính Hãng",19990000,19990000,8,512,"in_stock","https://hoanghamobile.com/dien-thoai/iphone-16e-512gb","2026-09-13T16:59:32.107Z"
"HH_NEW_apple_iphone_16_8_128_1789318772107_37","apple_iphone_16_8_128","Apple","iPhone 16 128GB - Chính hãng VN/A","Hoàng Hà Mobile","new","Mới 100% Chính Hãng",24090000,24090000,8,128,"in_stock","https://hoanghamobile.com/dien-thoai/iphone-16","2026-09-13T16:59:32.107Z"
"HH_NEW_apple_iphone_16_pro_max_8_256_1789318772107_38","apple_iphone_16_pro_max_8_256","Apple","iPhone 16 Pro Max 256GB - Chính hãng VN/A","Hoàng Hà Mobile","new","Mới 100% Chính Hãng",30790000,30790000,8,256,"in_stock","https://hoanghamobile.com/dien-thoai/iphone-16-pro-max","2026-09-13T16:59:32.107Z"
"HH_NEW_samsung_galaxy_z_fold7_5g_12_256_1789318772831_39","samsung_galaxy_z_fold7_5g_12_256","Samsung","Samsung Galaxy Z Fold7 5G 12GB/256GB","Hoàng Hà Mobile","new","Mới 100% Chính Hãng",38990000,38990000,12,256,"in_stock","https://hoanghamobile.com/dien-thoai/samsung-galaxy-z-fold7","2026-09-13T16:59:32.831Z"
"HH_NEW_samsung_galaxy_s25_ultra_12_256_1789318772831_40","samsung_galaxy_s25_ultra_12_256","Samsung","Samsung Galaxy S25 Ultra - 12GB/256GB","Hoàng Hà Mobile","new","Mới 100% Chính Hãng",24790000,24790000,12,256,"in_stock","https://hoanghamobile.com/dien-thoai/samsung-galaxy-s25-ultra","2026-09-13T16:59:32.831Z"
"HH_NEW_samsung_galaxy_z_fold8_5g_12_512_1789318772832_41","samsung_galaxy_z_fold8_5g_12_512","Samsung","Samsung Galaxy Z Fold8 5G 12GB/512GB","Hoàng Hà Mobile","new","Mới 100% Chính Hãng",47490000,47490000,12,512,"in_stock","https://hoanghamobile.com/dien-thoai/samsung-galaxy-z-fold8-512gb","2026-09-13T16:59:32.832Z"
"HH_NEW_samsung_galaxy_z_fold8_ultra_5g_12_256_1789318772832_42","samsung_galaxy_z_fold8_ultra_5g_12_256","Samsung","Samsung Galaxy Z Fold8 Ultra 5G 12GB/256GB","Hoàng Hà Mobile","new","Mới 100% Chính Hãng",47490000,47490000,12,256,"in_stock","https://hoanghamobile.com/dien-thoai/samsung-galaxy-z-fold8-ultra","2026-09-13T16:59:32.832Z"
"HH_NEW_samsung_galaxy_z_fold8_5g_12_256_1789318772832_43","samsung_galaxy_z_fold8_5g_12_256","Samsung","Samsung Galaxy Z Fold8 5G 12GB/256GB","Hoàng Hà Mobile","new","Mới 100% Chính Hãng",41490000,41490000,12,256,"in_stock","https://hoanghamobile.com/dien-thoai/samsung-galaxy-z-fold8","2026-09-13T16:59:32.832Z"
"HH_NEW_samsung_galaxy_z_fold8_ultra_5g_12_512_1789318772832_44","samsung_galaxy_z_fold8_ultra_5g_12_512","Samsung","Samsung Galaxy Z Fold8 Ultra 5G 12GB/512GB","Hoàng Hà Mobile","new","Mới 100% Chính Hãng",52990000,52990000,12,512,"in_stock","https://hoanghamobile.com/dien-thoai/samsung-galaxy-z-fold8-ultra-512gb","2026-09-13T16:59:32.832Z"
"HH_NEW_samsung_galaxy_z_flip8_5g_12_256_1789318772832_45","samsung_galaxy_z_flip8_5g_12_256","Samsung","Samsung Galaxy Z Flip8 5G 12GB/256GB","Hoàng Hà Mobile","new","Mới 100% Chính Hãng",27490000,27490000,12,256,"in_stock","https://hoanghamobile.com/dien-thoai/samsung-galaxy-z-flip8","2026-09-13T16:59:32.832Z"
"HH_NEW_samsung_galaxy_s26_12_512_1789318772832_46","samsung_galaxy_s26_12_512","Samsung","Samsung Galaxy S26 - 12GB/512GB","Hoàng Hà Mobile","new","Mới 100% Chính Hãng",25890000,25890000,12,512,"in_stock","https://hoanghamobile.com/dien-thoai/samsung-galaxy-s26-12gb-512gb","2026-09-13T16:59:32.832Z"
"HH_NEW_samsung_galaxy_s26_plus_12_256_1789318772832_47","samsung_galaxy_s26_plus_12_256","Samsung","Samsung Galaxy S26 Plus - 12GB/256GB","Hoàng Hà Mobile","new","Mới 100% Chính Hãng",22490000,22490000,12,256,"in_stock","https://hoanghamobile.com/dien-thoai/samsung-galaxy-s26-plus","2026-09-13T16:59:32.832Z"
"HH_NEW_samsung_galaxy_s26_plus_12_512_1789318772832_48","samsung_galaxy_s26_plus_12_512","Samsung","Samsung Galaxy S26 Plus - 12GB/512GB","Hoàng Hà Mobile","new","Mới 100% Chính Hãng",29790000,29790000,12,512,"in_stock","https://hoanghamobile.com/dien-thoai/samsung-galaxy-s26-plus-12gb-512gb","2026-09-13T16:59:32.832Z"
"HH_NEW_samsung_galaxy_s26_ultra_12_512_1789318772832_49","samsung_galaxy_s26_ultra_12_512","Samsung","Samsung Galaxy S26 Ultra - 12GB/512GB","Hoàng Hà Mobile","new","Mới 100% Chính Hãng",35490000,35490000,12,512,"in_stock","https://hoanghamobile.com/dien-thoai/samsung-galaxy-s26-ultra-12gb-512gb","2026-09-13T16:59:32.832Z"
"HH_NEW_samsung_galaxy_s26_ultra_16_1024_1789318772833_50","samsung_galaxy_s26_ultra_16_1024","Samsung","Samsung Galaxy S26 Ultra - 16GB/1TB","Hoàng Hà Mobile","new","Mới 100% Chính Hãng",41990000,41990000,16,1024,"in_stock","https://hoanghamobile.com/dien-thoai/samsung-galaxy-s26-ultra-16gb-1tb","2026-09-13T16:59:32.833Z"
"HH_NEW_samsung_galaxy_s26_ultra_bh_t_12_512_1789318772833_51","samsung_galaxy_s26_ultra_bh_t_12_512","Samsung","Samsung Galaxy S26 Ultra - 12GB/512GB (BHĐT)","Hoàng Hà Mobile","new","Mới 100% Chính Hãng",31990000,31990000,12,512,"in_stock","https://hoanghamobile.com/dien-thoai/samsung-galaxy-s26-ultra-12gb-512gb-bhdt","2026-09-13T16:59:32.833Z"
"HH_NEW_samsung_galaxy_s26_12_256_1789318772833_52","samsung_galaxy_s26_12_256","Samsung","Samsung Galaxy S26 - 12GB/256GB","Hoàng Hà Mobile","new","Mới 100% Chính Hãng",20990000,20990000,12,256,"in_stock","https://hoanghamobile.com/dien-thoai/samsung-galaxy-s26","2026-09-13T16:59:32.833Z"
"HH_NEW_samsung_galaxy_s26_ultra_12_256_1789318772833_53","samsung_galaxy_s26_ultra_12_256","Samsung","Samsung Galaxy S26 Ultra - 12GB/256GB","Hoàng Hà Mobile","new","Mới 100% Chính Hãng",28990000,28990000,12,256,"in_stock","https://hoanghamobile.com/dien-thoai/samsung-galaxy-s26-ultra","2026-09-13T16:59:32.833Z"
"HH_NEW_samsung_galaxy_a57_5g_8_128_1789318772833_54","samsung_galaxy_a57_5g_8_128","Samsung","Samsung Galaxy A57 5G - 8GB/128GB","Hoàng Hà Mobile","new","Mới 100% Chính Hãng",10290000,10290000,8,128,"in_stock","https://hoanghamobile.com/dien-thoai/samsung-galaxy-a57","2026-09-13T16:59:32.833Z"
"HH_NEW_samsung_galaxy_a37_5g_8_128_1789318772833_55","samsung_galaxy_a37_5g_8_128","Samsung","Samsung Galaxy A37 5G - 8GB/128GB","Hoàng Hà Mobile","new","Mới 100% Chính Hãng",8990000,8990000,8,128,"in_stock","https://hoanghamobile.com/dien-thoai/samsung-galaxy-a37","2026-09-13T16:59:32.833Z"
"HH_NEW_samsung_galaxy_s25_fe_8_128_1789318772833_56","samsung_galaxy_s25_fe_8_128","Samsung","Samsung Galaxy S25 FE 8GB/128GB","Hoàng Hà Mobile","new","Mới 100% Chính Hãng",13490000,13490000,8,128,"in_stock","https://hoanghamobile.com/dien-thoai/samsung-galaxy-s25-fe","2026-09-13T16:59:32.833Z"
"HH_NEW_samsung_galaxy_s26_series_8_128_1789318772835_57","samsung_galaxy_s26_series_8_128","Samsung","Galaxy S26 Series","Hoàng Hà Mobile","new","Mới 100% Chính Hãng",3000000,3000000,8,128,"in_stock","https://hoanghamobile.com/dien-thoai/samsung-galaxy-s26-series","2026-09-13T16:59:32.835Z"
"HH_NEW_samsung_galaxy_a07_4_128_1789318773081_58","samsung_galaxy_a07_4_128","Samsung","Samsung Galaxy A07 4GB/128GB","Hoàng Hà Mobile","new","Mới 100% Chính Hãng",3590000,3590000,4,128,"in_stock","https://hoanghamobile.com/dien-thoai/samsung-galaxy-a07","2026-09-13T16:59:33.081Z"
"HH_NEW_samsung_galaxy_a17_lte_8_128_1789318773081_59","samsung_galaxy_a17_lte_8_128","Samsung","Samsung Galaxy A17 LTE 8GB/128GB","Hoàng Hà Mobile","new","Mới 100% Chính Hãng",5150000,5150000,8,128,"in_stock","https://hoanghamobile.com/dien-thoai/samsung-galaxy-a17-lte","2026-09-13T16:59:33.081Z"
"HH_NEW_samsung_galaxy_a17_5g_8_128_1789318773082_60","samsung_galaxy_a17_5g_8_128","Samsung","Samsung Galaxy A17 5G 8GB/128GB","Hoàng Hà Mobile","new","Mới 100% Chính Hãng",6090000,6090000,8,128,"in_stock","https://hoanghamobile.com/dien-thoai/samsung-galaxy-a17-5g","2026-09-13T16:59:33.082Z"
"HH_NEW_samsung_galaxy_a07_5g_4_128_1789318773082_61","samsung_galaxy_a07_5g_4_128","Samsung","Samsung Galaxy A07 5G 4GB/128GB","Hoàng Hà Mobile","new","Mới 100% Chính Hãng",4490000,4490000,4,128,"in_stock","https://hoanghamobile.com/dien-thoai/samsung-galaxy-a07-5g","2026-09-13T16:59:33.082Z"
"HH_NEW_samsung_galaxy_a27_5g_6_128_1789318773082_62","samsung_galaxy_a27_5g_6_128","Samsung","Samsung Galaxy A27 5G - 6GB/128GB","Hoàng Hà Mobile","new","Mới 100% Chính Hãng",7390000,7390000,6,128,"in_stock","https://hoanghamobile.com/dien-thoai/samsung-galaxy-a27","2026-09-13T16:59:33.082Z"
"HH_NEW_samsung_galaxy_s26_fe_5g_8_128_1789318773301_63","samsung_galaxy_s26_fe_5g_8_128","Samsung","Samsung Galaxy S26 FE 5G 8GB/128GB","Hoàng Hà Mobile","new","Mới 100% Chính Hãng",16490000,16490000,8,128,"in_stock","https://hoanghamobile.com/dien-thoai/samsung-galaxy-s26-fe","2026-09-13T16:59:33.301Z"
"HH_NEW_xiaomi_17_ultra_16_512_1789318774352_64","xiaomi_17_ultra_16_512","Xiaomi","Xiaomi 17 Ultra 16GB/512GB","Hoàng Hà Mobile","new","Mới 100% Chính Hãng",29490000,29490000,16,512,"in_stock","https://hoanghamobile.com/dien-thoai/dien-thoai-xiaomi-17-ultra","2026-09-13T16:59:34.352Z"
"HH_NEW_xiaomi_redmi_note_17_pro_5g_6_256_1789318774352_65","xiaomi_redmi_note_17_pro_5g_6_256","Xiaomi","Xiaomi Redmi Note 17 Pro 5G 6GB/256GB","Hoàng Hà Mobile","new","Mới 100% Chính Hãng",9290000,9290000,6,256,"in_stock","https://hoanghamobile.com/dien-thoai/xiaomi-redmi-note-17-pro-5g","2026-09-13T16:59:34.352Z"
"HH_NEW_xiaomi_redmi_note_17_4_128_1789318774352_66","xiaomi_redmi_note_17_4_128","Xiaomi","Xiaomi Redmi Note 17 4GB/128GB","Hoàng Hà Mobile","new","Mới 100% Chính Hãng",5890000,5890000,4,128,"in_stock","https://hoanghamobile.com/dien-thoai/xiaomi-redmi-note-17","2026-09-13T16:59:34.352Z"
"HH_NEW_xiaomi_redmi_note_17_5g_6_128_1789318774352_67","xiaomi_redmi_note_17_5g_6_128","Xiaomi","Xiaomi Redmi Note 17 5G 6GB/128GB","Hoàng Hà Mobile","new","Mới 100% Chính Hãng",7790000,7790000,6,128,"in_stock","https://hoanghamobile.com/dien-thoai/xiaomi-redmi-note-17-5g","2026-09-13T16:59:34.352Z"
"HH_NEW_xiaomi_redmi_note_17_pro_max_5g_8_512_1789318774352_68","xiaomi_redmi_note_17_pro_max_5g_8_512","Xiaomi","Xiaomi Redmi Note 17 Pro Max 5G 8GB/512GB","Hoàng Hà Mobile","new","Mới 100% Chính Hãng",14490000,14490000,8,512,"in_stock","https://hoanghamobile.com/dien-thoai/xiaomi-redmi-note-17-pro-max-5g","2026-09-13T16:59:34.352Z"
"HH_NEW_xiaomi_redmi_note_15_6_128_1789318774352_69","xiaomi_redmi_note_15_6_128","Xiaomi","Xiaomi Redmi Note 15 6GB/128GB","Hoàng Hà Mobile","new","Mới 100% Chính Hãng",4990000,4990000,6,128,"in_stock","https://hoanghamobile.com/dien-thoai/xiaomi-redmi-note-15-6gb-128gb","2026-09-13T16:59:34.352Z"
"HH_NEW_xiaomi_redmi_note_15_5g_6_128_1789318774352_70","xiaomi_redmi_note_15_5g_6_128","Xiaomi","Xiaomi Redmi Note 15 5G 6GB/128GB","Hoàng Hà Mobile","new","Mới 100% Chính Hãng",6290000,6290000,6,128,"in_stock","https://hoanghamobile.com/dien-thoai/xiaomi-redmi-note-15-5g-6gb-128gb","2026-09-13T16:59:34.352Z"
"HH_NEW_xiaomi_redmi_note_15_pro_12_256_1789318774352_71","xiaomi_redmi_note_15_pro_12_256","Xiaomi","Xiaomi Redmi Note 15 Pro 12GB/256GB","Hoàng Hà Mobile","new","Mới 100% Chính Hãng",8490000,8490000,12,256,"in_stock","https://hoanghamobile.com/dien-thoai/xiaomi-redmi-note-15-pro-12gb-256gb","2026-09-13T16:59:34.352Z"
"HH_NEW_xiaomi_redmi_note_15_pro_5g_12_256_1789318774352_72","xiaomi_redmi_note_15_pro_5g_12_256","Xiaomi","Xiaomi Redmi Note 15 Pro 5G 12GB/256GB","Hoàng Hà Mobile","new","Mới 100% Chính Hãng",9990000,9990000,12,256,"in_stock","https://hoanghamobile.com/dien-thoai/xiaomi-redmi-note-15-pro-5g-12gb-256gb","2026-09-13T16:59:34.352Z"
"HH_NEW_xiaomi_17t_5g_12_512_1789318774353_73","xiaomi_17t_5g_12_512","Xiaomi","Xiaomi 17T 5G 12GB/512GB","Hoàng Hà Mobile","new","Mới 100% Chính Hãng",16490000,16490000,12,512,"in_stock","https://hoanghamobile.com/dien-thoai/xiaomi-17t","2026-09-13T16:59:34.353Z"
"HH_NEW_xiaomi_17t_pro_5g_12_512_1789318774353_74","xiaomi_17t_pro_5g_12_512","Xiaomi","Xiaomi 17T PRO 5G 12GB/512GB","Hoàng Hà Mobile","new","Mới 100% Chính Hãng",19990000,19990000,12,512,"in_stock","https://hoanghamobile.com/dien-thoai/xiaomi-17t-pro","2026-09-13T16:59:34.353Z"
"HH_NEW_xiaomi_poco_m7_pro_5g_12_256_1789318774353_75","xiaomi_poco_m7_pro_5g_12_256","Xiaomi","Xiaomi POCO M7 Pro 5G 12GB/256GB","Hoàng Hà Mobile","new","Mới 100% Chính Hãng",6490000,6490000,12,256,"in_stock","https://hoanghamobile.com/dien-thoai/dien-thoai-xiaomi-poco-m7-pro-5g-12gb-256gb","2026-09-13T16:59:34.353Z"
"HH_NEW_xiaomi_redmi_15c_4_128_1789318774353_76","xiaomi_redmi_15c_4_128","Xiaomi","Xiaomi Redmi 15C 4GB/128GB","Hoàng Hà Mobile","new","Mới 100% Chính Hãng",4190000,4190000,4,128,"in_stock","https://hoanghamobile.com/dien-thoai/dien-thoai-redmi-15c","2026-09-13T16:59:34.353Z"
"HH_NEW_xiaomi_redmi_15_5g_8_256_1789318774353_77","xiaomi_redmi_15_5g_8_256","Xiaomi","Xiaomi Redmi 15 5G 8GB/256GB","Hoàng Hà Mobile","new","Mới 100% Chính Hãng",5790000,5790000,8,256,"in_stock","https://hoanghamobile.com/dien-thoai/dien-thoai-xiaomi-redmi-15-5g-8-256g","2026-09-13T16:59:34.353Z"
"HH_NEW_xiaomi_15_12_256_1789318774353_78","xiaomi_15_12_256","Xiaomi","Xiaomi 15 12GB/256GB","Hoàng Hà Mobile","new","Mới 100% Chính Hãng",17990000,17990000,12,256,"in_stock","https://hoanghamobile.com/dien-thoai/xiaomi-15","2026-09-13T16:59:34.353Z"
"HH_NEW_xiaomi_redmi_15c_8_256_1789318774353_79","xiaomi_redmi_15c_8_256","Xiaomi","Xiaomi Redmi 15C 8GB/256GB","Hoàng Hà Mobile","new","Mới 100% Chính Hãng",4490000,4490000,8,256,"in_stock","https://hoanghamobile.com/dien-thoai/dien-thoai-redmi-15c-8gb-256gb","2026-09-13T16:59:34.353Z"
"HH_NEW_xiaomi_redmi_a7_3_64_1789318774353_80","xiaomi_redmi_a7_3_64","Xiaomi","Xiaomi Redmi A7 3GB/64GB","Hoàng Hà Mobile","new","Mới 100% Chính Hãng",3190000,3190000,3,64,"in_stock","https://hoanghamobile.com/dien-thoai/xiaomi-redmi-a7","2026-09-13T16:59:34.353Z"
"HH_NEW_xiaomi_redmi_a7_pro_nfc_4_128_1789318774353_81","xiaomi_redmi_a7_pro_nfc_4_128","Xiaomi","Xiaomi Redmi A7 Pro 4GB/128GB (NFC)","Hoàng Hà Mobile","new","Mới 100% Chính Hãng",3690000,3690000,4,128,"in_stock","https://hoanghamobile.com/dien-thoai/xiaomi-redmi-a7-pro","2026-09-13T16:59:34.353Z"
"HH_NEW_xiaomi_redmi_17_8_128_1789318774355_82","xiaomi_redmi_17_8_128","Xiaomi","Redmi 17","Hoàng Hà Mobile","new","Mới 100% Chính Hãng",3000000,3000000,8,128,"in_stock","https://hoanghamobile.com/dien-thoai/xiaomi-redmi-17","2026-09-13T16:59:34.355Z"
"HH_NEW_xiaomi_poco_m7_8_256_1789318774526_83","xiaomi_poco_m7_8_256","Xiaomi","Xiaomi POCO M7 8GB/256GB","Hoàng Hà Mobile","new","Mới 100% Chính Hãng",5490000,5490000,8,256,"in_stock","https://hoanghamobile.com/dien-thoai/dien-thoai-xiaomi-poco-m7-8gb-256gb","2026-09-13T16:59:34.526Z"
"HH_NEW_xiaomi_poco_m7_6_128_1789318774526_84","xiaomi_poco_m7_6_128","Xiaomi","Xiaomi POCO M7 6GB/128GB","Hoàng Hà Mobile","new","Mới 100% Chính Hãng",4690000,4690000,6,128,"in_stock","https://hoanghamobile.com/dien-thoai/dien-thoai-xiaomi-poco-m7-6gb-128gb","2026-09-13T16:59:34.526Z"
"HH_NEW_xiaomi_poco_m7_pro_5g_12_512_1789318774526_85","xiaomi_poco_m7_pro_5g_12_512","Xiaomi","Xiaomi POCO M7 Pro 5G 12GB/512GB","Hoàng Hà Mobile","new","Mới 100% Chính Hãng",7590000,7590000,12,512,"in_stock","https://hoanghamobile.com/dien-thoai/dien-thoai-xiaomi-poco-m7-pro-5g-12-512gb","2026-09-13T16:59:34.526Z"
"HH_NEW_xiaomi_redmi_note_14_pro_5g_8_256_1789318774956_86","xiaomi_redmi_note_14_pro_5g_8_256","Xiaomi","Xiaomi Redmi Note 14 Pro+ 5G 8GB/256GB","Hoàng Hà Mobile","new","Mới 100% Chính Hãng",7790000,7790000,8,256,"in_stock","https://hoanghamobile.com/dien-thoai/redmi-note-14-pro-plus-5g","2026-09-13T16:59:34.956Z"
"HH_NEW_xiaomi_redmi_note_14_5g_8_256_1789318774956_87","xiaomi_redmi_note_14_5g_8_256","Xiaomi","Xiaomi Redmi Note 14 5G 8GB/256GB","Hoàng Hà Mobile","new","Mới 100% Chính Hãng",6390000,6390000,8,256,"in_stock","https://hoanghamobile.com/dien-thoai/xiaomi-redmi-note-14-5g-8gb-256gb","2026-09-13T16:59:34.956Z"
"HH_NEW_xiaomi_redmi_note_14_8_128_1789318774956_88","xiaomi_redmi_note_14_8_128","Xiaomi","Xiaomi Redmi Note 14 8GB/128GB","Hoàng Hà Mobile","new","Mới 100% Chính Hãng",5290000,5290000,8,128,"in_stock","https://hoanghamobile.com/dien-thoai/redmi-note-14","2026-09-13T16:59:34.956Z"
"HH_NEW_xiaomi_redmi_17_4g_6_256_1789318775344_89","xiaomi_redmi_17_4g_6_256","Xiaomi","Xiaomi Redmi 17 4G 6GB/256GB","Hoàng Hà Mobile","new","Mới 100% Chính Hãng",6690000,6690000,6,256,"in_stock","https://hoanghamobile.com/dien-thoai/xiaomi-redmi-17-4g","2026-09-13T16:59:35.344Z"
"HH_NEW_oppo_find_x9s_12_256_1789318775886_90","oppo_find_x9s_12_256","OPPO","OPPO Find X9s 12GB/256GB","Hoàng Hà Mobile","new","Mới 100% Chính Hãng",21090000,21090000,12,256,"in_stock","https://hoanghamobile.com/dien-thoai/oppo-find-x9s","2026-09-13T16:59:35.886Z"
"HH_NEW_oppo_i_n_tho_i_oppo_a6_pro_8_128_1789318775886_91","oppo_i_n_tho_i_oppo_a6_pro_8_128","OPPO","Điện thoại OPPO A6 Pro (8GB+128GB)","Hoàng Hà Mobile","new","Mới 100% Chính Hãng",8190000,8190000,8,128,"in_stock","https://hoanghamobile.com/dien-thoai/oppo-a6-pro-8gb-128gb","2026-09-13T16:59:35.886Z"
"HH_NEW_oppo_a6t_pro_8_128_1789318775886_92","oppo_a6t_pro_8_128","OPPO","OPPO A6t Pro (8GB+128GB)","Hoàng Hà Mobile","new","Mới 100% Chính Hãng",8690000,8690000,8,128,"in_stock","https://hoanghamobile.com/dien-thoai/oppo-a6t-pro","2026-09-13T16:59:35.886Z"
"HH_NEW_oppo_a6_8_256_1789318775887_93","oppo_a6_8_256","OPPO","OPPO A6 8GB/256GB","Hoàng Hà Mobile","new","Mới 100% Chính Hãng",11490000,11490000,8,256,"in_stock","https://hoanghamobile.com/dien-thoai/oppo-a6","2026-09-13T16:59:35.887Z"
"HH_NEW_oppo_a6c_4_64_1789318775887_94","oppo_a6c_4_64","OPPO","OPPO A6c (4GB+64GB)","Hoàng Hà Mobile","new","Mới 100% Chính Hãng",4390000,4390000,4,64,"in_stock","https://hoanghamobile.com/dien-thoai/oppo-a6c","2026-09-13T16:59:35.887Z"
"HH_NEW_oppo_a6c_4_128_1789318775887_95","oppo_a6c_4_128","OPPO","OPPO A6c (4GB+128GB)","Hoàng Hà Mobile","new","Mới 100% Chính Hãng",5390000,5390000,4,128,"in_stock","https://hoanghamobile.com/dien-thoai/oppo-a6c-128gb","2026-09-13T16:59:35.887Z"
"HH_NEW_oppo_a5i_pro_8_128_1789318775887_96","oppo_a5i_pro_8_128","OPPO","OPPO A5i Pro 8GB+128GB","Hoàng Hà Mobile","new","Mới 100% Chính Hãng",5290000,5290000,8,128,"in_stock","https://hoanghamobile.com/dien-thoai/oppo-a5i-pro-8gb-128gb","2026-09-13T16:59:35.887Z"
"HH_NEW_oppo_find_n6_16_512_1789318775887_97","oppo_find_n6_16_512","OPPO","OPPO Find N6 16GB/512GB","Hoàng Hà Mobile","new","Mới 100% Chính Hãng",57890000,57890000,16,512,"in_stock","https://hoanghamobile.com/dien-thoai/oppo-find-n6","2026-09-13T16:59:35.887Z"
"HH_NEW_oppo_reno14_5g_12_256_1789318775887_98","oppo_reno14_5g_12_256","OPPO","OPPO Reno14 5G 12GB+256GB","Hoàng Hà Mobile","new","Mới 100% Chính Hãng",13690000,13690000,12,256,"in_stock","https://hoanghamobile.com/dien-thoai/oppo-reno14","2026-09-13T16:59:35.887Z"
"HH_NEW_oppo_reno14_f_5g_8_256_1789318775887_99","oppo_reno14_f_5g_8_256","OPPO","Reno14 F 5G 8GB+256GB","Hoàng Hà Mobile","new","Mới 100% Chính Hãng",9490000,9490000,8,256,"in_stock","https://hoanghamobile.com/dien-thoai/oppo-reno14-f","2026-09-13T16:59:35.887Z"
"HH_NEW_oppo_reno16_f_5g_8_256_1789318775887_100","oppo_reno16_f_5g_8_256","OPPO","OPPO Reno16 F 5G 8GB+256GB","Hoàng Hà Mobile","new","Mới 100% Chính Hãng",14990000,14990000,8,256,"in_stock","https://hoanghamobile.com/dien-thoai/oppo-reno16-f","2026-09-13T16:59:35.887Z"
"HH_NEW_oppo_a5i_4_128_1789318775887_101","oppo_a5i_4_128","OPPO","OPPO A5i 4GB+128GB","Hoàng Hà Mobile","new","Mới 100% Chính Hãng",3390000,3390000,4,128,"in_stock","https://hoanghamobile.com/dien-thoai/oppo-a5i-4gb-128gb","2026-09-13T16:59:35.887Z"
"HH_NEW_oppo_a5i_4_64_1789318775887_102","oppo_a5i_4_64","OPPO","OPPO A5i 4GB+64GB","Hoàng Hà Mobile","new","Mới 100% Chính Hãng",2990000,2990000,4,64,"in_stock","https://hoanghamobile.com/dien-thoai/oppo-a5i-4gb-64gb","2026-09-13T16:59:35.887Z"
"HH_NEW_oppo_a79_5g_8_256_1789318775887_103","oppo_a79_5g_8_256","OPPO","OPPO A79 5G 8GB/256GB","Hoàng Hà Mobile","new","Mới 100% Chính Hãng",6590000,6590000,8,256,"in_stock","https://hoanghamobile.com/dien-thoai/oppo-a79-5g-8gb-256gb","2026-09-13T16:59:35.887Z"
"HH_NEW_oppo_a58_8_128_1789318775888_104","oppo_a58_8_128","OPPO","OPPO A58 8GB/128GB","Hoàng Hà Mobile","new","Mới 100% Chính Hãng",4590000,4590000,8,128,"in_stock","https://hoanghamobile.com/dien-thoai/oppo-a58-8gb-128gb","2026-09-13T16:59:35.888Z"
"HH_NEW_oppo_reno12_f_8_128_1789318775889_105","oppo_reno12_f_8_128","OPPO","OPPO Reno12 F","Hoàng Hà Mobile","new","Mới 100% Chính Hãng",5000000,5000000,8,128,"in_stock","https://hoanghamobile.com/dien-thoai/oppo-reno12-f-4g-8gb-256gb","2026-09-13T16:59:35.889Z"
"HH_NEW_oppo_reno15_8_128_1789318775889_106","oppo_reno15_8_128","OPPO","OPPO Reno15","Hoàng Hà Mobile","new","Mới 100% Chính Hãng",5000000,5000000,8,128,"in_stock","https://hoanghamobile.com/dien-thoai/oppo-reno15-5g-12gb-256gb","2026-09-13T16:59:35.889Z"
"HH_NEW_oppo_reno15_f_8_128_1789318775890_107","oppo_reno15_f_8_128","OPPO","OPPO Reno15 F","Hoàng Hà Mobile","new","Mới 100% Chính Hãng",5000000,5000000,8,128,"in_stock","https://hoanghamobile.com/dien-thoai/oppo-reno15-f-5g-8gb-256gb","2026-09-13T16:59:35.890Z"
"HH_NEW_oppo_a3_6_128_1789318776264_108","oppo_a3_6_128","OPPO","OPPO A3 6GB/128GB","Hoàng Hà Mobile","new","Mới 100% Chính Hãng",4090000,4090000,6,128,"in_stock","https://hoanghamobile.com/dien-thoai/oppo-a3-6gb-128gb","2026-09-13T16:59:36.264Z"
"HH_NEW_oppo_a3_8_256_1789318776264_109","oppo_a3_8_256","OPPO","OPPO A3 8GB/256GB","Hoàng Hà Mobile","new","Mới 100% Chính Hãng",5290000,5290000,8,256,"in_stock","https://hoanghamobile.com/dien-thoai/oppo-a3-8gb-256gb","2026-09-13T16:59:36.264Z"
"HH_NEW_honor_x6c_nfc_ai_6_128_1789318777324_110","honor_x6c_nfc_ai_6_128","HONOR","HONOR X6c 6GB/128GB (NFC/AI)","Hoàng Hà Mobile","new","Mới 100% Chính Hãng",4290000,4290000,6,128,"in_stock","https://hoanghamobile.com/dien-thoai/honor-x6c","2026-09-13T16:59:37.324Z"
"HH_NEW_honor_x9d_12_512_1789318777324_111","honor_x9d_12_512","HONOR","HONOR X9d 12GB/512GB","Hoàng Hà Mobile","new","Mới 100% Chính Hãng",12290000,12290000,12,512,"in_stock","https://hoanghamobile.com/dien-thoai/honor-x9d-12gb-512gb","2026-09-13T16:59:37.324Z"
"HH_NEW_honor_x8d_8_128_1789318777324_112","honor_x8d_8_128","HONOR","HONOR X8d - 8GB/128GB","Hoàng Hà Mobile","new","Mới 100% Chính Hãng",6990000,6990000,8,128,"in_stock","https://hoanghamobile.com/dien-thoai/honor-x8d-8gb-128gb","2026-09-13T16:59:37.324Z"
"HH_NEW_honor_x9d_12_256_1789318777324_113","honor_x9d_12_256","HONOR","HONOR X9d 12GB/256GB","Hoàng Hà Mobile","new","Mới 100% Chính Hãng",10790000,10790000,12,256,"in_stock","https://hoanghamobile.com/dien-thoai/honor-x9d-12gb-256gb","2026-09-13T16:59:37.324Z"
"HH_NEW_honor_x9d_8_256_1789318777324_114","honor_x9d_8_256","HONOR","HONOR X9d 8GB/256GB","Hoàng Hà Mobile","new","Mới 100% Chính Hãng",9490000,9490000,8,256,"in_stock","https://hoanghamobile.com/dien-thoai/honor-x9d-8gb-256gb","2026-09-13T16:59:37.324Z"
"HH_NEW_honor_x5c_plus_4_64_1789318777324_115","honor_x5c_plus_4_64","HONOR","HONOR X5c Plus 4GB/64GB","Hoàng Hà Mobile","new","Mới 100% Chính Hãng",3690000,3690000,4,64,"in_stock","https://hoanghamobile.com/dien-thoai/honor-x5c-plus-4gb-64gb","2026-09-13T16:59:37.324Z"
"HH_NEW_honor_i_n_tho_i_th_ng_minh_honor_play_10_3_64_1789318777325_116","honor_i_n_tho_i_th_ng_minh_honor_play_10_3_64","HONOR","Điện thoại thông minh Honor Play 10 (3GB+64GB)","Hoàng Hà Mobile","new","Mới 100% Chính Hãng",2790000,2790000,3,64,"in_stock","https://hoanghamobile.com/dien-thoai/honor-play-10","2026-09-13T16:59:37.325Z"
"HH_NEW_honor_x7d_5g_8_256_1789318777325_117","honor_x7d_5g_8_256","HONOR","HONOR X7d 5G 8GB/256GB","Hoàng Hà Mobile","new","Mới 100% Chính Hãng",6490000,6490000,8,256,"in_stock","https://hoanghamobile.com/dien-thoai/honor-x7d-5g-8gb-256gb","2026-09-13T16:59:37.325Z"
"HH_NEW_honor_x7d_4g_8_256_1789318777325_118","honor_x7d_4g_8_256","HONOR","HONOR X7d 4G 8GB/256GB","Hoàng Hà Mobile","new","Mới 100% Chính Hãng",5990000,5990000,8,256,"in_stock","https://hoanghamobile.com/dien-thoai/dien-thoai-honor-x7d-4g-8gb-256gb","2026-09-13T16:59:37.325Z"
"HH_NEW_honor_x7d_4g_8_128_1789318777325_119","honor_x7d_4g_8_128","HONOR","HONOR X7d 4G 8GB/128GB","Hoàng Hà Mobile","new","Mới 100% Chính Hãng",5890000,5890000,8,128,"in_stock","https://hoanghamobile.com/dien-thoai/dien-thoai-honor-x7d-4g-8gb-128gb","2026-09-13T16:59:37.325Z"
"HH_NEW_honor_magic_v5_8_128_1789318777325_120","honor_magic_v5_8_128","HONOR","HONOR Magic V5","Hoàng Hà Mobile","new","Mới 100% Chính Hãng",37990000,37990000,8,128,"in_stock","https://hoanghamobile.com/dien-thoai/honor-magic-v5","2026-09-13T16:59:37.325Z"
"HH_NEW_honor_x5c_plus_4_128_1789318777325_121","honor_x5c_plus_4_128","HONOR","HONOR X5c Plus 4GB/128GB","Hoàng Hà Mobile","new","Mới 100% Chính Hãng",3990000,3990000,4,128,"in_stock","https://hoanghamobile.com/dien-thoai/honor-x5c-plus-4gb-128gb","2026-09-13T16:59:37.325Z"
"HH_NEW_honor_i_n_tho_i_th_ng_minh_honor_play_10_4_128_1789318777325_122","honor_i_n_tho_i_th_ng_minh_honor_play_10_4_128","HONOR","Điện thoại thông minh Honor Play 10 (4GB+128GB)","Hoàng Hà Mobile","new","Mới 100% Chính Hãng",3090000,3090000,4,128,"in_stock","https://hoanghamobile.com/dien-thoai/dien-thoai-thong-minh-honor-play-10-4gb-128gb","2026-09-13T16:59:37.325Z"
"HH_NEW_honor_600_8_256_1789318777325_123","honor_600_8_256","HONOR","HONOR 600 8GB/256GB","Hoàng Hà Mobile","new","Mới 100% Chính Hãng",15290000,15290000,8,256,"in_stock","https://hoanghamobile.com/dien-thoai/honor-600","2026-09-13T16:59:37.325Z"
"HH_NEW_honor_400_12_256_1789318777325_124","honor_400_12_256","HONOR","Honor 400 12GB/256GB","Hoàng Hà Mobile","new","Mới 100% Chính Hãng",11790000,11790000,12,256,"in_stock","https://hoanghamobile.com/dien-thoai/honor-400","2026-09-13T16:59:37.325Z"
"HH_NEW_honor_400_lite_5g_12_256_1789318777325_125","honor_400_lite_5g_12_256","HONOR","Honor 400 Lite 5G 12GB/256GB","Hoàng Hà Mobile","new","Mới 100% Chính Hãng",7390000,7390000,12,256,"in_stock","https://hoanghamobile.com/dien-thoai/honor-400-lite","2026-09-13T16:59:37.325Z"
"HH_NEW_honor_x6b_6_128_1789318777325_126","honor_x6b_6_128","HONOR","HONOR X6b 6GB/128GB","Hoàng Hà Mobile","new","Mới 100% Chính Hãng",2890000,2890000,6,128,"in_stock","https://hoanghamobile.com/dien-thoai/honor-x6b-6-128gb","2026-09-13T16:59:37.325Z"
"HH_NEW_tecno_camon_40_8_128_1789318777840_127","tecno_camon_40_8_128","TECNO","Tecno Camon 40 (8GB+8GB/128GB)","Hoàng Hà Mobile","new","Mới 100% Chính Hãng",4990000,4990000,8,128,"in_stock","https://hoanghamobile.com/dien-thoai/tecno-camon-40-8gb-128gb","2026-09-13T16:59:37.840Z"
"HH_NEW_tecno_camon_40_8_256_1789318777840_128","tecno_camon_40_8_256","TECNO","Tecno Camon 40 (8GB+8GB/256GB)","Hoàng Hà Mobile","new","Mới 100% Chính Hãng",5390000,5390000,8,256,"in_stock","https://hoanghamobile.com/dien-thoai/tecno-camon-40-8gb-256gb","2026-09-13T16:59:37.840Z"
"HH_NEW_tecno_camon_40_pro_8_256_1789318777840_129","tecno_camon_40_pro_8_256","TECNO","Tecno Camon 40 Pro (8GB+8GB/256GB)","Hoàng Hà Mobile","new","Mới 100% Chính Hãng",5690000,5690000,8,256,"in_stock","https://hoanghamobile.com/dien-thoai/tecno-camon-40-pro-8gb-256gb","2026-09-13T16:59:37.840Z"
"HH_NEW_tecno_pova_7_8_8_128_1789318777840_130","tecno_pova_7_8_8_128","TECNO","TECNO POVA 7 (8+8GB/128GB)","Hoàng Hà Mobile","new","Mới 100% Chính Hãng",4390000,4390000,8,128,"in_stock","https://hoanghamobile.com/dien-thoai/tecno-pova-7-8-8gb-128gb","2026-09-13T16:59:37.840Z"
"HH_NEW_tecno_pova_7_8_8_256_1789318777840_131","tecno_pova_7_8_8_256","TECNO","TECNO POVA 7 (8+8GB/256GB)","Hoàng Hà Mobile","new","Mới 100% Chính Hãng",4990000,4990000,8,256,"in_stock","https://hoanghamobile.com/dien-thoai/tecno-pova-7-8-8gb-256gb","2026-09-13T16:59:37.840Z"
"HH_NEW_tecno_spark_go_2_4_4_64_1789318777840_132","tecno_spark_go_2_4_4_64","TECNO","TECNO SPARK Go 2 (4+4GB/64GB)","Hoàng Hà Mobile","new","Mới 100% Chính Hãng",2490000,2490000,4,64,"in_stock","https://hoanghamobile.com/dien-thoai/dien-thoai-tecno-spark-go-2-4-4gb-64gb","2026-09-13T16:59:37.840Z"
"HH_NEW_tecno_i_n_tho_i_tecno_spark_40_6_6_128_1789318777840_133","tecno_i_n_tho_i_tecno_spark_40_6_6_128","TECNO","Điện thoại TECNO SPARK 40 (6+6GB/128GB)","Hoàng Hà Mobile","new","Mới 100% Chính Hãng",3490000,3490000,6,128,"in_stock","https://hoanghamobile.com/dien-thoai/dien-thoai-tecno-spark-40-6-6gb-128gb","2026-09-13T16:59:37.840Z"
"HH_NEW_tecno_i_n_tho_i_tecno_spark_40_8_8_256_1789318777840_134","tecno_i_n_tho_i_tecno_spark_40_8_8_256","TECNO","Điện thoại TECNO SPARK 40 (8+8GB/256GB)","Hoàng Hà Mobile","new","Mới 100% Chính Hãng",3890000,3890000,8,256,"in_stock","https://hoanghamobile.com/dien-thoai/dien-thoai-tecno-spark-40-8-8gb-256gb","2026-09-13T16:59:37.840Z"
"HH_NEW_tecno_i_n_tho_i_tecno_spark_30_5g_6_6_128_1789318777841_135","tecno_i_n_tho_i_tecno_spark_30_5g_6_6_128","TECNO","Điện thoại TECNO Spark 30 5G (6+6GB/128GB)","Hoàng Hà Mobile","new","Mới 100% Chính Hãng",2990000,2990000,6,128,"in_stock","https://hoanghamobile.com/dien-thoai/dien-thoai-tecno-spark-30-5g-6-6gb-128gb","2026-09-13T16:59:37.841Z"
"HH_NEW_tecno_spark_50_4_4_128_1789318777841_136","tecno_spark_50_4_4_128","TECNO","TECNO SPARK 50 (4+4GB/128GB)","Hoàng Hà Mobile","new","Mới 100% Chính Hãng",4290000,4290000,4,128,"in_stock","https://hoanghamobile.com/dien-thoai/tecno-spark-50","2026-09-13T16:59:37.841Z"
"HH_NEW_tecno_pova_curve_2_5g_8_8_128_1789318777841_137","tecno_pova_curve_2_5g_8_8_128","TECNO","TECNO POVA CURVE 2 5G (8+8GB/128GB)","Hoàng Hà Mobile","new","Mới 100% Chính Hãng",8990000,8990000,8,128,"in_stock","https://hoanghamobile.com/dien-thoai/tecno-pova-curve-2-5g","2026-09-13T16:59:37.841Z"
"HH_NEW_tecno_pova_6_8_8_256_1789318777841_138","tecno_pova_6_8_8_256","TECNO","TECNO POVA 6 (8+8GB/256GB)","Hoàng Hà Mobile","new","Mới 100% Chính Hãng",4190000,4190000,8,256,"in_stock","https://hoanghamobile.com/dien-thoai/dien-thoai-tecno-pova-6-8-8gb-256gb-chinh-hang","2026-09-13T16:59:37.841Z"
"HH_NEW_tecno_camon_30s_8_128_1789318777841_139","tecno_camon_30s_8_128","TECNO","TECNO CAMON 30S","Hoàng Hà Mobile","new","Mới 100% Chính Hãng",3990000,3990000,8,128,"in_stock","https://hoanghamobile.com/dien-thoai/tecno-camon-30s","2026-09-13T16:59:37.841Z"
"HH_NEW_nubia_i_n_tho_i_gaming_redmagic_11_pro_12_256_1789318779632_140","nubia_i_n_tho_i_gaming_redmagic_11_pro_12_256","Nubia","Điện thoại Gaming REDMAGIC 11 PRO 12GB/256GB","Hoàng Hà Mobile","new","Mới 100% Chính Hãng",19290000,19290000,12,256,"in_stock","https://hoanghamobile.com/dien-thoai/dien-thoai-gaming-redmagic-11-pro-12gb-256gb","2026-09-13T16:59:39.632Z"
"HH_NEW_nubia_i_n_tho_i_gaming_redmagic_11_pro_16_512_1789318779632_141","nubia_i_n_tho_i_gaming_redmagic_11_pro_16_512","Nubia","Điện thoại Gaming REDMAGIC 11 PRO 16GB/512GB","Hoàng Hà Mobile","new","Mới 100% Chính Hãng",23290000,23290000,16,512,"in_stock","https://hoanghamobile.com/dien-thoai/dien-thoai-gaming-redmagic-11-pro-16gb-512gb","2026-09-13T16:59:39.632Z"
"HH_NEW_nubia_i_n_tho_i_gaming_redmagic_11_air_12_256_1789318779632_142","nubia_i_n_tho_i_gaming_redmagic_11_air_12_256","Nubia","Điện thoại Gaming REDMAGIC 11 Air 12GB/256GB","Hoàng Hà Mobile","new","Mới 100% Chính Hãng",13990000,13990000,12,256,"in_stock","https://hoanghamobile.com/dien-thoai/redmagic-11-air","2026-09-13T16:59:39.632Z"
"HH_NEW_nubia_i_n_tho_i_gaming_redmagic_11_air_16_512_1789318779632_143","nubia_i_n_tho_i_gaming_redmagic_11_air_16_512","Nubia","Điện thoại Gaming REDMAGIC 11 Air 16GB/512GB","Hoàng Hà Mobile","new","Mới 100% Chính Hãng",16990000,16990000,16,512,"in_stock","https://hoanghamobile.com/dien-thoai/redmagic-11-air-16gb","2026-09-13T16:59:39.632Z"
"HH_NEW_nubia_i_n_tho_i_gaming_redmagic_11s_pro_12_256_1789318779632_144","nubia_i_n_tho_i_gaming_redmagic_11s_pro_12_256","Nubia","Điện thoại Gaming REDMAGIC 11S PRO 12GB/256GB","Hoàng Hà Mobile","new","Mới 100% Chính Hãng",22990000,22990000,12,256,"in_stock","https://hoanghamobile.com/dien-thoai/redmagic-11s-pro","2026-09-13T16:59:39.632Z"
"HH_NEW_nubia_i_n_tho_i_gaming_redmagic_11s_pro_16_512_1789318779632_145","nubia_i_n_tho_i_gaming_redmagic_11s_pro_16_512","Nubia","Điện thoại Gaming REDMAGIC 11S PRO 16GB/512GB","Hoàng Hà Mobile","new","Mới 100% Chính Hãng",25990000,25990000,16,512,"in_stock","https://hoanghamobile.com/dien-thoai/redmagic-11s-pro-16gb-512gb","2026-09-13T16:59:39.632Z"
"HH_NEW_nubia_redmagic_10s_pro_12_256_1789318779632_146","nubia_redmagic_10s_pro_12_256","Nubia","REDMAGIC 10S PRO 12GB/256GB","Hoàng Hà Mobile","new","Mới 100% Chính Hãng",18490000,18490000,12,256,"in_stock","https://hoanghamobile.com/dien-thoai/dien-thoai-gaming-redmagic-10s-pro-12gb-256gb","2026-09-13T16:59:39.632Z"
"HH_NEW_nubia_i_n_tho_i_gaming_redmagic_10s_pro_16_512_1789318779632_147","nubia_i_n_tho_i_gaming_redmagic_10s_pro_16_512","Nubia","Điện thoại Gaming REDMAGIC 10S PRO 16GB/512GB","Hoàng Hà Mobile","new","Mới 100% Chính Hãng",22990000,22990000,16,512,"in_stock","https://hoanghamobile.com/dien-thoai/dien-thoai-gaming-redmagic-10s-pro-16gb-512gb","2026-09-13T16:59:39.632Z"
"HH_NEW_nubia_redmagic_10_pro_b_n_qu_c_t_12_256_1789318779632_148","nubia_redmagic_10_pro_b_n_qu_c_t_12_256","Nubia","REDMAGIC 10 Pro 12GB/256GB Bản Quốc Tế Chính Hãng","Hoàng Hà Mobile","new","Mới 100% Chính Hãng",17990000,17990000,12,256,"in_stock","https://hoanghamobile.com/dien-thoai/redmagic-10-pro-12gb-256gb","2026-09-13T16:59:39.632Z"
"HH_NEW_nubia_redmagic_10_pro_b_n_qu_c_t_16_512_1789318779633_149","nubia_redmagic_10_pro_b_n_qu_c_t_16_512","Nubia","REDMAGIC 10 Pro 16GB/512GB Bản Quốc Tế Chính Hãng","Hoàng Hà Mobile","new","Mới 100% Chính Hãng",21990000,21990000,16,512,"in_stock","https://hoanghamobile.com/dien-thoai/redmagic-10-pro-16gb-512gb","2026-09-13T16:59:39.633Z"
"HH_NEW_nokia_220_4g_8_128_1789318780641_150","nokia_220_4g_8_128","Nokia","Nokia 220 4G","Hoàng Hà Mobile","new","Mới 100% Chính Hãng",980000,980000,8,128,"in_stock","https://hoanghamobile.com/dien-thoai/nokia-220-4g-chinh-hang","2026-09-13T16:59:40.642Z"
"HH_NEW_nokia_3210_4g_8_128_1789318780642_151","nokia_3210_4g_8_128","Nokia","Nokia 3210 4G","Hoàng Hà Mobile","new","Mới 100% Chính Hãng",1490000,1490000,8,128,"in_stock","https://hoanghamobile.com/dien-thoai/nokia-3210-4g-chinh-hang","2026-09-13T16:59:40.642Z"
"HH_NEW_nokia_hmd_105_4g_8_128_1789318780642_152","nokia_hmd_105_4g_8_128","Nokia","HMD 105 4G","Hoàng Hà Mobile","new","Mới 100% Chính Hãng",640000,640000,8,128,"in_stock","https://hoanghamobile.com/dien-thoai/hmd-105-4g","2026-09-13T16:59:40.642Z"
"HH_NEW_viettel_hera_s9_2_8_inch_8_128_1789318781133_153","viettel_hera_s9_2_8_inch_8_128","Viettel","Hera S9 - 2.8 inch - Chính hãng","Hoàng Hà Mobile","new","Mới 100% Chính Hãng",590000,590000,8,128,"in_stock","https://hoanghamobile.com/dien-thoai/dien-thoai-di-dong-hera-s9-2.8-inch","2026-09-13T16:59:41.133Z"
"HH_NEW_htc_i_n_tho_i_htc_wildfire_e5_plus_6_6_128_1789318781610_154","htc_i_n_tho_i_htc_wildfire_e5_plus_6_6_128","htc","Điện thoại HTC Wildfire E5 Plus (6+6GB/128GB)","Hoàng Hà Mobile","new","Mới 100% Chính Hãng",2990000,2990000,6,128,"in_stock","https://hoanghamobile.com/dien-thoai/dien-thoai-htc-wildfire-e5-plus-6-6gb-128gb","2026-09-13T16:59:41.610Z"
"HH_NEW_inoi_a72_4_128_1789318782328_155","inoi_a72_4_128","INOI","INOI A72 (4GB/128GB)","Hoàng Hà Mobile","new","Mới 100% Chính Hãng",1990000,1990000,4,128,"in_stock","https://hoanghamobile.com/dien-thoai/inoi-a72-4gb-128gb-chinh-hang","2026-09-13T16:59:42.328Z"
"HH_NEW_inoi_a83_6_128_1789318782328_156","inoi_a83_6_128","INOI","INOI A83 (6GB/128GB)","Hoàng Hà Mobile","new","Mới 100% Chính Hãng",1990000,1990000,6,128,"in_stock","https://hoanghamobile.com/dien-thoai/inoi-a83-6gb-128gb-chinh-hang","2026-09-13T16:59:42.328Z"
"HH_NEW_inoi_note_13s_8_256_1789318782328_157","inoi_note_13s_8_256","INOI","INOI Note 13s (8GB/256GB)","Hoàng Hà Mobile","new","Mới 100% Chính Hãng",2890000,2890000,8,256,"in_stock","https://hoanghamobile.com/dien-thoai/inoi-note-13s-8gb-256gb-chinh-hang","2026-09-13T16:59:42.328Z"
"HH_NEW_inoi_288s_8_128_1789318782328_158","inoi_288s_8_128","INOI","INOI 288S","Hoàng Hà Mobile","new","Mới 100% Chính Hãng",1190000,1190000,8,128,"in_stock","https://hoanghamobile.com/dien-thoai/inoi-288s-chinh-hang","2026-09-13T16:59:42.328Z"
"HH_NEW_inoi_a54_4_256_1789318782328_159","inoi_a54_4_256","INOI","INOI A54 4GB/256GB","Hoàng Hà Mobile","new","Mới 100% Chính Hãng",2990000,2990000,4,256,"in_stock","https://hoanghamobile.com/dien-thoai/inoi-a54-4gb-256gb","2026-09-13T16:59:42.328Z"
"HH_NEW_benco_v91_4_128_1789318782784_160","benco_v91_4_128","Benco","Benco V91 - 4GB/128GB","Hoàng Hà Mobile","new","Mới 100% Chính Hãng",2390000,2390000,4,128,"in_stock","https://hoanghamobile.com/dien-thoai/benco-v91-4gb-128gb","2026-09-13T16:59:42.784Z"
"HH_NEW_nubia_air_5g_8_256_1789318783522_161","nubia_air_5g_8_256","Nubia","Nubia Air 5G 8GB/256GB","Hoàng Hà Mobile","new","Mới 100% Chính Hãng",5490000,5490000,8,256,"in_stock","https://hoanghamobile.com/dien-thoai/nubia-air-5g","2026-09-13T16:59:43.522Z"
"HH_NEW_nubia_i_n_tho_i_nubia_v80_design_8_128_1789318783522_162","nubia_i_n_tho_i_nubia_v80_design_8_128","Nubia","Điện thoại nubia V80 Design 8GB/128GB","Hoàng Hà Mobile","new","Mới 100% Chính Hãng",3790000,3790000,8,128,"in_stock","https://hoanghamobile.com/dien-thoai/dien-thoai-nubia-v80-design-8-128gb","2026-09-13T16:59:43.522Z"
"HH_NEW_nubia_i_n_tho_i_nubia_v80_max_8_128_1789318783522_163","nubia_i_n_tho_i_nubia_v80_max_8_128","Nubia","Điện thoại nubia V80 Max 8GB/128GB","Hoàng Hà Mobile","new","Mới 100% Chính Hãng",3790000,3790000,8,128,"in_stock","https://hoanghamobile.com/dien-thoai/dien-thoai-nubia-v80-max-8-128gb","2026-09-13T16:59:43.522Z"
"HH_NEW_nubia_v80_max_4_128_1789318783522_164","nubia_v80_max_4_128","Nubia","Nubia V80 Max 4GB/128GB","Hoàng Hà Mobile","new","Mới 100% Chính Hãng",3590000,3590000,4,128,"in_stock","https://hoanghamobile.com/dien-thoai/nubia-v80-max","2026-09-13T16:59:43.522Z"
"HH_NEW_nubia_v80_design_4_128_1789318783522_165","nubia_v80_design_4_128","Nubia","Nubia V80 Design 4GB/128GB","Hoàng Hà Mobile","new","Mới 100% Chính Hãng",3690000,3690000,4,128,"in_stock","https://hoanghamobile.com/dien-thoai/nubia-v80-design","2026-09-13T16:59:43.522Z"
"HH_NEW_nubia_v70_max_8_128_1789318783522_166","nubia_v70_max_8_128","Nubia","NUBIA V70 MAX","Hoàng Hà Mobile","new","Mới 100% Chính Hãng",2490000,2490000,8,128,"in_stock","https://hoanghamobile.com/dien-thoai/nubia-v70-max","2026-09-13T16:59:43.522Z"
"HH_NEW_nubia_v70_design_8_128_1789318783522_167","nubia_v70_design_8_128","Nubia","NUBIA V70 DESIGN","Hoàng Hà Mobile","new","Mới 100% Chính Hãng",2590000,2590000,8,128,"in_stock","https://hoanghamobile.com/dien-thoai/nubia-v70-design","2026-09-13T16:59:43.522Z"
"HH_NEW_nubia_neo_2_12_256_1789318783522_168","nubia_neo_2_12_256","Nubia","Nubia Neo 2 8GB+12GB/256GB","Hoàng Hà Mobile","new","Mới 100% Chính Hãng",4690000,4690000,12,256,"in_stock","https://hoanghamobile.com/dien-thoai/nubia-neo-2-12-8gb-256gb","2026-09-13T16:59:43.522Z"
"HH_NEW_nubia_v60_design_6_10_256_1789318783522_169","nubia_v60_design_6_10_256","Nubia","Nubia V60 Design (6+10GB/256GB)","Hoàng Hà Mobile","new","Mới 100% Chính Hãng",1990000,1990000,10,256,"in_stock","https://hoanghamobile.com/dien-thoai/dien-thoai-nubia-v60-design-6-10gb-256gb","2026-09-13T16:59:43.522Z"
"HH_NEW_masstel_fami_12s_4g_8_128_1789318784233_170","masstel_fami_12s_4g_8_128","Masstel","Masstel Fami 12S 4G","Hoàng Hà Mobile","new","Mới 100% Chính Hãng",650000,650000,8,128,"in_stock","https://hoanghamobile.com/dien-thoai/dien-thoai-di-dong-masstel-fami-12s-4g-chinh-hang","2026-09-13T16:59:44.233Z"
"HH_NEW_tcl_i_n_tho_i_di_ng_tcl_503_3_64_1789318785022_171","tcl_i_n_tho_i_di_ng_tcl_503_3_64","TCL","Điện thoại di động TCL 503 3GB/64GB","Hoàng Hà Mobile","new","Mới 100% Chính Hãng",1850000,1850000,3,64,"in_stock","https://hoanghamobile.com/dien-thoai/dien-thoai-di-dong-tcl-503-3gb-64gb","2026-09-13T16:59:45.022Z"
"HH_NEW_tcl_i_n_tho_i_di_ng_tcl_505_4_128_1789318785022_172","tcl_i_n_tho_i_di_ng_tcl_505_4_128","TCL","Điện thoại di động TCL 505 4GB/128GB","Hoàng Hà Mobile","new","Mới 100% Chính Hãng",2690000,2690000,4,128,"in_stock","https://hoanghamobile.com/dien-thoai/dien-thoai-di-dong-tcl-505-4gb-128gb","2026-09-13T16:59:45.022Z"
"HH_NEW_tcl_406s_4_64_1789318785022_173","tcl_406s_4_64","TCL","TCL 406S (4GB/64GB)","Hoàng Hà Mobile","new","Mới 100% Chính Hãng",1690000,1690000,4,64,"in_stock","https://hoanghamobile.com/dien-thoai/tcl-406s-4gb-64gb-chinh-hang","2026-09-13T16:59:45.022Z"
"HH_NEW_mobell_m539_4g_8_128_1789318786192_174","mobell_m539_4g_8_128","Mobell","Mobell M539 4G","Hoàng Hà Mobile","new","Mới 100% Chính Hãng",640000,640000,8,128,"in_stock","https://hoanghamobile.com/dien-thoai/dien-thoai-di-dong-mobell-m539-4g-chinh-hang","2026-09-13T16:59:46.192Z"
"HH_NEW_mobell_f209_4g_8_128_1789318786193_175","mobell_f209_4g_8_128","Mobell","Mobell F209 4G","Hoàng Hà Mobile","new","Mới 100% Chính Hãng",590000,590000,8,128,"in_stock","https://hoanghamobile.com/dien-thoai/dien-thoai-di-dong-mobell-f209-4g-chinh-hang","2026-09-13T16:59:46.193Z"
"HH_NEW_mobell_f309_4g_8_128_1789318786193_176","mobell_f309_4g_8_128","Mobell","Mobell F309 4G","Hoàng Hà Mobile","new","Mới 100% Chính Hãng",650000,650000,8,128,"in_stock","https://hoanghamobile.com/dien-thoai/dien-thoai-di-dong-mobell-f309-4g-chinh-hang","2026-09-13T16:59:46.193Z"
"HH_NEW_nubia_zte_blade_a72_3_128_1789318786674_177","nubia_zte_blade_a72_3_128","Nubia","ZTE Blade A72 (3GB/128GB)","Hoàng Hà Mobile","new","Mới 100% Chính Hãng",1890000,1890000,3,128,"in_stock","https://hoanghamobile.com/dien-thoai/zte-blade-a72-3gb-128gb-chinh-hang","2026-09-13T16:59:46.674Z"
"HH_NEW_nubia_zte_blade_a55_4_64_1789318786675_178","nubia_zte_blade_a55_4_64","Nubia","ZTE Blade A55 (4GB/64GB)","Hoàng Hà Mobile","new","Mới 100% Chính Hãng",1790000,1790000,4,64,"in_stock","https://hoanghamobile.com/dien-thoai/dien-thoai-zte-blade-a55-4gb-64gb","2026-09-13T16:59:46.675Z"
"HH_NEW_nubia_zte_blade_a55_4_128_1789318786675_179","nubia_zte_blade_a55_4_128","Nubia","ZTE Blade A55 (4GB/128GB)","Hoàng Hà Mobile","new","Mới 100% Chính Hãng",1990000,1990000,4,128,"in_stock","https://hoanghamobile.com/dien-thoai/dien-thoai-zte-blade-a55-4gb-128gb","2026-09-13T16:59:46.675Z"
"HH_NEW_viettel_i_n_tho_i_viettel_t2_4g_d_ng_m_i_lo_i_sim_8_128_1789318787373_180","viettel_i_n_tho_i_viettel_t2_4g_d_ng_m_i_lo_i_sim_8_128","Viettel","Điện thoại Viettel T2 - 4G (DÙNG MỌI LOẠI SIM)","Hoàng Hà Mobile","new","Mới 100% Chính Hãng",550000,550000,8,128,"in_stock","https://hoanghamobile.com/dien-thoai/viettel-t2-4g","2026-09-13T16:59:47.373Z"
"TGDD_NEW_apple_iphone_18_pro_max_8_256_1789318788187_0","apple_iphone_18_pro_max_8_256","Apple","iPhone 18 Pro Max 256GB","Thế Giới Di Động","new","Mới 100% Chính Hãng",41990000,41990000,8,256,"in_stock","https://www.thegioididong.com/dtdd/iphone-18-pro-max","2026-09-13T16:59:48.187Z"
"TGDD_NEW_apple_iphone_18_pro_8_256_1789318788188_5","apple_iphone_18_pro_8_256","Apple","iPhone 18 Pro 256GB","Thế Giới Di Động","new","Mới 100% Chính Hãng",38990000,38990000,8,256,"in_stock","https://www.thegioididong.com/dtdd/iphone-18-pro","2026-09-13T16:59:48.188Z"
"TGDD_NEW_apple_iphone_duo_8_256_1789318788188_10","apple_iphone_duo_8_256","Apple","iPhone Duo 256GB","Thế Giới Di Động","new","Mới 100% Chính Hãng",64990000,64990000,8,256,"in_stock","https://www.thegioididong.com/dtdd/iphone-duo","2026-09-13T16:59:48.188Z"
"TGDD_NEW_apple_iphone_17_pro_max_8_256_1789318788188_15","apple_iphone_17_pro_max_8_256","Apple","iPhone 17 Pro Max 256GB","Thế Giới Di Động","new","Mới 100% Chính Hãng",34590000,37990000,8,256,"in_stock","https://www.thegioididong.com/dtdd/iphone-17-pro-max","2026-09-13T16:59:48.188Z"
"TGDD_NEW_apple_iphone_17_8_256_1789318788188_20","apple_iphone_17_8_256","Apple","iPhone 17 256GB","Thế Giới Di Động","new","Mới 100% Chính Hãng",28590000,28990000,8,256,"in_stock","https://www.thegioididong.com/dtdd/iphone-17","2026-09-13T16:59:48.188Z"
"TGDD_NEW_apple_iphone_17_pro_8_256_1789318788188_23","apple_iphone_17_pro_8_256","Apple","iPhone 17 Pro 256GB","Thế Giới Di Động","new","Mới 100% Chính Hãng",31990000,34990000,8,256,"in_stock","https://www.thegioididong.com/dtdd/iphone-17-pro","2026-09-13T16:59:48.188Z"
"TGDD_NEW_apple_iphone_16_plus_8_128_1789318788189_27","apple_iphone_16_plus_8_128","Apple","iPhone 16 Plus 128GB","Thế Giới Di Động","new","Mới 100% Chính Hãng",24990000,25990000,8,128,"in_stock","https://www.thegioididong.com/dtdd/iphone-16-plus","2026-09-13T16:59:48.189Z"
"TGDD_NEW_apple_iphone_15_8_128_1789318788189_30","apple_iphone_15_8_128","Apple","iPhone 15 128GB","Thế Giới Di Động","new","Mới 100% Chính Hãng",21990000,21990000,8,128,"in_stock","https://www.thegioididong.com/dtdd/iphone-15","2026-09-13T16:59:48.189Z"
"TGDD_NEW_apple_iphone_air_8_256_1789318788189_33","apple_iphone_air_8_256","Apple","iPhone Air 256GB","Thế Giới Di Động","new","Mới 100% Chính Hãng",22990000,31990000,8,256,"in_stock","https://www.thegioididong.com/dtdd/iphone-air","2026-09-13T16:59:48.189Z"
"TGDD_NEW_apple_iphone_17e_8_256_1789318788189_36","apple_iphone_17e_8_256","Apple","iPhone 17e 256GB","Thế Giới Di Động","new","Mới 100% Chính Hãng",21990000,21990000,8,256,"in_stock","https://www.thegioididong.com/dtdd/iphone-17e-256gb","2026-09-13T16:59:48.189Z"
"TGDD_NEW_apple_iphone_16_8_128_1789318788189_37","apple_iphone_16_8_128","Apple","iPhone 16 128GB","Thế Giới Di Động","new","Mới 100% Chính Hãng",23990000,24990000,8,128,"in_stock","https://www.thegioididong.com/dtdd/iphone-16","2026-09-13T16:59:48.189Z"
"TGDD_NEW_apple_iphone_16e_8_128_1789318788189_38","apple_iphone_16e_8_128","Apple","iPhone 16e 128GB","Thế Giới Di Động","new","Mới 100% Chính Hãng",16990000,16990000,8,128,"in_stock","https://www.thegioididong.com/dtdd/iphone-16e","2026-09-13T16:59:48.189Z"
"TGDD_NEW_samsung_galaxy_s26_fe_5g_8_128_1789318788698_0","samsung_galaxy_s26_fe_5g_8_128","Samsung","Samsung Galaxy S26 FE 5G 8GB/128GB","Thế Giới Di Động","new","Mới 100% Chính Hãng",16510000,18990000,8,128,"in_stock","https://www.thegioididong.com/dtdd/samsung-galaxy-s26-fe-8gb-128gb","2026-09-13T16:59:48.698Z"
"TGDD_NEW_samsung_galaxy_z_fold8_12_256_1789318788698_3","samsung_galaxy_z_fold8_12_256","Samsung","Samsung Galaxy Z Fold8 12GB/256GB","Thế Giới Di Động","new","Mới 100% Chính Hãng",39090000,46990000,12,256,"in_stock","https://www.thegioididong.com/dtdd/samsung-galaxy-z-fold8-12gb-256gb","2026-09-13T16:59:48.698Z"
"TGDD_NEW_samsung_galaxy_z_fold8_ultra_12_256_1789318788698_7","samsung_galaxy_z_fold8_ultra_12_256","Samsung","Samsung Galaxy Z Fold8 Ultra 12GB/256GB","Thế Giới Di Động","new","Mới 100% Chính Hãng",45090000,52990000,12,256,"in_stock","https://www.thegioididong.com/dtdd/samsung-galaxy-z-fold8-ultra-12gb-256gb","2026-09-13T16:59:48.698Z"
"TGDD_NEW_samsung_galaxy_a37_5g_6_128_1789318788698_11","samsung_galaxy_a37_5g_6_128","Samsung","Samsung Galaxy A37 5G 6GB/128GB","Thế Giới Di Động","new","Mới 100% Chính Hãng",9500000,10290000,6,128,"in_stock","https://www.thegioididong.com/dtdd/samsung-galaxy-a37-6gb-128gb","2026-09-13T16:59:48.698Z"
"TGDD_NEW_samsung_galaxy_s26_5g_12_256_1789318788700_48","samsung_galaxy_s26_5g_12_256","Samsung","Samsung Galaxy S26+ 5G 12GB/256GB","Thế Giới Di Động","new","Mới 100% Chính Hãng",22500000,29990000,12,256,"in_stock","https://www.thegioididong.com/dtdd/samsung-galaxy-s26-plus-12gb-256gb","2026-09-13T16:59:48.700Z"
"TGDD_NEW_samsung_galaxy_s25_5g_12_256_1789318788698_18","samsung_galaxy_s25_5g_12_256","Samsung","Samsung Galaxy S25 5G 12GB/256GB","Thế Giới Di Động","new","Mới 100% Chính Hãng",16790000,22580000,12,256,"in_stock","https://www.thegioididong.com/dtdd/samsung-galaxy-s25","2026-09-13T16:59:48.698Z"
"TGDD_NEW_samsung_galaxy_a17_5g_8_128_1789318788699_19","samsung_galaxy_a17_5g_8_128","Samsung","Samsung Galaxy A17 5G 8GB/128GB","Thế Giới Di Động","new","Mới 100% Chính Hãng",6190000,7090000,8,128,"in_stock","https://www.thegioididong.com/dtdd/samsung-galaxy-a17-5g-8gb-128gb","2026-09-13T16:59:48.699Z"
"TGDD_NEW_samsung_galaxy_s25_fe_5g_8_128_1789318788699_22","samsung_galaxy_s25_fe_5g_8_128","Samsung","Samsung Galaxy S25 FE 5G 8GB/128GB","Thế Giới Di Động","new","Mới 100% Chính Hãng",12790000,16690000,8,128,"in_stock","https://www.thegioididong.com/dtdd/samsung-galaxy-s25-fe-5g-8gb-128gb","2026-09-13T16:59:48.699Z"
"TGDD_NEW_samsung_galaxy_z_fold7_5g_12_256_1789318788699_26","samsung_galaxy_z_fold7_5g_12_256","Samsung","Samsung Galaxy Z Fold7 5G 12GB/256GB","Thế Giới Di Động","new","Mới 100% Chính Hãng",36590000,46990000,12,256,"in_stock","https://www.thegioididong.com/dtdd/samsung-galaxy-z-fold7","2026-09-13T16:59:48.699Z"
"TGDD_NEW_samsung_galaxy_s26_ultra_5g_12_256_1789318788699_27","samsung_galaxy_s26_ultra_5g_12_256","Samsung","Samsung Galaxy S26 Ultra 5G 12GB/256GB","Thế Giới Di Động","new","Mới 100% Chính Hãng",28000000,36990000,12,256,"in_stock","https://www.thegioididong.com/dtdd/samsung-galaxy-s26-ultra-12gb-256gb","2026-09-13T16:59:48.699Z"
"TGDD_NEW_samsung_galaxy_a57_5g_8_128_1789318788699_31","samsung_galaxy_a57_5g_8_128","Samsung","Samsung Galaxy A57 5G 8GB/128GB","Thế Giới Di Động","new","Mới 100% Chính Hãng",10490000,12490000,8,128,"in_stock","https://www.thegioididong.com/dtdd/samsung-galaxy-a57-8gb-128gb","2026-09-13T16:59:48.699Z"
"TGDD_NEW_samsung_galaxy_a07_4_64_1789318788699_35","samsung_galaxy_a07_4_64","Samsung","Samsung Galaxy A07 4GB/64GB","Thế Giới Di Động","new","Mới 100% Chính Hãng",3110000,3890000,4,64,"in_stock","https://www.thegioididong.com/dtdd/samsung-galaxy-a07-4gb-64gb","2026-09-13T16:59:48.699Z"
"TGDD_NEW_samsung_galaxy_a17_4_128_1789318788699_38","samsung_galaxy_a17_4_128","Samsung","Samsung Galaxy A17 4GB/128GB","Thế Giới Di Động","new","Mới 100% Chính Hãng",5200000,5690000,4,128,"in_stock","https://www.thegioididong.com/dtdd/samsung-galaxy-a17-4gb-128gb?utm_flashsale=1","2026-09-13T16:59:48.699Z"
"TGDD_NEW_samsung_galaxy_a07_5g_4_128_1789318788699_42","samsung_galaxy_a07_5g_4_128","Samsung","Samsung Galaxy A07 5G 4GB/128GB","Thế Giới Di Động","new","Mới 100% Chính Hãng",4800000,5090000,4,128,"in_stock","https://www.thegioididong.com/dtdd/samsung-galaxy-a07-5g-4gb-128gb","2026-09-13T16:59:48.699Z"
"TGDD_NEW_samsung_galaxy_s25_ultra_5g_12_256_1789318788700_45","samsung_galaxy_s25_ultra_5g_12_256","Samsung","Samsung Galaxy S25 Ultra 5G 12GB/256GB","Thế Giới Di Động","new","Mới 100% Chính Hãng",24890000,33380000,12,256,"in_stock","https://www.thegioididong.com/dtdd/samsung-galaxy-s25-ultra","2026-09-13T16:59:48.700Z"
"TGDD_NEW_samsung_galaxy_z_flip8_5g_12_256_1789318788700_51","samsung_galaxy_z_flip8_5g_12_256","Samsung","Samsung Galaxy Z Flip8 5G 12GB/256GB","Thế Giới Di Động","new","Mới 100% Chính Hãng",25500000,31990000,12,256,"in_stock","https://www.thegioididong.com/dtdd/samsung-galaxy-z-flip8-12gb-256gb","2026-09-13T16:59:48.700Z"
"TGDD_NEW_samsung_galaxy_z_flip7_fe_5g_8_128_1789318788700_54","samsung_galaxy_z_flip7_fe_5g_8_128","Samsung","Samsung Galaxy Z Flip7 FE 5G 8GB/128GB","Thế Giới Di Động","new","Mới 100% Chính Hãng",15810000,22990000,8,128,"in_stock","https://www.thegioididong.com/dtdd/samsung-galaxy-z-flip7-fe?utm_flashsale=1","2026-09-13T16:59:48.700Z"
"TGDD_NEW_samsung_galaxy_a27_6_128_1789318788700_57","samsung_galaxy_a27_6_128","Samsung","Samsung Galaxy A27 6GB/128GB","Thế Giới Di Động","new","Mới 100% Chính Hãng",7490000,8490000,6,128,"in_stock","https://www.thegioididong.com/dtdd/samsung-galaxy-a27-6gb-128gb","2026-09-13T16:59:48.700Z"
"TGDD_NEW_samsung_galaxy_s25_edge_5g_12_512_1789318788700_60","samsung_galaxy_s25_edge_5g_12_512","Samsung","Samsung Galaxy S25 Edge 5G 12GB/512GB","Thế Giới Di Động","new","Mới 100% Chính Hãng",19000000,35990000,12,512,"in_stock","https://www.thegioididong.com/dtdd/samsung-galaxy-s25-edge-5g-512gb","2026-09-13T16:59:48.700Z"
"TGDD_NEW_oppo_reno16f_5g_8_128_1789318789397_0","oppo_reno16f_5g_8_128","OPPO","OPPO Reno16F 5G 8GB/128GB","Thế Giới Di Động","new","Mới 100% Chính Hãng",13310000,14990000,8,128,"in_stock","https://www.thegioididong.com/dtdd/oppo-reno16f-5g-8gb-128gb","2026-09-13T16:59:49.397Z"
"TGDD_NEW_oppo_a6_6_128_1789318789397_3","oppo_a6_6_128","OPPO","OPPO A6 6GB/128GB","Thế Giới Di Động","new","Mới 100% Chính Hãng",9410000,9990000,6,128,"in_stock","https://www.thegioididong.com/dtdd/oppo-a6-6gb-128gb","2026-09-13T16:59:49.397Z"
"TGDD_NEW_oppo_reno16_5g_8_256_1789318789398_7","oppo_reno16_5g_8_256","OPPO","OPPO Reno16 5G 8GB/256GB","Thế Giới Di Động","new","Mới 100% Chính Hãng",18310000,18990000,8,256,"in_stock","https://www.thegioididong.com/dtdd/oppo-reno16-5g-8gb-256gb","2026-09-13T16:59:49.398Z"
"TGDD_NEW_oppo_a6x_4_64_1789318789398_8","oppo_a6x_4_64","OPPO","OPPO A6x 4GB/64GB","Thế Giới Di Động","new","Mới 100% Chính Hãng",4990000,4990000,4,64,"in_stock","https://www.thegioididong.com/dtdd/oppo-a6x-4gb-64gb?utm_flashsale=1","2026-09-13T16:59:49.398Z"
"TGDD_NEW_oppo_reno16_pro_5g_12_256_1789318789398_12","oppo_reno16_pro_5g_12_256","OPPO","OPPO Reno16 Pro 5G 12GB/256GB","Thế Giới Di Động","new","Mới 100% Chính Hãng",23210000,25990000,12,256,"in_stock","https://www.thegioididong.com/dtdd/oppo-reno16-pro","2026-09-13T16:59:49.398Z"
"TGDD_NEW_oppo_reno15_f_5g_8_256_1789318789398_13","oppo_reno15_f_5g_8_256","OPPO","OPPO Reno15 F 5G 8GB/256GB","Thế Giới Di Động","new","Mới 100% Chính Hãng",11810000,11990000,8,256,"in_stock","https://www.thegioididong.com/dtdd/oppo-reno15f-5g-8gb-256gb","2026-09-13T16:59:49.398Z"
"TGDD_NEW_oppo_a6_pro_8_256_1789318789398_16","oppo_a6_pro_8_256","OPPO","OPPO A6 Pro 8GB/256GB","Thế Giới Di Động","new","Mới 100% Chính Hãng",8990000,9990000,8,256,"in_stock","https://www.thegioididong.com/dtdd/oppo-a6-pro-8gb-256gb","2026-09-13T16:59:49.398Z"
"TGDD_NEW_oppo_a6_pro_5g_8_256_1789318789398_17","oppo_a6_pro_5g_8_256","OPPO","OPPO A6 Pro 5G 8GB/256GB","Thế Giới Di Động","new","Mới 100% Chính Hãng",10990000,10990000,8,256,"in_stock","https://www.thegioididong.com/dtdd/oppo-a6-pro-5g-8gb-256gb?utm_flashsale=1","2026-09-13T16:59:49.398Z"
"TGDD_NEW_oppo_a6t_4_64_1789318789398_20","oppo_a6t_4_64","OPPO","OPPO A6t 4GB/64GB","Thế Giới Di Động","new","Mới 100% Chính Hãng",4810000,4990000,4,64,"in_stock","https://www.thegioididong.com/dtdd/oppo-a6t-4gb-64gb","2026-09-13T16:59:49.398Z"
"TGDD_NEW_oppo_a6c_4_64_1789318789398_23","oppo_a6c_4_64","OPPO","OPPO A6c 4GB/64GB","Thế Giới Di Động","new","Mới 100% Chính Hãng",4510000,4690000,4,64,"in_stock","https://www.thegioididong.com/dtdd/oppo-a6c-4gb-64gb","2026-09-13T16:59:49.398Z"
"TGDD_NEW_oppo_find_x9s_12_512_1789318789399_26","oppo_find_x9s_12_512","OPPO","OPPO Find X9s 12GB/512GB","Thế Giới Di Động","new","Mới 100% Chính Hãng",26010000,26990000,12,512,"in_stock","https://www.thegioididong.com/dtdd/oppo-find-x9s-12gb-512gb","2026-09-13T16:59:49.399Z"
"TGDD_NEW_oppo_reno15_5g_8_256_1789318789399_29","oppo_reno15_5g_8_256","OPPO","OPPO Reno15 5G 8GB/256GB","Thế Giới Di Động","new","Mới 100% Chính Hãng",14490000,15990000,8,256,"in_stock","https://www.thegioididong.com/dtdd/oppo-reno15-5g-8gb-256gb?utm_flashsale=1","2026-09-13T16:59:49.399Z"
"TGDD_NEW_oppo_reno15_pro_5g_12_256_1789318789399_30","oppo_reno15_pro_5g_12_256","OPPO","OPPO Reno15 Pro 5G 12GB/256GB","Thế Giới Di Động","new","Mới 100% Chính Hãng",17490000,18990000,12,256,"in_stock","https://www.thegioididong.com/dtdd/oppo-reno15-pro-5g-12gb-256gb?utm_flashsale=1","2026-09-13T16:59:49.399Z"
"TGDD_NEW_oppo_reno14_f_5g_12_256_1789318789399_33","oppo_reno14_f_5g_12_256","OPPO","OPPO Reno14 F 5G 12GB/256GB","Thế Giới Di Động","new","Mới 100% Chính Hãng",11090000,11290000,12,256,"in_stock","https://www.thegioididong.com/dtdd/oppo-reno14-f-5g-12gb-256gb?utm_flashsale=1","2026-09-13T16:59:49.399Z"
"TGDD_NEW_oppo_a6t_pro_8_128_1789318789399_36","oppo_a6t_pro_8_128","OPPO","OPPO A6t Pro 8GB/128GB","Thế Giới Di Động","new","Mới 100% Chính Hãng",10810000,10990000,8,128,"in_stock","https://www.thegioididong.com/dtdd/oppo-a6t-pro-8gb-128gb","2026-09-13T16:59:49.399Z"
"TGDD_NEW_oppo_reno13_5g_12_256_1789318789399_37","oppo_reno13_5g_12_256","OPPO","OPPO Reno13 5G 12GB/256GB","Thế Giới Di Động","new","Mới 100% Chính Hãng",12200000,15700000,12,256,"in_stock","https://www.thegioididong.com/dtdd/oppo-reno13-5g?utm_flashsale=1","2026-09-13T16:59:49.399Z"
"TGDD_NEW_oppo_find_x9_ultra_12_512_1789318789399_38","oppo_find_x9_ultra_12_512","OPPO","OPPO Find X9 Ultra 12GB/512GB","Thế Giới Di Động","new","Mới 100% Chính Hãng",44190000,49990000,12,512,"in_stock","https://www.thegioididong.com/dtdd/oppo-find-x9-ultra","2026-09-13T16:59:49.399Z"
"TGDD_NEW_oppo_find_n3_flip_5g_h_ng_12_256_1789318789399_39","oppo_find_n3_flip_5g_h_ng_12_256","OPPO","OPPO Find N3 Flip 5G 12GB/256GB Hồng","Thế Giới Di Động","new","Mới 100% Chính Hãng",17400000,22580000,12,256,"in_stock","https://www.thegioididong.com/dtdd/oppo-find-n3-flip-hong","2026-09-13T16:59:49.399Z"
"TGDD_NEW_oppo_a5_pro_5g_8_256_1789318789399_42","oppo_a5_pro_5g_8_256","OPPO","OPPO A5 Pro 5G 8GB/256GB","Thế Giới Di Động","new","Mới 100% Chính Hãng",8340000,8340000,8,256,"in_stock","https://www.thegioididong.com/dtdd/oppo-a5-pro-5g?utm_flashsale=1","2026-09-13T16:59:49.399Z"
"TGDD_NEW_oppo_find_n6_5g_16_512_1789318789399_43","oppo_find_n6_5g_16_512","OPPO","OPPO Find N6 5G 16GB/512GB","Thế Giới Di Động","new","Mới 100% Chính Hãng",64810000,64990000,16,512,"in_stock","https://www.thegioididong.com/dtdd/oppo-find-n6","2026-09-13T16:59:49.399Z"
"TGDD_NEW_xiaomi_redmi_note_17_4g_4_128_1789318790260_0","xiaomi_redmi_note_17_4g_4_128","Xiaomi","Xiaomi Redmi Note 17 4G 4GB/128GB","Thế Giới Di Động","new","Mới 100% Chính Hãng",6310000,6990000,4,128,"in_stock","https://www.thegioididong.com/dtdd/xiaomi-redmi-note-17-4g-4gb-128gb","2026-09-13T16:59:50.260Z"
"TGDD_NEW_xiaomi_redmi_note_17_pro_5g_12_256_1789318790261_4","xiaomi_redmi_note_17_pro_5g_12_256","Xiaomi","Xiaomi Redmi Note 17 Pro 5G 12GB/256GB","Thế Giới Di Động","new","Mới 100% Chính Hãng",11310000,13490000,12,256,"in_stock","https://www.thegioididong.com/dtdd/xiaomi-redmi-note-17-pro-5g-12gb-256gb","2026-09-13T16:59:50.261Z"
"TGDD_NEW_xiaomi_redmi_note_17_pro_max_5g_12_256_1789318790261_8","xiaomi_redmi_note_17_pro_max_5g_12_256","Xiaomi","Xiaomi Redmi Note 17 Pro Max 5G 12GB/256GB","Thế Giới Di Động","new","Mới 100% Chính Hãng",14310000,16990000,12,256,"in_stock","https://www.thegioididong.com/dtdd/xiaomi-redmi-note-17-pro-max-12gb-256gb","2026-09-13T16:59:50.261Z"
"TGDD_NEW_xiaomi_17t_5g_12_256_1789318790261_12","xiaomi_17t_5g_12_256","Xiaomi","Xiaomi 17T 5G 12GB/256GB","Thế Giới Di Động","new","Mới 100% Chính Hãng",15710000,20090000,12,256,"in_stock","https://www.thegioididong.com/dtdd/xiaomi-17t-5g-12gb-256gb","2026-09-13T16:59:50.261Z"
"TGDD_NEW_xiaomi_redmi_note_15_6_128_1789318790261_15","xiaomi_redmi_note_15_6_128","Xiaomi","Xiaomi Redmi Note 15 6GB/128GB","Thế Giới Di Động","new","Mới 100% Chính Hãng",5010000,5990000,6,128,"in_stock","https://www.thegioididong.com/dtdd/xiaomi-redmi-note-15-6gb-128gb","2026-09-13T16:59:50.261Z"
"TGDD_NEW_xiaomi_redmi_note_15_5g_6_128_1789318790261_19","xiaomi_redmi_note_15_5g_6_128","Xiaomi","Xiaomi Redmi Note 15 5G 6GB/128GB","Thế Giới Di Động","new","Mới 100% Chính Hãng",6010000,7490000,6,128,"in_stock","https://www.thegioididong.com/dtdd/xiaomi-redmi-note-15-5g-6gb-128gb","2026-09-13T16:59:50.261Z"
"TGDD_NEW_xiaomi_redmi_note_15_pro_5g_8_256_1789318790261_22","xiaomi_redmi_note_15_pro_5g_8_256","Xiaomi","Xiaomi Redmi Note 15 Pro 5G 8GB/256GB","Thế Giới Di Động","new","Mới 100% Chính Hãng",9390000,10490000,8,256,"in_stock","https://www.thegioididong.com/dtdd/xiaomi-redmi-note-15-pro-5g-8gb-256gb?utm_flashsale=1","2026-09-13T16:59:50.261Z"
"TGDD_NEW_xiaomi_redmi_note_15_pro_8_256_1789318790261_26","xiaomi_redmi_note_15_pro_8_256","Xiaomi","Xiaomi Redmi Note 15 Pro 8GB/256GB","Thế Giới Di Động","new","Mới 100% Chính Hãng",6910000,8990000,8,256,"in_stock","https://www.thegioididong.com/dtdd/xiaomi-redmi-note-15-pro-8gb-256gb?utm_flashsale=1","2026-09-13T16:59:50.261Z"
"TGDD_NEW_xiaomi_redmi_note_15_pro_5g_12_256_1789318790262_29","xiaomi_redmi_note_15_pro_5g_12_256","Xiaomi","Xiaomi Redmi Note 15 Pro+ 5G 12GB/256GB","Thế Giới Di Động","new","Mới 100% Chính Hãng",11590000,12990000,12,256,"in_stock","https://www.thegioididong.com/dtdd/xiaomi-redmi-note-15-pro-plus-5g-12gb-256gb?utm_flashsale=1","2026-09-13T16:59:50.262Z"
"TGDD_NEW_xiaomi_redmi_17_4g_4_128_1789318790262_30","xiaomi_redmi_17_4g_4_128","Xiaomi","Xiaomi Redmi 17 4G 4GB/128GB","Thế Giới Di Động","new","Mới 100% Chính Hãng",5110000,5990000,4,128,"in_stock","https://www.thegioididong.com/dtdd/xiaomi-redmi-17-4g-4gb-128gb?utm_flashsale=1","2026-09-13T16:59:50.262Z"
"TGDD_NEW_xiaomi_poco_c71_4_64_1789318790262_34","xiaomi_poco_c71_4_64","Xiaomi","Xiaomi Poco C71 4GB/64GB","Thế Giới Di Động","new","Mới 100% Chính Hãng",3390000,3990000,4,64,"in_stock","https://www.thegioididong.com/dtdd/xiaomi-poco-c71-4gb-64gb?utm_flashsale=1","2026-09-13T16:59:50.262Z"
"TGDD_NEW_xiaomi_redmi_a7_pro_4_64_1789318790262_35","xiaomi_redmi_a7_pro_4_64","Xiaomi","Xiaomi Redmi A7 Pro 4GB/64GB","Thế Giới Di Động","new","Mới 100% Chính Hãng",3810000,4190000,4,64,"in_stock","https://www.thegioididong.com/dtdd/xiaomi-redmi-a7-pro?utm_flashsale=1","2026-09-13T16:59:50.262Z"
"TGDD_NEW_xiaomi_redmi_a7_3_64_1789318790262_38","xiaomi_redmi_a7_3_64","Xiaomi","Xiaomi Redmi A7 3GB/64GB","Thế Giới Di Động","new","Mới 100% Chính Hãng",3210000,3890000,3,64,"in_stock","https://www.thegioididong.com/dtdd/xiaomi-redmi-a7-3gb-64gb","2026-09-13T16:59:50.262Z"
"TGDD_NEW_xiaomi_redmi_17_5g_4_128_1789318790262_39","xiaomi_redmi_17_5g_4_128","Xiaomi","Xiaomi Redmi 17 5G 4GB/128GB","Thế Giới Di Động","new","Mới 100% Chính Hãng",5410000,6490000,4,128,"in_stock","https://www.thegioididong.com/dtdd/xiaomi-redmi-17-5g-4gb-128gb","2026-09-13T16:59:50.262Z"
"TGDD_NEW_xiaomi_redmi_note_17_5g_6_128_1789318790262_42","xiaomi_redmi_note_17_5g_6_128","Xiaomi","Xiaomi Redmi Note 17 5G 6GB/128GB","Thế Giới Di Động","new","Mới 100% Chính Hãng",8010000,8990000,6,128,"in_stock","https://www.thegioididong.com/dtdd/xiaomi-redmi-note-17-5g-6gb-128gb","2026-09-13T16:59:50.262Z"
"TGDD_NEW_xiaomi_17t_pro_5g_12_256_1789318790262_46","xiaomi_17t_pro_5g_12_256","Xiaomi","Xiaomi 17T Pro 5G 12GB/256GB","Thế Giới Di Động","new","Mới 100% Chính Hãng",18310000,23990000,12,256,"in_stock","https://www.thegioididong.com/dtdd/xiaomi-17t-pro-5g-12gb-256gb","2026-09-13T16:59:50.262Z"
"TGDD_NEW_xiaomi_redmi_15_5g_4_128_1789318790262_50","xiaomi_redmi_15_5g_4_128","Xiaomi","Xiaomi Redmi 15 5G 4GB/128GB","Thế Giới Di Động","new","Mới 100% Chính Hãng",5310000,5690000,4,128,"in_stock","https://www.thegioididong.com/dtdd/xiaomi-redmi-15-5g-4gb-128gb","2026-09-13T16:59:50.262Z"
"TGDD_NEW_xiaomi_redmi_15_6_128_1789318790263_51","xiaomi_redmi_15_6_128","Xiaomi","Xiaomi Redmi 15 6GB/128GB","Thế Giới Di Động","new","Mới 100% Chính Hãng",4790000,4790000,6,128,"in_stock","https://www.thegioididong.com/dtdd/xiaomi-redmi-15-6gb-128gb?utm_flashsale=1","2026-09-13T16:59:50.263Z"
"TGDD_NEW_xiaomi_redmi_15c_6_128_1789318790263_54","xiaomi_redmi_15c_6_128","Xiaomi","Xiaomi Redmi 15C 6GB/128GB","Thế Giới Di Động","new","Mới 100% Chính Hãng",4790000,4990000,6,128,"in_stock","https://www.thegioididong.com/dtdd/xiaomi-redmi-15c-6gb-128gb?utm_flashsale=1","2026-09-13T16:59:50.263Z"
"TGDD_NEW_vivo_x300_ultra_16_512_1789318790802_0","vivo_x300_ultra_16_512","vivo","Vivo X300 Ultra 16GB/512GB","Thế Giới Di Động","new","Mới 100% Chính Hãng",41810000,49990000,16,512,"in_stock","https://www.thegioididong.com/dtdd/vivo-x300-ultra","2026-09-13T16:59:50.802Z"
"TGDD_NEW_vivo_v70_fe_5g_8_256_1789318790802_1","vivo_v70_fe_5g_8_256","vivo","Vivo V70 FE 5G 8GB/256GB","Thế Giới Di Động","new","Mới 100% Chính Hãng",13200000,13990000,8,256,"in_stock","https://www.thegioididong.com/dtdd/vivo-v70-fe-8gb-256gb?utm_flashsale=1","2026-09-13T16:59:50.802Z"
"TGDD_NEW_vivo_v60_lite_5g_8_256_1789318790802_4","vivo_v60_lite_5g_8_256","vivo","vivo V60 Lite 5G 8GB/256GB","Thế Giới Di Động","new","Mới 100% Chính Hãng",9990000,10490000,8,256,"in_stock","https://www.thegioididong.com/dtdd/vivo-v60-lite-8gb-256gb?utm_flashsale=1","2026-09-13T16:59:50.802Z"
"TGDD_NEW_vivo_x300_pro_5g_16_512_1789318790802_7","vivo_x300_pro_5g_16_512","vivo","vivo X300 Pro 5G 16GB/512GB","Thế Giới Di Động","new","Mới 100% Chính Hãng",31010000,34990000,16,512,"in_stock","https://www.thegioididong.com/dtdd/vivo-x300-pro","2026-09-13T16:59:50.802Z"
"TGDD_NEW_vivo_y39_5g_8_128_1789318790802_8","vivo_y39_5g_8_128","vivo","vivo Y39 5G 8GB/128GB","Thế Giới Di Động","new","Mới 100% Chính Hãng",6690000,7360000,8,128,"in_stock","https://www.thegioididong.com/dtdd/vivo-y39-5g?utm_flashsale=1","2026-09-13T16:59:50.802Z"
"TGDD_NEW_vivo_v60_5g_12_256_1789318790802_11","vivo_v60_5g_12_256","vivo","vivo V60 5G 12GB/256GB","Thế Giới Di Động","new","Mới 100% Chính Hãng",14910000,15990000,12,256,"in_stock","https://www.thegioididong.com/dtdd/vivo-v60-12gb-256gb?utm_flashsale=1","2026-09-13T16:59:50.802Z"
"TGDD_NEW_vivo_v50_lite_5g_8_256_1789318790803_14","vivo_v50_lite_5g_8_256","vivo","vivo V50 Lite 5G 8GB/256GB","Thế Giới Di Động","new","Mới 100% Chính Hãng",8630000,9810000,8,256,"in_stock","https://www.thegioididong.com/dtdd/vivo-v50-lite-5g","2026-09-13T16:59:50.803Z"
"TGDD_NEW_vivo_y31d_6_128_1789318790803_15","vivo_y31d_6_128","vivo","vivo Y31d 6GB/128GB","Thế Giới Di Động","new","Mới 100% Chính Hãng",7910000,8990000,6,128,"in_stock","https://www.thegioididong.com/dtdd/vivo-y31d-6gb-128gb","2026-09-13T16:59:50.803Z"
"TGDD_NEW_vivo_y05_4_64_1789318790803_19","vivo_y05_4_64","vivo","vivo Y05 4GB/64GB","Thế Giới Di Động","new","Mới 100% Chính Hãng",4740000,4990000,4,64,"in_stock","https://www.thegioididong.com/dtdd/vivo-y05-4gb-64gb?utm_flashsale=1","2026-09-13T16:59:50.803Z"
"TGDD_NEW_vivo_y05e_4_64_1789318790803_22","vivo_y05e_4_64","vivo","vivo Y05e 4GB/64GB","Thế Giới Di Động","new","Mới 100% Chính Hãng",4310000,4490000,4,64,"in_stock","https://www.thegioididong.com/dtdd/vivo-y05e-4gb-64gb?utm_flashsale=1","2026-09-13T16:59:50.803Z"
"TGDD_NEW_vivo_y11d_4_128_1789318790803_23","vivo_y11d_4_128","vivo","Vivo Y11d 4GB/128GB","Thế Giới Di Động","new","Mới 100% Chính Hãng",6010000,6790000,4,128,"in_stock","https://www.thegioididong.com/dtdd/vivo-y11d-4gb-128gb","2026-09-13T16:59:50.803Z"
"TGDD_NEW_vivo_v70_5g_8_256_1789318790803_26","vivo_v70_5g_8_256","vivo","Vivo V70 5G 8GB/256GB","Thế Giới Di Động","new","Mới 100% Chính Hãng",16790000,17990000,8,256,"in_stock","https://www.thegioididong.com/dtdd/vivo-v70-8gb-256gb?utm_flashsale=1","2026-09-13T16:59:50.803Z"
"TGDD_NEW_vivo_y21d_6_128_1789318790803_29","vivo_y21d_6_128","vivo","vivo Y21d 6GB/128GB","Thế Giới Di Động","new","Mới 100% Chính Hãng",5570000,6290000,6,128,"in_stock","https://www.thegioididong.com/dtdd/vivo-y21d-6gb-128gb?utm_flashsale=1","2026-09-13T16:59:50.803Z"
"TGDD_NEW_realme_16t_5g_8_128_1789318791512_0","realme_16t_5g_8_128","realme","realme 16T 5G 8GB/128GB","Thế Giới Di Động","new","Mới 100% Chính Hãng",8090000,10290000,8,128,"in_stock","https://www.thegioididong.com/dtdd/realme-16t-5g-8gb-128gb","2026-09-13T16:59:51.512Z"
"TGDD_NEW_realme_c100x_4_128_1789318791512_3","realme_c100x_4_128","realme","realme C100x 4GB/128GB","Thế Giới Di Động","new","Mới 100% Chính Hãng",6610000,6990000,4,128,"in_stock","https://www.thegioididong.com/dtdd/realme-c100x-4gb-128gb","2026-09-13T16:59:51.512Z"
"TGDD_NEW_realme_c100_4g_8_128_1789318791513_6","realme_c100_4g_8_128","realme","realme C100 4G 8GB/128GB","Thế Giới Di Động","new","Mới 100% Chính Hãng",7690000,8790000,8,128,"in_stock","https://www.thegioididong.com/dtdd/realme-c100-4g-8gb-128gb","2026-09-13T16:59:51.513Z"
"TGDD_NEW_realme_16_5g_8_256_1789318791513_10","realme_16_5g_8_256","realme","realme 16 5G 8GB/256GB","Thế Giới Di Động","new","Mới 100% Chính Hãng",9390000,11490000,8,256,"in_stock","https://www.thegioididong.com/dtdd/realme-16-5g-8gb-256gb","2026-09-13T16:59:51.513Z"
"TGDD_NEW_realme_c85_8_128_1789318791513_13","realme_c85_8_128","realme","realme C85 8GB/128GB","Thế Giới Di Động","new","Mới 100% Chính Hãng",6090000,6290000,8,128,"in_stock","https://www.thegioididong.com/dtdd/realme-c85-8gb-128gb?utm_flashsale=1","2026-09-13T16:59:51.513Z"
"TGDD_NEW_realme_c85_pro_8_128_1789318791513_16","realme_c85_pro_8_128","realme","realme C85 Pro 8GB/128GB","Thế Giới Di Động","new","Mới 100% Chính Hãng",5810000,6990000,8,128,"in_stock","https://www.thegioididong.com/dtdd/realme-c85-pro-8gb-128gb","2026-09-13T16:59:51.513Z"
"TGDD_NEW_realme_c85_5g_8_128_1789318791513_19","realme_c85_5g_8_128","realme","realme C85 5G 8GB/128GB","Thế Giới Di Động","new","Mới 100% Chính Hãng",7890000,8090000,8,128,"in_stock","https://www.thegioididong.com/dtdd/realme-c85-5g-8gb-128gb?utm_flashsale=1","2026-09-13T16:59:51.513Z"
"TGDD_NEW_realme_c100i_4_64_1789318791513_22","realme_c100i_4_64","realme","realme C100i 4GB/64GB","Thế Giới Di Động","new","Mới 100% Chính Hãng",4910000,5290000,4,64,"in_stock","https://www.thegioididong.com/dtdd/realme-c100i-4gb-64gb?utm_flashsale=1","2026-09-13T16:59:51.513Z"
"TGDD_NEW_realme_p4_power_5g_12_256_1789318791513_25","realme_p4_power_5g_12_256","realme","realme P4 Power 5G 12GB/256GB","Thế Giới Di Động","new","Mới 100% Chính Hãng",13690000,15990000,12,256,"in_stock","https://www.thegioididong.com/dtdd/realme-p4-power-5g-12gb-256gb","2026-09-13T16:59:51.513Z"
"TGDD_NEW_realme_15_pro_5g_12_256_1789318791513_26","realme_15_pro_5g_12_256","realme","realme 15 Pro 5G 12GB/256GB","Thế Giới Di Động","new","Mới 100% Chính Hãng",10710000,14990000,12,256,"in_stock","https://www.thegioididong.com/dtdd/realme-15-pro-5g-12gb-256gb","2026-09-13T16:59:51.513Z"
"TGDD_NEW_realme_15t_5g_8_256_1789318791513_27","realme_15t_5g_8_256","realme","realme 15T 5G 8GB/256GB","Thế Giới Di Động","new","Mới 100% Chính Hãng",7590000,8990000,8,256,"in_stock","https://www.thegioididong.com/dtdd/realme-15t-5g-8gb-256gb?utm_flashsale=1","2026-09-13T16:59:51.513Z"
"TGDD_NEW_realme_note_80_4_64_1789318791513_30","realme_note_80_4_64","realme","realme Note 80 4GB/64GB","Thế Giới Di Động","new","Mới 100% Chính Hãng",4290000,4690000,4,64,"in_stock","https://www.thegioididong.com/dtdd/realme-note-80-4gb-64gb?utm_flashsale=1","2026-09-13T16:59:51.513Z"
"TGDD_NEW_realme_16_pro_5g_12_256_1789318791514_31","realme_16_pro_5g_12_256","realme","realme 16 Pro 5G 12GB/256GB","Thế Giới Di Động","new","Mới 100% Chính Hãng",12210000,14490000,12,256,"in_stock","https://www.thegioididong.com/dtdd/realme-16-pro-5g-12gb-256gb","2026-09-13T16:59:51.514Z"
"TGDD_NEW_realme_15_5g_12_256_1789318791514_32","realme_15_5g_12_256","realme","realme 15 5G 12GB/256GB","Thế Giới Di Động","new","Mới 100% Chính Hãng",9990000,11490000,12,256,"in_stock","https://www.thegioididong.com/dtdd/realme-15-5g-12gb-256gb?utm_flashsale=1","2026-09-13T16:59:51.514Z"
"TGDD_NEW_realme_14_5g_12_256_1789318791514_35","realme_14_5g_12_256","realme","realme 14 5G 12GB/256GB","Thế Giới Di Động","new","Mới 100% Chính Hãng",10300000,10300000,12,256,"in_stock","https://www.thegioididong.com/dtdd/realme-14-5g","2026-09-13T16:59:51.514Z"
"TGDD_NEW_honor_600_lite_8_256_1789318792171_0","honor_600_lite_8_256","HONOR","Honor 600 Lite 8GB/256GB","Thế Giới Di Động","new","Mới 100% Chính Hãng",9410000,10990000,8,256,"in_stock","https://www.thegioididong.com/dtdd/honor-600-lite-8gb-256gb","2026-09-13T16:59:52.171Z"
"TGDD_NEW_honor_x9d_5g_12_256_1789318792172_1","honor_x9d_5g_12_256","HONOR","HONOR X9d 5G 12GB/256GB","Thế Giới Di Động","new","Mới 100% Chính Hãng",10310000,11990000,12,256,"in_stock","https://www.thegioididong.com/dtdd/honor-x9d-5g-12gb-256gb","2026-09-13T16:59:52.172Z"
"TGDD_NEW_honor_x7d_5g_8_256_1789318792172_4","honor_x7d_5g_8_256","HONOR","Honor X7d 5G 8GB/256GB","Thế Giới Di Động","new","Mới 100% Chính Hãng",6510000,7990000,8,256,"in_stock","https://www.thegioididong.com/dtdd/honor-x7d-5g-8gb-256gb","2026-09-13T16:59:52.172Z"
"TGDD_NEW_honor_magic_v5_5g_16_512_1789318792172_5","honor_magic_v5_5g_16_512","HONOR","HONOR Magic V5 5G 16GB/512GB","Thế Giới Di Động","new","Mới 100% Chính Hãng",37810000,44990000,16,512,"in_stock","https://www.thegioididong.com/dtdd/honor-magic-v5-5g-16gb-512gb","2026-09-13T16:59:52.172Z"
"TGDD_NEW_honor_400_lite_12_256_1789318792172_6","honor_400_lite_12_256","HONOR","HONOR 400 Lite 12GB/256GB","Thế Giới Di Động","new","Mới 100% Chính Hãng",8150000,8830000,12,256,"in_stock","https://www.thegioididong.com/dtdd/honor-400-lite","2026-09-13T16:59:52.172Z"
"TGDD_NEW_honor_400_5g_en_12_256_1789318792172_7","honor_400_5g_en_12_256","HONOR","HONOR 400 5G 12GB/256GB Đen","Thế Giới Di Động","new","Mới 100% Chính Hãng",11570000,13250000,12,256,"in_stock","https://www.thegioididong.com/dtdd/honor-400-5g-12gb-256gb-den","2026-09-13T16:59:52.172Z"
"TGDD_NEW_honor_x8d_8_128_1789318792172_10","honor_x8d_8_128","HONOR","HONOR X8d 8GB/128GB","Thế Giới Di Động","new","Mới 100% Chính Hãng",6710000,8090000,8,128,"in_stock","https://www.thegioididong.com/dtdd/honor-x8d-8gb-128gb","2026-09-13T16:59:52.172Z"
"TGDD_NEW_honor_play_10_3_64_1789318792172_13","honor_play_10_3_64","HONOR","HONOR Play 10 3GB/64GB","Thế Giới Di Động","new","Mới 100% Chính Hãng",3110000,3890000,3,64,"in_stock","https://www.thegioididong.com/dtdd/honor-play-10-3gb-64gb","2026-09-13T16:59:52.172Z"
"TGDD_NEW_honor_x5c_plus_4_64_1789318792172_16","honor_x5c_plus_4_64","HONOR","HONOR X5c Plus 4GB/64GB","Thế Giới Di Động","new","Mới 100% Chính Hãng",3510000,3690000,4,64,"in_stock","https://www.thegioididong.com/dtdd/honor-x5c-plus-4gb-64gb","2026-09-13T16:59:52.172Z"
"TGDD_NEW_honor_x7d_8_128_1789318792172_19","honor_x7d_8_128","HONOR","Honor X7d 8GB/128GB","Thế Giới Di Động","new","Mới 100% Chính Hãng",5610000,6990000,8,128,"in_stock","https://www.thegioididong.com/dtdd/honor-x7d-8gb-128gb","2026-09-13T16:59:52.172Z"
"TGDD_NEW_honor_x6c_6_128_1789318792173_22","honor_x6c_6_128","HONOR","HONOR X6c 6GB/128GB","Thế Giới Di Động","new","Mới 100% Chính Hãng",4310000,4590000,6,128,"in_stock","https://www.thegioididong.com/dtdd/honor-x6c-6gb-128gb","2026-09-13T16:59:52.173Z"
"TGDD_NEW_honor_600_8_256_1789318792173_25","honor_600_8_256","HONOR","Honor 600 8GB/256GB","Thế Giới Di Động","new","Mới 100% Chính Hãng",15310000,17990000,8,256,"in_stock","https://www.thegioididong.com/dtdd/honor-600-8gb-256gb","2026-09-13T16:59:52.173Z"
"TGDD_NEW_honor_600_pro_12_256_1789318792173_26","honor_600_pro_12_256","HONOR","Honor 600 Pro 12GB/256GB","Thế Giới Di Động","new","Mới 100% Chính Hãng",21010000,25990000,12,256,"in_stock","https://www.thegioididong.com/dtdd/honor-600-pro-12gb-256gb","2026-09-13T16:59:52.173Z"
"TGDD_NEW_honor_x5c_4_64_1789318792173_27","honor_x5c_4_64","HONOR","HONOR X5c 4GB/64GB","Thế Giới Di Động","new","Mới 100% Chính Hãng",3290000,3290000,4,64,"in_stock","https://www.thegioididong.com/dtdd/honor-x5c-4gb-64gb","2026-09-13T16:59:52.173Z"
"TGDD_NEW_honor_600_pro_molly_v_ng_tr_ng_12_512_1789318792173_28","honor_600_pro_molly_v_ng_tr_ng_12_512","HONOR","Honor 600 Pro Molly 12GB/512GB Vàng Trắng","Thế Giới Di Động","new","Mới 100% Chính Hãng",23510000,27490000,12,512,"in_stock","https://www.thegioididong.com/dtdd/honor-600-pro-molly-12gb-512gb","2026-09-13T16:59:52.173Z"
"TGDD_NEW_tecno_spark_50_4_128_1789318792924_0","tecno_spark_50_4_128","TECNO","Tecno Spark 50 4GB/128GB","Thế Giới Di Động","new","Mới 100% Chính Hãng",4610000,4990000,4,128,"in_stock","https://www.thegioididong.com/dtdd/tecno-spark-50-4gb-128gb","2026-09-13T16:59:52.924Z"
"TGDD_NEW_tecno_spark_go_3_4_128_1789318792924_1","tecno_spark_go_3_4_128","TECNO","Tecno Spark Go 3 4GB/128GB","Thế Giới Di Động","new","Mới 100% Chính Hãng",3610000,3990000,4,128,"in_stock","https://www.thegioididong.com/dtdd/tecno-spark-go-3-4gb-128gb?utm_flashsale=1","2026-09-13T16:59:52.924Z"
"TGDD_NEW_tecno_spark_40_6_128_1789318792924_4","tecno_spark_40_6_128","TECNO","Tecno Spark 40 6GB/128GB","Thế Giới Di Động","new","Mới 100% Chính Hãng",3410000,3790000,6,128,"in_stock","https://www.thegioididong.com/dtdd/tecno-spark-40-6gb-128gb","2026-09-13T16:59:52.924Z"
"TGDD_NEW_tecno_pova_curve_2_5g_8_128_1789318792924_5","tecno_pova_curve_2_5g_8_128","TECNO","Tecno Pova Curve 2 5G 8GB/128GB","Thế Giới Di Động","new","Mới 100% Chính Hãng",8710000,10990000,8,128,"in_stock","https://www.thegioididong.com/dtdd/tecno-pova-curve-2-5g-8gb-128gb","2026-09-13T16:59:52.924Z"
"TGDD_NEW_tecno_spark_50_pro_4_128_1789318792924_8","tecno_spark_50_pro_4_128","TECNO","Tecno Spark 50 Pro 4GB/128GB","Thế Giới Di Động","new","Mới 100% Chính Hãng",6310000,6990000,4,128,"in_stock","https://www.thegioididong.com/dtdd/tecno-spark-50-pro-4gb-128gb","2026-09-13T16:59:52.924Z"
"TGDD_NEW_nubia_v80_design_4_128_1789318793511_0","nubia_v80_design_4_128","Nubia","Nubia V80 Design 4GB/128GB","Thế Giới Di Động","new","Mới 100% Chính Hãng",3510000,3690000,4,128,"in_stock","https://www.thegioididong.com/dtdd/nubia-v80-design-4gb-128gb","2026-09-13T16:59:53.511Z"
"TGDD_NEW_nubia_a56_4_128_1789318793511_1","nubia_a56_4_128","Nubia","Nubia A56 4GB/128GB","Thế Giới Di Động","new","Mới 100% Chính Hãng",3210000,3390000,4,128,"in_stock","https://www.thegioididong.com/dtdd/nubia-a56-4gb-128gb","2026-09-13T16:59:53.511Z"
"TGDD_NEW_nubia_a36_4_64_1789318793511_2","nubia_a36_4_64","Nubia","Nubia A36 4GB/64GB","Thế Giới Di Động","new","Mới 100% Chính Hãng",2810000,2990000,4,64,"in_stock","https://www.thegioididong.com/dtdd/nubia-a36-4gb-64gb","2026-09-13T16:59:53.511Z"
"TGDD_NEW_nubia_v80_max_6_128_1789318793511_3","nubia_v80_max_6_128","Nubia","Nubia V80 Max 6GB/128GB","Thế Giới Di Động","new","Mới 100% Chính Hãng",3710000,3890000,6,128,"in_stock","https://www.thegioididong.com/dtdd/nubia-v80-max-6gb-128gb","2026-09-13T16:59:53.511Z"
"TGDD_NEW_nubia_air_5g_8_256_1789318793512_6","nubia_air_5g_8_256","Nubia","Nubia Air 5G 8GB/256GB","Thế Giới Di Động","new","Mới 100% Chính Hãng",5310000,5490000,8,256,"in_stock","https://www.thegioididong.com/dtdd/nubia-air-5g-8gb-256gb","2026-09-13T16:59:53.512Z"
"TGDD_NEW_nokia_105_4g_pro_8_128_1789318794142_0","nokia_105_4g_pro_8_128","Nokia","Nokia 105 4G Pro","Thế Giới Di Động","new","Mới 100% Chính Hãng",780000,780000,8,128,"in_stock","https://www.thegioididong.com/dtdd/nokia-105-4g-pro","2026-09-13T16:59:54.142Z"
"TGDD_NEW_nokia_hmd_105_4g_8_128_1789318794142_1","nokia_hmd_105_4g_8_128","Nokia","Nokia HMD 105 4G","Thế Giới Di Động","new","Mới 100% Chính Hãng",750000,750000,8,128,"in_stock","https://www.thegioididong.com/dtdd/nokia-hmd-105-4g","2026-09-13T16:59:54.142Z"
"TGDD_NEW_nokia_220_4g_8_128_1789318794142_2","nokia_220_4g_8_128","Nokia","Nokia 220 4G","Thế Giới Di Động","new","Mới 100% Chính Hãng",1100000,1100000,8,128,"in_stock","https://www.thegioididong.com/dtdd/nokia-220-4g","2026-09-13T16:59:54.142Z"
"TGDD_NEW_nokia_110_4g_pro_8_128_1789318794142_3","nokia_110_4g_pro_8_128","Nokia","Nokia 110 4G Pro","Thế Giới Di Động","new","Mới 100% Chính Hãng",850000,850000,8,128,"in_stock","https://www.thegioididong.com/dtdd/nokia-110-4g-pro","2026-09-13T16:59:54.142Z"
"TGDD_NEW_nokia_3210_4g_8_128_1789318794142_4","nokia_3210_4g_8_128","Nokia","Nokia 3210 4G","Thế Giới Di Động","new","Mới 100% Chính Hãng",1490000,1490000,8,128,"in_stock","https://www.thegioididong.com/dtdd/nokia-3210-4g","2026-09-13T16:59:54.142Z"
"TGDD_NEW_masstel_izi_t6_t127_8_128_1789318794896_0","masstel_izi_t6_t127_8_128","Masstel","Masstel IZI T6 T127","Thế Giới Di Động","new","Mới 100% Chính Hãng",550000,550000,8,128,"in_stock","https://www.thegioididong.com/dtdd/masstel-izi-t6-t127","2026-09-13T16:59:54.896Z"
"TGDD_NEW_masstel_fami_50_4g_8_128_1789318794897_1","masstel_fami_50_4g_8_128","Masstel","Masstel Fami 50 4G","Thế Giới Di Động","new","Mới 100% Chính Hãng",650000,650000,8,128,"in_stock","https://www.thegioididong.com/dtdd/masstel-fami-50","2026-09-13T16:59:54.897Z"
"TGDD_NEW_masstel_izi_10_4g_type_c_8_128_1789318794897_2","masstel_izi_10_4g_type_c_8_128","Masstel","Masstel IZI 10 4G Type-C","Thế Giới Di Động","new","Mới 100% Chính Hãng",430000,430000,8,128,"in_stock","https://www.thegioididong.com/dtdd/masstel-izi-10-type-c","2026-09-13T16:59:54.897Z"
"TGDD_NEW_masstel_izi_10s_8_128_1789318794897_3","masstel_izi_10s_8_128","Masstel","Masstel IZI 10S","Thế Giới Di Động","new","Mới 100% Chính Hãng",490000,490000,8,128,"in_stock","https://www.thegioididong.com/dtdd/masstel-izi-10s","2026-09-13T16:59:54.897Z"
"TGDD_NEW_masstel_izi_t6_4g_8_128_1789318794897_4","masstel_izi_t6_4g_8_128","Masstel","Masstel IZI T6 4G","Thế Giới Di Động","new","Mới 100% Chính Hãng",550000,550000,8,128,"in_stock","https://www.thegioididong.com/dtdd/masstel-izi-t6","2026-09-13T16:59:54.897Z"
"TGDD_NEW_masstel_fami_60s_4g_8_128_1789318794897_5","masstel_fami_60s_4g_8_128","Masstel","Masstel Fami 60S 4G","Thế Giới Di Động","new","Mới 100% Chính Hãng",750000,750000,8,128,"in_stock","https://www.thegioididong.com/dtdd/masstel-fami-60s","2026-09-13T16:59:54.897Z"
"TGDD_NEW_masstel_izi_10_4g_8_128_1789318794897_6","masstel_izi_10_4g_8_128","Masstel","Masstel IZI 10 4G","Thế Giới Di Động","new","Mới 100% Chính Hãng",430000,430000,8,128,"in_stock","https://www.thegioididong.com/dtdd/masstel-izi-10","2026-09-13T16:59:54.897Z"
"TGDD_NEW_mobell_f209_4g_8_128_1789318795522_0","mobell_f209_4g_8_128","Mobell","Mobell F209 4G","Thế Giới Di Động","new","Mới 100% Chính Hãng",610000,610000,8,128,"in_stock","https://www.thegioididong.com/dtdd/mobell-f209","2026-09-13T16:59:55.522Z"
"TGDD_NEW_mobell_f309_4g_8_128_1789318795522_1","mobell_f309_4g_8_128","Mobell","Mobell F309 4G","Thế Giới Di Động","new","Mới 100% Chính Hãng",750000,750000,8,128,"in_stock","https://www.thegioididong.com/dtdd/mobell-f309","2026-09-13T16:59:55.522Z"
"TGDD_NEW_mobell_m239_4g_8_128_1789318795522_2","mobell_m239_4g_8_128","Mobell","Mobell M239 4G","Thế Giới Di Động","new","Mới 100% Chính Hãng",430000,430000,8,128,"in_stock","https://www.thegioididong.com/dtdd/mobell-m239","2026-09-13T16:59:55.522Z"
"TGDD_NEW_mobell_rock_7_8_128_1789318795522_3","mobell_rock_7_8_128","Mobell","Mobell Rock 7","Thế Giới Di Động","new","Mới 100% Chính Hãng",890000,890000,8,128,"in_stock","https://www.thegioididong.com/dtdd/mobell-rock-7","2026-09-13T16:59:55.522Z"
"TGDD_NEW_mobell_m331_4g_8_128_1789318795522_4","mobell_m331_4g_8_128","Mobell","Mobell M331 4G","Thế Giới Di Động","new","Mới 100% Chính Hãng",540000,540000,8,128,"in_stock","https://www.thegioididong.com/dtdd/mobell-m331","2026-09-13T16:59:55.522Z"
"TGDD_NEW_mobell_m539_4g_8_128_1789318795522_5","mobell_m539_4g_8_128","Mobell","Mobell M539 4G","Thế Giới Di Động","new","Mới 100% Chính Hãng",690000,690000,8,128,"in_stock","https://www.thegioididong.com/dtdd/mobell-m539","2026-09-13T16:59:55.522Z"
"TGDD_NEW_motorola_razr_fold_5g_12_256_1789318796165_0","motorola_razr_fold_5g_12_256","Motorola","Motorola Razr Fold 5G 12GB/256GB","Thế Giới Di Động","new","Mới 100% Chính Hãng",44190000,49990000,12,256,"in_stock","https://www.thegioididong.com/dtdd/motorola-razr-fold-12gb-256gb","2026-09-13T16:59:56.165Z"
"TGDD_NEW_motorola_edge_70_fusion_8_128_1789318796165_1","motorola_edge_70_fusion_8_128","Motorola","Motorola Edge 70 Fusion 8GB/128GB","Thế Giới Di Động","new","Mới 100% Chính Hãng",9910000,11990000,8,128,"in_stock","https://www.thegioididong.com/dtdd/motorola-edge-70-fusion-8gb-128gb","2026-09-13T16:59:56.165Z"
"TGDD_NEW_motorola_g57_power_5g_8_128_1789318796165_4","motorola_g57_power_5g_8_128","Motorola","Motorola G57 Power 5G 8GB/128GB","Thế Giới Di Động","new","Mới 100% Chính Hãng",6510000,6990000,8,128,"in_stock","https://www.thegioididong.com/dtdd/motorola-g57-power-5g-8gb-128gb","2026-09-13T16:59:56.165Z"
"TGDD_NEW_motorola_edge_70_8_256_1789318796165_5","motorola_edge_70_8_256","Motorola","Motorola Edge 70 8GB/256GB","Thế Giới Di Động","new","Mới 100% Chính Hãng",10710000,13990000,8,256,"in_stock","https://www.thegioididong.com/dtdd/motorola-edge-70-8gb-256gb","2026-09-13T16:59:56.165Z"
"TGDD_NEW_motorola_g06_power_4_64_1789318796165_6","motorola_g06_power_4_64","Motorola","Motorola G06 POWER 4GB/64GB","Thế Giới Di Động","new","Mới 100% Chính Hãng",3410000,3990000,4,64,"in_stock","https://www.thegioididong.com/dtdd/motorola-g06-power-4gb-64gb?utm_flashsale=1","2026-09-13T16:59:56.165Z"
"TGDD_NEW_motorola_g35_5g_4_128_1789318796166_9","motorola_g35_5g_4_128","Motorola","Motorola G35 5G 4GB/128GB","Thế Giới Di Động","new","Mới 100% Chính Hãng",4110000,4390000,4,128,"in_stock","https://www.thegioididong.com/dtdd/motorola-moto-g35-5g-4gb-128gb?utm_flashsale=1","2026-09-13T16:59:56.166Z"
"TGDD_NEW_motorola_g86_power_5g_8_128_1789318796166_10","motorola_g86_power_5g_8_128","Motorola","Motorola G86 POWER 5G 8GB/128GB","Thế Giới Di Động","new","Mới 100% Chính Hãng",5810000,7090000,8,128,"in_stock","https://www.thegioididong.com/dtdd/motorola-moto-g86-5g-8gb-128gb","2026-09-13T16:59:56.166Z"
"TGDD_NEW_motorola_edge_60_fusion_5g_8_256_1789318796166_11","motorola_edge_60_fusion_5g_8_256","Motorola","Motorola Edge 60 Fusion 5G 8GB/256GB","Thế Giới Di Động","new","Mới 100% Chính Hãng",7310000,8990000,8,256,"in_stock","https://www.thegioididong.com/dtdd/motorola-edge-60-fusion-8gb-256gb","2026-09-13T16:59:56.166Z"
"TGDD_NEW_motorola_razr_60_5g_8_256_1789318796166_12","motorola_razr_60_5g_8_256","Motorola","Motorola Razr 60 5G 8GB/256GB","Thế Giới Di Động","new","Mới 100% Chính Hãng",16510000,19990000,8,256,"in_stock","https://www.thegioididong.com/dtdd/motorola-razr-60-8gb-256gb","2026-09-13T16:59:56.166Z"
"TGDD_NEW_motorola_moto_g37_5g_4_64_1789318796166_13","motorola_moto_g37_5g_4_64","Motorola","Motorola Moto G37 5G 4GB/64GB","Thế Giới Di Động","new","Mới 100% Chính Hãng",4410000,5190000,4,64,"in_stock","https://www.thegioididong.com/dtdd/motorola-g37-4gb-64gb","2026-09-13T16:59:56.166Z"
"TGDD_NEW_motorola_signature_12_256_1789318796166_16","motorola_signature_12_256","Motorola","Motorola Signature 12GB/256GB","Thế Giới Di Động","new","Mới 100% Chính Hãng",18990000,22990000,12,256,"in_stock","https://www.thegioididong.com/dtdd/motorola-signature-12gb-256gb?utm_flashsale=1","2026-09-13T16:59:56.166Z"
"TGDD_NEW_viettel_xphone_hera_s9_8_128_1789318796796_0","viettel_xphone_hera_s9_8_128","Viettel","Xphone Hera S9","Thế Giới Di Động","new","Mới 100% Chính Hãng",590000,590000,8,128,"in_stock","https://www.thegioididong.com/dtdd/xphone-hera-s9","2026-09-13T16:59:56.796Z"
"FPT_NEW_apple_iphone_duo_8_256_1789318800046_8","apple_iphone_duo_8_256","Apple","iPhone Duo 256GB","FPT Shop","new","Mới 100% Chính Hãng (Bảo hành 12-18th)",64990000,64990000,8,256,"in_stock","https://fptshop.com.vn/dien-thoai/iphone-duo","2026-09-13T17:00:00.046Z"
"FPT_NEW_apple_iphone_18_pro_max_8_256_1789318800046_10","apple_iphone_18_pro_max_8_256","Apple","iPhone 18 Pro Max 256GB","FPT Shop","new","Mới 100% Chính Hãng (Bảo hành 12-18th)",41990000,41990000,8,256,"in_stock","https://fptshop.com.vn/dien-thoai/iphone-18-pro-max","2026-09-13T17:00:00.046Z"
"FPT_NEW_apple_iphone_18_pro_8_256_1789318800046_12","apple_iphone_18_pro_8_256","Apple","iPhone 18 Pro 256GB","FPT Shop","new","Mới 100% Chính Hãng (Bảo hành 12-18th)",38990000,38990000,8,256,"in_stock","https://fptshop.com.vn/dien-thoai/iphone-18-pro","2026-09-13T17:00:00.046Z"
"FPT_NEW_apple_8_iphone_16e_8_128_1789318800046_20","apple_8_iphone_16e_8_128","Apple","-8%điPhone 16e 128GB","FPT Shop","new","Mới 100% Chính Hãng (Bảo hành 12-18th)",20590000,20590000,8,128,"in_stock","https://fptshop.com.vn/dien-thoai/iphone-16e","2026-09-13T17:00:00.046Z"
"FPT_NEW_apple_iphone_17_8_256_1789318800046_24","apple_iphone_17_8_256","Apple","điPhone 17 256GB","FPT Shop","new","Mới 100% Chính Hãng (Bảo hành 12-18th)",28990000,28990000,8,256,"in_stock","https://fptshop.com.vn/dien-thoai/iphone-17","2026-09-13T17:00:00.046Z"
"FPT_NEW_apple_iphone_17e_8_256_1789318800046_26","apple_iphone_17e_8_256","Apple","điPhone 17e 256GB","FPT Shop","new","Mới 100% Chính Hãng (Bảo hành 12-18th)",21990000,21990000,8,256,"in_stock","https://fptshop.com.vn/dien-thoai/iphone-17e","2026-09-13T17:00:00.046Z"
"FPT_NEW_apple_18_iphone_16e_sim_viettel_8_128_1789318800046_32","apple_18_iphone_16e_sim_viettel_8_128","Apple","-18%điPhone 16e 128GB SIM Viettel","FPT Shop","new","Mới 100% Chính Hãng (Bảo hành 12-18th)",16690000,16690000,8,128,"in_stock","https://fptshop.com.vn/dien-thoai/iphone-16e-sim-viettel","2026-09-13T17:00:00.046Z"
"FPT_NEW_samsung_15_samsung_galaxy_z_fold8_ultra_5g_12_256_1789318801122_8","samsung_15_samsung_galaxy_z_fold8_ultra_5g_12_256","Samsung","-15%đSamsung Galaxy Z Fold8 Ultra 5G 12GB 256GB","FPT Shop","new","Mới 100% Chính Hãng (Bảo hành 12-18th)",52990000,52990000,12,256,"in_stock","https://fptshop.com.vn/dien-thoai/samsung-galaxy-z-fold8-ultra","2026-09-13T17:00:01.122Z"
"FPT_NEW_samsung_17_samsung_galaxy_z_fold8_5g_12_256_1789318801122_10","samsung_17_samsung_galaxy_z_fold8_5g_12_256","Samsung","-17%đSamsung Galaxy Z Fold8 5G 12GB 256GB","FPT Shop","new","Mới 100% Chính Hãng (Bảo hành 12-18th)",46990000,46990000,12,256,"in_stock","https://fptshop.com.vn/dien-thoai/samsung-galaxy-z-fold8","2026-09-13T17:00:01.122Z"
"FPT_NEW_samsung_21_samsung_galaxy_z_flip8_5g_12_256_1789318801122_12","samsung_21_samsung_galaxy_z_flip8_5g_12_256","Samsung","-21%đSamsung Galaxy Z Flip8 5G 12GB 256GB","FPT Shop","new","Mới 100% Chính Hãng (Bảo hành 12-18th)",31990000,31990000,12,256,"in_stock","https://fptshop.com.vn/dien-thoai/samsung-galaxy-z-flip8","2026-09-13T17:00:01.122Z"
"FPT_NEW_samsung_23_samsung_galaxy_s26_5g_12_256_1789318801122_14","samsung_23_samsung_galaxy_s26_5g_12_256","Samsung","-23%đSamsung Galaxy S26 5G 12GB 256GB","FPT Shop","new","Mới 100% Chính Hãng (Bảo hành 12-18th)",25990000,25990000,12,256,"in_stock","https://fptshop.com.vn/dien-thoai/samsung-galaxy-s26","2026-09-13T17:00:01.122Z"
"FPT_NEW_samsung_25_samsung_galaxy_s26_plus_5g_12_256_1789318801122_16","samsung_25_samsung_galaxy_s26_plus_5g_12_256","Samsung","-25%đSamsung Galaxy S26 Plus 5G 12GB 256GB","FPT Shop","new","Mới 100% Chính Hãng (Bảo hành 12-18th)",29990000,29990000,12,256,"in_stock","https://fptshop.com.vn/dien-thoai/samsung-galaxy-s26-plus","2026-09-13T17:00:01.122Z"
"FPT_NEW_samsung_25_samsung_galaxy_s26_ultra_5g_12_256_1789318801122_18","samsung_25_samsung_galaxy_s26_ultra_5g_12_256","Samsung","-25%đSamsung Galaxy S26 Ultra 5G 12GB 256GB","FPT Shop","new","Mới 100% Chính Hãng (Bảo hành 12-18th)",36990000,36990000,12,256,"in_stock","https://fptshop.com.vn/dien-thoai/samsung-galaxy-s26-ultra","2026-09-13T17:00:01.122Z"
"FPT_NEW_samsung_22_samsung_galaxy_z_fold7_5g_12_256_1789318801122_20","samsung_22_samsung_galaxy_z_fold7_5g_12_256","Samsung","-22%đSamsung Galaxy Z Fold7 5G 12GB 256GB","FPT Shop","new","Mới 100% Chính Hãng (Bảo hành 12-18th)",46990000,46990000,12,256,"in_stock","https://fptshop.com.vn/dien-thoai/samsung-galaxy-z-fold7","2026-09-13T17:00:01.122Z"
"FPT_NEW_samsung_21_samsung_galaxy_z_flip7_5g_12_256_1789318801122_22","samsung_21_samsung_galaxy_z_flip7_5g_12_256","Samsung","-21%đSamsung Galaxy Z Flip7 5G 12GB 256GB","FPT Shop","new","Mới 100% Chính Hãng (Bảo hành 12-18th)",28990000,28990000,12,256,"in_stock","https://fptshop.com.vn/dien-thoai/samsung-galaxy-z-flip7","2026-09-13T17:00:01.122Z"
"FPT_NEW_samsung_26_samsung_galaxy_s25_ultra_5g_12_256_1789318801122_24","samsung_26_samsung_galaxy_s25_ultra_5g_12_256","Samsung","-26%đSamsung Galaxy S25 Ultra 5G 12GB 256GB","FPT Shop","new","Mới 100% Chính Hãng (Bảo hành 12-18th)",33380000,33380000,12,256,"in_stock","https://fptshop.com.vn/dien-thoai/samsung-galaxy-s25-ultra","2026-09-13T17:00:01.122Z"
"FPT_NEW_samsung_7_samsung_galaxy_a36_5g_8_128_1789318801122_26","samsung_7_samsung_galaxy_a36_5g_8_128","Samsung","-7%đSamsung Galaxy A36 5G 8GB 128GB","FPT Shop","new","Mới 100% Chính Hãng (Bảo hành 12-18th)",8140000,8140000,8,128,"in_stock","https://fptshop.com.vn/dien-thoai/samsung-galaxy-a36","2026-09-13T17:00:01.122Z"
"FPT_NEW_samsung_5_samsung_galaxy_a56_5g_8_128_1789318801122_28","samsung_5_samsung_galaxy_a56_5g_8_128","Samsung","-5%đSamsung Galaxy A56 5G 8GB 128GB","FPT Shop","new","Mới 100% Chính Hãng (Bảo hành 12-18th)",9810000,9810000,8,128,"in_stock","https://fptshop.com.vn/dien-thoai/samsung-galaxy-a56","2026-09-13T17:00:01.122Z"
"FPT_NEW_samsung_13_samsung_galaxy_s26_fe_5g_8_128_1789318801122_30","samsung_13_samsung_galaxy_s26_fe_5g_8_128","Samsung","-13%đSamsung Galaxy S26 FE 5G 8GB 128GB","FPT Shop","new","Mới 100% Chính Hãng (Bảo hành 12-18th)",18990000,18990000,8,128,"in_stock","https://fptshop.com.vn/dien-thoai/samsung-galaxy-s26-fe","2026-09-13T17:00:01.122Z"
"FPT_NEW_samsung_16_samsung_galaxy_a17_8_128_1789318801122_32","samsung_16_samsung_galaxy_a17_8_128","Samsung","-16%đSamsung Galaxy A17 8GB 128GB","FPT Shop","new","Mới 100% Chính Hãng (Bảo hành 12-18th)",6190000,6190000,8,128,"in_stock","https://fptshop.com.vn/dien-thoai/samsung-galaxy-a17","2026-09-13T17:00:01.122Z"
"FPT_NEW_samsung_30_samsung_galaxy_a17_5g_8_128_1789318801122_34","samsung_30_samsung_galaxy_a17_5g_8_128","Samsung","-30%đSamsung Galaxy A17 5G 8GB 128GB","FPT Shop","new","Mới 100% Chính Hãng (Bảo hành 12-18th)",8790000,8790000,8,128,"in_stock","https://fptshop.com.vn/dien-thoai/samsung-galaxy-a17-5g","2026-09-13T17:00:01.122Z"
"FPT_NEW_samsung_12_samsung_galaxy_a27_5g_6_128_1789318801122_36","samsung_12_samsung_galaxy_a27_5g_6_128","Samsung","-12%đSamsung Galaxy A27 5G 6GB 128GB","FPT Shop","new","Mới 100% Chính Hãng (Bảo hành 12-18th)",8490000,8490000,6,128,"in_stock","https://fptshop.com.vn/dien-thoai/samsung-galaxy-a27","2026-09-13T17:00:01.122Z"
"FPT_NEW_samsung_12_samsung_galaxy_a37_5g_8_128_1789318801122_38","samsung_12_samsung_galaxy_a37_5g_8_128","Samsung","-12%đSamsung Galaxy A37 5G 8GB 128GB","FPT Shop","new","Mới 100% Chính Hãng (Bảo hành 12-18th)",10790000,10790000,8,128,"in_stock","https://fptshop.com.vn/dien-thoai/samsung-galaxy-a37","2026-09-13T17:00:01.122Z"
"FPT_NEW_samsung_24_samsung_galaxy_s25_fe_5g_8_128_1789318801122_40","samsung_24_samsung_galaxy_s25_fe_5g_8_128","Samsung","-24%đSamsung Galaxy S25 FE 5G 8GB 128GB","FPT Shop","new","Mới 100% Chính Hãng (Bảo hành 12-18th)",16690000,16690000,8,128,"in_stock","https://fptshop.com.vn/dien-thoai/samsung-galaxy-s25-fe","2026-09-13T17:00:01.122Z"
"FPT_NEW_samsung_16_samsung_galaxy_a57_5g_8_128_1789318801122_42","samsung_16_samsung_galaxy_a57_5g_8_128","Samsung","-16%đSamsung Galaxy A57 5G 8GB 128GB","FPT Shop","new","Mới 100% Chính Hãng (Bảo hành 12-18th)",12490000,12490000,8,128,"in_stock","https://fptshop.com.vn/dien-thoai/samsung-galaxy-a57","2026-09-13T17:00:01.122Z"
"FPT_NEW_samsung_14_samsung_galaxy_a07_4_128_1789318801122_44","samsung_14_samsung_galaxy_a07_4_128","Samsung","-14%đSamsung Galaxy A07 4GB 128GB","FPT Shop","new","Mới 100% Chính Hãng (Bảo hành 12-18th)",4190000,4190000,4,128,"in_stock","https://fptshop.com.vn/dien-thoai/samsung-galaxy-a07","2026-09-13T17:00:01.122Z"
"FPT_NEW_samsung_19_samsung_galaxy_a07_5g_4_128_1789318801122_46","samsung_19_samsung_galaxy_a07_5g_4_128","Samsung","-19%đSamsung Galaxy A07 5G 4GB 128GB","FPT Shop","new","Mới 100% Chính Hãng (Bảo hành 12-18th)",5890000,5890000,4,128,"in_stock","https://fptshop.com.vn/dien-thoai/samsung-galaxy-a07-5g","2026-09-13T17:00:01.122Z"
"FPT_NEW_samsung_5_samsung_galaxy_a26_5g_8_128_1789318801122_48","samsung_5_samsung_galaxy_a26_5g_8_128","Samsung","-5%đSamsung Galaxy A26 5G 8GB 128GB","FPT Shop","new","Mới 100% Chính Hãng (Bảo hành 12-18th)",7390000,7390000,8,128,"in_stock","https://fptshop.com.vn/dien-thoai/samsung-galaxy-a26","2026-09-13T17:00:01.122Z"
"FPT_NEW_samsung_galaxy_a07_8_256_1789318801123_50","samsung_galaxy_a07_8_256","Samsung","đSamsung Galaxy A07 8GB 256GB","FPT Shop","new","Mới 100% Chính Hãng (Bảo hành 12-18th)",4690000,4690000,8,256,"in_stock","https://fptshop.com.vn/dien-thoai/samsung-galaxy-a07-8gb","2026-09-13T17:00:01.123Z"
"FPT_NEW_samsung_8_samsung_galaxy_a06_5g_4_128_1789318801123_52","samsung_8_samsung_galaxy_a06_5g_4_128","Samsung","-8%đSamsung Galaxy A06 5G 4GB 128GB","FPT Shop","new","Mới 100% Chính Hãng (Bảo hành 12-18th)",3920000,3920000,4,128,"in_stock","https://fptshop.com.vn/dien-thoai/samsung-galaxy-a06","2026-09-13T17:00:01.123Z"
"FPT_NEW_samsung_25_samsung_galaxy_s24_fe_5g_8_128_1789318801123_54","samsung_25_samsung_galaxy_s24_fe_5g_8_128","Samsung","-25%đSamsung Galaxy S24 FE 5G 128GB","FPT Shop","new","Mới 100% Chính Hãng (Bảo hành 12-18th)",16690000,16690000,8,128,"in_stock","https://fptshop.com.vn/dien-thoai/samsung-galaxy-s24-fe","2026-09-13T17:00:01.123Z"
"FPT_NEW_xiaomi_5_xiaomi_redmi_17_6_256_1789318801693_15","xiaomi_5_xiaomi_redmi_17_6_256","Xiaomi","-5%đXiaomi Redmi 17 6GB 256GB","FPT Shop","new","Mới 100% Chính Hãng (Bảo hành 12-18th)",7490000,7490000,6,256,"in_stock","https://fptshop.com.vn/dien-thoai/xiaomi-redmi-17","2026-09-13T17:00:01.693Z"
"FPT_NEW_xiaomi_15_xiaomi_poco_x7_5g_12_512_1789318801693_27","xiaomi_15_xiaomi_poco_x7_5g_12_512","Xiaomi","-15%đXiaomi Poco X7 5G 12GB 512GB","FPT Shop","new","Mới 100% Chính Hãng (Bảo hành 12-18th)",9350000,9350000,12,512,"in_stock","https://fptshop.com.vn/dien-thoai/xiaomi-poco-x7","2026-09-13T17:00:01.693Z"
"FPT_NEW_xiaomi_13_xiaomi_15t_pro_5g_12_512_1789318801693_29","xiaomi_13_xiaomi_15t_pro_5g_12_512","Xiaomi","-13%đXiaomi 15T Pro 5G 12GB 512GB","FPT Shop","new","Mới 100% Chính Hãng (Bảo hành 12-18th)",19490000,19490000,12,512,"in_stock","https://fptshop.com.vn/dien-thoai/xiaomi-15t-pro","2026-09-13T17:00:01.693Z"
"FPT_NEW_xiaomi_6_xiaomi_poco_m7_pro_5g_8_256_1789318801693_31","xiaomi_6_xiaomi_poco_m7_pro_5g_8_256","Xiaomi","-6%đXiaomi Poco M7 Pro 5G 8GB 256GB","FPT Shop","new","Mới 100% Chính Hãng (Bảo hành 12-18th)",6370000,6370000,8,256,"in_stock","https://fptshop.com.vn/dien-thoai/xiaomi-poco-m7-pro","2026-09-13T17:00:01.693Z"
"FPT_NEW_xiaomi_6_xiaomi_redmi_17_5g_4_128_1789318801693_33","xiaomi_6_xiaomi_redmi_17_5g_4_128","Xiaomi","-6%đXiaomi Redmi 17 5G 4GB 128GB","FPT Shop","new","Mới 100% Chính Hãng (Bảo hành 12-18th)",6490000,6490000,4,128,"in_stock","https://fptshop.com.vn/dien-thoai/xiaomi-redmi-17-5g","2026-09-13T17:00:01.693Z"
"FPT_NEW_xiaomi_5_xiaomi_poco_c81_pro_4_128_1789318801693_39","xiaomi_5_xiaomi_poco_c81_pro_4_128","Xiaomi","-5%đXiaomi POCO C81 Pro 4GB 128GB","FPT Shop","new","Mới 100% Chính Hãng (Bảo hành 12-18th)",4090000,4090000,4,128,"in_stock","https://fptshop.com.vn/dien-thoai/xiaomi-poco-c81-pro","2026-09-13T17:00:01.693Z"
"FPT_NEW_xiaomi_redmi_15c_4_128_1789318801693_41","xiaomi_redmi_15c_4_128","Xiaomi","đXiaomi Redmi 15C 4GB 128GB","FPT Shop","new","Mới 100% Chính Hãng (Bảo hành 12-18th)",4690000,4690000,4,128,"in_stock","https://fptshop.com.vn/dien-thoai/xiaomi-redmi-15c","2026-09-13T17:00:01.693Z"
"FPT_NEW_xiaomi_10_xiaomi_15t_5g_12_512_1789318801693_49","xiaomi_10_xiaomi_15t_5g_12_512","Xiaomi","-10%đXiaomi 15T 5G 12GB 512GB","FPT Shop","new","Mới 100% Chính Hãng (Bảo hành 12-18th)",14990000,14990000,12,512,"in_stock","https://fptshop.com.vn/dien-thoai/xiaomi-15t","2026-09-13T17:00:01.693Z"
"FPT_NEW_xiaomi_5_xiaomi_redmi_13x_8_128_1789318801693_53","xiaomi_5_xiaomi_redmi_13x_8_128","Xiaomi","-5%đXiaomi Redmi 13x 8GB 128GB","FPT Shop","new","Mới 100% Chính Hãng (Bảo hành 12-18th)",4190000,4190000,8,128,"in_stock","https://fptshop.com.vn/dien-thoai/xiaomi-redmi-13x","2026-09-13T17:00:01.693Z"
"FPT_NEW_oppo_reno16_f_5g_8_256_1789318802307_6","oppo_reno16_f_5g_8_256","OPPO","OPPO Reno16 F 5G 8GB 256GB","FPT Shop","new","Mới 100% Chính Hãng (Bảo hành 12-18th)",15990000,15990000,8,256,"in_stock","https://fptshop.com.vn/dien-thoai/oppo-reno16-f","2026-09-13T17:00:02.307Z"
"FPT_NEW_oppo_a6t_pro_8_128_1789318802307_14","oppo_a6t_pro_8_128","OPPO","Oppo A6T Pro 8GB 128GB","FPT Shop","new","Mới 100% Chính Hãng (Bảo hành 12-18th)",10990000,10990000,8,128,"in_stock","https://fptshop.com.vn/dien-thoai/oppo-a6t-pro","2026-09-13T17:00:02.307Z"
"FPT_NEW_oppo_a5i_6_128_1789318802307_36","oppo_a5i_6_128","OPPO","OPPO A5i 6GB 128GB","FPT Shop","new","Mới 100% Chính Hãng (Bảo hành 12-18th)",4490000,4490000,6,128,"in_stock","https://fptshop.com.vn/dien-thoai/oppo-a5i-6gb","2026-09-13T17:00:02.307Z"
"FPT_NEW_oppo_22_oppo_reno12_5g_12_256_1789318802307_38","oppo_22_oppo_reno12_5g_12_256","OPPO","-22%đOPPO Reno12 5G 12GB 256GB","FPT Shop","new","Mới 100% Chính Hãng (Bảo hành 12-18th)",12760000,12760000,12,256,"in_stock","https://fptshop.com.vn/dien-thoai/oppo-reno12","2026-09-13T17:00:02.307Z"
"FPT_NEW_oppo_39_oppo_find_n3_5g_16_512_1789318802307_40","oppo_39_oppo_find_n3_5g_16_512","OPPO","-39%đOPPO Find N3 5G 16GB 512GB","FPT Shop","new","Mới 100% Chính Hãng (Bảo hành 12-18th)",44180000,44180000,16,512,"in_stock","https://fptshop.com.vn/dien-thoai/oppo-find-n3","2026-09-13T17:00:02.307Z"
"FPT_NEW_oppo_8_oppo_reno13_f_5g_12_256_1789318802307_42","oppo_8_oppo_reno13_f_5g_12_256","OPPO","-8%đOPPO Reno13 F 5G 12GB 256GB","FPT Shop","new","Mới 100% Chính Hãng (Bảo hành 12-18th)",10800000,10800000,12,256,"in_stock","https://fptshop.com.vn/dien-thoai/oppo-reno13-f-5g","2026-09-13T17:00:02.307Z"
"FPT_NEW_tecno_8_tecno_pova_7_8_128_1789318804538_12","tecno_8_tecno_pova_7_8_128","TECNO","-8%đTecno Pova 7 8GB 128GB","FPT Shop","new","Mới 100% Chính Hãng (Bảo hành 12-18th)",4990000,4990000,8,128,"in_stock","https://fptshop.com.vn/dien-thoai/tecno-pova-7","2026-09-13T17:00:04.538Z"
"FPT_NEW_nokia_220_4g_8_128_1789318805095_1","nokia_220_4g_8_128","Nokia","Nokia 220 4G","FPT Shop","new","Mới 100% Chính Hãng (Bảo hành 12-18th)",1100000,1100000,8,128,"in_stock","https://fptshop.com.vn/dien-thoai/nokia-220-4g","2026-09-13T17:00:05.095Z"
"FPT_NEW_nokia_110_ds_pro_4g_8_128_1789318805095_3","nokia_110_ds_pro_4g_8_128","Nokia","Nokia 110 DS Pro 4G","FPT Shop","new","Mới 100% Chính Hãng (Bảo hành 12-18th)",850000,850000,8,128,"in_stock","https://fptshop.com.vn/dien-thoai/nokia-110-ds-pro-4g-2","2026-09-13T17:00:05.095Z"
"FPT_NEW_nokia_hmd_105_4g_8_128_1789318805095_5","nokia_hmd_105_4g_8_128","Nokia","Nokia HMD 105 4G","FPT Shop","new","Mới 100% Chính Hãng (Bảo hành 12-18th)",750000,750000,8,128,"in_stock","https://fptshop.com.vn/dien-thoai/nokia-hmd-105-4g","2026-09-13T17:00:05.095Z"
"FPT_NEW_nokia_105_ds_pro_4g_8_128_1789318805095_7","nokia_105_ds_pro_4g_8_128","Nokia","Nokia 105 DS Pro 4G","FPT Shop","new","Mới 100% Chính Hãng (Bảo hành 12-18th)",780000,780000,8,128,"in_stock","https://fptshop.com.vn/dien-thoai/nokia-105-ds-pro-4g","2026-09-13T17:00:05.095Z"
"FPT_NEW_masstel_izi_t5_plus_4g_8_128_1789318805659_1","masstel_izi_t5_plus_4g_8_128","Masstel","Masstel Izi T5 Plus 4G","FPT Shop","new","Mới 100% Chính Hãng (Bảo hành 12-18th)",550000,550000,8,128,"in_stock","https://fptshop.com.vn/dien-thoai/masstel-izi-t5-plus","2026-09-13T17:00:05.659Z"
"FPT_NEW_masstel_fami_60s_4g_8_128_1789318805659_3","masstel_fami_60s_4g_8_128","Masstel","Masstel Fami 60S 4G","FPT Shop","new","Mới 100% Chính Hãng (Bảo hành 12-18th)",750000,750000,8,128,"in_stock","https://fptshop.com.vn/dien-thoai/masstel-fami-60s-4g","2026-09-13T17:00:05.659Z"
"FPT_NEW_masstel_fami_25_4g_128mb_8_128_1789318805659_7","masstel_fami_25_4g_128mb_8_128","Masstel","Masstel Fami 25 4G 128MB","FPT Shop","new","Mới 100% Chính Hãng (Bảo hành 12-18th)",680000,680000,8,128,"in_stock","https://fptshop.com.vn/dien-thoai/masstel-fami-25-4g","2026-09-13T17:00:05.659Z"
"FPT_NEW_tcl_25_tcl_60r_5g_4_128_1789318806923_1","tcl_25_tcl_60r_5g_4_128","TCL","-25%đTCL 60R 5G 4GB 128GB","FPT Shop","new","Mới 100% Chính Hãng (Bảo hành 12-18th)",3990000,3990000,4,128,"in_stock","https://fptshop.com.vn/dien-thoai/tcl-60r","2026-09-13T17:00:06.923Z"
"FPT_NEW_itel_13_itel_p55_plus_nfc_8_256_1789318807477_1","itel_13_itel_p55_plus_nfc_8_256","Itel","-13%đItel P55 Plus NFC 8GB 256GB","FPT Shop","new","Mới 100% Chính Hãng (Bảo hành 12-18th)",3990000,3990000,8,256,"in_stock","https://fptshop.com.vn/dien-thoai/itel-p55-plus-nfc","2026-09-13T17:00:07.477Z"
"FPT_NEW_benco_s1_pro_8_256_1789318808030_1","benco_s1_pro_8_256","Benco","Benco S1 Pro 8GB 256GB","FPT Shop","new","Mới 100% Chính Hãng (Bảo hành 12-18th)",3790000,3790000,8,256,"in_stock","https://fptshop.com.vn/dien-thoai/benco-s1-pro","2026-09-13T17:00:08.030Z"
"FPT_NEW_benco_v90_plus_4_64_1789318808030_3","benco_v90_plus_4_64","Benco","Benco V90 Plus 4GB 64GB","FPT Shop","new","Mới 100% Chính Hãng (Bảo hành 12-18th)",2490000,2490000,4,64,"in_stock","https://fptshop.com.vn/dien-thoai/benco-v90-plus","2026-09-13T17:00:08.030Z"
"FPT_NEW_benco_v91_plus_6_128_1789318808030_5","benco_v91_plus_6_128","Benco","đBenco V91 Plus 6GB 128GB","FPT Shop","new","Mới 100% Chính Hãng (Bảo hành 12-18th)",3290000,3290000,6,128,"in_stock","https://fptshop.com.vn/dien-thoai/benco-v91-plus","2026-09-13T17:00:08.030Z"
"FPT_NEW_nubia_17_nubia_neo_5_5g_8_128_1789318809204_8","nubia_17_nubia_neo_5_5g_8_128","Nubia","-17%đNubia Neo 5 5G 8GB 128GB","FPT Shop","new","Mới 100% Chính Hãng (Bảo hành 12-18th)",7490000,7490000,8,128,"in_stock","https://fptshop.com.vn/dien-thoai/nubia-neo-5","2026-09-13T17:00:09.204Z"
"FPT_NEW_nubia_9_nubia_a76_nfc_4_128_1789318809204_24","nubia_9_nubia_a76_nfc_4_128","Nubia","-9%đNubia A76 4GB 128GB (NFC)","FPT Shop","new","Mới 100% Chính Hãng (Bảo hành 12-18th)",3390000,3390000,4,128,"in_stock","https://fptshop.com.vn/dien-thoai/nubia-a76","2026-09-13T17:00:09.204Z"
"FPT_NEW_viettel_sumo_t2_4g_8_128_1789318809733_1","viettel_sumo_t2_4g_8_128","Viettel","Viettel Sumo T2 4G","FPT Shop","new","Mới 100% Chính Hãng (Bảo hành 12-18th)",550000,550000,8,128,"in_stock","https://fptshop.com.vn/dien-thoai/viettel-sumo-t2-4g","2026-09-13T17:00:09.733Z"
"DDV_NEW_apple_iphone_18_pro_max_8_256_1789318812547_1","apple_iphone_18_pro_max_8_256","Apple","iPhone 18 Pro Max 256GB","Di Động Việt","new","Mới 100% Chính Hãng (AAR)",41990000,41990000,8,256,"in_stock","https://didongviet.vn/dien-thoai/iphone-18-pro-max.html","2026-09-13T17:00:12.547Z"
"DDV_NEW_apple_iphone_18_pro_max_8_512_1789318812547_2","apple_iphone_18_pro_max_8_512","Apple","iPhone 18 Pro Max 512GB","Di Động Việt","new","Mới 100% Chính Hãng (AAR)",48490000,48490000,8,512,"in_stock","https://didongviet.vn/dien-thoai/iphone-18-pro-max-512gb.html","2026-09-13T17:00:12.547Z"
"DDV_NEW_apple_iphone_18_pro_max_8_1024_1789318812547_3","apple_iphone_18_pro_max_8_1024","Apple","iPhone 18 Pro Max 1TB","Di Động Việt","new","Mới 100% Chính Hãng (AAR)",61490000,61490000,8,1024,"in_stock","https://didongviet.vn/dien-thoai/iphone-18-pro-max-1tb.html","2026-09-13T17:00:12.547Z"
"DDV_NEW_apple_iphone_18_pro_max_8_2048_1789318812547_4","apple_iphone_18_pro_max_8_2048","Apple","iPhone 18 Pro Max 2TB","Di Động Việt","new","Mới 100% Chính Hãng (AAR)",80990000,80990000,8,2048,"in_stock","https://didongviet.vn/dien-thoai/iphone-18-pro-max-2tb.html","2026-09-13T17:00:12.547Z"
"DDV_NEW_apple_iphone_18_pro_8_256_1789318812547_5","apple_iphone_18_pro_8_256","Apple","iPhone 18 Pro 256GB","Di Động Việt","new","Mới 100% Chính Hãng (AAR)",38990000,38990000,8,256,"in_stock","https://didongviet.vn/dien-thoai/iphone-18-pro.html","2026-09-13T17:00:12.547Z"
"DDV_NEW_apple_iphone_18_pro_8_512_1789318812547_6","apple_iphone_18_pro_8_512","Apple","iPhone 18 Pro 512GB","Di Động Việt","new","Mới 100% Chính Hãng (AAR)",45490000,45490000,8,512,"in_stock","https://didongviet.vn/dien-thoai/iphone-18-pro-512gb.html","2026-09-13T17:00:12.547Z"
"DDV_NEW_apple_iphone_18_pro_8_1024_1789318812547_7","apple_iphone_18_pro_8_1024","Apple","iPhone 18 Pro 1TB","Di Động Việt","new","Mới 100% Chính Hãng (AAR)",58490000,58490000,8,1024,"in_stock","https://didongviet.vn/dien-thoai/iphone-18-pro-1tb.html","2026-09-13T17:00:12.547Z"
"DDV_NEW_apple_iphone_18_pro_8_2048_1789318812547_8","apple_iphone_18_pro_8_2048","Apple","iPhone 18 Pro 2TB","Di Động Việt","new","Mới 100% Chính Hãng (AAR)",77990000,77990000,8,2048,"in_stock","https://didongviet.vn/dien-thoai/iphone-18-pro-2tb.html","2026-09-13T17:00:12.547Z"
"DDV_NEW_apple_iphone_duo_8_512_1789318812547_9","apple_iphone_duo_8_512","Apple","iPhone Duo 512GB","Di Động Việt","new","Mới 100% Chính Hãng (AAR)",71490000,71490000,8,512,"in_stock","https://didongviet.vn/dien-thoai/iphone-duo-512gb.html","2026-09-13T17:00:12.547Z"
"DDV_NEW_apple_iphone_duo_8_2048_1789318812547_10","apple_iphone_duo_8_2048","Apple","iPhone Duo 2TB","Di Động Việt","new","Mới 100% Chính Hãng (AAR)",103990000,103990000,8,2048,"in_stock","https://didongviet.vn/dien-thoai/iphone-duo-2tb.html","2026-09-13T17:00:12.547Z"
"DDV_NEW_apple_iphone_duo_8_1024_1789318812547_11","apple_iphone_duo_8_1024","Apple","iPhone Duo 1TB","Di Động Việt","new","Mới 100% Chính Hãng (AAR)",84490000,84490000,8,1024,"in_stock","https://didongviet.vn/dien-thoai/iphone-duo-1tb.html","2026-09-13T17:00:12.547Z"
"DDV_NEW_apple_iphone_duo_8_256_1789318812547_12","apple_iphone_duo_8_256","Apple","iPhone Duo 256GB","Di Động Việt","new","Mới 100% Chính Hãng (AAR)",64990000,64990000,8,256,"in_stock","https://didongviet.vn/dien-thoai/iphone-duo.html","2026-09-13T17:00:12.547Z"
"DDV_NEW_apple_iphone_17_pro_max_8_256_1789318812547_13","apple_iphone_17_pro_max_8_256","Apple","iPhone 17 Pro Max 256GB","Di Động Việt","new","Mới 100% Chính Hãng (AAR)",33990000,33990000,8,256,"in_stock","https://didongviet.vn/dien-thoai/iphone-17-pro-max-256gb.html","2026-09-13T17:00:12.547Z"
"DDV_NEW_apple_iphone_17_8_256_1789318812547_14","apple_iphone_17_8_256","Apple","iPhone 17 256GB","Di Động Việt","new","Mới 100% Chính Hãng (AAR)",27990000,27990000,8,256,"in_stock","https://didongviet.vn/dien-thoai/iphone-17-256gb.html","2026-09-13T17:00:12.547Z"
"DDV_NEW_apple_iphone_air_8_256_1789318812547_15","apple_iphone_air_8_256","Apple","iPhone Air 256GB","Di Động Việt","new","Mới 100% Chính Hãng (AAR)",25490000,25490000,8,256,"in_stock","https://didongviet.vn/dien-thoai/iphone-air-256gb.html","2026-09-13T17:00:12.547Z"
"DDV_NEW_apple_iphone_17_pro_8_256_1789318812547_16","apple_iphone_17_pro_8_256","Apple","iPhone 17 Pro 256GB","Di Động Việt","new","Mới 100% Chính Hãng (AAR)",31490000,31490000,8,256,"in_stock","https://didongviet.vn/dien-thoai/iphone-17-pro-256gb.html","2026-09-13T17:00:12.547Z"
"DDV_NEW_apple_iphone_15_8_128_1789318812547_17","apple_iphone_15_8_128","Apple","iPhone 15 128GB  (VN/A)","Di Động Việt","new","Mới 100% Chính Hãng (AAR)",20790000,20790000,8,128,"in_stock","https://didongviet.vn/dien-thoai/iphone-15-128gb.html","2026-09-13T17:00:12.547Z"
"DDV_NEW_apple_iphone_16_8_128_1789318812547_18","apple_iphone_16_8_128","Apple","iPhone 16 128GB  (VN/A)","Di Động Việt","new","Mới 100% Chính Hãng (AAR)",23490000,23490000,8,128,"in_stock","https://didongviet.vn/dien-thoai/iphone-16-128gb.html","2026-09-13T17:00:12.547Z"
"DDV_NEW_apple_iphone_15_8_256_1789318812547_19","apple_iphone_15_8_256","Apple","iPhone 15 256GB  (VN/A)","Di Động Việt","new","Mới 100% Chính Hãng (AAR)",18390000,18390000,8,256,"in_stock","https://didongviet.vn/dien-thoai/iphone-15-256gb.html","2026-09-13T17:00:12.547Z"
"DDV_NEW_apple_iphone_17e_8_256_1789318812547_20","apple_iphone_17e_8_256","Apple","iPhone 17e 256GB","Di Động Việt","new","Mới 100% Chính Hãng (AAR)",19990000,19990000,8,256,"in_stock","https://didongviet.vn/dien-thoai/iphone-17e-256gb.html","2026-09-13T17:00:12.547Z"
"DDV_NEW_samsung_galaxy_z_flip8_8_256_1789318814007_1","samsung_galaxy_z_flip8_8_256","Samsung","Samsung Galaxy Z Flip8 256GB","Di Động Việt","new","Mới 100% Chính Hãng (AAR)",25990000,25990000,8,256,"in_stock","https://didongviet.vn/dien-thoai/samsung-galaxy-z-flip8.html","2026-09-13T17:00:14.007Z"
"DDV_NEW_samsung_galaxy_z_fold8_ultra_8_256_1789318814007_2","samsung_galaxy_z_fold8_ultra_8_256","Samsung","Samsung Galaxy Z Fold8 Ultra 256GB","Di Động Việt","new","Mới 100% Chính Hãng (AAR)",45490000,45490000,8,256,"in_stock","https://didongviet.vn/dien-thoai/samsung-galaxy-z-fold8-ultra.html","2026-09-13T17:00:14.007Z"
"DDV_NEW_samsung_galaxy_z_fold8_8_512_1789318814007_3","samsung_galaxy_z_fold8_8_512","Samsung","Samsung Galaxy Z Fold8 512GB","Di Động Việt","new","Mới 100% Chính Hãng (AAR)",45490000,45490000,8,512,"in_stock","https://didongviet.vn/dien-thoai/samsung-galaxy-z-fold8-512gb.html","2026-09-13T17:00:14.007Z"
"DDV_NEW_samsung_galaxy_z_fold8_ultra_8_512_1789318814007_4","samsung_galaxy_z_fold8_ultra_8_512","Samsung","Samsung Galaxy Z Fold8 Ultra 512GB","Di Động Việt","new","Mới 100% Chính Hãng (AAR)",50990000,50990000,8,512,"in_stock","https://didongviet.vn/dien-thoai/samsung-galaxy-z-fold8-ultra-512gb.html","2026-09-13T17:00:14.007Z"
"DDV_NEW_samsung_galaxy_z_fold8_8_256_1789318814007_5","samsung_galaxy_z_fold8_8_256","Samsung","Samsung Galaxy Z Fold8 256GB","Di Động Việt","new","Mới 100% Chính Hãng (AAR)",39990000,39990000,8,256,"in_stock","https://didongviet.vn/dien-thoai/samsung-galaxy-z-fold8.html","2026-09-13T17:00:14.007Z"
"DDV_NEW_samsung_galaxy_s26_ultra_8_1024_1789318814007_6","samsung_galaxy_s26_ultra_8_1024","Samsung","Samsung Galaxy S26 Ultra 1TB","Di Động Việt","new","Mới 100% Chính Hãng (AAR)",42990000,42990000,8,1024,"in_stock","https://didongviet.vn/dien-thoai/samsung-galaxy-s26-ultra-1tb.html","2026-09-13T17:00:14.007Z"
"DDV_NEW_samsung_galaxy_s26_plus_8_512_1789318814007_7","samsung_galaxy_s26_plus_8_512","Samsung","Samsung Galaxy S26 Plus 512GB","Di Động Việt","new","Mới 100% Chính Hãng (AAR)",29500000,29500000,8,512,"in_stock","https://didongviet.vn/dien-thoai/samsung-galaxy-s26-plus-512gb.html","2026-09-13T17:00:14.007Z"
"DDV_NEW_samsung_galaxy_s26_8_512_1789318814007_8","samsung_galaxy_s26_8_512","Samsung","Samsung Galaxy S26 512GB","Di Động Việt","new","Mới 100% Chính Hãng (AAR)",25990000,25990000,8,512,"in_stock","https://didongviet.vn/dien-thoai/samsung-galaxy-s26-512gb.html","2026-09-13T17:00:14.007Z"
"DDV_NEW_samsung_galaxy_s26_8_256_1789318814008_9","samsung_galaxy_s26_8_256","Samsung","Samsung Galaxy S26 256GB","Di Động Việt","new","Mới 100% Chính Hãng (AAR)",20990000,20990000,8,256,"in_stock","https://didongviet.vn/dien-thoai/samsung-galaxy-s26.html","2026-09-13T17:00:14.008Z"
"DDV_NEW_samsung_galaxy_s26_plus_8_256_1789318814008_10","samsung_galaxy_s26_plus_8_256","Samsung","Samsung Galaxy S26 Plus 256GB","Di Động Việt","new","Mới 100% Chính Hãng (AAR)",22990000,22990000,8,256,"in_stock","https://didongviet.vn/dien-thoai/samsung-galaxy-s26-plus.html","2026-09-13T17:00:14.008Z"
"DDV_NEW_samsung_galaxy_s26_ultra_8_256_1789318814008_11","samsung_galaxy_s26_ultra_8_256","Samsung","Samsung Galaxy S26 Ultra 256GB","Di Động Việt","new","Mới 100% Chính Hãng (AAR)",27990000,27990000,8,256,"in_stock","https://didongviet.vn/dien-thoai/samsung-galaxy-s26-ultra.html","2026-09-13T17:00:14.008Z"
"DDV_NEW_samsung_galaxy_s26_ultra_8_512_1789318814008_12","samsung_galaxy_s26_ultra_8_512","Samsung","Samsung Galaxy S26 Ultra 512GB","Di Động Việt","new","Mới 100% Chính Hãng (AAR)",32990000,32990000,8,512,"in_stock","https://didongviet.vn/dien-thoai/samsung-galaxy-s26-ultra-512gb.html","2026-09-13T17:00:14.008Z"
"DDV_NEW_samsung_galaxy_s26_ultra_bh_t_8_256_1789318814008_13","samsung_galaxy_s26_ultra_bh_t_8_256","Samsung","Samsung Galaxy S26 Ultra 256GB  (BHĐT)","Di Động Việt","new","Mới 100% Chính Hãng (AAR)",25500000,25500000,8,256,"in_stock","https://didongviet.vn/dien-thoai/samsung-galaxy-s26-ultra-256gb-bhdt.html","2026-09-13T17:00:14.008Z"
"DDV_NEW_samsung_galaxy_s25_ultra_8_256_1789318814008_14","samsung_galaxy_s25_ultra_8_256","Samsung","Samsung Galaxy S25 Ultra 256GB","Di Động Việt","new","Mới 100% Chính Hãng (AAR)",24790000,24790000,8,256,"in_stock","https://didongviet.vn/dien-thoai/samsung-galaxy-s25-ultra-5g-256gb.html","2026-09-13T17:00:14.008Z"
"DDV_NEW_samsung_galaxy_s25_ultra_8_512_1789318814008_15","samsung_galaxy_s25_ultra_8_512","Samsung","Samsung Galaxy S25 Ultra 512GB","Di Động Việt","new","Mới 100% Chính Hãng (AAR)",30990000,30990000,8,512,"in_stock","https://didongviet.vn/dien-thoai/samsung-galaxy-s25-ultra-5g-512gb.html","2026-09-13T17:00:14.008Z"
"DDV_NEW_samsung_galaxy_s25_ultra_bh_t_8_512_1789318814008_16","samsung_galaxy_s25_ultra_bh_t_8_512","Samsung","Samsung Galaxy S25 Ultra 512GB  (BHĐT)","Di Động Việt","new","Mới 100% Chính Hãng (AAR)",28990000,28990000,8,512,"in_stock","https://didongviet.vn/dien-thoai/samsung-galaxy-s25-ultra-5g-512gb-bhdt.html","2026-09-13T17:00:14.008Z"
"DDV_NEW_samsung_galaxy_z_fold7_8_256_1789318814008_17","samsung_galaxy_z_fold7_8_256","Samsung","Samsung Galaxy Z Fold7 256GB","Di Động Việt","new","Mới 100% Chính Hãng (AAR)",39990000,39990000,8,256,"in_stock","https://didongviet.vn/dien-thoai/samsung-galaxy-z-fold7-5g.html","2026-09-13T17:00:14.008Z"
"DDV_NEW_samsung_galaxy_a17_5g_8_128_1789318814008_18","samsung_galaxy_a17_5g_8_128","Samsung","Samsung Galaxy A17 5G 128GB","Di Động Việt","new","Mới 100% Chính Hãng (AAR)",5990000,5990000,8,128,"in_stock","https://didongviet.vn/dien-thoai/samsung-galaxy-a17-5g.html","2026-09-13T17:00:14.008Z"
"DDV_NEW_samsung_galaxy_a17_8_128_1789318814008_19","samsung_galaxy_a17_8_128","Samsung","Samsung Galaxy A17 128GB","Di Động Việt","new","Mới 100% Chính Hãng (AAR)",5150000,5150000,8,128,"in_stock","https://didongviet.vn/dien-thoai/samsung-galaxy-a17-lte.html","2026-09-13T17:00:14.008Z"
"DDV_NEW_samsung_galaxy_a07_8_128_1789318814008_20","samsung_galaxy_a07_8_128","Samsung","Samsung Galaxy A07 128GB","Di Động Việt","new","Mới 100% Chính Hãng (AAR)",3590000,3590000,8,128,"in_stock","https://didongviet.vn/dien-thoai/samsung-galaxy-a07.html","2026-09-13T17:00:14.008Z"
"DDV_NEW_xiaomi_redmi_note_17_pro_max_5g_8_512_1789318815378_1","xiaomi_redmi_note_17_pro_max_5g_8_512","Xiaomi","REDMI Note 17 Pro Max 5G 512GB","Di Động Việt","new","Mới 100% Chính Hãng (AAR)",14490000,14490000,8,512,"in_stock","https://didongviet.vn/dien-thoai/xiaomi-redmi-note-17-pro-max-5g-8gb-512gb.html","2026-09-13T17:00:15.378Z"
"DDV_NEW_xiaomi_redmi_note_17_pro_5g_8_256_1789318815378_2","xiaomi_redmi_note_17_pro_5g_8_256","Xiaomi","REDMI Note 17 Pro 5G 256GB","Di Động Việt","new","Mới 100% Chính Hãng (AAR)",9490000,9490000,8,256,"in_stock","https://didongviet.vn/dien-thoai/xiaomi-redmi-note-17-pro-5g-256gb.html","2026-09-13T17:00:15.378Z"
"DDV_NEW_xiaomi_redmi_note_17_5g_8_128_1789318815378_3","xiaomi_redmi_note_17_5g_8_128","Xiaomi","REDMI Note 17 5G 128GB","Di Động Việt","new","Mới 100% Chính Hãng (AAR)",7790000,7790000,8,128,"in_stock","https://didongviet.vn/dien-thoai/xiaomi-redmi-note-17-5g-128gb.html","2026-09-13T17:00:15.378Z"
"DDV_NEW_xiaomi_redmi_note_17_4g_8_128_1789318815378_4","xiaomi_redmi_note_17_4g_8_128","Xiaomi","REDMI Note 17 4G 128GB","Di Động Việt","new","Mới 100% Chính Hãng (AAR)",5890000,5890000,8,128,"in_stock","https://didongviet.vn/dien-thoai/xiaomi-redmi-note-17-4gb-128gb.html","2026-09-13T17:00:15.378Z"
"DDV_NEW_xiaomi_redmi_17_5g_8_128_1789318815378_5","xiaomi_redmi_17_5g_8_128","Xiaomi","REDMI 17 5G 128GB","Di Động Việt","new","Mới 100% Chính Hãng (AAR)",5790000,5790000,8,128,"in_stock","https://didongviet.vn/dien-thoai/xiaomi-redmi-17-5g.html","2026-09-13T17:00:15.378Z"
"DDV_NEW_xiaomi_redmi_17_4g_8_128_1789318815378_6","xiaomi_redmi_17_4g_8_128","Xiaomi","REDMI 17 4G 128GB","Di Động Việt","new","Mới 100% Chính Hãng (AAR)",6890000,6890000,8,128,"in_stock","https://didongviet.vn/dien-thoai/xiaomi-redmi-17-4g.html","2026-09-13T17:00:15.378Z"
"DDV_NEW_xiaomi_17t_pro_8_512_1789318815378_7","xiaomi_17t_pro_8_512","Xiaomi","Xiaomi 17T Pro 512GB","Di Động Việt","new","Mới 100% Chính Hãng (AAR)",19990000,19990000,8,512,"in_stock","https://didongviet.vn/dien-thoai/xiaomi-17t-pro-512gb.html","2026-09-13T17:00:15.378Z"
"DDV_NEW_xiaomi_17t_8_512_1789318815378_8","xiaomi_17t_8_512","Xiaomi","Xiaomi 17T 512GB","Di Động Việt","new","Mới 100% Chính Hãng (AAR)",16590000,16590000,8,512,"in_stock","https://didongviet.vn/dien-thoai/xiaomi-17t-512gb.html","2026-09-13T17:00:15.378Z"
"DDV_NEW_xiaomi_redmi_note_15_pro_5g_8_256_1789318815378_9","xiaomi_redmi_note_15_pro_5g_8_256","Xiaomi","REDMI Note 15 Pro 5G 256GB","Di Động Việt","new","Mới 100% Chính Hãng (AAR)",9090000,9090000,8,256,"in_stock","https://didongviet.vn/dien-thoai/xiaomi-redmi-note-15-pro-5g.html","2026-09-13T17:00:15.378Z"
"DDV_NEW_xiaomi_redmi_a7_pro_8_128_1789318815378_10","xiaomi_redmi_a7_pro_8_128","Xiaomi","REDMI A7 Pro 128GB","Di Động Việt","new","Mới 100% Chính Hãng (AAR)",3890000,3890000,8,128,"in_stock","https://didongviet.vn/dien-thoai/xiaomi-redmi-a7-pro.html","2026-09-13T17:00:15.378Z"
"DDV_NEW_xiaomi_17_ultra_8_512_1789318815378_11","xiaomi_17_ultra_8_512","Xiaomi","Xiaomi 17 Ultra 512GB","Di Động Việt","new","Mới 100% Chính Hãng (AAR)",30990000,30990000,8,512,"in_stock","https://didongviet.vn/dien-thoai/xiaomi-17-ultra.html","2026-09-13T17:00:15.378Z"
"DDV_NEW_xiaomi_redmi_note_15_pro_4g_8_256_1789318815378_12","xiaomi_redmi_note_15_pro_4g_8_256","Xiaomi","REDMI Note 15 Pro 4G 256GB","Di Động Việt","new","Mới 100% Chính Hãng (AAR)",7990000,7990000,8,256,"in_stock","https://didongviet.vn/dien-thoai/xiaomi-redmi-note-15-pro.html","2026-09-13T17:00:15.378Z"
"DDV_NEW_xiaomi_redmi_15c_8_128_1789318815378_13","xiaomi_redmi_15c_8_128","Xiaomi","REDMI 15C 128GB","Di Động Việt","new","Mới 100% Chính Hãng (AAR)",3990000,3990000,8,128,"in_stock","https://didongviet.vn/dien-thoai/xiaomi-redmi-15c.html","2026-09-13T17:00:15.378Z"
"DDV_NEW_xiaomi_14_5g_8_256_1789318815378_14","xiaomi_14_5g_8_256","Xiaomi","Xiaomi 14 5G 256GB","Di Động Việt","new","Mới 100% Chính Hãng (AAR)",19990000,19990000,8,256,"in_stock","https://didongviet.vn/dien-thoai/xiaomi-14.html","2026-09-13T17:00:15.378Z"
"DDV_NEW_xiaomi_redmi_a7_8_64_1789318815378_15","xiaomi_redmi_a7_8_64","Xiaomi","REDMI A7 64GB","Di Động Việt","new","Mới 100% Chính Hãng (AAR)",3190000,3190000,8,64,"in_stock","https://didongviet.vn/dien-thoai/xiaomi-redmi-a7-64gb.html","2026-09-13T17:00:15.378Z"
"DDV_NEW_xiaomi_mi_note_10_lite_8_128_1789318815378_16","xiaomi_mi_note_10_lite_8_128","Xiaomi","Xiaomi Mi Note 10 Lite 128GB","Di Động Việt","new","Mới 100% Chính Hãng (AAR)",7690000,7690000,8,128,"in_stock","https://didongviet.vn/dien-thoai/xiaomi-mi-note-10-lite-8gb-128gb.html","2026-09-13T17:00:15.378Z"
"DDV_NEW_oppo_a6_8_256_1789318816584_1","oppo_a6_8_256","OPPO","OPPO A6 256GB","Di Động Việt","new","Mới 100% Chính Hãng (AAR)",11490000,11490000,8,256,"in_stock","https://didongviet.vn/dien-thoai/oppo-a6-256gb.html","2026-09-13T17:00:16.584Z"
"DDV_NEW_oppo_reno16_f_5g_8_256_1789318816584_2","oppo_reno16_f_5g_8_256","OPPO","OPPO Reno16 F 5G 256GB","Di Động Việt","new","Mới 100% Chính Hãng (AAR)",15990000,15990000,8,256,"in_stock","https://didongviet.vn/dien-thoai/oppo-reno16-f-5g-256gb.html","2026-09-13T17:00:16.584Z"
"DDV_NEW_oppo_a6t_pro_8_128_1789318816584_3","oppo_a6t_pro_8_128","OPPO","OPPO A6t Pro 128GB","Di Động Việt","new","Mới 100% Chính Hãng (AAR)",7690000,7690000,8,128,"in_stock","https://didongviet.vn/dien-thoai/oppo-a6t-pro.html","2026-09-13T17:00:16.584Z"
"DDV_NEW_oppo_a6c_8_128_1789318816584_4","oppo_a6c_8_128","OPPO","OPPO A6c 128GB","Di Động Việt","new","Mới 100% Chính Hãng (AAR)",5390000,5390000,8,128,"in_stock","https://didongviet.vn/dien-thoai/oppo-a6c.html","2026-09-13T17:00:16.584Z"
"DDV_NEW_oppo_a6c_8_64_1789318816584_5","oppo_a6c_8_64","OPPO","OPPO A6c 64GB","Di Động Việt","new","Mới 100% Chính Hãng (AAR)",4390000,4390000,8,64,"in_stock","https://didongviet.vn/dien-thoai/oppo-a6c-64gb.html","2026-09-13T17:00:16.584Z"
"DDV_NEW_tecno_camon_40_8_256_1789318818869_1","tecno_camon_40_8_256","TECNO","TECNO Camon 40 256GB","Di Động Việt","new","Mới 100% Chính Hãng (AAR)",5290000,5290000,8,256,"in_stock","https://didongviet.vn/dien-thoai/tecno-camon-40-256gb.html","2026-09-13T17:00:18.869Z"
"VT_NEW_apple_iphone_18_pro_8_128_1789318820198_0","apple_iphone_18_pro_8_128","Apple","iPhone 18 Pro","Viettel Store","new","Mới 100% Chính Hãng Viettel",5000000,5000000,8,128,"in_stock","https://viettelstore.vn/dien-thoai/iphone-18-pro-pid370175.html","2026-09-13T17:00:20.198Z"
"VT_NEW_apple_iphone_18_pro_max_8_128_1789318820198_1","apple_iphone_18_pro_max_8_128","Apple","iPhone 18 Pro Max","Viettel Store","new","Mới 100% Chính Hãng Viettel",5000000,5000000,8,128,"in_stock","https://viettelstore.vn/dien-thoai/iphone-18-pro-max-pid370178.html","2026-09-13T17:00:20.198Z"
"VT_NEW_apple_iphone_duo_8_128_1789318820198_2","apple_iphone_duo_8_128","Apple","iPhone Duo","Viettel Store","new","Mới 100% Chính Hãng Viettel",5000000,5000000,8,128,"in_stock","https://viettelstore.vn/dien-thoai/iphone-duo-pid370533.html","2026-09-13T17:00:20.198Z"
"VT_NEW_apple_iphone_17_8_256_1789318820198_3","apple_iphone_17_8_256","Apple","iPhone 17 256GB","Viettel Store","new","Mới 100% Chính Hãng Viettel",5000000,5000000,8,256,"in_stock","https://viettelstore.vn/dien-thoai/iphone-17-256gb-pid355077.html","2026-09-13T17:00:20.198Z"
"VT_NEW_apple_iphone_17_8_512_1789318820198_4","apple_iphone_17_8_512","Apple","iPhone 17 512GB","Viettel Store","new","Mới 100% Chính Hãng Viettel",5000000,5000000,8,512,"in_stock","https://viettelstore.vn/dien-thoai/iphone-17-512gb-pid355078.html","2026-09-13T17:00:20.198Z"
"VT_NEW_apple_iphone_17_pro_8_1024_1789318820198_5","apple_iphone_17_pro_8_1024","Apple","iPhone 17 Pro 1TB","Viettel Store","new","Mới 100% Chính Hãng Viettel",5000000,5000000,8,1024,"in_stock","https://viettelstore.vn/dien-thoai/iphone-17-pro-1tb-pid355085.html","2026-09-13T17:00:20.198Z"
"VT_NEW_apple_iphone_17_pro_8_512_1789318820198_6","apple_iphone_17_pro_8_512","Apple","iPhone 17 Pro 512GB","Viettel Store","new","Mới 100% Chính Hãng Viettel",5000000,5000000,8,512,"in_stock","https://viettelstore.vn/dien-thoai/iphone-17-pro-512gb-pid355084.html","2026-09-13T17:00:20.198Z"
"VT_NEW_apple_iphone_17_pro_max_8_1024_1789318820198_7","apple_iphone_17_pro_max_8_1024","Apple","iPhone 17 Pro Max 1TB","Viettel Store","new","Mới 100% Chính Hãng Viettel",5000000,5000000,8,1024,"in_stock","https://viettelstore.vn/dien-thoai/iphone-17-pro-max-1tb-pid355089.html","2026-09-13T17:00:20.198Z"
"VT_NEW_apple_iphone_17_pro_max_8_2048_1789318820198_8","apple_iphone_17_pro_max_8_2048","Apple","iPhone 17 Pro Max 2TB","Viettel Store","new","Mới 100% Chính Hãng Viettel",5000000,5000000,8,2048,"in_stock","https://viettelstore.vn/dien-thoai/iphone-17-pro-max-2tb-pid355578.html","2026-09-13T17:00:20.198Z"
"VT_NEW_apple_iphone_17_pro_max_8_512_1789318820198_9","apple_iphone_17_pro_max_8_512","Apple","iPhone 17 Pro Max 512GB","Viettel Store","new","Mới 100% Chính Hãng Viettel",5000000,5000000,8,512,"in_stock","https://viettelstore.vn/dien-thoai/iphone-17-pro-max-512gb-pid355088.html","2026-09-13T17:00:20.198Z"
"VT_NEW_apple_iphone_air_8_1024_1789318820198_10","apple_iphone_air_8_1024","Apple","iPhone Air 1TB","Viettel Store","new","Mới 100% Chính Hãng Viettel",5000000,5000000,8,1024,"in_stock","https://viettelstore.vn/dien-thoai/iphone-air-1tb-pid355095.html","2026-09-13T17:00:20.198Z"
"VT_NEW_apple_iphone_air_8_512_1789318820198_11","apple_iphone_air_8_512","Apple","iPhone Air 512GB","Viettel Store","new","Mới 100% Chính Hãng Viettel",5000000,5000000,8,512,"in_stock","https://viettelstore.vn/dien-thoai/iphone-air-512gb-pid355094.html","2026-09-13T17:00:20.198Z"
"VT_NEW_apple_galaxy_z_fold8_8_128_1789318820199_12","apple_galaxy_z_fold8_8_128","Apple","Galaxy Z Fold8","Viettel Store","new","Mới 100% Chính Hãng Viettel",5000000,5000000,8,128,"in_stock","https://viettelstore.vn/dien-thoai/samsung-galaxy-z-fold-8-pid368603.html","2026-09-13T17:00:20.199Z"
"VT_NEW_apple_galaxy_z_fold8_ultra_8_128_1789318820199_13","apple_galaxy_z_fold8_ultra_8_128","Apple","Galaxy Z Fold8 Ultra","Viettel Store","new","Mới 100% Chính Hãng Viettel",5000000,5000000,8,128,"in_stock","https://viettelstore.vn/dien-thoai/samsung-galaxy-z-fold-8-ultra-pid368604.html","2026-09-13T17:00:20.199Z"
"VT_NEW_apple_galaxy_z_flip8_8_128_1789318820199_14","apple_galaxy_z_flip8_8_128","Apple","Galaxy Z Flip8","Viettel Store","new","Mới 100% Chính Hãng Viettel",5000000,5000000,8,128,"in_stock","https://viettelstore.vn/dien-thoai/samsung-galaxy-z-flip-8-pid368605.html","2026-09-13T17:00:20.199Z"
"VT_NEW_oppo_iphone_18_pro_pre_order_8_128_1789318821149_15","oppo_iphone_18_pro_pre_order_8_128","OPPO","iPhone 18 Pro Pre-Order","Viettel Store","new","Mới 100% Chính Hãng Viettel",5000000,5000000,8,128,"in_stock","https://viettelstore.vn/dien-thoai/iphone-18-pro-max-pid370178.html?utm_source=website&utm_medium=banner&utm_campaign=danhmuc","2026-09-13T17:00:21.149Z"
"VT_NEW_oppo_reno16_8_128_1789318821149_16","oppo_reno16_8_128","OPPO","Reno16","Viettel Store","new","Mới 100% Chính Hãng Viettel",5000000,5000000,8,128,"in_stock","https://viettelstore.vn/dien-thoai/oppo-reno16f-5g-8gb-256gb-pid368085.html?utm_source=web&utm_medium=banner&utm_campaign=cate","2026-09-13T17:00:21.149Z"
"VT_NEW_oppo_vivo_y39_5g_8_128_1789318821150_17","oppo_vivo_y39_5g_8_128","OPPO","VIVO Y39 5G 8GB 128GB","Viettel Store","new","Mới 100% Chính Hãng Viettel",5000000,5000000,8,128,"in_stock","https://viettelstore.vn/dien-thoai/vivo-y39-5g-8gb-128gb-pid364900.html?utm_source=web&utm_medium=banner&utm_campaign=cate","2026-09-13T17:00:21.150Z"
"VT_NEW_oppo_tecno_spark_50_8_128_1789318821150_18","oppo_tecno_spark_50_8_128","OPPO","Tecno spark 50","Viettel Store","new","Mới 100% Chính Hãng Viettel",5000000,5000000,8,128,"in_stock","https://viettelstore.vn/dien-thoai/tecno-pova-curve-5g-8gb-128gb-pid369579.html?utm_source=website&utm_medium=banner&utm_campaign=main","2026-09-13T17:00:21.150Z"
"VT_NEW_oppo_honor_x8d_8_128_1789318821150_19","oppo_honor_x8d_8_128","OPPO","Honor X8d","Viettel Store","new","Mới 100% Chính Hãng Viettel",5000000,5000000,8,128,"in_stock","https://viettelstore.vn/dien-thoai/honor-x8d-8gb-128gb-pid363480.html?utm_source=website&utm_medium=banner&utm_campaign=cate","2026-09-13T17:00:21.150Z"